observation_id,source_dataset,target,group_id,partition,cv_fold
ISCX::0,ISCX-URL2016 Phishing,0,iscx_group_008771,development,3.0
ISCX::1,ISCX-URL2016 Phishing,0,iscx_group_005337,development,1.0
ISCX::2,ISCX-URL2016 Phishing,0,iscx_group_008446,development,2.0
ISCX::3,ISCX-URL2016 Phishing,0,iscx_group_012835,development,1.0
ISCX::4,ISCX-URL2016 Phishing,0,iscx_group_002057,calibration,
ISCX::5,ISCX-URL2016 Phishing,0,iscx_group_013997,calibration,
ISCX::6,ISCX-URL2016 Phishing,0,iscx_group_002082,calibration,
ISCX::7,ISCX-URL2016 Phishing,0,iscx_group_013158,development,3.0
ISCX::8,ISCX-URL2016 Phishing,0,iscx_group_011817,development,3.0
ISCX::9,ISCX-URL2016 Phishing,0,iscx_group_010618,development,4.0
ISCX::10,ISCX-URL2016 Phishing,0,iscx_group_011431,test,
ISCX::11,ISCX-URL2016 Phishing,0,iscx_group_004883,development,4.0
ISCX::12,ISCX-URL2016 Phishing,0,iscx_group_006720,development,5.0
ISCX::13,ISCX-URL2016 Phishing,0,iscx_group_004244,test,
ISCX::14,ISCX-URL2016 Phishing,0,iscx_group_002101,development,1.0
ISCX::15,ISCX-URL2016 Phishing,0,iscx_group_012318,development,3.0
ISCX::16,ISCX-URL2016 Phishing,0,iscx_group_001602,test,
ISCX::17,ISCX-URL2016 Phishing,0,iscx_group_000008,calibration,
ISCX::18,ISCX-URL2016 Phishing,0,iscx_group_013725,development,3.0
ISCX::19,ISCX-URL2016 Phishing,0,iscx_group_000086,development,5.0
ISCX::20,ISCX-URL2016 Phishing,0,iscx_group_011341,development,2.0
ISCX::21,ISCX-URL2016 Phishing,0,iscx_group_001207,test,
ISCX::22,ISCX-URL2016 Phishing,0,iscx_group_005170,development,3.0
ISCX::23,ISCX-URL2016 Phishing,0,iscx_group_006643,development,5.0
ISCX::24,ISCX-URL2016 Phishing,0,iscx_group_008039,development,1.0
ISCX::25,ISCX-URL2016 Phishing,0,iscx_group_009953,development,3.0
ISCX::26,ISCX-URL2016 Phishing,0,iscx_group_009716,development,4.0
ISCX::27,ISCX-URL2016 Phishing,0,iscx_group_009050,development,5.0
ISCX::28,ISCX-URL2016 Phishing,0,iscx_group_006325,calibration,
ISCX::29,ISCX-URL2016 Phishing,0,iscx_group_006614,calibration,
ISCX::30,ISCX-URL2016 Phishing,0,iscx_group_006194,calibration,
ISCX::31,ISCX-URL2016 Phishing,0,iscx_group_001290,calibration,
ISCX::32,ISCX-URL2016 Phishing,0,iscx_group_011583,development,3.0
ISCX::33,ISCX-URL2016 Phishing,0,iscx_group_006697,development,5.0
ISCX::34,ISCX-URL2016 Phishing,0,iscx_group_009273,test,
ISCX::35,ISCX-URL2016 Phishing,0,iscx_group_011974,test,
ISCX::36,ISCX-URL2016 Phishing,0,iscx_group_000135,development,5.0
ISCX::37,ISCX-URL2016 Phishing,0,iscx_group_004431,development,3.0
ISCX::38,ISCX-URL2016 Phishing,0,iscx_group_001394,test,
ISCX::39,ISCX-URL2016 Phishing,0,iscx_group_010633,development,3.0
ISCX::40,ISCX-URL2016 Phishing,0,iscx_group_006820,development,1.0
ISCX::41,ISCX-URL2016 Phishing,0,iscx_group_001125,development,4.0
ISCX::42,ISCX-URL2016 Phishing,0,iscx_group_008630,development,2.0
ISCX::43,ISCX-URL2016 Phishing,0,iscx_group_010887,development,2.0
ISCX::44,ISCX-URL2016 Phishing,0,iscx_group_013211,development,4.0
ISCX::45,ISCX-URL2016 Phishing,0,iscx_group_000048,development,4.0
ISCX::46,ISCX-URL2016 Phishing,0,iscx_group_012126,development,2.0
ISCX::47,ISCX-URL2016 Phishing,0,iscx_group_004619,development,1.0
ISCX::48,ISCX-URL2016 Phishing,0,iscx_group_004027,development,3.0
ISCX::49,ISCX-URL2016 Phishing,0,iscx_group_003563,calibration,
ISCX::50,ISCX-URL2016 Phishing,0,iscx_group_009481,development,5.0
ISCX::51,ISCX-URL2016 Phishing,0,iscx_group_003679,calibration,
ISCX::52,ISCX-URL2016 Phishing,0,iscx_group_009581,development,1.0
ISCX::53,ISCX-URL2016 Phishing,0,iscx_group_012739,test,
ISCX::54,ISCX-URL2016 Phishing,0,iscx_group_009805,calibration,
ISCX::55,ISCX-URL2016 Phishing,0,iscx_group_002426,development,5.0
ISCX::56,ISCX-URL2016 Phishing,0,iscx_group_006947,development,5.0
ISCX::57,ISCX-URL2016 Phishing,0,iscx_group_011602,development,2.0
ISCX::58,ISCX-URL2016 Phishing,0,iscx_group_013596,development,4.0
ISCX::59,ISCX-URL2016 Phishing,0,iscx_group_008275,calibration,
ISCX::60,ISCX-URL2016 Phishing,0,iscx_group_005457,development,4.0
ISCX::61,ISCX-URL2016 Phishing,0,iscx_group_012955,calibration,
ISCX::62,ISCX-URL2016 Phishing,0,iscx_group_007245,development,5.0
ISCX::63,ISCX-URL2016 Phishing,0,iscx_group_012763,development,3.0
ISCX::64,ISCX-URL2016 Phishing,0,iscx_group_000085,development,5.0
ISCX::65,ISCX-URL2016 Phishing,0,iscx_group_003370,development,4.0
ISCX::66,ISCX-URL2016 Phishing,0,iscx_group_002421,development,4.0
ISCX::67,ISCX-URL2016 Phishing,0,iscx_group_009800,development,2.0
ISCX::68,ISCX-URL2016 Phishing,0,iscx_group_007605,development,3.0
ISCX::69,ISCX-URL2016 Phishing,0,iscx_group_011748,development,3.0
ISCX::70,ISCX-URL2016 Phishing,0,iscx_group_008235,development,3.0
ISCX::71,ISCX-URL2016 Phishing,0,iscx_group_011086,test,
ISCX::72,ISCX-URL2016 Phishing,0,iscx_group_000782,development,2.0
ISCX::73,ISCX-URL2016 Phishing,0,iscx_group_012870,development,5.0
ISCX::74,ISCX-URL2016 Phishing,0,iscx_group_004036,development,5.0
ISCX::75,ISCX-URL2016 Phishing,0,iscx_group_010885,development,5.0
ISCX::76,ISCX-URL2016 Phishing,0,iscx_group_007499,development,3.0
ISCX::77,ISCX-URL2016 Phishing,0,iscx_group_002200,development,1.0
ISCX::78,ISCX-URL2016 Phishing,0,iscx_group_006935,development,4.0
ISCX::79,ISCX-URL2016 Phishing,0,iscx_group_011172,test,
ISCX::80,ISCX-URL2016 Phishing,0,iscx_group_005217,test,
ISCX::81,ISCX-URL2016 Phishing,0,iscx_group_003781,development,2.0
ISCX::82,ISCX-URL2016 Phishing,0,iscx_group_013303,development,4.0
ISCX::83,ISCX-URL2016 Phishing,0,iscx_group_007340,test,
ISCX::84,ISCX-URL2016 Phishing,0,iscx_group_010769,development,4.0
ISCX::85,ISCX-URL2016 Phishing,0,iscx_group_004327,development,5.0
ISCX::86,ISCX-URL2016 Phishing,0,iscx_group_005432,development,4.0
ISCX::87,ISCX-URL2016 Phishing,0,iscx_group_014611,development,4.0
ISCX::88,ISCX-URL2016 Phishing,0,iscx_group_008478,development,2.0
ISCX::89,ISCX-URL2016 Phishing,0,iscx_group_007313,test,
ISCX::90,ISCX-URL2016 Phishing,0,iscx_group_014027,development,1.0
ISCX::91,ISCX-URL2016 Phishing,0,iscx_group_005220,development,2.0
ISCX::92,ISCX-URL2016 Phishing,0,iscx_group_008887,development,3.0
ISCX::93,ISCX-URL2016 Phishing,0,iscx_group_005329,test,
ISCX::94,ISCX-URL2016 Phishing,0,iscx_group_006003,development,5.0
ISCX::95,ISCX-URL2016 Phishing,0,iscx_group_002797,development,1.0
ISCX::96,ISCX-URL2016 Phishing,0,iscx_group_003460,development,3.0
ISCX::97,ISCX-URL2016 Phishing,0,iscx_group_006344,development,2.0
ISCX::98,ISCX-URL2016 Phishing,0,iscx_group_002418,development,1.0
ISCX::99,ISCX-URL2016 Phishing,0,iscx_group_009159,development,3.0
ISCX::100,ISCX-URL2016 Phishing,0,iscx_group_012051,development,2.0
ISCX::101,ISCX-URL2016 Phishing,0,iscx_group_002943,development,4.0
ISCX::102,ISCX-URL2016 Phishing,0,iscx_group_009917,development,5.0
ISCX::103,ISCX-URL2016 Phishing,0,iscx_group_009440,development,4.0
ISCX::104,ISCX-URL2016 Phishing,0,iscx_group_001739,development,4.0
ISCX::105,ISCX-URL2016 Phishing,0,iscx_group_005090,development,3.0
ISCX::106,ISCX-URL2016 Phishing,0,iscx_group_007978,development,4.0
ISCX::107,ISCX-URL2016 Phishing,0,iscx_group_014671,development,4.0
ISCX::108,ISCX-URL2016 Phishing,0,iscx_group_001593,development,4.0
ISCX::109,ISCX-URL2016 Phishing,0,iscx_group_008471,test,
ISCX::110,ISCX-URL2016 Phishing,0,iscx_group_012556,development,2.0
ISCX::111,ISCX-URL2016 Phishing,0,iscx_group_002318,development,4.0
ISCX::112,ISCX-URL2016 Phishing,0,iscx_group_001217,development,1.0
ISCX::113,ISCX-URL2016 Phishing,0,iscx_group_012205,development,5.0
ISCX::114,ISCX-URL2016 Phishing,0,iscx_group_014754,calibration,
ISCX::115,ISCX-URL2016 Phishing,0,iscx_group_004389,development,5.0
ISCX::116,ISCX-URL2016 Phishing,0,iscx_group_012696,development,3.0
ISCX::117,ISCX-URL2016 Phishing,0,iscx_group_003145,development,5.0
ISCX::118,ISCX-URL2016 Phishing,0,iscx_group_009740,test,
ISCX::119,ISCX-URL2016 Phishing,0,iscx_group_008837,development,5.0
ISCX::120,ISCX-URL2016 Phishing,0,iscx_group_003622,development,3.0
ISCX::121,ISCX-URL2016 Phishing,0,iscx_group_003593,development,4.0
ISCX::122,ISCX-URL2016 Phishing,0,iscx_group_010333,development,3.0
ISCX::123,ISCX-URL2016 Phishing,0,iscx_group_007717,calibration,
ISCX::124,ISCX-URL2016 Phishing,0,iscx_group_014433,development,4.0
ISCX::125,ISCX-URL2016 Phishing,0,iscx_group_009058,development,5.0
ISCX::126,ISCX-URL2016 Phishing,0,iscx_group_003084,calibration,
ISCX::127,ISCX-URL2016 Phishing,0,iscx_group_005292,calibration,
ISCX::128,ISCX-URL2016 Phishing,0,iscx_group_001474,development,3.0
ISCX::129,ISCX-URL2016 Phishing,0,iscx_group_011022,development,2.0
ISCX::130,ISCX-URL2016 Phishing,0,iscx_group_008552,development,2.0
ISCX::131,ISCX-URL2016 Phishing,0,iscx_group_009311,development,3.0
ISCX::132,ISCX-URL2016 Phishing,0,iscx_group_009271,development,2.0
ISCX::133,ISCX-URL2016 Phishing,0,iscx_group_008432,test,
ISCX::134,ISCX-URL2016 Phishing,0,iscx_group_003230,development,2.0
ISCX::135,ISCX-URL2016 Phishing,0,iscx_group_000574,development,2.0
ISCX::136,ISCX-URL2016 Phishing,0,iscx_group_008458,calibration,
ISCX::137,ISCX-URL2016 Phishing,0,iscx_group_002407,calibration,
ISCX::138,ISCX-URL2016 Phishing,0,iscx_group_010384,development,2.0
ISCX::139,ISCX-URL2016 Phishing,0,iscx_group_013397,development,5.0
ISCX::140,ISCX-URL2016 Phishing,0,iscx_group_007913,development,5.0
ISCX::141,ISCX-URL2016 Phishing,0,iscx_group_008044,development,5.0
ISCX::142,ISCX-URL2016 Phishing,0,iscx_group_000131,development,1.0
ISCX::143,ISCX-URL2016 Phishing,0,iscx_group_009094,development,1.0
ISCX::144,ISCX-URL2016 Phishing,0,iscx_group_005104,development,4.0
ISCX::145,ISCX-URL2016 Phishing,0,iscx_group_004432,calibration,
ISCX::146,ISCX-URL2016 Phishing,0,iscx_group_004359,development,1.0
ISCX::147,ISCX-URL2016 Phishing,0,iscx_group_009549,calibration,
ISCX::148,ISCX-URL2016 Phishing,0,iscx_group_000353,calibration,
ISCX::149,ISCX-URL2016 Phishing,0,iscx_group_011542,development,4.0
ISCX::150,ISCX-URL2016 Phishing,0,iscx_group_013973,development,4.0
ISCX::151,ISCX-URL2016 Phishing,0,iscx_group_011438,development,2.0
ISCX::152,ISCX-URL2016 Phishing,0,iscx_group_010937,test,
ISCX::153,ISCX-URL2016 Phishing,0,iscx_group_005132,development,5.0
ISCX::154,ISCX-URL2016 Phishing,0,iscx_group_000724,calibration,
ISCX::155,ISCX-URL2016 Phishing,0,iscx_group_002885,calibration,
ISCX::156,ISCX-URL2016 Phishing,0,iscx_group_010318,development,2.0
ISCX::157,ISCX-URL2016 Phishing,0,iscx_group_003047,calibration,
ISCX::158,ISCX-URL2016 Phishing,0,iscx_group_001032,development,1.0
ISCX::159,ISCX-URL2016 Phishing,0,iscx_group_012307,development,2.0
ISCX::160,ISCX-URL2016 Phishing,0,iscx_group_005279,development,3.0
ISCX::161,ISCX-URL2016 Phishing,0,iscx_group_011720,development,3.0
ISCX::162,ISCX-URL2016 Phishing,0,iscx_group_007030,development,3.0
ISCX::163,ISCX-URL2016 Phishing,0,iscx_group_000152,development,5.0
ISCX::164,ISCX-URL2016 Phishing,0,iscx_group_006966,development,4.0
ISCX::165,ISCX-URL2016 Phishing,0,iscx_group_007928,calibration,
ISCX::166,ISCX-URL2016 Phishing,0,iscx_group_014171,development,1.0
ISCX::167,ISCX-URL2016 Phishing,0,iscx_group_004322,development,5.0
ISCX::168,ISCX-URL2016 Phishing,0,iscx_group_000067,development,1.0
ISCX::169,ISCX-URL2016 Phishing,0,iscx_group_014116,calibration,
ISCX::170,ISCX-URL2016 Phishing,0,iscx_group_007487,development,2.0
ISCX::171,ISCX-URL2016 Phishing,0,iscx_group_004337,calibration,
ISCX::172,ISCX-URL2016 Phishing,0,iscx_group_005340,development,4.0
ISCX::173,ISCX-URL2016 Phishing,0,iscx_group_001122,development,4.0
ISCX::174,ISCX-URL2016 Phishing,0,iscx_group_005059,development,2.0
ISCX::175,ISCX-URL2016 Phishing,0,iscx_group_013133,development,3.0
ISCX::176,ISCX-URL2016 Phishing,0,iscx_group_005300,development,5.0
ISCX::177,ISCX-URL2016 Phishing,0,iscx_group_007405,development,5.0
ISCX::178,ISCX-URL2016 Phishing,0,iscx_group_011500,calibration,
ISCX::179,ISCX-URL2016 Phishing,0,iscx_group_008708,calibration,
ISCX::180,ISCX-URL2016 Phishing,0,iscx_group_005319,development,4.0
ISCX::181,ISCX-URL2016 Phishing,0,iscx_group_000328,development,1.0
ISCX::182,ISCX-URL2016 Phishing,0,iscx_group_013897,development,2.0
ISCX::183,ISCX-URL2016 Phishing,0,iscx_group_009257,development,3.0
ISCX::184,ISCX-URL2016 Phishing,0,iscx_group_003654,test,
ISCX::185,ISCX-URL2016 Phishing,0,iscx_group_008131,development,3.0
ISCX::186,ISCX-URL2016 Phishing,0,iscx_group_008261,test,
ISCX::187,ISCX-URL2016 Phishing,0,iscx_group_000201,development,3.0
ISCX::188,ISCX-URL2016 Phishing,0,iscx_group_013244,development,2.0
ISCX::189,ISCX-URL2016 Phishing,0,iscx_group_012348,development,5.0
ISCX::190,ISCX-URL2016 Phishing,0,iscx_group_006678,test,
ISCX::191,ISCX-URL2016 Phishing,0,iscx_group_010337,development,3.0
ISCX::192,ISCX-URL2016 Phishing,0,iscx_group_010478,test,
ISCX::193,ISCX-URL2016 Phishing,0,iscx_group_009815,calibration,
ISCX::194,ISCX-URL2016 Phishing,0,iscx_group_010761,calibration,
ISCX::195,ISCX-URL2016 Phishing,0,iscx_group_001937,calibration,
ISCX::196,ISCX-URL2016 Phishing,0,iscx_group_003630,development,5.0
ISCX::197,ISCX-URL2016 Phishing,0,iscx_group_010226,development,3.0
ISCX::198,ISCX-URL2016 Phishing,0,iscx_group_005561,development,1.0
ISCX::199,ISCX-URL2016 Phishing,0,iscx_group_000298,calibration,
ISCX::200,ISCX-URL2016 Phishing,0,iscx_group_004019,development,1.0
ISCX::201,ISCX-URL2016 Phishing,0,iscx_group_012422,calibration,
ISCX::202,ISCX-URL2016 Phishing,0,iscx_group_005939,development,5.0
ISCX::203,ISCX-URL2016 Phishing,0,iscx_group_006338,test,
ISCX::204,ISCX-URL2016 Phishing,0,iscx_group_002783,development,5.0
ISCX::205,ISCX-URL2016 Phishing,0,iscx_group_013101,development,1.0
ISCX::206,ISCX-URL2016 Phishing,0,iscx_group_005426,development,2.0
ISCX::207,ISCX-URL2016 Phishing,0,iscx_group_007981,development,1.0
ISCX::208,ISCX-URL2016 Phishing,0,iscx_group_002692,development,3.0
ISCX::209,ISCX-URL2016 Phishing,0,iscx_group_000300,development,3.0
ISCX::210,ISCX-URL2016 Phishing,0,iscx_group_006002,development,3.0
ISCX::211,ISCX-URL2016 Phishing,0,iscx_group_006361,development,5.0
ISCX::212,ISCX-URL2016 Phishing,0,iscx_group_013479,calibration,
ISCX::213,ISCX-URL2016 Phishing,0,iscx_group_002611,test,
ISCX::214,ISCX-URL2016 Phishing,0,iscx_group_006379,test,
ISCX::215,ISCX-URL2016 Phishing,0,iscx_group_011439,development,4.0
ISCX::216,ISCX-URL2016 Phishing,0,iscx_group_003718,development,4.0
ISCX::217,ISCX-URL2016 Phishing,0,iscx_group_003674,development,3.0
ISCX::218,ISCX-URL2016 Phishing,0,iscx_group_006843,development,5.0
ISCX::219,ISCX-URL2016 Phishing,0,iscx_group_005304,development,5.0
ISCX::220,ISCX-URL2016 Phishing,0,iscx_group_008789,test,
ISCX::221,ISCX-URL2016 Phishing,0,iscx_group_010704,development,4.0
ISCX::222,ISCX-URL2016 Phishing,0,iscx_group_009607,development,4.0
ISCX::223,ISCX-URL2016 Phishing,0,iscx_group_009491,calibration,
ISCX::224,ISCX-URL2016 Phishing,0,iscx_group_011657,test,
ISCX::225,ISCX-URL2016 Phishing,0,iscx_group_000196,development,5.0
ISCX::226,ISCX-URL2016 Phishing,0,iscx_group_014038,development,5.0
ISCX::227,ISCX-URL2016 Phishing,0,iscx_group_008690,calibration,
ISCX::228,ISCX-URL2016 Phishing,0,iscx_group_006286,development,5.0
ISCX::229,ISCX-URL2016 Phishing,0,iscx_group_009145,development,1.0
ISCX::230,ISCX-URL2016 Phishing,0,iscx_group_013768,calibration,
ISCX::231,ISCX-URL2016 Phishing,0,iscx_group_013888,test,
ISCX::232,ISCX-URL2016 Phishing,0,iscx_group_009181,development,3.0
ISCX::233,ISCX-URL2016 Phishing,0,iscx_group_009683,development,2.0
ISCX::234,ISCX-URL2016 Phishing,0,iscx_group_000416,calibration,
ISCX::235,ISCX-URL2016 Phishing,0,iscx_group_005606,development,2.0
ISCX::236,ISCX-URL2016 Phishing,0,iscx_group_014265,development,1.0
ISCX::237,ISCX-URL2016 Phishing,0,iscx_group_001598,calibration,
ISCX::238,ISCX-URL2016 Phishing,0,iscx_group_006142,calibration,
ISCX::239,ISCX-URL2016 Phishing,0,iscx_group_006899,development,5.0
ISCX::240,ISCX-URL2016 Phishing,0,iscx_group_003852,development,1.0
ISCX::241,ISCX-URL2016 Phishing,0,iscx_group_008632,calibration,
ISCX::242,ISCX-URL2016 Phishing,0,iscx_group_006175,calibration,
ISCX::243,ISCX-URL2016 Phishing,0,iscx_group_013811,development,5.0
ISCX::244,ISCX-URL2016 Phishing,0,iscx_group_011876,development,2.0
ISCX::245,ISCX-URL2016 Phishing,0,iscx_group_010920,development,3.0
ISCX::246,ISCX-URL2016 Phishing,0,iscx_group_013750,development,3.0
ISCX::247,ISCX-URL2016 Phishing,0,iscx_group_003343,development,2.0
ISCX::248,ISCX-URL2016 Phishing,0,iscx_group_000646,calibration,
ISCX::249,ISCX-URL2016 Phishing,0,iscx_group_011231,calibration,
ISCX::250,ISCX-URL2016 Phishing,0,iscx_group_010738,calibration,
ISCX::251,ISCX-URL2016 Phishing,0,iscx_group_010122,development,5.0
ISCX::252,ISCX-URL2016 Phishing,0,iscx_group_008365,test,
ISCX::253,ISCX-URL2016 Phishing,0,iscx_group_001811,development,1.0
ISCX::254,ISCX-URL2016 Phishing,0,iscx_group_001864,development,4.0
ISCX::255,ISCX-URL2016 Phishing,0,iscx_group_010841,calibration,
ISCX::256,ISCX-URL2016 Phishing,0,iscx_group_007814,test,
ISCX::257,ISCX-URL2016 Phishing,0,iscx_group_006203,calibration,
ISCX::258,ISCX-URL2016 Phishing,0,iscx_group_008939,calibration,
ISCX::259,ISCX-URL2016 Phishing,0,iscx_group_006981,development,2.0
ISCX::260,ISCX-URL2016 Phishing,0,iscx_group_011182,development,3.0
ISCX::261,ISCX-URL2016 Phishing,0,iscx_group_011243,development,2.0
ISCX::262,ISCX-URL2016 Phishing,0,iscx_group_012300,test,
ISCX::263,ISCX-URL2016 Phishing,0,iscx_group_008005,development,4.0
ISCX::264,ISCX-URL2016 Phishing,0,iscx_group_006012,development,2.0
ISCX::265,ISCX-URL2016 Phishing,0,iscx_group_009916,development,4.0
ISCX::266,ISCX-URL2016 Phishing,0,iscx_group_010218,development,1.0
ISCX::267,ISCX-URL2016 Phishing,0,iscx_group_014676,calibration,
ISCX::268,ISCX-URL2016 Phishing,0,iscx_group_008970,calibration,
ISCX::269,ISCX-URL2016 Phishing,0,iscx_group_010542,development,1.0
ISCX::270,ISCX-URL2016 Phishing,0,iscx_group_009686,development,2.0
ISCX::271,ISCX-URL2016 Phishing,0,iscx_group_005098,development,1.0
ISCX::272,ISCX-URL2016 Phishing,0,iscx_group_003700,development,4.0
ISCX::273,ISCX-URL2016 Phishing,0,iscx_group_001696,test,
ISCX::274,ISCX-URL2016 Phishing,0,iscx_group_002636,development,5.0
ISCX::275,ISCX-URL2016 Phishing,0,iscx_group_004517,development,3.0
ISCX::276,ISCX-URL2016 Phishing,0,iscx_group_011588,development,1.0
ISCX::277,ISCX-URL2016 Phishing,0,iscx_group_001451,development,4.0
ISCX::278,ISCX-URL2016 Phishing,0,iscx_group_009217,development,5.0
ISCX::279,ISCX-URL2016 Phishing,0,iscx_group_008464,development,3.0
ISCX::280,ISCX-URL2016 Phishing,0,iscx_group_012991,development,2.0
ISCX::281,ISCX-URL2016 Phishing,0,iscx_group_009376,development,5.0
ISCX::282,ISCX-URL2016 Phishing,0,iscx_group_005139,development,4.0
ISCX::283,ISCX-URL2016 Phishing,0,iscx_group_001749,development,1.0
ISCX::284,ISCX-URL2016 Phishing,0,iscx_group_004264,development,3.0
ISCX::285,ISCX-URL2016 Phishing,0,iscx_group_014273,development,4.0
ISCX::286,ISCX-URL2016 Phishing,0,iscx_group_008659,development,2.0
ISCX::287,ISCX-URL2016 Phishing,0,iscx_group_008803,test,
ISCX::288,ISCX-URL2016 Phishing,0,iscx_group_008697,development,3.0
ISCX::289,ISCX-URL2016 Phishing,0,iscx_group_008786,development,1.0
ISCX::290,ISCX-URL2016 Phishing,0,iscx_group_009824,calibration,
ISCX::291,ISCX-URL2016 Phishing,0,iscx_group_008109,test,
ISCX::292,ISCX-URL2016 Phishing,0,iscx_group_004425,development,1.0
ISCX::293,ISCX-URL2016 Phishing,0,iscx_group_000673,development,5.0
ISCX::294,ISCX-URL2016 Phishing,0,iscx_group_009542,calibration,
ISCX::295,ISCX-URL2016 Phishing,0,iscx_group_000399,calibration,
ISCX::296,ISCX-URL2016 Phishing,0,iscx_group_012892,test,
ISCX::297,ISCX-URL2016 Phishing,0,iscx_group_011429,development,1.0
ISCX::298,ISCX-URL2016 Phishing,0,iscx_group_009981,development,3.0
ISCX::299,ISCX-URL2016 Phishing,0,iscx_group_009644,development,2.0
ISCX::300,ISCX-URL2016 Phishing,0,iscx_group_000388,development,2.0
ISCX::301,ISCX-URL2016 Phishing,0,iscx_group_009997,development,4.0
ISCX::302,ISCX-URL2016 Phishing,0,iscx_group_000389,development,3.0
ISCX::303,ISCX-URL2016 Phishing,0,iscx_group_012228,calibration,
ISCX::304,ISCX-URL2016 Phishing,0,iscx_group_008366,development,5.0
ISCX::305,ISCX-URL2016 Phishing,0,iscx_group_003505,development,2.0
ISCX::306,ISCX-URL2016 Phishing,0,iscx_group_003512,test,
ISCX::307,ISCX-URL2016 Phishing,0,iscx_group_006881,development,5.0
ISCX::308,ISCX-URL2016 Phishing,0,iscx_group_010557,development,2.0
ISCX::309,ISCX-URL2016 Phishing,0,iscx_group_002587,development,1.0
ISCX::310,ISCX-URL2016 Phishing,0,iscx_group_001121,test,
ISCX::311,ISCX-URL2016 Phishing,0,iscx_group_014801,development,5.0
ISCX::312,ISCX-URL2016 Phishing,0,iscx_group_006559,calibration,
ISCX::313,ISCX-URL2016 Phishing,0,iscx_group_004696,calibration,
ISCX::314,ISCX-URL2016 Phishing,0,iscx_group_010403,calibration,
ISCX::315,ISCX-URL2016 Phishing,0,iscx_group_013870,development,5.0
ISCX::316,ISCX-URL2016 Phishing,0,iscx_group_001166,development,1.0
ISCX::317,ISCX-URL2016 Phishing,0,iscx_group_012786,development,1.0
ISCX::318,ISCX-URL2016 Phishing,0,iscx_group_009741,development,4.0
ISCX::319,ISCX-URL2016 Phishing,0,iscx_group_008770,development,2.0
ISCX::320,ISCX-URL2016 Phishing,0,iscx_group_003210,test,
ISCX::321,ISCX-URL2016 Phishing,0,iscx_group_001715,development,3.0
ISCX::322,ISCX-URL2016 Phishing,0,iscx_group_010370,development,2.0
ISCX::323,ISCX-URL2016 Phishing,0,iscx_group_003651,development,3.0
ISCX::324,ISCX-URL2016 Phishing,0,iscx_group_002252,development,4.0
ISCX::325,ISCX-URL2016 Phishing,0,iscx_group_004512,development,3.0
ISCX::326,ISCX-URL2016 Phishing,0,iscx_group_007968,development,2.0
ISCX::327,ISCX-URL2016 Phishing,0,iscx_group_010355,development,3.0
ISCX::328,ISCX-URL2016 Phishing,0,iscx_group_006890,development,5.0
ISCX::329,ISCX-URL2016 Phishing,0,iscx_group_001782,development,1.0
ISCX::330,ISCX-URL2016 Phishing,0,iscx_group_002203,development,2.0
ISCX::331,ISCX-URL2016 Phishing,0,iscx_group_004283,development,2.0
ISCX::332,ISCX-URL2016 Phishing,0,iscx_group_000537,development,5.0
ISCX::333,ISCX-URL2016 Phishing,0,iscx_group_014640,development,1.0
ISCX::334,ISCX-URL2016 Phishing,0,iscx_group_008106,development,2.0
ISCX::335,ISCX-URL2016 Phishing,0,iscx_group_007103,development,3.0
ISCX::336,ISCX-URL2016 Phishing,0,iscx_group_007265,development,3.0
ISCX::337,ISCX-URL2016 Phishing,0,iscx_group_009501,development,5.0
ISCX::338,ISCX-URL2016 Phishing,0,iscx_group_004162,development,4.0
ISCX::339,ISCX-URL2016 Phishing,0,iscx_group_013198,calibration,
ISCX::340,ISCX-URL2016 Phishing,0,iscx_group_006343,test,
ISCX::341,ISCX-URL2016 Phishing,0,iscx_group_007459,development,1.0
ISCX::342,ISCX-URL2016 Phishing,0,iscx_group_007654,development,1.0
ISCX::343,ISCX-URL2016 Phishing,0,iscx_group_006831,development,1.0
ISCX::344,ISCX-URL2016 Phishing,0,iscx_group_007598,development,5.0
ISCX::345,ISCX-URL2016 Phishing,0,iscx_group_002402,calibration,
ISCX::346,ISCX-URL2016 Phishing,0,iscx_group_002543,development,3.0
ISCX::347,ISCX-URL2016 Phishing,0,iscx_group_009941,calibration,
ISCX::348,ISCX-URL2016 Phishing,0,iscx_group_001537,development,2.0
ISCX::349,ISCX-URL2016 Phishing,0,iscx_group_004155,development,2.0
ISCX::350,ISCX-URL2016 Phishing,0,iscx_group_000990,development,5.0
ISCX::351,ISCX-URL2016 Phishing,0,iscx_group_006946,development,3.0
ISCX::352,ISCX-URL2016 Phishing,0,iscx_group_014374,development,4.0
ISCX::353,ISCX-URL2016 Phishing,0,iscx_group_003690,development,4.0
ISCX::354,ISCX-URL2016 Phishing,0,iscx_group_001059,development,2.0
ISCX::355,ISCX-URL2016 Phishing,0,iscx_group_014727,development,4.0
ISCX::356,ISCX-URL2016 Phishing,0,iscx_group_011065,development,3.0
ISCX::357,ISCX-URL2016 Phishing,0,iscx_group_008128,development,2.0
ISCX::358,ISCX-URL2016 Phishing,0,iscx_group_003462,calibration,
ISCX::359,ISCX-URL2016 Phishing,0,iscx_group_001920,development,4.0
ISCX::360,ISCX-URL2016 Phishing,0,iscx_group_005387,development,1.0
ISCX::361,ISCX-URL2016 Phishing,0,iscx_group_002163,development,3.0
ISCX::362,ISCX-URL2016 Phishing,0,iscx_group_010950,development,4.0
ISCX::363,ISCX-URL2016 Phishing,0,iscx_group_009039,development,4.0
ISCX::364,ISCX-URL2016 Phishing,0,iscx_group_007119,test,
ISCX::365,ISCX-URL2016 Phishing,0,iscx_group_006487,calibration,
ISCX::366,ISCX-URL2016 Phishing,0,iscx_group_004920,development,1.0
ISCX::367,ISCX-URL2016 Phishing,0,iscx_group_012917,test,
ISCX::368,ISCX-URL2016 Phishing,0,iscx_group_007095,test,
ISCX::369,ISCX-URL2016 Phishing,0,iscx_group_008696,test,
ISCX::370,ISCX-URL2016 Phishing,0,iscx_group_003055,development,4.0
ISCX::371,ISCX-URL2016 Phishing,0,iscx_group_012346,development,4.0
ISCX::372,ISCX-URL2016 Phishing,0,iscx_group_008969,development,3.0
ISCX::373,ISCX-URL2016 Phishing,0,iscx_group_006329,calibration,
ISCX::374,ISCX-URL2016 Phishing,0,iscx_group_005738,development,2.0
ISCX::375,ISCX-URL2016 Phishing,0,iscx_group_005862,development,1.0
ISCX::376,ISCX-URL2016 Phishing,0,iscx_group_009196,development,3.0
ISCX::377,ISCX-URL2016 Phishing,0,iscx_group_005054,development,1.0
ISCX::378,ISCX-URL2016 Phishing,0,iscx_group_009335,development,4.0
ISCX::379,ISCX-URL2016 Phishing,0,iscx_group_010017,development,2.0
ISCX::380,ISCX-URL2016 Phishing,0,iscx_group_011659,development,2.0
ISCX::381,ISCX-URL2016 Phishing,0,iscx_group_007237,development,5.0
ISCX::382,ISCX-URL2016 Phishing,0,iscx_group_008306,development,1.0
ISCX::383,ISCX-URL2016 Phishing,0,iscx_group_008088,calibration,
ISCX::384,ISCX-URL2016 Phishing,0,iscx_group_002054,development,2.0
ISCX::385,ISCX-URL2016 Phishing,0,iscx_group_014231,development,4.0
ISCX::386,ISCX-URL2016 Phishing,0,iscx_group_008738,test,
ISCX::387,ISCX-URL2016 Phishing,0,iscx_group_002000,development,1.0
ISCX::388,ISCX-URL2016 Phishing,0,iscx_group_001768,test,
ISCX::389,ISCX-URL2016 Phishing,0,iscx_group_003072,development,5.0
ISCX::390,ISCX-URL2016 Phishing,0,iscx_group_007247,development,4.0
ISCX::391,ISCX-URL2016 Phishing,0,iscx_group_004306,development,5.0
ISCX::392,ISCX-URL2016 Phishing,0,iscx_group_012702,development,1.0
ISCX::393,ISCX-URL2016 Phishing,0,iscx_group_013699,development,1.0
ISCX::394,ISCX-URL2016 Phishing,0,iscx_group_011131,development,2.0
ISCX::395,ISCX-URL2016 Phishing,0,iscx_group_008589,development,4.0
ISCX::396,ISCX-URL2016 Phishing,0,iscx_group_005444,test,
ISCX::397,ISCX-URL2016 Phishing,0,iscx_group_014558,development,2.0
ISCX::398,ISCX-URL2016 Phishing,0,iscx_group_005847,development,4.0
ISCX::399,ISCX-URL2016 Phishing,0,iscx_group_001177,development,1.0
ISCX::400,ISCX-URL2016 Phishing,0,iscx_group_007031,development,2.0
ISCX::401,ISCX-URL2016 Phishing,0,iscx_group_012034,development,2.0
ISCX::402,ISCX-URL2016 Phishing,0,iscx_group_007144,development,4.0
ISCX::403,ISCX-URL2016 Phishing,0,iscx_group_010931,development,5.0
ISCX::404,ISCX-URL2016 Phishing,0,iscx_group_003511,development,4.0
ISCX::405,ISCX-URL2016 Phishing,0,iscx_group_013698,development,1.0
ISCX::406,ISCX-URL2016 Phishing,0,iscx_group_007754,development,3.0
ISCX::407,ISCX-URL2016 Phishing,0,iscx_group_000311,calibration,
ISCX::408,ISCX-URL2016 Phishing,0,iscx_group_010118,development,1.0
ISCX::409,ISCX-URL2016 Phishing,0,iscx_group_000282,test,
ISCX::410,ISCX-URL2016 Phishing,0,iscx_group_003237,development,3.0
ISCX::411,ISCX-URL2016 Phishing,0,iscx_group_005447,development,4.0
ISCX::412,ISCX-URL2016 Phishing,0,iscx_group_004976,development,2.0
ISCX::413,ISCX-URL2016 Phishing,0,iscx_group_008749,test,
ISCX::414,ISCX-URL2016 Phishing,0,iscx_group_002357,development,4.0
ISCX::415,ISCX-URL2016 Phishing,0,iscx_group_001327,development,5.0
ISCX::416,ISCX-URL2016 Phishing,0,iscx_group_008988,development,2.0
ISCX::417,ISCX-URL2016 Phishing,0,iscx_group_003877,development,5.0
ISCX::418,ISCX-URL2016 Phishing,0,iscx_group_005165,development,2.0
ISCX::419,ISCX-URL2016 Phishing,0,iscx_group_000898,development,2.0
ISCX::420,ISCX-URL2016 Phishing,0,iscx_group_003261,development,2.0
ISCX::421,ISCX-URL2016 Phishing,0,iscx_group_012497,test,
ISCX::422,ISCX-URL2016 Phishing,0,iscx_group_011639,development,5.0
ISCX::423,ISCX-URL2016 Phishing,0,iscx_group_001485,development,4.0
ISCX::424,ISCX-URL2016 Phishing,0,iscx_group_010198,development,5.0
ISCX::425,ISCX-URL2016 Phishing,0,iscx_group_010491,calibration,
ISCX::426,ISCX-URL2016 Phishing,0,iscx_group_013682,development,3.0
ISCX::427,ISCX-URL2016 Phishing,0,iscx_group_010678,test,
ISCX::428,ISCX-URL2016 Phishing,0,iscx_group_011711,development,5.0
ISCX::429,ISCX-URL2016 Phishing,0,iscx_group_004585,development,2.0
ISCX::430,ISCX-URL2016 Phishing,0,iscx_group_012283,development,2.0
ISCX::431,ISCX-URL2016 Phishing,0,iscx_group_000854,development,5.0
ISCX::432,ISCX-URL2016 Phishing,0,iscx_group_002966,test,
ISCX::433,ISCX-URL2016 Phishing,0,iscx_group_004450,development,3.0
ISCX::434,ISCX-URL2016 Phishing,0,iscx_group_014427,development,1.0
ISCX::435,ISCX-URL2016 Phishing,0,iscx_group_011963,test,
ISCX::436,ISCX-URL2016 Phishing,0,iscx_group_006615,development,2.0
ISCX::437,ISCX-URL2016 Phishing,0,iscx_group_005877,calibration,
ISCX::438,ISCX-URL2016 Phishing,0,iscx_group_011699,development,2.0
ISCX::439,ISCX-URL2016 Phishing,0,iscx_group_002206,development,1.0
ISCX::440,ISCX-URL2016 Phishing,0,iscx_group_006952,development,2.0
ISCX::441,ISCX-URL2016 Phishing,0,iscx_group_002887,development,5.0
ISCX::442,ISCX-URL2016 Phishing,0,iscx_group_012817,test,
ISCX::443,ISCX-URL2016 Phishing,0,iscx_group_005720,development,5.0
ISCX::444,ISCX-URL2016 Phishing,0,iscx_group_005625,test,
ISCX::445,ISCX-URL2016 Phishing,0,iscx_group_012965,development,4.0
ISCX::446,ISCX-URL2016 Phishing,0,iscx_group_009576,test,
ISCX::447,ISCX-URL2016 Phishing,0,iscx_group_005299,calibration,
ISCX::448,ISCX-URL2016 Phishing,0,iscx_group_013582,development,1.0
ISCX::449,ISCX-URL2016 Phishing,0,iscx_group_004812,development,4.0
ISCX::450,ISCX-URL2016 Phishing,0,iscx_group_011360,calibration,
ISCX::451,ISCX-URL2016 Phishing,0,iscx_group_009078,development,3.0
ISCX::452,ISCX-URL2016 Phishing,0,iscx_group_010706,development,5.0
ISCX::453,ISCX-URL2016 Phishing,0,iscx_group_001398,development,3.0
ISCX::454,ISCX-URL2016 Phishing,0,iscx_group_011090,development,5.0
ISCX::455,ISCX-URL2016 Phishing,0,iscx_group_013573,development,2.0
ISCX::456,ISCX-URL2016 Phishing,0,iscx_group_012748,development,3.0
ISCX::457,ISCX-URL2016 Phishing,0,iscx_group_003424,calibration,
ISCX::458,ISCX-URL2016 Phishing,0,iscx_group_009343,development,4.0
ISCX::459,ISCX-URL2016 Phishing,0,iscx_group_010036,calibration,
ISCX::460,ISCX-URL2016 Phishing,0,iscx_group_005451,development,5.0
ISCX::461,ISCX-URL2016 Phishing,0,iscx_group_014172,test,
ISCX::462,ISCX-URL2016 Phishing,0,iscx_group_001147,development,4.0
ISCX::463,ISCX-URL2016 Phishing,0,iscx_group_000960,calibration,
ISCX::464,ISCX-URL2016 Phishing,0,iscx_group_001954,development,3.0
ISCX::465,ISCX-URL2016 Phishing,0,iscx_group_011555,development,1.0
ISCX::466,ISCX-URL2016 Phishing,0,iscx_group_010432,development,5.0
ISCX::467,ISCX-URL2016 Phishing,0,iscx_group_000583,development,4.0
ISCX::468,ISCX-URL2016 Phishing,0,iscx_group_013755,development,2.0
ISCX::469,ISCX-URL2016 Phishing,0,iscx_group_006127,development,1.0
ISCX::470,ISCX-URL2016 Phishing,0,iscx_group_006054,development,2.0
ISCX::471,ISCX-URL2016 Phishing,0,iscx_group_010132,development,2.0
ISCX::472,ISCX-URL2016 Phishing,0,iscx_group_012184,test,
ISCX::473,ISCX-URL2016 Phishing,0,iscx_group_012968,development,5.0
ISCX::474,ISCX-URL2016 Phishing,0,iscx_group_010743,development,5.0
ISCX::475,ISCX-URL2016 Phishing,0,iscx_group_002889,development,2.0
ISCX::476,ISCX-URL2016 Phishing,0,iscx_group_001238,development,2.0
ISCX::477,ISCX-URL2016 Phishing,0,iscx_group_006749,development,1.0
ISCX::478,ISCX-URL2016 Phishing,0,iscx_group_013985,development,1.0
ISCX::479,ISCX-URL2016 Phishing,0,iscx_group_010163,development,4.0
ISCX::480,ISCX-URL2016 Phishing,0,iscx_group_003294,development,2.0
ISCX::481,ISCX-URL2016 Phishing,0,iscx_group_013145,calibration,
ISCX::482,ISCX-URL2016 Phishing,0,iscx_group_009544,development,1.0
ISCX::483,ISCX-URL2016 Phishing,0,iscx_group_004233,development,2.0
ISCX::484,ISCX-URL2016 Phishing,0,iscx_group_002615,test,
ISCX::485,ISCX-URL2016 Phishing,0,iscx_group_011761,development,4.0
ISCX::486,ISCX-URL2016 Phishing,0,iscx_group_012508,calibration,
ISCX::487,ISCX-URL2016 Phishing,0,iscx_group_004655,development,1.0
ISCX::488,ISCX-URL2016 Phishing,0,iscx_group_006358,calibration,
ISCX::489,ISCX-URL2016 Phishing,0,iscx_group_009302,development,2.0
ISCX::490,ISCX-URL2016 Phishing,0,iscx_group_003373,development,2.0
ISCX::491,ISCX-URL2016 Phishing,0,iscx_group_008034,development,3.0
ISCX::492,ISCX-URL2016 Phishing,0,iscx_group_001961,development,3.0
ISCX::493,ISCX-URL2016 Phishing,0,iscx_group_009699,development,2.0
ISCX::494,ISCX-URL2016 Phishing,0,iscx_group_014400,calibration,
ISCX::495,ISCX-URL2016 Phishing,0,iscx_group_002299,development,3.0
ISCX::496,ISCX-URL2016 Phishing,0,iscx_group_006980,development,2.0
ISCX::497,ISCX-URL2016 Phishing,0,iscx_group_005420,calibration,
ISCX::498,ISCX-URL2016 Phishing,0,iscx_group_009521,development,2.0
ISCX::499,ISCX-URL2016 Phishing,0,iscx_group_014318,development,4.0
ISCX::500,ISCX-URL2016 Phishing,0,iscx_group_010030,development,4.0
ISCX::501,ISCX-URL2016 Phishing,0,iscx_group_002527,development,5.0
ISCX::502,ISCX-URL2016 Phishing,0,iscx_group_002438,development,4.0
ISCX::503,ISCX-URL2016 Phishing,0,iscx_group_001955,test,
ISCX::504,ISCX-URL2016 Phishing,0,iscx_group_006184,development,1.0
ISCX::505,ISCX-URL2016 Phishing,0,iscx_group_006927,test,
ISCX::506,ISCX-URL2016 Phishing,0,iscx_group_006373,development,1.0
ISCX::507,ISCX-URL2016 Phishing,0,iscx_group_002445,development,5.0
ISCX::508,ISCX-URL2016 Phishing,0,iscx_group_009690,development,4.0
ISCX::509,ISCX-URL2016 Phishing,0,iscx_group_005162,development,2.0
ISCX::510,ISCX-URL2016 Phishing,0,iscx_group_013209,development,1.0
ISCX::511,ISCX-URL2016 Phishing,0,iscx_group_001843,calibration,
ISCX::512,ISCX-URL2016 Phishing,0,iscx_group_008465,development,2.0
ISCX::513,ISCX-URL2016 Phishing,0,iscx_group_014627,development,2.0
ISCX::514,ISCX-URL2016 Phishing,0,iscx_group_006050,development,1.0
ISCX::515,ISCX-URL2016 Phishing,0,iscx_group_014335,development,1.0
ISCX::516,ISCX-URL2016 Phishing,0,iscx_group_003680,development,2.0
ISCX::517,ISCX-URL2016 Phishing,0,iscx_group_004992,test,
ISCX::518,ISCX-URL2016 Phishing,0,iscx_group_011590,development,2.0
ISCX::519,ISCX-URL2016 Phishing,0,iscx_group_014512,development,4.0
ISCX::520,ISCX-URL2016 Phishing,0,iscx_group_006081,calibration,
ISCX::521,ISCX-URL2016 Phishing,0,iscx_group_010758,calibration,
ISCX::522,ISCX-URL2016 Phishing,0,iscx_group_012746,development,1.0
ISCX::523,ISCX-URL2016 Phishing,0,iscx_group_008157,development,4.0
ISCX::524,ISCX-URL2016 Phishing,0,iscx_group_005001,development,5.0
ISCX::525,ISCX-URL2016 Phishing,0,iscx_group_011948,development,5.0
ISCX::526,ISCX-URL2016 Phishing,0,iscx_group_002188,development,5.0
ISCX::527,ISCX-URL2016 Phishing,0,iscx_group_003824,development,5.0
ISCX::528,ISCX-URL2016 Phishing,0,iscx_group_000326,development,3.0
ISCX::529,ISCX-URL2016 Phishing,0,iscx_group_006153,development,3.0
ISCX::530,ISCX-URL2016 Phishing,0,iscx_group_011403,calibration,
ISCX::531,ISCX-URL2016 Phishing,0,iscx_group_001540,development,1.0
ISCX::532,ISCX-URL2016 Phishing,0,iscx_group_010897,test,
ISCX::533,ISCX-URL2016 Phishing,0,iscx_group_003553,development,2.0
ISCX::534,ISCX-URL2016 Phishing,0,iscx_group_001916,development,1.0
ISCX::535,ISCX-URL2016 Phishing,0,iscx_group_012058,development,4.0
ISCX::536,ISCX-URL2016 Phishing,0,iscx_group_007153,development,5.0
ISCX::537,ISCX-URL2016 Phishing,0,iscx_group_010503,development,1.0
ISCX::538,ISCX-URL2016 Phishing,0,iscx_group_004866,development,5.0
ISCX::539,ISCX-URL2016 Phishing,0,iscx_group_006806,test,
ISCX::540,ISCX-URL2016 Phishing,0,iscx_group_005566,calibration,
ISCX::541,ISCX-URL2016 Phishing,0,iscx_group_011509,calibration,
ISCX::542,ISCX-URL2016 Phishing,0,iscx_group_012996,development,3.0
ISCX::543,ISCX-URL2016 Phishing,0,iscx_group_006298,calibration,
ISCX::544,ISCX-URL2016 Phishing,0,iscx_group_003724,development,5.0
ISCX::545,ISCX-URL2016 Phishing,0,iscx_group_003977,development,2.0
ISCX::546,ISCX-URL2016 Phishing,0,iscx_group_011632,development,1.0
ISCX::547,ISCX-URL2016 Phishing,0,iscx_group_002168,development,1.0
ISCX::548,ISCX-URL2016 Phishing,0,iscx_group_009071,development,5.0
ISCX::549,ISCX-URL2016 Phishing,0,iscx_group_000485,test,
ISCX::550,ISCX-URL2016 Phishing,0,iscx_group_003811,development,4.0
ISCX::551,ISCX-URL2016 Phishing,0,iscx_group_009228,development,1.0
ISCX::552,ISCX-URL2016 Phishing,0,iscx_group_008019,test,
ISCX::553,ISCX-URL2016 Phishing,0,iscx_group_002853,development,3.0
ISCX::554,ISCX-URL2016 Phishing,0,iscx_group_012662,development,2.0
ISCX::555,ISCX-URL2016 Phishing,0,iscx_group_014204,calibration,
ISCX::556,ISCX-URL2016 Phishing,0,iscx_group_011377,development,3.0
ISCX::557,ISCX-URL2016 Phishing,0,iscx_group_001159,development,3.0
ISCX::558,ISCX-URL2016 Phishing,0,iscx_group_013140,development,3.0
ISCX::559,ISCX-URL2016 Phishing,0,iscx_group_003918,development,2.0
ISCX::560,ISCX-URL2016 Phishing,0,iscx_group_014544,development,4.0
ISCX::561,ISCX-URL2016 Phishing,0,iscx_group_002644,calibration,
ISCX::562,ISCX-URL2016 Phishing,0,iscx_group_009828,development,1.0
ISCX::563,ISCX-URL2016 Phishing,0,iscx_group_008818,calibration,
ISCX::564,ISCX-URL2016 Phishing,0,iscx_group_000116,development,1.0
ISCX::565,ISCX-URL2016 Phishing,0,iscx_group_014378,development,3.0
ISCX::566,ISCX-URL2016 Phishing,0,iscx_group_014295,test,
ISCX::567,ISCX-URL2016 Phishing,0,iscx_group_001168,calibration,
ISCX::568,ISCX-URL2016 Phishing,0,iscx_group_010675,development,5.0
ISCX::569,ISCX-URL2016 Phishing,0,iscx_group_001153,calibration,
ISCX::570,ISCX-URL2016 Phishing,0,iscx_group_013656,development,5.0
ISCX::571,ISCX-URL2016 Phishing,0,iscx_group_006126,development,4.0
ISCX::572,ISCX-URL2016 Phishing,0,iscx_group_008602,development,4.0
ISCX::573,ISCX-URL2016 Phishing,0,iscx_group_014153,development,1.0
ISCX::574,ISCX-URL2016 Phishing,0,iscx_group_013891,development,5.0
ISCX::575,ISCX-URL2016 Phishing,0,iscx_group_004345,development,5.0
ISCX::576,ISCX-URL2016 Phishing,0,iscx_group_002631,development,3.0
ISCX::577,ISCX-URL2016 Phishing,0,iscx_group_009477,development,3.0
ISCX::578,ISCX-URL2016 Phishing,0,iscx_group_000717,test,
ISCX::579,ISCX-URL2016 Phishing,0,iscx_group_006641,development,4.0
ISCX::580,ISCX-URL2016 Phishing,0,iscx_group_013557,development,2.0
ISCX::581,ISCX-URL2016 Phishing,0,iscx_group_007331,development,1.0
ISCX::582,ISCX-URL2016 Phishing,0,iscx_group_014033,test,
ISCX::583,ISCX-URL2016 Phishing,0,iscx_group_000888,development,4.0
ISCX::584,ISCX-URL2016 Phishing,0,iscx_group_003768,calibration,
ISCX::585,ISCX-URL2016 Phishing,0,iscx_group_010788,development,1.0
ISCX::586,ISCX-URL2016 Phishing,0,iscx_group_010382,calibration,
ISCX::587,ISCX-URL2016 Phishing,0,iscx_group_013239,development,4.0
ISCX::588,ISCX-URL2016 Phishing,0,iscx_group_005266,calibration,
ISCX::589,ISCX-URL2016 Phishing,0,iscx_group_005453,development,2.0
ISCX::590,ISCX-URL2016 Phishing,0,iscx_group_006307,development,1.0
ISCX::591,ISCX-URL2016 Phishing,0,iscx_group_008961,test,
ISCX::592,ISCX-URL2016 Phishing,0,iscx_group_010620,development,5.0
ISCX::593,ISCX-URL2016 Phishing,0,iscx_group_006172,test,
ISCX::594,ISCX-URL2016 Phishing,0,iscx_group_000064,development,2.0
ISCX::595,ISCX-URL2016 Phishing,0,iscx_group_004998,development,1.0
ISCX::596,ISCX-URL2016 Phishing,0,iscx_group_009821,development,4.0
ISCX::597,ISCX-URL2016 Phishing,0,iscx_group_002277,development,3.0
ISCX::598,ISCX-URL2016 Phishing,0,iscx_group_006208,development,3.0
ISCX::599,ISCX-URL2016 Phishing,0,iscx_group_000708,development,5.0
ISCX::600,ISCX-URL2016 Phishing,0,iscx_group_009223,calibration,
ISCX::601,ISCX-URL2016 Phishing,0,iscx_group_009178,development,2.0
ISCX::602,ISCX-URL2016 Phishing,0,iscx_group_014163,development,4.0
ISCX::603,ISCX-URL2016 Phishing,0,iscx_group_007829,development,5.0
ISCX::604,ISCX-URL2016 Phishing,0,iscx_group_013104,calibration,
ISCX::605,ISCX-URL2016 Phishing,0,iscx_group_005197,development,4.0
ISCX::606,ISCX-URL2016 Phishing,0,iscx_group_011343,development,4.0
ISCX::607,ISCX-URL2016 Phishing,0,iscx_group_011179,calibration,
ISCX::608,ISCX-URL2016 Phishing,0,iscx_group_002183,development,2.0
ISCX::609,ISCX-URL2016 Phishing,0,iscx_group_013528,development,2.0
ISCX::610,ISCX-URL2016 Phishing,0,iscx_group_013271,development,5.0
ISCX::611,ISCX-URL2016 Phishing,0,iscx_group_003196,development,2.0
ISCX::612,ISCX-URL2016 Phishing,0,iscx_group_011572,development,5.0
ISCX::613,ISCX-URL2016 Phishing,0,iscx_group_008520,development,1.0
ISCX::614,ISCX-URL2016 Phishing,0,iscx_group_012077,test,
ISCX::615,ISCX-URL2016 Phishing,0,iscx_group_002018,test,
ISCX::616,ISCX-URL2016 Phishing,0,iscx_group_006576,test,
ISCX::617,ISCX-URL2016 Phishing,0,iscx_group_012615,development,1.0
ISCX::618,ISCX-URL2016 Phishing,0,iscx_group_008503,calibration,
ISCX::619,ISCX-URL2016 Phishing,0,iscx_group_014651,development,3.0
ISCX::620,ISCX-URL2016 Phishing,0,iscx_group_010466,development,3.0
ISCX::621,ISCX-URL2016 Phishing,0,iscx_group_011762,calibration,
ISCX::622,ISCX-URL2016 Phishing,0,iscx_group_007457,development,5.0
ISCX::623,ISCX-URL2016 Phishing,0,iscx_group_001473,development,4.0
ISCX::624,ISCX-URL2016 Phishing,0,iscx_group_004200,development,4.0
ISCX::625,ISCX-URL2016 Phishing,0,iscx_group_008599,development,4.0
ISCX::626,ISCX-URL2016 Phishing,0,iscx_group_001335,development,3.0
ISCX::627,ISCX-URL2016 Phishing,0,iscx_group_011653,development,2.0
ISCX::628,ISCX-URL2016 Phishing,0,iscx_group_010530,development,5.0
ISCX::629,ISCX-URL2016 Phishing,0,iscx_group_000157,development,1.0
ISCX::630,ISCX-URL2016 Phishing,0,iscx_group_003131,calibration,
ISCX::631,ISCX-URL2016 Phishing,0,iscx_group_003075,development,1.0
ISCX::632,ISCX-URL2016 Phishing,0,iscx_group_003431,development,1.0
ISCX::633,ISCX-URL2016 Phishing,0,iscx_group_001146,test,
ISCX::634,ISCX-URL2016 Phishing,0,iscx_group_012185,test,
ISCX::635,ISCX-URL2016 Phishing,0,iscx_group_010092,development,4.0
ISCX::636,ISCX-URL2016 Phishing,0,iscx_group_011254,development,1.0
ISCX::637,ISCX-URL2016 Phishing,0,iscx_group_005129,development,3.0
ISCX::638,ISCX-URL2016 Phishing,0,iscx_group_000479,development,2.0
ISCX::639,ISCX-URL2016 Phishing,0,iscx_group_002673,development,3.0
ISCX::640,ISCX-URL2016 Phishing,0,iscx_group_003334,test,
ISCX::641,ISCX-URL2016 Phishing,0,iscx_group_006704,development,1.0
ISCX::642,ISCX-URL2016 Phishing,0,iscx_group_007114,calibration,
ISCX::643,ISCX-URL2016 Phishing,0,iscx_group_008386,development,5.0
ISCX::644,ISCX-URL2016 Phishing,0,iscx_group_004586,development,1.0
ISCX::645,ISCX-URL2016 Phishing,0,iscx_group_010386,development,4.0
ISCX::646,ISCX-URL2016 Phishing,0,iscx_group_013235,calibration,
ISCX::647,ISCX-URL2016 Phishing,0,iscx_group_005818,development,2.0
ISCX::648,ISCX-URL2016 Phishing,0,iscx_group_001010,development,5.0
ISCX::649,ISCX-URL2016 Phishing,0,iscx_group_011442,test,
ISCX::650,ISCX-URL2016 Phishing,0,iscx_group_006163,calibration,
ISCX::651,ISCX-URL2016 Phishing,0,iscx_group_011556,calibration,
ISCX::652,ISCX-URL2016 Phishing,0,iscx_group_004682,calibration,
ISCX::653,ISCX-URL2016 Phishing,0,iscx_group_011276,development,2.0
ISCX::654,ISCX-URL2016 Phishing,0,iscx_group_004956,calibration,
ISCX::655,ISCX-URL2016 Phishing,0,iscx_group_007600,test,
ISCX::656,ISCX-URL2016 Phishing,0,iscx_group_013430,calibration,
ISCX::657,ISCX-URL2016 Phishing,0,iscx_group_005404,development,1.0
ISCX::658,ISCX-URL2016 Phishing,0,iscx_group_003955,development,2.0
ISCX::659,ISCX-URL2016 Phishing,0,iscx_group_007657,calibration,
ISCX::660,ISCX-URL2016 Phishing,0,iscx_group_010069,development,4.0
ISCX::661,ISCX-URL2016 Phishing,0,iscx_group_008773,development,3.0
ISCX::662,ISCX-URL2016 Phishing,0,iscx_group_008542,development,3.0
ISCX::663,ISCX-URL2016 Phishing,0,iscx_group_002553,development,4.0
ISCX::664,ISCX-URL2016 Phishing,0,iscx_group_000962,development,4.0
ISCX::665,ISCX-URL2016 Phishing,0,iscx_group_009880,development,2.0
ISCX::666,ISCX-URL2016 Phishing,0,iscx_group_004691,development,2.0
ISCX::667,ISCX-URL2016 Phishing,0,iscx_group_012597,development,3.0
ISCX::668,ISCX-URL2016 Phishing,0,iscx_group_000492,development,1.0
ISCX::669,ISCX-URL2016 Phishing,0,iscx_group_005843,development,1.0
ISCX::670,ISCX-URL2016 Phishing,0,iscx_group_000629,test,
ISCX::671,ISCX-URL2016 Phishing,0,iscx_group_003544,calibration,
ISCX::672,ISCX-URL2016 Phishing,0,iscx_group_008350,development,2.0
ISCX::673,ISCX-URL2016 Phishing,0,iscx_group_009653,calibration,
ISCX::674,ISCX-URL2016 Phishing,0,iscx_group_011458,test,
ISCX::675,ISCX-URL2016 Phishing,0,iscx_group_004097,development,2.0
ISCX::676,ISCX-URL2016 Phishing,0,iscx_group_008199,development,4.0
ISCX::677,ISCX-URL2016 Phishing,0,iscx_group_011025,development,4.0
ISCX::678,ISCX-URL2016 Phishing,0,iscx_group_011802,development,2.0
ISCX::679,ISCX-URL2016 Phishing,0,iscx_group_014037,test,
ISCX::680,ISCX-URL2016 Phishing,0,iscx_group_005543,development,1.0
ISCX::681,ISCX-URL2016 Phishing,0,iscx_group_002591,development,2.0
ISCX::682,ISCX-URL2016 Phishing,0,iscx_group_009060,development,3.0
ISCX::683,ISCX-URL2016 Phishing,0,iscx_group_000618,development,4.0
ISCX::684,ISCX-URL2016 Phishing,0,iscx_group_003660,development,5.0
ISCX::685,ISCX-URL2016 Phishing,0,iscx_group_004791,development,4.0
ISCX::686,ISCX-URL2016 Phishing,0,iscx_group_013001,calibration,
ISCX::687,ISCX-URL2016 Phishing,0,iscx_group_013889,development,3.0
ISCX::688,ISCX-URL2016 Phishing,0,iscx_group_005249,test,
ISCX::689,ISCX-URL2016 Phishing,0,iscx_group_003010,test,
ISCX::690,ISCX-URL2016 Phishing,0,iscx_group_012754,development,4.0
ISCX::691,ISCX-URL2016 Phishing,0,iscx_group_008215,development,5.0
ISCX::692,ISCX-URL2016 Phishing,0,iscx_group_011696,development,3.0
ISCX::693,ISCX-URL2016 Phishing,0,iscx_group_013491,calibration,
ISCX::694,ISCX-URL2016 Phishing,0,iscx_group_013509,calibration,
ISCX::695,ISCX-URL2016 Phishing,0,iscx_group_010075,development,4.0
ISCX::696,ISCX-URL2016 Phishing,0,iscx_group_003701,development,4.0
ISCX::697,ISCX-URL2016 Phishing,0,iscx_group_000333,development,1.0
ISCX::698,ISCX-URL2016 Phishing,0,iscx_group_002056,test,
ISCX::699,ISCX-URL2016 Phishing,0,iscx_group_001690,development,2.0
ISCX::700,ISCX-URL2016 Phishing,0,iscx_group_006588,test,
ISCX::701,ISCX-URL2016 Phishing,0,iscx_group_013925,development,3.0
ISCX::702,ISCX-URL2016 Phishing,0,iscx_group_013116,development,4.0
ISCX::703,ISCX-URL2016 Phishing,0,iscx_group_010315,test,
ISCX::704,ISCX-URL2016 Phishing,0,iscx_group_011268,test,
ISCX::705,ISCX-URL2016 Phishing,0,iscx_group_012212,calibration,
ISCX::706,ISCX-URL2016 Phishing,0,iscx_group_003158,calibration,
ISCX::707,ISCX-URL2016 Phishing,0,iscx_group_007544,test,
ISCX::708,ISCX-URL2016 Phishing,0,iscx_group_002003,development,3.0
ISCX::709,ISCX-URL2016 Phishing,0,iscx_group_011161,development,2.0
ISCX::710,ISCX-URL2016 Phishing,0,iscx_group_000319,development,4.0
ISCX::711,ISCX-URL2016 Phishing,0,iscx_group_003935,development,4.0
ISCX::712,ISCX-URL2016 Phishing,0,iscx_group_010574,calibration,
ISCX::713,ISCX-URL2016 Phishing,0,iscx_group_011136,development,3.0
ISCX::714,ISCX-URL2016 Phishing,0,iscx_group_012530,development,4.0
ISCX::715,ISCX-URL2016 Phishing,0,iscx_group_003835,development,1.0
ISCX::716,ISCX-URL2016 Phishing,0,iscx_group_006765,development,2.0
ISCX::717,ISCX-URL2016 Phishing,0,iscx_group_008828,calibration,
ISCX::718,ISCX-URL2016 Phishing,0,iscx_group_001299,development,4.0
ISCX::719,ISCX-URL2016 Phishing,0,iscx_group_013130,test,
ISCX::720,ISCX-URL2016 Phishing,0,iscx_group_003419,development,2.0
ISCX::721,ISCX-URL2016 Phishing,0,iscx_group_012279,development,4.0
ISCX::722,ISCX-URL2016 Phishing,0,iscx_group_006348,development,4.0
ISCX::723,ISCX-URL2016 Phishing,0,iscx_group_002562,test,
ISCX::724,ISCX-URL2016 Phishing,0,iscx_group_011070,development,3.0
ISCX::725,ISCX-URL2016 Phishing,0,iscx_group_005716,test,
ISCX::726,ISCX-URL2016 Phishing,0,iscx_group_000136,calibration,
ISCX::727,ISCX-URL2016 Phishing,0,iscx_group_000158,development,2.0
ISCX::728,ISCX-URL2016 Phishing,0,iscx_group_005912,development,1.0
ISCX::729,ISCX-URL2016 Phishing,0,iscx_group_001644,development,4.0
ISCX::730,ISCX-URL2016 Phishing,0,iscx_group_010990,development,3.0
ISCX::731,ISCX-URL2016 Phishing,0,iscx_group_014129,development,4.0
ISCX::732,ISCX-URL2016 Phishing,0,iscx_group_012108,development,4.0
ISCX::733,ISCX-URL2016 Phishing,0,iscx_group_007268,development,5.0
ISCX::734,ISCX-URL2016 Phishing,0,iscx_group_013495,development,2.0
ISCX::735,ISCX-URL2016 Phishing,0,iscx_group_006607,development,1.0
ISCX::736,ISCX-URL2016 Phishing,0,iscx_group_008648,development,3.0
ISCX::737,ISCX-URL2016 Phishing,0,iscx_group_000685,calibration,
ISCX::738,ISCX-URL2016 Phishing,0,iscx_group_006075,development,3.0
ISCX::739,ISCX-URL2016 Phishing,0,iscx_group_014458,development,2.0
ISCX::740,ISCX-URL2016 Phishing,0,iscx_group_006869,test,
ISCX::741,ISCX-URL2016 Phishing,0,iscx_group_007229,test,
ISCX::742,ISCX-URL2016 Phishing,0,iscx_group_004679,development,1.0
ISCX::743,ISCX-URL2016 Phishing,0,iscx_group_004189,development,1.0
ISCX::744,ISCX-URL2016 Phishing,0,iscx_group_006433,development,3.0
ISCX::745,ISCX-URL2016 Phishing,0,iscx_group_003344,development,3.0
ISCX::746,ISCX-URL2016 Phishing,0,iscx_group_004004,development,2.0
ISCX::747,ISCX-URL2016 Phishing,0,iscx_group_007373,test,
ISCX::748,ISCX-URL2016 Phishing,0,iscx_group_003534,test,
ISCX::749,ISCX-URL2016 Phishing,0,iscx_group_013403,test,
ISCX::750,ISCX-URL2016 Phishing,0,iscx_group_004289,development,3.0
ISCX::751,ISCX-URL2016 Phishing,0,iscx_group_011432,test,
ISCX::752,ISCX-URL2016 Phishing,0,iscx_group_012874,calibration,
ISCX::753,ISCX-URL2016 Phishing,0,iscx_group_004544,calibration,
ISCX::754,ISCX-URL2016 Phishing,0,iscx_group_012791,development,3.0
ISCX::755,ISCX-URL2016 Phishing,0,iscx_group_009851,development,4.0
ISCX::756,ISCX-URL2016 Phishing,0,iscx_group_013452,calibration,
ISCX::757,ISCX-URL2016 Phishing,0,iscx_group_010498,development,5.0
ISCX::758,ISCX-URL2016 Phishing,0,iscx_group_014142,development,4.0
ISCX::759,ISCX-URL2016 Phishing,0,iscx_group_002539,development,3.0
ISCX::760,ISCX-URL2016 Phishing,0,iscx_group_011740,test,
ISCX::761,ISCX-URL2016 Phishing,0,iscx_group_013745,development,2.0
ISCX::762,ISCX-URL2016 Phishing,0,iscx_group_004674,development,2.0
ISCX::763,ISCX-URL2016 Phishing,0,iscx_group_013110,development,3.0
ISCX::764,ISCX-URL2016 Phishing,0,iscx_group_005273,development,1.0
ISCX::765,ISCX-URL2016 Phishing,0,iscx_group_001728,development,4.0
ISCX::766,ISCX-URL2016 Phishing,0,iscx_group_006731,development,4.0
ISCX::767,ISCX-URL2016 Phishing,0,iscx_group_001037,test,
ISCX::768,ISCX-URL2016 Phishing,0,iscx_group_006205,development,3.0
ISCX::769,ISCX-URL2016 Phishing,0,iscx_group_007663,development,5.0
ISCX::770,ISCX-URL2016 Phishing,0,iscx_group_012522,development,4.0
ISCX::771,ISCX-URL2016 Phishing,0,iscx_group_001267,development,4.0
ISCX::772,ISCX-URL2016 Phishing,0,iscx_group_009826,development,5.0
ISCX::773,ISCX-URL2016 Phishing,0,iscx_group_009018,test,
ISCX::774,ISCX-URL2016 Phishing,0,iscx_group_001766,development,1.0
ISCX::775,ISCX-URL2016 Phishing,0,iscx_group_011111,test,
ISCX::776,ISCX-URL2016 Phishing,0,iscx_group_002473,development,1.0
ISCX::777,ISCX-URL2016 Phishing,0,iscx_group_011591,calibration,
ISCX::778,ISCX-URL2016 Phishing,0,iscx_group_005326,test,
ISCX::779,ISCX-URL2016 Phishing,0,iscx_group_014637,development,1.0
ISCX::780,ISCX-URL2016 Phishing,0,iscx_group_009618,calibration,
ISCX::781,ISCX-URL2016 Phishing,0,iscx_group_000969,development,2.0
ISCX::782,ISCX-URL2016 Phishing,0,iscx_group_013483,calibration,
ISCX::783,ISCX-URL2016 Phishing,0,iscx_group_008169,development,3.0
ISCX::784,ISCX-URL2016 Phishing,0,iscx_group_014339,development,1.0
ISCX::785,ISCX-URL2016 Phishing,0,iscx_group_011649,test,
ISCX::786,ISCX-URL2016 Phishing,0,iscx_group_008443,development,1.0
ISCX::787,ISCX-URL2016 Phishing,0,iscx_group_004660,development,5.0
ISCX::788,ISCX-URL2016 Phishing,0,iscx_group_009188,development,2.0
ISCX::789,ISCX-URL2016 Phishing,0,iscx_group_002730,development,1.0
ISCX::790,ISCX-URL2016 Phishing,0,iscx_group_005752,development,2.0
ISCX::791,ISCX-URL2016 Phishing,0,iscx_group_006681,development,5.0
ISCX::792,ISCX-URL2016 Phishing,0,iscx_group_003005,development,1.0
ISCX::793,ISCX-URL2016 Phishing,0,iscx_group_009599,development,4.0
ISCX::794,ISCX-URL2016 Phishing,0,iscx_group_010673,development,2.0
ISCX::795,ISCX-URL2016 Phishing,0,iscx_group_000600,calibration,
ISCX::796,ISCX-URL2016 Phishing,0,iscx_group_011318,development,1.0
ISCX::797,ISCX-URL2016 Phishing,0,iscx_group_000524,development,1.0
ISCX::798,ISCX-URL2016 Phishing,0,iscx_group_013505,development,2.0
ISCX::799,ISCX-URL2016 Phishing,0,iscx_group_001237,calibration,
ISCX::800,ISCX-URL2016 Phishing,0,iscx_group_013160,development,3.0
ISCX::801,ISCX-URL2016 Phishing,0,iscx_group_004896,development,3.0
ISCX::802,ISCX-URL2016 Phishing,0,iscx_group_004720,development,1.0
ISCX::803,ISCX-URL2016 Phishing,0,iscx_group_003114,development,5.0
ISCX::804,ISCX-URL2016 Phishing,0,iscx_group_008139,development,3.0
ISCX::805,ISCX-URL2016 Phishing,0,iscx_group_014000,development,1.0
ISCX::806,ISCX-URL2016 Phishing,0,iscx_group_005975,development,4.0
ISCX::807,ISCX-URL2016 Phishing,0,iscx_group_011216,calibration,
ISCX::808,ISCX-URL2016 Phishing,0,iscx_group_001460,test,
ISCX::809,ISCX-URL2016 Phishing,0,iscx_group_012851,development,4.0
ISCX::810,ISCX-URL2016 Phishing,0,iscx_group_006155,development,4.0
ISCX::811,ISCX-URL2016 Phishing,0,iscx_group_013112,test,
ISCX::812,ISCX-URL2016 Phishing,0,iscx_group_011706,test,
ISCX::813,ISCX-URL2016 Phishing,0,iscx_group_002354,development,5.0
ISCX::814,ISCX-URL2016 Phishing,0,iscx_group_005918,development,4.0
ISCX::815,ISCX-URL2016 Phishing,0,iscx_group_001962,development,2.0
ISCX::816,ISCX-URL2016 Phishing,0,iscx_group_010798,development,2.0
ISCX::817,ISCX-URL2016 Phishing,0,iscx_group_006547,test,
ISCX::818,ISCX-URL2016 Phishing,0,iscx_group_004925,development,3.0
ISCX::819,ISCX-URL2016 Phishing,0,iscx_group_001382,development,3.0
ISCX::820,ISCX-URL2016 Phishing,0,iscx_group_000115,development,5.0
ISCX::821,ISCX-URL2016 Phishing,0,iscx_group_009937,test,
ISCX::822,ISCX-URL2016 Phishing,0,iscx_group_005619,calibration,
ISCX::823,ISCX-URL2016 Phishing,0,iscx_group_012373,development,3.0
ISCX::824,ISCX-URL2016 Phishing,0,iscx_group_002899,development,3.0
ISCX::825,ISCX-URL2016 Phishing,0,iscx_group_000534,development,5.0
ISCX::826,ISCX-URL2016 Phishing,0,iscx_group_007274,test,
ISCX::827,ISCX-URL2016 Phishing,0,iscx_group_008601,development,4.0
ISCX::828,ISCX-URL2016 Phishing,0,iscx_group_001804,development,1.0
ISCX::829,ISCX-URL2016 Phishing,0,iscx_group_003044,development,5.0
ISCX::830,ISCX-URL2016 Phishing,0,iscx_group_003559,calibration,
ISCX::831,ISCX-URL2016 Phishing,0,iscx_group_010935,development,4.0
ISCX::832,ISCX-URL2016 Phishing,0,iscx_group_001614,calibration,
ISCX::833,ISCX-URL2016 Phishing,0,iscx_group_009906,development,4.0
ISCX::834,ISCX-URL2016 Phishing,0,iscx_group_003827,development,2.0
ISCX::835,ISCX-URL2016 Phishing,0,iscx_group_001109,development,2.0
ISCX::836,ISCX-URL2016 Phishing,0,iscx_group_005461,development,4.0
ISCX::837,ISCX-URL2016 Phishing,0,iscx_group_007267,development,3.0
ISCX::838,ISCX-URL2016 Phishing,0,iscx_group_005403,calibration,
ISCX::839,ISCX-URL2016 Phishing,0,iscx_group_008280,development,3.0
ISCX::840,ISCX-URL2016 Phishing,0,iscx_group_000619,development,3.0
ISCX::841,ISCX-URL2016 Phishing,0,iscx_group_012822,calibration,
ISCX::842,ISCX-URL2016 Phishing,0,iscx_group_009739,development,5.0
ISCX::843,ISCX-URL2016 Phishing,0,iscx_group_009485,development,3.0
ISCX::844,ISCX-URL2016 Phishing,0,iscx_group_013989,development,1.0
ISCX::845,ISCX-URL2016 Phishing,0,iscx_group_008846,development,5.0
ISCX::846,ISCX-URL2016 Phishing,0,iscx_group_009110,development,1.0
ISCX::847,ISCX-URL2016 Phishing,0,iscx_group_004824,development,2.0
ISCX::848,ISCX-URL2016 Phishing,0,iscx_group_005507,test,
ISCX::849,ISCX-URL2016 Phishing,0,iscx_group_001381,test,
ISCX::850,ISCX-URL2016 Phishing,0,iscx_group_002526,development,4.0
ISCX::851,ISCX-URL2016 Phishing,0,iscx_group_005408,development,4.0
ISCX::852,ISCX-URL2016 Phishing,0,iscx_group_008958,calibration,
ISCX::853,ISCX-URL2016 Phishing,0,iscx_group_007740,development,1.0
ISCX::854,ISCX-URL2016 Phishing,0,iscx_group_009885,development,5.0
ISCX::855,ISCX-URL2016 Phishing,0,iscx_group_013425,development,1.0
ISCX::856,ISCX-URL2016 Phishing,0,iscx_group_011809,development,2.0
ISCX::857,ISCX-URL2016 Phishing,0,iscx_group_008270,development,2.0
ISCX::858,ISCX-URL2016 Phishing,0,iscx_group_010516,test,
ISCX::859,ISCX-URL2016 Phishing,0,iscx_group_006648,development,5.0
ISCX::860,ISCX-URL2016 Phishing,0,iscx_group_007527,development,1.0
ISCX::861,ISCX-URL2016 Phishing,0,iscx_group_003763,development,3.0
ISCX::862,ISCX-URL2016 Phishing,0,iscx_group_002577,development,3.0
ISCX::863,ISCX-URL2016 Phishing,0,iscx_group_007891,calibration,
ISCX::864,ISCX-URL2016 Phishing,0,iscx_group_000891,test,
ISCX::865,ISCX-URL2016 Phishing,0,iscx_group_001018,test,
ISCX::866,ISCX-URL2016 Phishing,0,iscx_group_001403,development,5.0
ISCX::867,ISCX-URL2016 Phishing,0,iscx_group_000946,calibration,
ISCX::868,ISCX-URL2016 Phishing,0,iscx_group_012520,development,4.0
ISCX::869,ISCX-URL2016 Phishing,0,iscx_group_014082,development,4.0
ISCX::870,ISCX-URL2016 Phishing,0,iscx_group_001587,development,5.0
ISCX::871,ISCX-URL2016 Phishing,0,iscx_group_008528,calibration,
ISCX::872,ISCX-URL2016 Phishing,0,iscx_group_009412,development,3.0
ISCX::873,ISCX-URL2016 Phishing,0,iscx_group_002878,development,5.0
ISCX::874,ISCX-URL2016 Phishing,0,iscx_group_013830,development,5.0
ISCX::875,ISCX-URL2016 Phishing,0,iscx_group_001849,test,
ISCX::876,ISCX-URL2016 Phishing,0,iscx_group_010999,calibration,
ISCX::877,ISCX-URL2016 Phishing,0,iscx_group_000682,test,
ISCX::878,ISCX-URL2016 Phishing,0,iscx_group_010429,calibration,
ISCX::879,ISCX-URL2016 Phishing,0,iscx_group_006805,test,
ISCX::880,ISCX-URL2016 Phishing,0,iscx_group_007292,development,5.0
ISCX::881,ISCX-URL2016 Phishing,0,iscx_group_013666,development,1.0
ISCX::882,ISCX-URL2016 Phishing,0,iscx_group_012649,development,4.0
ISCX::883,ISCX-URL2016 Phishing,0,iscx_group_012931,development,3.0
ISCX::884,ISCX-URL2016 Phishing,0,iscx_group_010155,development,5.0
ISCX::885,ISCX-URL2016 Phishing,0,iscx_group_007727,calibration,
ISCX::886,ISCX-URL2016 Phishing,0,iscx_group_010719,development,5.0
ISCX::887,ISCX-URL2016 Phishing,0,iscx_group_007353,development,5.0
ISCX::888,ISCX-URL2016 Phishing,0,iscx_group_012913,development,3.0
ISCX::889,ISCX-URL2016 Phishing,0,iscx_group_006095,development,2.0
ISCX::890,ISCX-URL2016 Phishing,0,iscx_group_007522,development,3.0
ISCX::891,ISCX-URL2016 Phishing,0,iscx_group_009751,development,2.0
ISCX::892,ISCX-URL2016 Phishing,0,iscx_group_003314,development,4.0
ISCX::893,ISCX-URL2016 Phishing,0,iscx_group_001664,development,2.0
ISCX::894,ISCX-URL2016 Phishing,0,iscx_group_011465,development,3.0
ISCX::895,ISCX-URL2016 Phishing,0,iscx_group_013231,development,4.0
ISCX::896,ISCX-URL2016 Phishing,0,iscx_group_004169,test,
ISCX::897,ISCX-URL2016 Phishing,0,iscx_group_014546,calibration,
ISCX::898,ISCX-URL2016 Phishing,0,iscx_group_006466,development,5.0
ISCX::899,ISCX-URL2016 Phishing,0,iscx_group_012592,development,1.0
ISCX::900,ISCX-URL2016 Phishing,0,iscx_group_007937,test,
ISCX::901,ISCX-URL2016 Phishing,0,iscx_group_000617,development,1.0
ISCX::902,ISCX-URL2016 Phishing,0,iscx_group_014258,development,3.0
ISCX::903,ISCX-URL2016 Phishing,0,iscx_group_012561,development,5.0
ISCX::904,ISCX-URL2016 Phishing,0,iscx_group_004251,development,2.0
ISCX::905,ISCX-URL2016 Phishing,0,iscx_group_009490,development,2.0
ISCX::906,ISCX-URL2016 Phishing,0,iscx_group_003501,development,2.0
ISCX::907,ISCX-URL2016 Phishing,0,iscx_group_009654,development,2.0
ISCX::908,ISCX-URL2016 Phishing,0,iscx_group_012664,development,2.0
ISCX::909,ISCX-URL2016 Phishing,0,iscx_group_005622,development,5.0
ISCX::910,ISCX-URL2016 Phishing,0,iscx_group_013281,development,3.0
ISCX::911,ISCX-URL2016 Phishing,0,iscx_group_002843,development,2.0
ISCX::912,ISCX-URL2016 Phishing,0,iscx_group_010472,development,1.0
ISCX::913,ISCX-URL2016 Phishing,0,iscx_group_003444,development,4.0
ISCX::914,ISCX-URL2016 Phishing,0,iscx_group_006139,test,
ISCX::915,ISCX-URL2016 Phishing,0,iscx_group_007581,development,5.0
ISCX::916,ISCX-URL2016 Phishing,0,iscx_group_001077,test,
ISCX::917,ISCX-URL2016 Phishing,0,iscx_group_007173,development,1.0
ISCX::918,ISCX-URL2016 Phishing,0,iscx_group_002597,calibration,
ISCX::919,ISCX-URL2016 Phishing,0,iscx_group_003665,development,2.0
ISCX::920,ISCX-URL2016 Phishing,0,iscx_group_004547,development,5.0
ISCX::921,ISCX-URL2016 Phishing,0,iscx_group_006090,development,2.0
ISCX::922,ISCX-URL2016 Phishing,0,iscx_group_010439,development,1.0
ISCX::923,ISCX-URL2016 Phishing,0,iscx_group_012721,development,1.0
ISCX::924,ISCX-URL2016 Phishing,0,iscx_group_005900,development,1.0
ISCX::925,ISCX-URL2016 Phishing,0,iscx_group_011930,development,5.0
ISCX::926,ISCX-URL2016 Phishing,0,iscx_group_002832,development,4.0
ISCX::927,ISCX-URL2016 Phishing,0,iscx_group_008553,development,4.0
ISCX::928,ISCX-URL2016 Phishing,0,iscx_group_011265,development,4.0
ISCX::929,ISCX-URL2016 Phishing,0,iscx_group_012137,development,3.0
ISCX::930,ISCX-URL2016 Phishing,0,iscx_group_001642,calibration,
ISCX::931,ISCX-URL2016 Phishing,0,iscx_group_013167,test,
ISCX::932,ISCX-URL2016 Phishing,0,iscx_group_006080,development,4.0
ISCX::933,ISCX-URL2016 Phishing,0,iscx_group_000609,development,5.0
ISCX::934,ISCX-URL2016 Phishing,0,iscx_group_003184,development,5.0
ISCX::935,ISCX-URL2016 Phishing,0,iscx_group_005536,calibration,
ISCX::936,ISCX-URL2016 Phishing,0,iscx_group_006803,calibration,
ISCX::937,ISCX-URL2016 Phishing,0,iscx_group_014524,development,5.0
ISCX::938,ISCX-URL2016 Phishing,0,iscx_group_004569,calibration,
ISCX::939,ISCX-URL2016 Phishing,0,iscx_group_007792,development,2.0
ISCX::940,ISCX-URL2016 Phishing,0,iscx_group_007546,test,
ISCX::941,ISCX-URL2016 Phishing,0,iscx_group_009027,development,5.0
ISCX::942,ISCX-URL2016 Phishing,0,iscx_group_011088,development,5.0
ISCX::943,ISCX-URL2016 Phishing,0,iscx_group_005120,test,
ISCX::944,ISCX-URL2016 Phishing,0,iscx_group_004681,development,1.0
ISCX::945,ISCX-URL2016 Phishing,0,iscx_group_009363,development,5.0
ISCX::946,ISCX-URL2016 Phishing,0,iscx_group_008882,development,5.0
ISCX::947,ISCX-URL2016 Phishing,0,iscx_group_000442,development,5.0
ISCX::948,ISCX-URL2016 Phishing,0,iscx_group_014321,development,2.0
ISCX::949,ISCX-URL2016 Phishing,0,iscx_group_003429,development,2.0
ISCX::950,ISCX-URL2016 Phishing,0,iscx_group_003696,development,3.0
ISCX::951,ISCX-URL2016 Phishing,0,iscx_group_006381,development,2.0
ISCX::952,ISCX-URL2016 Phishing,0,iscx_group_010636,test,
ISCX::953,ISCX-URL2016 Phishing,0,iscx_group_011667,development,2.0
ISCX::954,ISCX-URL2016 Phishing,0,iscx_group_003839,development,1.0
ISCX::955,ISCX-URL2016 Phishing,0,iscx_group_008130,development,5.0
ISCX::956,ISCX-URL2016 Phishing,0,iscx_group_012581,development,1.0
ISCX::957,ISCX-URL2016 Phishing,0,iscx_group_007710,development,1.0
ISCX::958,ISCX-URL2016 Phishing,0,iscx_group_006473,development,1.0
ISCX::959,ISCX-URL2016 Phishing,0,iscx_group_013123,development,3.0
ISCX::960,ISCX-URL2016 Phishing,0,iscx_group_001968,development,3.0
ISCX::961,ISCX-URL2016 Phishing,0,iscx_group_003767,development,4.0
ISCX::962,ISCX-URL2016 Phishing,0,iscx_group_001514,calibration,
ISCX::963,ISCX-URL2016 Phishing,0,iscx_group_005492,development,3.0
ISCX::964,ISCX-URL2016 Phishing,0,iscx_group_011687,development,5.0
ISCX::965,ISCX-URL2016 Phishing,0,iscx_group_002035,calibration,
ISCX::966,ISCX-URL2016 Phishing,0,iscx_group_003390,development,3.0
ISCX::967,ISCX-URL2016 Phishing,0,iscx_group_012706,development,2.0
ISCX::968,ISCX-URL2016 Phishing,0,iscx_group_008006,calibration,
ISCX::969,ISCX-URL2016 Phishing,0,iscx_group_001629,development,5.0
ISCX::970,ISCX-URL2016 Phishing,0,iscx_group_010207,development,4.0
ISCX::971,ISCX-URL2016 Phishing,0,iscx_group_007782,development,3.0
ISCX::972,ISCX-URL2016 Phishing,0,iscx_group_011350,development,4.0
ISCX::973,ISCX-URL2016 Phishing,0,iscx_group_002151,development,1.0
ISCX::974,ISCX-URL2016 Phishing,0,iscx_group_004648,calibration,
ISCX::975,ISCX-URL2016 Phishing,0,iscx_group_008402,development,2.0
ISCX::976,ISCX-URL2016 Phishing,0,iscx_group_011397,development,1.0
ISCX::977,ISCX-URL2016 Phishing,0,iscx_group_010332,development,3.0
ISCX::978,ISCX-URL2016 Phishing,0,iscx_group_007746,development,3.0
ISCX::979,ISCX-URL2016 Phishing,0,iscx_group_014462,development,1.0
ISCX::980,ISCX-URL2016 Phishing,0,iscx_group_004159,calibration,
ISCX::981,ISCX-URL2016 Phishing,0,iscx_group_008328,development,2.0
ISCX::982,ISCX-URL2016 Phishing,0,iscx_group_009156,development,5.0
ISCX::983,ISCX-URL2016 Phishing,0,iscx_group_010089,test,
ISCX::984,ISCX-URL2016 Phishing,0,iscx_group_002678,test,
ISCX::985,ISCX-URL2016 Phishing,0,iscx_group_014823,development,4.0
ISCX::986,ISCX-URL2016 Phishing,0,iscx_group_009645,development,3.0
ISCX::987,ISCX-URL2016 Phishing,0,iscx_group_007448,development,2.0
ISCX::988,ISCX-URL2016 Phishing,0,iscx_group_006911,development,1.0
ISCX::989,ISCX-URL2016 Phishing,0,iscx_group_014561,development,2.0
ISCX::990,ISCX-URL2016 Phishing,0,iscx_group_003168,development,2.0
ISCX::991,ISCX-URL2016 Phishing,0,iscx_group_012432,development,3.0
ISCX::992,ISCX-URL2016 Phishing,0,iscx_group_000476,development,1.0
ISCX::993,ISCX-URL2016 Phishing,0,iscx_group_014346,development,2.0
ISCX::994,ISCX-URL2016 Phishing,0,iscx_group_006144,development,4.0
ISCX::995,ISCX-URL2016 Phishing,0,iscx_group_014419,development,3.0
ISCX::996,ISCX-URL2016 Phishing,0,iscx_group_006342,test,
ISCX::997,ISCX-URL2016 Phishing,0,iscx_group_003189,development,1.0
ISCX::998,ISCX-URL2016 Phishing,0,iscx_group_007212,development,5.0
ISCX::999,ISCX-URL2016 Phishing,0,iscx_group_012693,development,5.0
ISCX::1000,ISCX-URL2016 Phishing,0,iscx_group_008453,development,5.0
ISCX::1001,ISCX-URL2016 Phishing,0,iscx_group_002414,calibration,
ISCX::1002,ISCX-URL2016 Phishing,0,iscx_group_006066,development,3.0
ISCX::1003,ISCX-URL2016 Phishing,0,iscx_group_005119,development,2.0
ISCX::1004,ISCX-URL2016 Phishing,0,iscx_group_012433,development,5.0
ISCX::1005,ISCX-URL2016 Phishing,0,iscx_group_013168,development,5.0
ISCX::1006,ISCX-URL2016 Phishing,0,iscx_group_009698,development,3.0
ISCX::1007,ISCX-URL2016 Phishing,0,iscx_group_010202,development,3.0
ISCX::1008,ISCX-URL2016 Phishing,0,iscx_group_002216,development,5.0
ISCX::1009,ISCX-URL2016 Phishing,0,iscx_group_000128,calibration,
ISCX::1010,ISCX-URL2016 Phishing,0,iscx_group_003428,development,2.0
ISCX::1011,ISCX-URL2016 Phishing,0,iscx_group_005073,development,4.0
ISCX::1012,ISCX-URL2016 Phishing,0,iscx_group_001800,development,3.0
ISCX::1013,ISCX-URL2016 Phishing,0,iscx_group_014063,calibration,
ISCX::1014,ISCX-URL2016 Phishing,0,iscx_group_004080,development,4.0
ISCX::1015,ISCX-URL2016 Phishing,0,iscx_group_005905,development,5.0
ISCX::1016,ISCX-URL2016 Phishing,0,iscx_group_004707,development,4.0
ISCX::1017,ISCX-URL2016 Phishing,0,iscx_group_009113,development,5.0
ISCX::1018,ISCX-URL2016 Phishing,0,iscx_group_005137,test,
ISCX::1019,ISCX-URL2016 Phishing,0,iscx_group_001863,development,3.0
ISCX::1020,ISCX-URL2016 Phishing,0,iscx_group_001633,test,
ISCX::1021,ISCX-URL2016 Phishing,0,iscx_group_003842,development,5.0
ISCX::1022,ISCX-URL2016 Phishing,0,iscx_group_005067,development,2.0
ISCX::1023,ISCX-URL2016 Phishing,0,iscx_group_000144,development,4.0
ISCX::1024,ISCX-URL2016 Phishing,0,iscx_group_014284,test,
ISCX::1025,ISCX-URL2016 Phishing,0,iscx_group_003954,development,1.0
ISCX::1026,ISCX-URL2016 Phishing,0,iscx_group_008874,development,3.0
ISCX::1027,ISCX-URL2016 Phishing,0,iscx_group_001635,development,2.0
ISCX::1028,ISCX-URL2016 Phishing,0,iscx_group_009128,development,5.0
ISCX::1029,ISCX-URL2016 Phishing,0,iscx_group_011335,test,
ISCX::1030,ISCX-URL2016 Phishing,0,iscx_group_008137,development,5.0
ISCX::1031,ISCX-URL2016 Phishing,0,iscx_group_000354,development,3.0
ISCX::1032,ISCX-URL2016 Phishing,0,iscx_group_006297,development,5.0
ISCX::1033,ISCX-URL2016 Phishing,0,iscx_group_011670,calibration,
ISCX::1034,ISCX-URL2016 Phishing,0,iscx_group_010531,test,
ISCX::1035,ISCX-URL2016 Phishing,0,iscx_group_007201,development,5.0
ISCX::1036,ISCX-URL2016 Phishing,0,iscx_group_002042,test,
ISCX::1037,ISCX-URL2016 Phishing,0,iscx_group_002366,development,4.0
ISCX::1038,ISCX-URL2016 Phishing,0,iscx_group_002492,development,2.0
ISCX::1039,ISCX-URL2016 Phishing,0,iscx_group_009001,development,5.0
ISCX::1040,ISCX-URL2016 Phishing,0,iscx_group_008097,development,4.0
ISCX::1041,ISCX-URL2016 Phishing,0,iscx_group_006414,development,5.0
ISCX::1042,ISCX-URL2016 Phishing,0,iscx_group_007298,development,5.0
ISCX::1043,ISCX-URL2016 Phishing,0,iscx_group_004554,test,
ISCX::1044,ISCX-URL2016 Phishing,0,iscx_group_003137,development,2.0
ISCX::1045,ISCX-URL2016 Phishing,0,iscx_group_010375,development,2.0
ISCX::1046,ISCX-URL2016 Phishing,0,iscx_group_003959,development,1.0
ISCX::1047,ISCX-URL2016 Phishing,0,iscx_group_003127,development,5.0
ISCX::1048,ISCX-URL2016 Phishing,0,iscx_group_005648,development,5.0
ISCX::1049,ISCX-URL2016 Phishing,0,iscx_group_010820,development,5.0
ISCX::1050,ISCX-URL2016 Phishing,0,iscx_group_003061,development,3.0
ISCX::1051,ISCX-URL2016 Phishing,0,iscx_group_002691,development,5.0
ISCX::1052,ISCX-URL2016 Phishing,0,iscx_group_008341,calibration,
ISCX::1053,ISCX-URL2016 Phishing,0,iscx_group_006239,test,
ISCX::1054,ISCX-URL2016 Phishing,0,iscx_group_013329,development,5.0
ISCX::1055,ISCX-URL2016 Phishing,0,iscx_group_003039,development,4.0
ISCX::1056,ISCX-URL2016 Phishing,0,iscx_group_008863,calibration,
ISCX::1057,ISCX-URL2016 Phishing,0,iscx_group_008624,calibration,
ISCX::1058,ISCX-URL2016 Phishing,0,iscx_group_007479,development,4.0
ISCX::1059,ISCX-URL2016 Phishing,0,iscx_group_010215,test,
ISCX::1060,ISCX-URL2016 Phishing,0,iscx_group_003372,development,4.0
ISCX::1061,ISCX-URL2016 Phishing,0,iscx_group_010326,development,3.0
ISCX::1062,ISCX-URL2016 Phishing,0,iscx_group_014543,test,
ISCX::1063,ISCX-URL2016 Phishing,0,iscx_group_004401,test,
ISCX::1064,ISCX-URL2016 Phishing,0,iscx_group_005722,calibration,
ISCX::1065,ISCX-URL2016 Phishing,0,iscx_group_000570,development,3.0
ISCX::1066,ISCX-URL2016 Phishing,0,iscx_group_008038,development,1.0
ISCX::1067,ISCX-URL2016 Phishing,0,iscx_group_006781,calibration,
ISCX::1068,ISCX-URL2016 Phishing,0,iscx_group_014634,development,5.0
ISCX::1069,ISCX-URL2016 Phishing,0,iscx_group_011466,calibration,
ISCX::1070,ISCX-URL2016 Phishing,0,iscx_group_001368,development,4.0
ISCX::1071,ISCX-URL2016 Phishing,0,iscx_group_011691,test,
ISCX::1072,ISCX-URL2016 Phishing,0,iscx_group_012796,development,2.0
ISCX::1073,ISCX-URL2016 Phishing,0,iscx_group_011210,development,3.0
ISCX::1074,ISCX-URL2016 Phishing,0,iscx_group_005592,development,5.0
ISCX::1075,ISCX-URL2016 Phishing,0,iscx_group_008138,development,2.0
ISCX::1076,ISCX-URL2016 Phishing,0,iscx_group_004301,test,
ISCX::1077,ISCX-URL2016 Phishing,0,iscx_group_006822,development,3.0
ISCX::1078,ISCX-URL2016 Phishing,0,iscx_group_005414,calibration,
ISCX::1079,ISCX-URL2016 Phishing,0,iscx_group_002495,development,4.0
ISCX::1080,ISCX-URL2016 Phishing,0,iscx_group_011730,calibration,
ISCX::1081,ISCX-URL2016 Phishing,0,iscx_group_006087,development,4.0
ISCX::1082,ISCX-URL2016 Phishing,0,iscx_group_010232,development,3.0
ISCX::1083,ISCX-URL2016 Phishing,0,iscx_group_000687,calibration,
ISCX::1084,ISCX-URL2016 Phishing,0,iscx_group_009209,test,
ISCX::1085,ISCX-URL2016 Phishing,0,iscx_group_008792,calibration,
ISCX::1086,ISCX-URL2016 Phishing,0,iscx_group_012445,development,4.0
ISCX::1087,ISCX-URL2016 Phishing,0,iscx_group_011567,development,3.0
ISCX::1088,ISCX-URL2016 Phishing,0,iscx_group_012030,development,1.0
ISCX::1089,ISCX-URL2016 Phishing,0,iscx_group_006553,development,4.0
ISCX::1090,ISCX-URL2016 Phishing,0,iscx_group_000054,development,2.0
ISCX::1091,ISCX-URL2016 Phishing,0,iscx_group_009486,test,
ISCX::1092,ISCX-URL2016 Phishing,0,iscx_group_013066,development,2.0
ISCX::1093,ISCX-URL2016 Phishing,0,iscx_group_011185,test,
ISCX::1094,ISCX-URL2016 Phishing,0,iscx_group_003822,development,3.0
ISCX::1095,ISCX-URL2016 Phishing,0,iscx_group_008772,development,4.0
ISCX::1096,ISCX-URL2016 Phishing,0,iscx_group_002688,development,5.0
ISCX::1097,ISCX-URL2016 Phishing,0,iscx_group_009902,development,5.0
ISCX::1098,ISCX-URL2016 Phishing,0,iscx_group_013880,development,2.0
ISCX::1099,ISCX-URL2016 Phishing,0,iscx_group_001402,development,3.0
ISCX::1100,ISCX-URL2016 Phishing,0,iscx_group_007856,development,2.0
ISCX::1101,ISCX-URL2016 Phishing,0,iscx_group_007453,development,5.0
ISCX::1102,ISCX-URL2016 Phishing,0,iscx_group_008679,development,1.0
ISCX::1103,ISCX-URL2016 Phishing,0,iscx_group_007261,development,4.0
ISCX::1104,ISCX-URL2016 Phishing,0,iscx_group_001233,development,4.0
ISCX::1105,ISCX-URL2016 Phishing,0,iscx_group_006759,development,2.0
ISCX::1106,ISCX-URL2016 Phishing,0,iscx_group_005879,calibration,
ISCX::1107,ISCX-URL2016 Phishing,0,iscx_group_005820,development,5.0
ISCX::1108,ISCX-URL2016 Phishing,0,iscx_group_001344,calibration,
ISCX::1109,ISCX-URL2016 Phishing,0,iscx_group_000811,development,2.0
ISCX::1110,ISCX-URL2016 Phishing,0,iscx_group_013386,test,
ISCX::1111,ISCX-URL2016 Phishing,0,iscx_group_003513,development,2.0
ISCX::1112,ISCX-URL2016 Phishing,0,iscx_group_006284,development,4.0
ISCX::1113,ISCX-URL2016 Phishing,0,iscx_group_006906,development,1.0
ISCX::1114,ISCX-URL2016 Phishing,0,iscx_group_000405,development,1.0
ISCX::1115,ISCX-URL2016 Phishing,0,iscx_group_008966,development,2.0
ISCX::1116,ISCX-URL2016 Phishing,0,iscx_group_009712,calibration,
ISCX::1117,ISCX-URL2016 Phishing,0,iscx_group_001942,development,1.0
ISCX::1118,ISCX-URL2016 Phishing,0,iscx_group_006430,development,3.0
ISCX::1119,ISCX-URL2016 Phishing,0,iscx_group_010504,development,1.0
ISCX::1120,ISCX-URL2016 Phishing,0,iscx_group_013020,development,3.0
ISCX::1121,ISCX-URL2016 Phishing,0,iscx_group_000031,development,4.0
ISCX::1122,ISCX-URL2016 Phishing,0,iscx_group_012204,calibration,
ISCX::1123,ISCX-URL2016 Phishing,0,iscx_group_001788,development,2.0
ISCX::1124,ISCX-URL2016 Phishing,0,iscx_group_012467,development,4.0
ISCX::1125,ISCX-URL2016 Phishing,0,iscx_group_003969,development,2.0
ISCX::1126,ISCX-URL2016 Phishing,0,iscx_group_003552,development,1.0
ISCX::1127,ISCX-URL2016 Phishing,0,iscx_group_011725,calibration,
ISCX::1128,ISCX-URL2016 Phishing,0,iscx_group_004828,development,3.0
ISCX::1129,ISCX-URL2016 Phishing,0,iscx_group_009137,development,4.0
ISCX::1130,ISCX-URL2016 Phishing,0,iscx_group_011087,development,2.0
ISCX::1131,ISCX-URL2016 Phishing,0,iscx_group_001851,development,4.0
ISCX::1132,ISCX-URL2016 Phishing,0,iscx_group_014100,development,3.0
ISCX::1133,ISCX-URL2016 Phishing,0,iscx_group_006195,development,5.0
ISCX::1134,ISCX-URL2016 Phishing,0,iscx_group_011582,test,
ISCX::1135,ISCX-URL2016 Phishing,0,iscx_group_013142,development,5.0
ISCX::1136,ISCX-URL2016 Phishing,0,iscx_group_004814,development,3.0
ISCX::1137,ISCX-URL2016 Phishing,0,iscx_group_008836,development,5.0
ISCX::1138,ISCX-URL2016 Phishing,0,iscx_group_007932,development,3.0
ISCX::1139,ISCX-URL2016 Phishing,0,iscx_group_008475,calibration,
ISCX::1140,ISCX-URL2016 Phishing,0,iscx_group_008954,development,2.0
ISCX::1141,ISCX-URL2016 Phishing,0,iscx_group_014787,development,4.0
ISCX::1142,ISCX-URL2016 Phishing,0,iscx_group_003267,development,2.0
ISCX::1143,ISCX-URL2016 Phishing,0,iscx_group_009594,test,
ISCX::1144,ISCX-URL2016 Phishing,0,iscx_group_007992,development,3.0
ISCX::1145,ISCX-URL2016 Phishing,0,iscx_group_010051,calibration,
ISCX::1146,ISCX-URL2016 Phishing,0,iscx_group_001925,development,1.0
ISCX::1147,ISCX-URL2016 Phishing,0,iscx_group_011623,development,1.0
ISCX::1148,ISCX-URL2016 Phishing,0,iscx_group_014656,development,5.0
ISCX::1149,ISCX-URL2016 Phishing,0,iscx_group_014303,test,
ISCX::1150,ISCX-URL2016 Phishing,0,iscx_group_014548,development,3.0
ISCX::1151,ISCX-URL2016 Phishing,0,iscx_group_010984,development,4.0
ISCX::1152,ISCX-URL2016 Phishing,0,iscx_group_005655,development,2.0
ISCX::1153,ISCX-URL2016 Phishing,0,iscx_group_009339,development,1.0
ISCX::1154,ISCX-URL2016 Phishing,0,iscx_group_014563,test,
ISCX::1155,ISCX-URL2016 Phishing,0,iscx_group_014138,development,1.0
ISCX::1156,ISCX-URL2016 Phishing,0,iscx_group_011042,development,2.0
ISCX::1157,ISCX-URL2016 Phishing,0,iscx_group_000013,development,2.0
ISCX::1158,ISCX-URL2016 Phishing,0,iscx_group_009393,development,5.0
ISCX::1159,ISCX-URL2016 Phishing,0,iscx_group_009468,development,5.0
ISCX::1160,ISCX-URL2016 Phishing,0,iscx_group_013977,development,4.0
ISCX::1161,ISCX-URL2016 Phishing,0,iscx_group_014244,development,1.0
ISCX::1162,ISCX-URL2016 Phishing,0,iscx_group_014096,development,4.0
ISCX::1163,ISCX-URL2016 Phishing,0,iscx_group_010055,calibration,
ISCX::1164,ISCX-URL2016 Phishing,0,iscx_group_008201,development,2.0
ISCX::1165,ISCX-URL2016 Phishing,0,iscx_group_011358,development,3.0
ISCX::1166,ISCX-URL2016 Phishing,0,iscx_group_012971,development,1.0
ISCX::1167,ISCX-URL2016 Phishing,0,iscx_group_010143,calibration,
ISCX::1168,ISCX-URL2016 Phishing,0,iscx_group_001949,development,2.0
ISCX::1169,ISCX-URL2016 Phishing,0,iscx_group_014799,development,4.0
ISCX::1170,ISCX-URL2016 Phishing,0,iscx_group_014545,calibration,
ISCX::1171,ISCX-URL2016 Phishing,0,iscx_group_014639,calibration,
ISCX::1172,ISCX-URL2016 Phishing,0,iscx_group_013013,development,4.0
ISCX::1173,ISCX-URL2016 Phishing,0,iscx_group_002805,development,5.0
ISCX::1174,ISCX-URL2016 Phishing,0,iscx_group_009436,development,3.0
ISCX::1175,ISCX-URL2016 Phishing,0,iscx_group_001868,development,5.0
ISCX::1176,ISCX-URL2016 Phishing,0,iscx_group_012994,development,2.0
ISCX::1177,ISCX-URL2016 Phishing,0,iscx_group_002468,development,4.0
ISCX::1178,ISCX-URL2016 Phishing,0,iscx_group_001792,development,1.0
ISCX::1179,ISCX-URL2016 Phishing,0,iscx_group_010181,development,4.0
ISCX::1180,ISCX-URL2016 Phishing,0,iscx_group_000567,development,2.0
ISCX::1181,ISCX-URL2016 Phishing,0,iscx_group_001338,test,
ISCX::1182,ISCX-URL2016 Phishing,0,iscx_group_002045,development,2.0
ISCX::1183,ISCX-URL2016 Phishing,0,iscx_group_000162,development,4.0
ISCX::1184,ISCX-URL2016 Phishing,0,iscx_group_005653,calibration,
ISCX::1185,ISCX-URL2016 Phishing,0,iscx_group_007594,test,
ISCX::1186,ISCX-URL2016 Phishing,0,iscx_group_012455,calibration,
ISCX::1187,ISCX-URL2016 Phishing,0,iscx_group_003098,development,5.0
ISCX::1188,ISCX-URL2016 Phishing,0,iscx_group_003361,development,3.0
ISCX::1189,ISCX-URL2016 Phishing,0,iscx_group_009437,test,
ISCX::1190,ISCX-URL2016 Phishing,0,iscx_group_012314,development,5.0
ISCX::1191,ISCX-URL2016 Phishing,0,iscx_group_004030,test,
ISCX::1192,ISCX-URL2016 Phishing,0,iscx_group_008582,test,
ISCX::1193,ISCX-URL2016 Phishing,0,iscx_group_001406,development,1.0
ISCX::1194,ISCX-URL2016 Phishing,0,iscx_group_004066,development,3.0
ISCX::1195,ISCX-URL2016 Phishing,0,iscx_group_013016,development,5.0
ISCX::1196,ISCX-URL2016 Phishing,0,iscx_group_004541,development,2.0
ISCX::1197,ISCX-URL2016 Phishing,0,iscx_group_013566,calibration,
ISCX::1198,ISCX-URL2016 Phishing,0,iscx_group_005968,development,3.0
ISCX::1199,ISCX-URL2016 Phishing,0,iscx_group_005134,test,
ISCX::1200,ISCX-URL2016 Phishing,0,iscx_group_000470,test,
ISCX::1201,ISCX-URL2016 Phishing,0,iscx_group_009787,development,5.0
ISCX::1202,ISCX-URL2016 Phishing,0,iscx_group_013394,calibration,
ISCX::1203,ISCX-URL2016 Phishing,0,iscx_group_000052,development,5.0
ISCX::1204,ISCX-URL2016 Phishing,0,iscx_group_006839,calibration,
ISCX::1205,ISCX-URL2016 Phishing,0,iscx_group_005959,development,5.0
ISCX::1206,ISCX-URL2016 Phishing,0,iscx_group_010510,development,1.0
ISCX::1207,ISCX-URL2016 Phishing,0,iscx_group_013869,development,4.0
ISCX::1208,ISCX-URL2016 Phishing,0,iscx_group_012301,development,5.0
ISCX::1209,ISCX-URL2016 Phishing,0,iscx_group_013347,development,5.0
ISCX::1210,ISCX-URL2016 Phishing,0,iscx_group_006416,test,
ISCX::1211,ISCX-URL2016 Phishing,0,iscx_group_014526,test,
ISCX::1212,ISCX-URL2016 Phishing,0,iscx_group_001626,development,1.0
ISCX::1213,ISCX-URL2016 Phishing,0,iscx_group_006531,test,
ISCX::1214,ISCX-URL2016 Phishing,0,iscx_group_009512,development,4.0
ISCX::1215,ISCX-URL2016 Phishing,0,iscx_group_006210,calibration,
ISCX::1216,ISCX-URL2016 Phishing,0,iscx_group_004428,test,
ISCX::1217,ISCX-URL2016 Phishing,0,iscx_group_014044,development,4.0
ISCX::1218,ISCX-URL2016 Phishing,0,iscx_group_002852,test,
ISCX::1219,ISCX-URL2016 Phishing,0,iscx_group_003920,test,
ISCX::1220,ISCX-URL2016 Phishing,0,iscx_group_005268,development,1.0
ISCX::1221,ISCX-URL2016 Phishing,0,iscx_group_012379,development,1.0
ISCX::1222,ISCX-URL2016 Phishing,0,iscx_group_010899,development,5.0
ISCX::1223,ISCX-URL2016 Phishing,0,iscx_group_009446,calibration,
ISCX::1224,ISCX-URL2016 Phishing,0,iscx_group_003438,development,3.0
ISCX::1225,ISCX-URL2016 Phishing,0,iscx_group_007517,development,3.0
ISCX::1226,ISCX-URL2016 Phishing,0,iscx_group_011510,calibration,
ISCX::1227,ISCX-URL2016 Phishing,0,iscx_group_012901,calibration,
ISCX::1228,ISCX-URL2016 Phishing,0,iscx_group_001958,development,3.0
ISCX::1229,ISCX-URL2016 Phishing,0,iscx_group_005633,test,
ISCX::1230,ISCX-URL2016 Phishing,0,iscx_group_014486,development,4.0
ISCX::1231,ISCX-URL2016 Phishing,0,iscx_group_007367,test,
ISCX::1232,ISCX-URL2016 Phishing,0,iscx_group_004717,development,4.0
ISCX::1233,ISCX-URL2016 Phishing,0,iscx_group_001697,calibration,
ISCX::1234,ISCX-URL2016 Phishing,0,iscx_group_003625,development,3.0
ISCX::1235,ISCX-URL2016 Phishing,0,iscx_group_007755,development,4.0
ISCX::1236,ISCX-URL2016 Phishing,0,iscx_group_011420,development,2.0
ISCX::1237,ISCX-URL2016 Phishing,0,iscx_group_011284,development,4.0
ISCX::1238,ISCX-URL2016 Phishing,0,iscx_group_008845,development,1.0
ISCX::1239,ISCX-URL2016 Phishing,0,iscx_group_005946,development,4.0
ISCX::1240,ISCX-URL2016 Phishing,0,iscx_group_000233,test,
ISCX::1241,ISCX-URL2016 Phishing,0,iscx_group_007175,test,
ISCX::1242,ISCX-URL2016 Phishing,0,iscx_group_014792,test,
ISCX::1243,ISCX-URL2016 Phishing,0,iscx_group_006259,test,
ISCX::1244,ISCX-URL2016 Phishing,0,iscx_group_004593,calibration,
ISCX::1245,ISCX-URL2016 Phishing,0,iscx_group_010291,development,1.0
ISCX::1246,ISCX-URL2016 Phishing,0,iscx_group_010982,development,5.0
ISCX::1247,ISCX-URL2016 Phishing,0,iscx_group_004792,development,3.0
ISCX::1248,ISCX-URL2016 Phishing,0,iscx_group_013086,development,4.0
ISCX::1249,ISCX-URL2016 Phishing,0,iscx_group_011603,development,4.0
ISCX::1250,ISCX-URL2016 Phishing,0,iscx_group_011751,development,5.0
ISCX::1251,ISCX-URL2016 Phishing,0,iscx_group_011049,development,2.0
ISCX::1252,ISCX-URL2016 Phishing,0,iscx_group_000614,development,3.0
ISCX::1253,ISCX-URL2016 Phishing,0,iscx_group_001449,calibration,
ISCX::1254,ISCX-URL2016 Phishing,0,iscx_group_009380,development,4.0
ISCX::1255,ISCX-URL2016 Phishing,0,iscx_group_011619,development,4.0
ISCX::1256,ISCX-URL2016 Phishing,0,iscx_group_011944,development,4.0
ISCX::1257,ISCX-URL2016 Phishing,0,iscx_group_002437,test,
ISCX::1258,ISCX-URL2016 Phishing,0,iscx_group_011871,development,4.0
ISCX::1259,ISCX-URL2016 Phishing,0,iscx_group_006945,development,4.0
ISCX::1260,ISCX-URL2016 Phishing,0,iscx_group_008917,development,3.0
ISCX::1261,ISCX-URL2016 Phishing,0,iscx_group_005374,development,1.0
ISCX::1262,ISCX-URL2016 Phishing,0,iscx_group_005481,calibration,
ISCX::1263,ISCX-URL2016 Phishing,0,iscx_group_008161,test,
ISCX::1264,ISCX-URL2016 Phishing,0,iscx_group_011874,development,3.0
ISCX::1265,ISCX-URL2016 Phishing,0,iscx_group_004105,development,1.0
ISCX::1266,ISCX-URL2016 Phishing,0,iscx_group_003174,development,4.0
ISCX::1267,ISCX-URL2016 Phishing,0,iscx_group_002413,development,2.0
ISCX::1268,ISCX-URL2016 Phishing,0,iscx_group_003180,test,
ISCX::1269,ISCX-URL2016 Phishing,0,iscx_group_000996,calibration,
ISCX::1270,ISCX-URL2016 Phishing,0,iscx_group_006274,development,4.0
ISCX::1271,ISCX-URL2016 Phishing,0,iscx_group_005052,development,4.0
ISCX::1272,ISCX-URL2016 Phishing,0,iscx_group_001430,calibration,
ISCX::1273,ISCX-URL2016 Phishing,0,iscx_group_007372,development,5.0
ISCX::1274,ISCX-URL2016 Phishing,0,iscx_group_004071,calibration,
ISCX::1275,ISCX-URL2016 Phishing,0,iscx_group_013775,development,2.0
ISCX::1276,ISCX-URL2016 Phishing,0,iscx_group_013733,development,3.0
ISCX::1277,ISCX-URL2016 Phishing,0,iscx_group_002176,development,3.0
ISCX::1278,ISCX-URL2016 Phishing,0,iscx_group_009411,development,4.0
ISCX::1279,ISCX-URL2016 Phishing,0,iscx_group_014403,calibration,
ISCX::1280,ISCX-URL2016 Phishing,0,iscx_group_010884,development,5.0
ISCX::1281,ISCX-URL2016 Phishing,0,iscx_group_014549,development,3.0
ISCX::1282,ISCX-URL2016 Phishing,0,iscx_group_002159,test,
ISCX::1283,ISCX-URL2016 Phishing,0,iscx_group_010793,development,4.0
ISCX::1284,ISCX-URL2016 Phishing,0,iscx_group_009201,calibration,
ISCX::1285,ISCX-URL2016 Phishing,0,iscx_group_008622,development,2.0
ISCX::1286,ISCX-URL2016 Phishing,0,iscx_group_005986,development,1.0
ISCX::1287,ISCX-URL2016 Phishing,0,iscx_group_011175,development,5.0
ISCX::1288,ISCX-URL2016 Phishing,0,iscx_group_013302,development,3.0
ISCX::1289,ISCX-URL2016 Phishing,0,iscx_group_012449,test,
ISCX::1290,ISCX-URL2016 Phishing,0,iscx_group_007445,calibration,
ISCX::1291,ISCX-URL2016 Phishing,0,iscx_group_003742,development,3.0
ISCX::1292,ISCX-URL2016 Phishing,0,iscx_group_012723,calibration,
ISCX::1293,ISCX-URL2016 Phishing,0,iscx_group_007170,development,2.0
ISCX::1294,ISCX-URL2016 Phishing,0,iscx_group_003723,development,2.0
ISCX::1295,ISCX-URL2016 Phishing,0,iscx_group_005647,test,
ISCX::1296,ISCX-URL2016 Phishing,0,iscx_group_010111,test,
ISCX::1297,ISCX-URL2016 Phishing,0,iscx_group_007548,calibration,
ISCX::1298,ISCX-URL2016 Phishing,0,iscx_group_001589,development,1.0
ISCX::1299,ISCX-URL2016 Phishing,0,iscx_group_004133,development,5.0
ISCX::1300,ISCX-URL2016 Phishing,0,iscx_group_003571,test,
ISCX::1301,ISCX-URL2016 Phishing,0,iscx_group_009482,calibration,
ISCX::1302,ISCX-URL2016 Phishing,0,iscx_group_013669,calibration,
ISCX::1303,ISCX-URL2016 Phishing,0,iscx_group_005413,development,1.0
ISCX::1304,ISCX-URL2016 Phishing,0,iscx_group_014737,calibration,
ISCX::1305,ISCX-URL2016 Phishing,0,iscx_group_001276,development,4.0
ISCX::1306,ISCX-URL2016 Phishing,0,iscx_group_009968,development,5.0
ISCX::1307,ISCX-URL2016 Phishing,0,iscx_group_001946,development,3.0
ISCX::1308,ISCX-URL2016 Phishing,0,iscx_group_002377,development,2.0
ISCX::1309,ISCX-URL2016 Phishing,0,iscx_group_005757,development,2.0
ISCX::1310,ISCX-URL2016 Phishing,0,iscx_group_011581,development,1.0
ISCX::1311,ISCX-URL2016 Phishing,0,iscx_group_009806,development,2.0
ISCX::1312,ISCX-URL2016 Phishing,0,iscx_group_004798,development,5.0
ISCX::1313,ISCX-URL2016 Phishing,0,iscx_group_000364,development,2.0
ISCX::1314,ISCX-URL2016 Phishing,0,iscx_group_006703,development,5.0
ISCX::1315,ISCX-URL2016 Phishing,0,iscx_group_004636,development,3.0
ISCX::1316,ISCX-URL2016 Phishing,0,iscx_group_010717,calibration,
ISCX::1317,ISCX-URL2016 Phishing,0,iscx_group_001228,calibration,
ISCX::1318,ISCX-URL2016 Phishing,0,iscx_group_012972,development,3.0
ISCX::1319,ISCX-URL2016 Phishing,0,iscx_group_001663,development,2.0
ISCX::1320,ISCX-URL2016 Phishing,0,iscx_group_011549,calibration,
ISCX::1321,ISCX-URL2016 Phishing,0,iscx_group_011280,calibration,
ISCX::1322,ISCX-URL2016 Phishing,0,iscx_group_005564,development,2.0
ISCX::1323,ISCX-URL2016 Phishing,0,iscx_group_004352,development,5.0
ISCX::1324,ISCX-URL2016 Phishing,0,iscx_group_009908,development,5.0
ISCX::1325,ISCX-URL2016 Phishing,0,iscx_group_011312,calibration,
ISCX::1326,ISCX-URL2016 Phishing,0,iscx_group_003076,development,1.0
ISCX::1327,ISCX-URL2016 Phishing,0,iscx_group_006067,development,5.0
ISCX::1328,ISCX-URL2016 Phishing,0,iscx_group_013377,test,
ISCX::1329,ISCX-URL2016 Phishing,0,iscx_group_007677,development,3.0
ISCX::1330,ISCX-URL2016 Phishing,0,iscx_group_013976,test,
ISCX::1331,ISCX-URL2016 Phishing,0,iscx_group_011654,test,
ISCX::1332,ISCX-URL2016 Phishing,0,iscx_group_009957,development,2.0
ISCX::1333,ISCX-URL2016 Phishing,0,iscx_group_004684,calibration,
ISCX::1334,ISCX-URL2016 Phishing,0,iscx_group_008850,development,5.0
ISCX::1335,ISCX-URL2016 Phishing,0,iscx_group_001910,development,5.0
ISCX::1336,ISCX-URL2016 Phishing,0,iscx_group_008488,calibration,
ISCX::1337,ISCX-URL2016 Phishing,0,iscx_group_011017,development,5.0
ISCX::1338,ISCX-URL2016 Phishing,0,iscx_group_011990,calibration,
ISCX::1339,ISCX-URL2016 Phishing,0,iscx_group_007909,test,
ISCX::1340,ISCX-URL2016 Phishing,0,iscx_group_000638,development,3.0
ISCX::1341,ISCX-URL2016 Phishing,0,iscx_group_007592,development,3.0
ISCX::1342,ISCX-URL2016 Phishing,0,iscx_group_000141,test,
ISCX::1343,ISCX-URL2016 Phishing,0,iscx_group_007805,calibration,
ISCX::1344,ISCX-URL2016 Phishing,0,iscx_group_010464,calibration,
ISCX::1345,ISCX-URL2016 Phishing,0,iscx_group_004661,test,
ISCX::1346,ISCX-URL2016 Phishing,0,iscx_group_002342,development,4.0
ISCX::1347,ISCX-URL2016 Phishing,0,iscx_group_005779,development,2.0
ISCX::1348,ISCX-URL2016 Phishing,0,iscx_group_008906,development,4.0
ISCX::1349,ISCX-URL2016 Phishing,0,iscx_group_000386,development,5.0
ISCX::1350,ISCX-URL2016 Phishing,0,iscx_group_001569,development,3.0
ISCX::1351,ISCX-URL2016 Phishing,0,iscx_group_000023,development,2.0
ISCX::1352,ISCX-URL2016 Phishing,0,iscx_group_005704,development,1.0
ISCX::1353,ISCX-URL2016 Phishing,0,iscx_group_009011,test,
ISCX::1354,ISCX-URL2016 Phishing,0,iscx_group_012280,calibration,
ISCX::1355,ISCX-URL2016 Phishing,0,iscx_group_003250,test,
ISCX::1356,ISCX-URL2016 Phishing,0,iscx_group_014459,calibration,
ISCX::1357,ISCX-URL2016 Phishing,0,iscx_group_011665,test,
ISCX::1358,ISCX-URL2016 Phishing,0,iscx_group_008817,development,3.0
ISCX::1359,ISCX-URL2016 Phishing,0,iscx_group_009580,development,3.0
ISCX::1360,ISCX-URL2016 Phishing,0,iscx_group_004963,development,2.0
ISCX::1361,ISCX-URL2016 Phishing,0,iscx_group_000939,development,1.0
ISCX::1362,ISCX-URL2016 Phishing,0,iscx_group_005954,calibration,
ISCX::1363,ISCX-URL2016 Phishing,0,iscx_group_014259,development,4.0
ISCX::1364,ISCX-URL2016 Phishing,0,iscx_group_008510,development,2.0
ISCX::1365,ISCX-URL2016 Phishing,0,iscx_group_014584,test,
ISCX::1366,ISCX-URL2016 Phishing,0,iscx_group_012461,development,5.0
ISCX::1367,ISCX-URL2016 Phishing,0,iscx_group_001895,development,3.0
ISCX::1368,ISCX-URL2016 Phishing,0,iscx_group_009284,development,5.0
ISCX::1369,ISCX-URL2016 Phishing,0,iscx_group_004099,development,3.0
ISCX::1370,ISCX-URL2016 Phishing,0,iscx_group_002675,test,
ISCX::1371,ISCX-URL2016 Phishing,0,iscx_group_003188,development,3.0
ISCX::1372,ISCX-URL2016 Phishing,0,iscx_group_009736,development,1.0
ISCX::1373,ISCX-URL2016 Phishing,0,iscx_group_005406,development,1.0
ISCX::1374,ISCX-URL2016 Phishing,0,iscx_group_006362,test,
ISCX::1375,ISCX-URL2016 Phishing,0,iscx_group_001803,development,2.0
ISCX::1376,ISCX-URL2016 Phishing,0,iscx_group_005027,development,4.0
ISCX::1377,ISCX-URL2016 Phishing,0,iscx_group_003024,development,4.0
ISCX::1378,ISCX-URL2016 Phishing,0,iscx_group_004351,calibration,
ISCX::1379,ISCX-URL2016 Phishing,0,iscx_group_007917,development,2.0
ISCX::1380,ISCX-URL2016 Phishing,0,iscx_group_007073,development,1.0
ISCX::1381,ISCX-URL2016 Phishing,0,iscx_group_003324,development,3.0
ISCX::1382,ISCX-URL2016 Phishing,0,iscx_group_008324,development,3.0
ISCX::1383,ISCX-URL2016 Phishing,0,iscx_group_011376,development,4.0
ISCX::1384,ISCX-URL2016 Phishing,0,iscx_group_008244,development,3.0
ISCX::1385,ISCX-URL2016 Phishing,0,iscx_group_003543,development,1.0
ISCX::1386,ISCX-URL2016 Phishing,0,iscx_group_011329,calibration,
ISCX::1387,ISCX-URL2016 Phishing,0,iscx_group_014623,test,
ISCX::1388,ISCX-URL2016 Phishing,0,iscx_group_013918,development,3.0
ISCX::1389,ISCX-URL2016 Phishing,0,iscx_group_012415,development,5.0
ISCX::1390,ISCX-URL2016 Phishing,0,iscx_group_004263,development,1.0
ISCX::1391,ISCX-URL2016 Phishing,0,iscx_group_006817,development,5.0
ISCX::1392,ISCX-URL2016 Phishing,0,iscx_group_003436,development,5.0
ISCX::1393,ISCX-URL2016 Phishing,0,iscx_group_014311,development,3.0
ISCX::1394,ISCX-URL2016 Phishing,0,iscx_group_000865,development,1.0
ISCX::1395,ISCX-URL2016 Phishing,0,iscx_group_000350,test,
ISCX::1396,ISCX-URL2016 Phishing,0,iscx_group_013507,development,3.0
ISCX::1397,ISCX-URL2016 Phishing,0,iscx_group_000274,development,2.0
ISCX::1398,ISCX-URL2016 Phishing,0,iscx_group_014684,development,5.0
ISCX::1399,ISCX-URL2016 Phishing,0,iscx_group_012178,development,4.0
ISCX::1400,ISCX-URL2016 Phishing,0,iscx_group_009932,development,3.0
ISCX::1401,ISCX-URL2016 Phishing,0,iscx_group_004852,development,1.0
ISCX::1402,ISCX-URL2016 Phishing,0,iscx_group_003805,test,
ISCX::1403,ISCX-URL2016 Phishing,0,iscx_group_004085,development,5.0
ISCX::1404,ISCX-URL2016 Phishing,0,iscx_group_013451,development,3.0
ISCX::1405,ISCX-URL2016 Phishing,0,iscx_group_002598,calibration,
ISCX::1406,ISCX-URL2016 Phishing,0,iscx_group_006394,development,5.0
ISCX::1407,ISCX-URL2016 Phishing,0,iscx_group_001603,calibration,
ISCX::1408,ISCX-URL2016 Phishing,0,iscx_group_013814,development,1.0
ISCX::1409,ISCX-URL2016 Phishing,0,iscx_group_010263,development,3.0
ISCX::1410,ISCX-URL2016 Phishing,0,iscx_group_006663,development,4.0
ISCX::1411,ISCX-URL2016 Phishing,0,iscx_group_011558,development,3.0
ISCX::1412,ISCX-URL2016 Phishing,0,iscx_group_009355,development,1.0
ISCX::1413,ISCX-URL2016 Phishing,0,iscx_group_000089,development,2.0
ISCX::1414,ISCX-URL2016 Phishing,0,iscx_group_002908,development,4.0
ISCX::1415,ISCX-URL2016 Phishing,0,iscx_group_003266,development,3.0
ISCX::1416,ISCX-URL2016 Phishing,0,iscx_group_012861,development,3.0
ISCX::1417,ISCX-URL2016 Phishing,0,iscx_group_003221,development,1.0
ISCX::1418,ISCX-URL2016 Phishing,0,iscx_group_009738,test,
ISCX::1419,ISCX-URL2016 Phishing,0,iscx_group_003750,development,4.0
ISCX::1420,ISCX-URL2016 Phishing,0,iscx_group_007985,development,5.0
ISCX::1421,ISCX-URL2016 Phishing,0,iscx_group_005807,development,1.0
ISCX::1422,ISCX-URL2016 Phishing,0,iscx_group_005875,development,3.0
ISCX::1423,ISCX-URL2016 Phishing,0,iscx_group_004565,calibration,
ISCX::1424,ISCX-URL2016 Phishing,0,iscx_group_004426,calibration,
ISCX::1425,ISCX-URL2016 Phishing,0,iscx_group_003759,development,1.0
ISCX::1426,ISCX-URL2016 Phishing,0,iscx_group_001420,development,5.0
ISCX::1427,ISCX-URL2016 Phishing,0,iscx_group_007652,development,1.0
ISCX::1428,ISCX-URL2016 Phishing,0,iscx_group_009548,development,5.0
ISCX::1429,ISCX-URL2016 Phishing,0,iscx_group_000210,development,3.0
ISCX::1430,ISCX-URL2016 Phishing,0,iscx_group_007685,development,5.0
ISCX::1431,ISCX-URL2016 Phishing,0,iscx_group_012690,calibration,
ISCX::1432,ISCX-URL2016 Phishing,0,iscx_group_011170,development,1.0
ISCX::1433,ISCX-URL2016 Phishing,0,iscx_group_011999,development,3.0
ISCX::1434,ISCX-URL2016 Phishing,0,iscx_group_004685,test,
ISCX::1435,ISCX-URL2016 Phishing,0,iscx_group_013315,development,3.0
ISCX::1436,ISCX-URL2016 Phishing,0,iscx_group_014519,development,2.0
ISCX::1437,ISCX-URL2016 Phishing,0,iscx_group_011918,development,2.0
ISCX::1438,ISCX-URL2016 Phishing,0,iscx_group_008665,development,3.0
ISCX::1439,ISCX-URL2016 Phishing,0,iscx_group_003071,calibration,
ISCX::1440,ISCX-URL2016 Phishing,0,iscx_group_009689,development,3.0
ISCX::1441,ISCX-URL2016 Phishing,0,iscx_group_012954,development,5.0
ISCX::1442,ISCX-URL2016 Phishing,0,iscx_group_012648,development,1.0
ISCX::1443,ISCX-URL2016 Phishing,0,iscx_group_006990,development,4.0
ISCX::1444,ISCX-URL2016 Phishing,0,iscx_group_006516,development,4.0
ISCX::1445,ISCX-URL2016 Phishing,0,iscx_group_008576,development,3.0
ISCX::1446,ISCX-URL2016 Phishing,0,iscx_group_006390,development,2.0
ISCX::1447,ISCX-URL2016 Phishing,0,iscx_group_013852,development,1.0
ISCX::1448,ISCX-URL2016 Phishing,0,iscx_group_006711,development,4.0
ISCX::1449,ISCX-URL2016 Phishing,0,iscx_group_010629,development,3.0
ISCX::1450,ISCX-URL2016 Phishing,0,iscx_group_014672,test,
ISCX::1451,ISCX-URL2016 Phishing,0,iscx_group_014381,development,3.0
ISCX::1452,ISCX-URL2016 Phishing,0,iscx_group_006484,development,1.0
ISCX::1453,ISCX-URL2016 Phishing,0,iscx_group_008926,development,2.0
ISCX::1454,ISCX-URL2016 Phishing,0,iscx_group_014435,test,
ISCX::1455,ISCX-URL2016 Phishing,0,iscx_group_004325,development,1.0
ISCX::1456,ISCX-URL2016 Phishing,0,iscx_group_004049,calibration,
ISCX::1457,ISCX-URL2016 Phishing,0,iscx_group_011768,development,4.0
ISCX::1458,ISCX-URL2016 Phishing,0,iscx_group_003996,development,5.0
ISCX::1459,ISCX-URL2016 Phishing,0,iscx_group_009619,development,5.0
ISCX::1460,ISCX-URL2016 Phishing,0,iscx_group_005069,development,2.0
ISCX::1461,ISCX-URL2016 Phishing,0,iscx_group_012631,calibration,
ISCX::1462,ISCX-URL2016 Phishing,0,iscx_group_010135,development,2.0
ISCX::1463,ISCX-URL2016 Phishing,0,iscx_group_006147,development,3.0
ISCX::1464,ISCX-URL2016 Phishing,0,iscx_group_002092,calibration,
ISCX::1465,ISCX-URL2016 Phishing,0,iscx_group_005690,development,5.0
ISCX::1466,ISCX-URL2016 Phishing,0,iscx_group_009344,development,2.0
ISCX::1467,ISCX-URL2016 Phishing,0,iscx_group_007026,development,3.0
ISCX::1468,ISCX-URL2016 Phishing,0,iscx_group_011860,test,
ISCX::1469,ISCX-URL2016 Phishing,0,iscx_group_002222,development,4.0
ISCX::1470,ISCX-URL2016 Phishing,0,iscx_group_012343,development,4.0
ISCX::1471,ISCX-URL2016 Phishing,0,iscx_group_005506,development,2.0
ISCX::1472,ISCX-URL2016 Phishing,0,iscx_group_004315,development,1.0
ISCX::1473,ISCX-URL2016 Phishing,0,iscx_group_007339,development,2.0
ISCX::1474,ISCX-URL2016 Phishing,0,iscx_group_004358,development,2.0
ISCX::1475,ISCX-URL2016 Phishing,0,iscx_group_001178,calibration,
ISCX::1476,ISCX-URL2016 Phishing,0,iscx_group_006855,development,3.0
ISCX::1477,ISCX-URL2016 Phishing,0,iscx_group_001113,development,4.0
ISCX::1478,ISCX-URL2016 Phishing,0,iscx_group_004464,test,
ISCX::1479,ISCX-URL2016 Phishing,0,iscx_group_013922,development,2.0
ISCX::1480,ISCX-URL2016 Phishing,0,iscx_group_001564,development,4.0
ISCX::1481,ISCX-URL2016 Phishing,0,iscx_group_014784,development,5.0
ISCX::1482,ISCX-URL2016 Phishing,0,iscx_group_006550,test,
ISCX::1483,ISCX-URL2016 Phishing,0,iscx_group_005868,calibration,
ISCX::1484,ISCX-URL2016 Phishing,0,iscx_group_005780,test,
ISCX::1485,ISCX-URL2016 Phishing,0,iscx_group_003470,development,1.0
ISCX::1486,ISCX-URL2016 Phishing,0,iscx_group_010856,calibration,
ISCX::1487,ISCX-URL2016 Phishing,0,iscx_group_001004,development,4.0
ISCX::1488,ISCX-URL2016 Phishing,0,iscx_group_013172,development,2.0
ISCX::1489,ISCX-URL2016 Phishing,0,iscx_group_006695,development,3.0
ISCX::1490,ISCX-URL2016 Phishing,0,iscx_group_003399,development,4.0
ISCX::1491,ISCX-URL2016 Phishing,0,iscx_group_004193,development,4.0
ISCX::1492,ISCX-URL2016 Phishing,0,iscx_group_005315,development,3.0
ISCX::1493,ISCX-URL2016 Phishing,0,iscx_group_006493,test,
ISCX::1494,ISCX-URL2016 Phishing,0,iscx_group_010368,development,1.0
ISCX::1495,ISCX-URL2016 Phishing,0,iscx_group_008878,development,4.0
ISCX::1496,ISCX-URL2016 Phishing,0,iscx_group_014085,development,3.0
ISCX::1497,ISCX-URL2016 Phishing,0,iscx_group_001026,development,2.0
ISCX::1498,ISCX-URL2016 Phishing,0,iscx_group_010994,development,5.0
ISCX::1499,ISCX-URL2016 Phishing,0,iscx_group_010587,test,
ISCX::1500,ISCX-URL2016 Phishing,0,iscx_group_005817,development,2.0
ISCX::1501,ISCX-URL2016 Phishing,0,iscx_group_007117,calibration,
ISCX::1502,ISCX-URL2016 Phishing,0,iscx_group_008833,development,4.0
ISCX::1503,ISCX-URL2016 Phishing,0,iscx_group_009574,calibration,
ISCX::1504,ISCX-URL2016 Phishing,0,iscx_group_008920,development,1.0
ISCX::1505,ISCX-URL2016 Phishing,0,iscx_group_000237,development,2.0
ISCX::1506,ISCX-URL2016 Phishing,0,iscx_group_000119,development,2.0
ISCX::1507,ISCX-URL2016 Phishing,0,iscx_group_006775,development,3.0
ISCX::1508,ISCX-URL2016 Phishing,0,iscx_group_011074,development,2.0
ISCX::1509,ISCX-URL2016 Phishing,0,iscx_group_002019,test,
ISCX::1510,ISCX-URL2016 Phishing,0,iscx_group_012533,development,4.0
ISCX::1511,ISCX-URL2016 Phishing,0,iscx_group_011943,development,4.0
ISCX::1512,ISCX-URL2016 Phishing,0,iscx_group_007697,development,2.0
ISCX::1513,ISCX-URL2016 Phishing,0,iscx_group_004437,calibration,
ISCX::1514,ISCX-URL2016 Phishing,0,iscx_group_008253,development,2.0
ISCX::1515,ISCX-URL2016 Phishing,0,iscx_group_001501,calibration,
ISCX::1516,ISCX-URL2016 Phishing,0,iscx_group_003779,development,3.0
ISCX::1517,ISCX-URL2016 Phishing,0,iscx_group_001576,test,
ISCX::1518,ISCX-URL2016 Phishing,0,iscx_group_011499,calibration,
ISCX::1519,ISCX-URL2016 Phishing,0,iscx_group_001120,development,2.0
ISCX::1520,ISCX-URL2016 Phishing,0,iscx_group_008625,development,1.0
ISCX::1521,ISCX-URL2016 Phishing,0,iscx_group_010713,test,
ISCX::1522,ISCX-URL2016 Phishing,0,iscx_group_004818,test,
ISCX::1523,ISCX-URL2016 Phishing,0,iscx_group_006100,development,5.0
ISCX::1524,ISCX-URL2016 Phishing,0,iscx_group_008927,calibration,
ISCX::1525,ISCX-URL2016 Phishing,0,iscx_group_009883,development,1.0
ISCX::1526,ISCX-URL2016 Phishing,0,iscx_group_014362,test,
ISCX::1527,ISCX-URL2016 Phishing,0,iscx_group_001391,development,1.0
ISCX::1528,ISCX-URL2016 Phishing,0,iscx_group_002007,development,2.0
ISCX::1529,ISCX-URL2016 Phishing,0,iscx_group_009938,development,1.0
ISCX::1530,ISCX-URL2016 Phishing,0,iscx_group_008762,calibration,
ISCX::1531,ISCX-URL2016 Phishing,0,iscx_group_011675,development,2.0
ISCX::1532,ISCX-URL2016 Phishing,0,iscx_group_006089,calibration,
ISCX::1533,ISCX-URL2016 Phishing,0,iscx_group_005788,development,2.0
ISCX::1534,ISCX-URL2016 Phishing,0,iscx_group_013739,test,
ISCX::1535,ISCX-URL2016 Phishing,0,iscx_group_009615,development,4.0
ISCX::1536,ISCX-URL2016 Phishing,0,iscx_group_002788,development,1.0
ISCX::1537,ISCX-URL2016 Phishing,0,iscx_group_011526,development,2.0
ISCX::1538,ISCX-URL2016 Phishing,0,iscx_group_009289,development,1.0
ISCX::1539,ISCX-URL2016 Phishing,0,iscx_group_009172,development,3.0
ISCX::1540,ISCX-URL2016 Phishing,0,iscx_group_001149,test,
ISCX::1541,ISCX-URL2016 Phishing,0,iscx_group_001508,development,1.0
ISCX::1542,ISCX-URL2016 Phishing,0,iscx_group_002836,calibration,
ISCX::1543,ISCX-URL2016 Phishing,0,iscx_group_005154,development,4.0
ISCX::1544,ISCX-URL2016 Phishing,0,iscx_group_006670,test,
ISCX::1545,ISCX-URL2016 Phishing,0,iscx_group_011269,test,
ISCX::1546,ISCX-URL2016 Phishing,0,iscx_group_008422,calibration,
ISCX::1547,ISCX-URL2016 Phishing,0,iscx_group_000514,calibration,
ISCX::1548,ISCX-URL2016 Phishing,0,iscx_group_006482,development,5.0
ISCX::1549,ISCX-URL2016 Phishing,0,iscx_group_006845,calibration,
ISCX::1550,ISCX-URL2016 Phishing,0,iscx_group_013024,development,2.0
ISCX::1551,ISCX-URL2016 Phishing,0,iscx_group_009341,development,3.0
ISCX::1552,ISCX-URL2016 Phishing,0,iscx_group_001713,development,4.0
ISCX::1553,ISCX-URL2016 Phishing,0,iscx_group_001729,test,
ISCX::1554,ISCX-URL2016 Phishing,0,iscx_group_012016,development,2.0
ISCX::1555,ISCX-URL2016 Phishing,0,iscx_group_011686,calibration,
ISCX::1556,ISCX-URL2016 Phishing,0,iscx_group_001052,development,1.0
ISCX::1557,ISCX-URL2016 Phishing,0,iscx_group_001436,test,
ISCX::1558,ISCX-URL2016 Phishing,0,iscx_group_010572,test,
ISCX::1559,ISCX-URL2016 Phishing,0,iscx_group_007326,calibration,
ISCX::1560,ISCX-URL2016 Phishing,0,iscx_group_008153,test,
ISCX::1561,ISCX-URL2016 Phishing,0,iscx_group_001657,test,
ISCX::1562,ISCX-URL2016 Phishing,0,iscx_group_013107,test,
ISCX::1563,ISCX-URL2016 Phishing,0,iscx_group_004271,development,3.0
ISCX::1564,ISCX-URL2016 Phishing,0,iscx_group_009295,development,2.0
ISCX::1565,ISCX-URL2016 Phishing,0,iscx_group_014104,development,1.0
ISCX::1566,ISCX-URL2016 Phishing,0,iscx_group_000909,development,1.0
ISCX::1567,ISCX-URL2016 Phishing,0,iscx_group_010269,development,1.0
ISCX::1568,ISCX-URL2016 Phishing,0,iscx_group_008492,development,1.0
ISCX::1569,ISCX-URL2016 Phishing,0,iscx_group_004408,test,
ISCX::1570,ISCX-URL2016 Phishing,0,iscx_group_013799,development,4.0
ISCX::1571,ISCX-URL2016 Phishing,0,iscx_group_003646,development,2.0
ISCX::1572,ISCX-URL2016 Phishing,0,iscx_group_006942,test,
ISCX::1573,ISCX-URL2016 Phishing,0,iscx_group_005071,development,5.0
ISCX::1574,ISCX-URL2016 Phishing,0,iscx_group_000170,test,
ISCX::1575,ISCX-URL2016 Phishing,0,iscx_group_014630,calibration,
ISCX::1576,ISCX-URL2016 Phishing,0,iscx_group_010206,development,5.0
ISCX::1577,ISCX-URL2016 Phishing,0,iscx_group_001371,development,4.0
ISCX::1578,ISCX-URL2016 Phishing,0,iscx_group_003962,development,5.0
ISCX::1579,ISCX-URL2016 Phishing,0,iscx_group_004530,calibration,
ISCX::1580,ISCX-URL2016 Phishing,0,iscx_group_014714,development,1.0
ISCX::1581,ISCX-URL2016 Phishing,0,iscx_group_000373,development,5.0
ISCX::1582,ISCX-URL2016 Phishing,0,iscx_group_013502,calibration,
ISCX::1583,ISCX-URL2016 Phishing,0,iscx_group_001440,development,5.0
ISCX::1584,ISCX-URL2016 Phishing,0,iscx_group_005240,test,
ISCX::1585,ISCX-URL2016 Phishing,0,iscx_group_000780,test,
ISCX::1586,ISCX-URL2016 Phishing,0,iscx_group_007665,calibration,
ISCX::1587,ISCX-URL2016 Phishing,0,iscx_group_013914,test,
ISCX::1588,ISCX-URL2016 Phishing,0,iscx_group_014286,development,5.0
ISCX::1589,ISCX-URL2016 Phishing,0,iscx_group_012196,development,3.0
ISCX::1590,ISCX-URL2016 Phishing,0,iscx_group_012790,calibration,
ISCX::1591,ISCX-URL2016 Phishing,0,iscx_group_014703,development,2.0
ISCX::1592,ISCX-URL2016 Phishing,0,iscx_group_003949,test,
ISCX::1593,ISCX-URL2016 Phishing,0,iscx_group_002305,development,2.0
ISCX::1594,ISCX-URL2016 Phishing,0,iscx_group_008430,test,
ISCX::1595,ISCX-URL2016 Phishing,0,iscx_group_013541,test,
ISCX::1596,ISCX-URL2016 Phishing,0,iscx_group_002689,calibration,
ISCX::1597,ISCX-URL2016 Phishing,0,iscx_group_013939,test,
ISCX::1598,ISCX-URL2016 Phishing,0,iscx_group_007154,development,1.0
ISCX::1599,ISCX-URL2016 Phishing,0,iscx_group_012819,development,2.0
ISCX::1600,ISCX-URL2016 Phishing,0,iscx_group_014368,calibration,
ISCX::1601,ISCX-URL2016 Phishing,0,iscx_group_002280,development,5.0
ISCX::1602,ISCX-URL2016 Phishing,0,iscx_group_011492,development,5.0
ISCX::1603,ISCX-URL2016 Phishing,0,iscx_group_006613,development,5.0
ISCX::1604,ISCX-URL2016 Phishing,0,iscx_group_008148,development,5.0
ISCX::1605,ISCX-URL2016 Phishing,0,iscx_group_002498,calibration,
ISCX::1606,ISCX-URL2016 Phishing,0,iscx_group_009609,development,2.0
ISCX::1607,ISCX-URL2016 Phishing,0,iscx_group_009612,development,3.0
ISCX::1608,ISCX-URL2016 Phishing,0,iscx_group_002356,calibration,
ISCX::1609,ISCX-URL2016 Phishing,0,iscx_group_011162,test,
ISCX::1610,ISCX-URL2016 Phishing,0,iscx_group_005632,development,1.0
ISCX::1611,ISCX-URL2016 Phishing,0,iscx_group_013497,development,1.0
ISCX::1612,ISCX-URL2016 Phishing,0,iscx_group_014373,test,
ISCX::1613,ISCX-URL2016 Phishing,0,iscx_group_001831,development,1.0
ISCX::1614,ISCX-URL2016 Phishing,0,iscx_group_003187,calibration,
ISCX::1615,ISCX-URL2016 Phishing,0,iscx_group_002218,calibration,
ISCX::1616,ISCX-URL2016 Phishing,0,iscx_group_005555,development,5.0
ISCX::1617,ISCX-URL2016 Phishing,0,iscx_group_009743,development,2.0
ISCX::1618,ISCX-URL2016 Phishing,0,iscx_group_002084,calibration,
ISCX::1619,ISCX-URL2016 Phishing,0,iscx_group_000208,development,5.0
ISCX::1620,ISCX-URL2016 Phishing,0,iscx_group_001331,development,1.0
ISCX::1621,ISCX-URL2016 Phishing,0,iscx_group_000585,test,
ISCX::1622,ISCX-URL2016 Phishing,0,iscx_group_002114,development,1.0
ISCX::1623,ISCX-URL2016 Phishing,0,iscx_group_010387,development,1.0
ISCX::1624,ISCX-URL2016 Phishing,0,iscx_group_008142,calibration,
ISCX::1625,ISCX-URL2016 Phishing,0,iscx_group_006744,test,
ISCX::1626,ISCX-URL2016 Phishing,0,iscx_group_006977,development,5.0
ISCX::1627,ISCX-URL2016 Phishing,0,iscx_group_010559,development,2.0
ISCX::1628,ISCX-URL2016 Phishing,0,iscx_group_000063,development,3.0
ISCX::1629,ISCX-URL2016 Phishing,0,iscx_group_008247,development,4.0
ISCX::1630,ISCX-URL2016 Phishing,0,iscx_group_010567,calibration,
ISCX::1631,ISCX-URL2016 Phishing,0,iscx_group_008375,calibration,
ISCX::1632,ISCX-URL2016 Phishing,0,iscx_group_009432,calibration,
ISCX::1633,ISCX-URL2016 Phishing,0,iscx_group_012459,development,2.0
ISCX::1634,ISCX-URL2016 Phishing,0,iscx_group_008978,development,2.0
ISCX::1635,ISCX-URL2016 Phishing,0,iscx_group_012730,development,5.0
ISCX::1636,ISCX-URL2016 Phishing,0,iscx_group_008203,development,1.0
ISCX::1637,ISCX-URL2016 Phishing,0,iscx_group_009045,development,2.0
ISCX::1638,ISCX-URL2016 Phishing,0,iscx_group_004164,calibration,
ISCX::1639,ISCX-URL2016 Phishing,0,iscx_group_013578,development,1.0
ISCX::1640,ISCX-URL2016 Phishing,0,iscx_group_004900,development,5.0
ISCX::1641,ISCX-URL2016 Phishing,0,iscx_group_008391,calibration,
ISCX::1642,ISCX-URL2016 Phishing,0,iscx_group_009133,test,
ISCX::1643,ISCX-URL2016 Phishing,0,iscx_group_011102,development,2.0
ISCX::1644,ISCX-URL2016 Phishing,0,iscx_group_008806,development,1.0
ISCX::1645,ISCX-URL2016 Phishing,0,iscx_group_003172,development,4.0
ISCX::1646,ISCX-URL2016 Phishing,0,iscx_group_006522,development,4.0
ISCX::1647,ISCX-URL2016 Phishing,0,iscx_group_011755,development,2.0
ISCX::1648,ISCX-URL2016 Phishing,0,iscx_group_005974,development,4.0
ISCX::1649,ISCX-URL2016 Phishing,0,iscx_group_004272,development,1.0
ISCX::1650,ISCX-URL2016 Phishing,0,iscx_group_010049,development,5.0
ISCX::1651,ISCX-URL2016 Phishing,0,iscx_group_011108,test,
ISCX::1652,ISCX-URL2016 Phishing,0,iscx_group_014385,test,
ISCX::1653,ISCX-URL2016 Phishing,0,iscx_group_001989,calibration,
ISCX::1654,ISCX-URL2016 Phishing,0,iscx_group_005947,test,
ISCX::1655,ISCX-URL2016 Phishing,0,iscx_group_010537,development,2.0
ISCX::1656,ISCX-URL2016 Phishing,0,iscx_group_012172,test,
ISCX::1657,ISCX-URL2016 Phishing,0,iscx_group_011569,development,4.0
ISCX::1658,ISCX-URL2016 Phishing,0,iscx_group_002874,development,2.0
ISCX::1659,ISCX-URL2016 Phishing,0,iscx_group_006864,development,3.0
ISCX::1660,ISCX-URL2016 Phishing,0,iscx_group_014675,development,5.0
ISCX::1661,ISCX-URL2016 Phishing,0,iscx_group_012545,development,2.0
ISCX::1662,ISCX-URL2016 Phishing,0,iscx_group_002059,development,3.0
ISCX::1663,ISCX-URL2016 Phishing,0,iscx_group_008777,development,3.0
ISCX::1664,ISCX-URL2016 Phishing,0,iscx_group_005872,development,1.0
ISCX::1665,ISCX-URL2016 Phishing,0,iscx_group_002309,development,1.0
ISCX::1666,ISCX-URL2016 Phishing,0,iscx_group_004829,development,5.0
ISCX::1667,ISCX-URL2016 Phishing,0,iscx_group_010617,calibration,
ISCX::1668,ISCX-URL2016 Phishing,0,iscx_group_005290,calibration,
ISCX::1669,ISCX-URL2016 Phishing,0,iscx_group_012242,development,4.0
ISCX::1670,ISCX-URL2016 Phishing,0,iscx_group_010299,development,3.0
ISCX::1671,ISCX-URL2016 Phishing,0,iscx_group_014591,test,
ISCX::1672,ISCX-URL2016 Phishing,0,iscx_group_010002,development,3.0
ISCX::1673,ISCX-URL2016 Phishing,0,iscx_group_004142,development,5.0
ISCX::1674,ISCX-URL2016 Phishing,0,iscx_group_012148,development,3.0
ISCX::1675,ISCX-URL2016 Phishing,0,iscx_group_004978,development,5.0
ISCX::1676,ISCX-URL2016 Phishing,0,iscx_group_006625,development,5.0
ISCX::1677,ISCX-URL2016 Phishing,0,iscx_group_012019,development,5.0
ISCX::1678,ISCX-URL2016 Phishing,0,iscx_group_008091,development,3.0
ISCX::1679,ISCX-URL2016 Phishing,0,iscx_group_009305,development,1.0
ISCX::1680,ISCX-URL2016 Phishing,0,iscx_group_001188,test,
ISCX::1681,ISCX-URL2016 Phishing,0,iscx_group_005199,test,
ISCX::1682,ISCX-URL2016 Phishing,0,iscx_group_008281,development,2.0
ISCX::1683,ISCX-URL2016 Phishing,0,iscx_group_008197,development,3.0
ISCX::1684,ISCX-URL2016 Phishing,0,iscx_group_008257,development,1.0
ISCX::1685,ISCX-URL2016 Phishing,0,iscx_group_001422,development,3.0
ISCX::1686,ISCX-URL2016 Phishing,0,iscx_group_011702,development,2.0
ISCX::1687,ISCX-URL2016 Phishing,0,iscx_group_013842,development,1.0
ISCX::1688,ISCX-URL2016 Phishing,0,iscx_group_008416,development,4.0
ISCX::1689,ISCX-URL2016 Phishing,0,iscx_group_003551,test,
ISCX::1690,ISCX-URL2016 Phishing,0,iscx_group_010514,test,
ISCX::1691,ISCX-URL2016 Phishing,0,iscx_group_012749,development,4.0
ISCX::1692,ISCX-URL2016 Phishing,0,iscx_group_001075,development,1.0
ISCX::1693,ISCX-URL2016 Phishing,0,iscx_group_010641,calibration,
ISCX::1694,ISCX-URL2016 Phishing,0,iscx_group_013522,development,5.0
ISCX::1695,ISCX-URL2016 Phishing,0,iscx_group_005841,development,1.0
ISCX::1696,ISCX-URL2016 Phishing,0,iscx_group_009042,development,2.0
ISCX::1697,ISCX-URL2016 Phishing,0,iscx_group_009052,development,3.0
ISCX::1698,ISCX-URL2016 Phishing,0,iscx_group_003606,development,2.0
ISCX::1699,ISCX-URL2016 Phishing,0,iscx_group_010781,development,5.0
ISCX::1700,ISCX-URL2016 Phishing,0,iscx_group_011985,test,
ISCX::1701,ISCX-URL2016 Phishing,0,iscx_group_003642,development,4.0
ISCX::1702,ISCX-URL2016 Phishing,0,iscx_group_008405,development,1.0
ISCX::1703,ISCX-URL2016 Phishing,0,iscx_group_008517,calibration,
ISCX::1704,ISCX-URL2016 Phishing,0,iscx_group_002590,development,1.0
ISCX::1705,ISCX-URL2016 Phishing,0,iscx_group_007760,development,3.0
ISCX::1706,ISCX-URL2016 Phishing,0,iscx_group_010204,test,
ISCX::1707,ISCX-URL2016 Phishing,0,iscx_group_007954,development,5.0
ISCX::1708,ISCX-URL2016 Phishing,0,iscx_group_010850,development,2.0
ISCX::1709,ISCX-URL2016 Phishing,0,iscx_group_010871,development,3.0
ISCX::1710,ISCX-URL2016 Phishing,0,iscx_group_006902,test,
ISCX::1711,ISCX-URL2016 Phishing,0,iscx_group_009369,development,4.0
ISCX::1712,ISCX-URL2016 Phishing,0,iscx_group_010726,development,5.0
ISCX::1713,ISCX-URL2016 Phishing,0,iscx_group_006317,development,3.0
ISCX::1714,ISCX-URL2016 Phishing,0,iscx_group_013173,test,
ISCX::1715,ISCX-URL2016 Phishing,0,iscx_group_007366,development,1.0
ISCX::1716,ISCX-URL2016 Phishing,0,iscx_group_000758,development,3.0
ISCX::1717,ISCX-URL2016 Phishing,0,iscx_group_006076,test,
ISCX::1718,ISCX-URL2016 Phishing,0,iscx_group_003012,development,3.0
ISCX::1719,ISCX-URL2016 Phishing,0,iscx_group_008669,development,3.0
ISCX::1720,ISCX-URL2016 Phishing,0,iscx_group_004830,development,4.0
ISCX::1721,ISCX-URL2016 Phishing,0,iscx_group_013900,development,4.0
ISCX::1722,ISCX-URL2016 Phishing,0,iscx_group_001907,test,
ISCX::1723,ISCX-URL2016 Phishing,0,iscx_group_012403,development,5.0
ISCX::1724,ISCX-URL2016 Phishing,0,iscx_group_005985,development,4.0
ISCX::1725,ISCX-URL2016 Phishing,0,iscx_group_007454,development,3.0
ISCX::1726,ISCX-URL2016 Phishing,0,iscx_group_013423,development,5.0
ISCX::1727,ISCX-URL2016 Phishing,0,iscx_group_006113,development,5.0
ISCX::1728,ISCX-URL2016 Phishing,0,iscx_group_002538,test,
ISCX::1729,ISCX-URL2016 Phishing,0,iscx_group_007134,calibration,
ISCX::1730,ISCX-URL2016 Phishing,0,iscx_group_012539,development,5.0
ISCX::1731,ISCX-URL2016 Phishing,0,iscx_group_001606,development,1.0
ISCX::1732,ISCX-URL2016 Phishing,0,iscx_group_012788,calibration,
ISCX::1733,ISCX-URL2016 Phishing,0,iscx_group_003568,development,5.0
ISCX::1734,ISCX-URL2016 Phishing,0,iscx_group_004775,development,3.0
ISCX::1735,ISCX-URL2016 Phishing,0,iscx_group_013797,test,
ISCX::1736,ISCX-URL2016 Phishing,0,iscx_group_002416,development,1.0
ISCX::1737,ISCX-URL2016 Phishing,0,iscx_group_004710,development,4.0
ISCX::1738,ISCX-URL2016 Phishing,0,iscx_group_006296,development,5.0
ISCX::1739,ISCX-URL2016 Phishing,0,iscx_group_008799,test,
ISCX::1740,ISCX-URL2016 Phishing,0,iscx_group_008009,calibration,
ISCX::1741,ISCX-URL2016 Phishing,0,iscx_group_001314,development,1.0
ISCX::1742,ISCX-URL2016 Phishing,0,iscx_group_000018,development,3.0
ISCX::1743,ISCX-URL2016 Phishing,0,iscx_group_008919,development,2.0
ISCX::1744,ISCX-URL2016 Phishing,0,iscx_group_012912,development,3.0
ISCX::1745,ISCX-URL2016 Phishing,0,iscx_group_007524,development,3.0
ISCX::1746,ISCX-URL2016 Phishing,0,iscx_group_006186,development,5.0
ISCX::1747,ISCX-URL2016 Phishing,0,iscx_group_014516,development,4.0
ISCX::1748,ISCX-URL2016 Phishing,0,iscx_group_003150,development,5.0
ISCX::1749,ISCX-URL2016 Phishing,0,iscx_group_014357,development,5.0
ISCX::1750,ISCX-URL2016 Phishing,0,iscx_group_006941,test,
ISCX::1751,ISCX-URL2016 Phishing,0,iscx_group_007731,test,
ISCX::1752,ISCX-URL2016 Phishing,0,iscx_group_011695,development,3.0
ISCX::1753,ISCX-URL2016 Phishing,0,iscx_group_013623,test,
ISCX::1754,ISCX-URL2016 Phishing,0,iscx_group_004109,development,2.0
ISCX::1755,ISCX-URL2016 Phishing,0,iscx_group_000936,development,3.0
ISCX::1756,ISCX-URL2016 Phishing,0,iscx_group_006441,development,2.0
ISCX::1757,ISCX-URL2016 Phishing,0,iscx_group_005087,development,2.0
ISCX::1758,ISCX-URL2016 Phishing,0,iscx_group_014757,development,4.0
ISCX::1759,ISCX-URL2016 Phishing,0,iscx_group_012025,test,
ISCX::1760,ISCX-URL2016 Phishing,0,iscx_group_001427,development,2.0
ISCX::1761,ISCX-URL2016 Phishing,0,iscx_group_002971,development,4.0
ISCX::1762,ISCX-URL2016 Phishing,0,iscx_group_009613,development,3.0
ISCX::1763,ISCX-URL2016 Phishing,0,iscx_group_006102,development,2.0
ISCX::1764,ISCX-URL2016 Phishing,0,iscx_group_011987,development,5.0
ISCX::1765,ISCX-URL2016 Phishing,0,iscx_group_009322,development,1.0
ISCX::1766,ISCX-URL2016 Phishing,0,iscx_group_014201,development,5.0
ISCX::1767,ISCX-URL2016 Phishing,0,iscx_group_004354,development,2.0
ISCX::1768,ISCX-URL2016 Phishing,0,iscx_group_007648,development,1.0
ISCX::1769,ISCX-URL2016 Phishing,0,iscx_group_004703,development,2.0
ISCX::1770,ISCX-URL2016 Phishing,0,iscx_group_014326,development,3.0
ISCX::1771,ISCX-URL2016 Phishing,0,iscx_group_002638,development,5.0
ISCX::1772,ISCX-URL2016 Phishing,0,iscx_group_001161,development,4.0
ISCX::1773,ISCX-URL2016 Phishing,0,iscx_group_010924,development,3.0
ISCX::1774,ISCX-URL2016 Phishing,0,iscx_group_002347,development,3.0
ISCX::1775,ISCX-URL2016 Phishing,0,iscx_group_014658,development,2.0
ISCX::1776,ISCX-URL2016 Phishing,0,iscx_group_004803,development,2.0
ISCX::1777,ISCX-URL2016 Phishing,0,iscx_group_002879,calibration,
ISCX::1778,ISCX-URL2016 Phishing,0,iscx_group_004989,calibration,
ISCX::1779,ISCX-URL2016 Phishing,0,iscx_group_013055,calibration,
ISCX::1780,ISCX-URL2016 Phishing,0,iscx_group_005287,calibration,
ISCX::1781,ISCX-URL2016 Phishing,0,iscx_group_003105,development,1.0
ISCX::1782,ISCX-URL2016 Phishing,0,iscx_group_005074,development,5.0
ISCX::1783,ISCX-URL2016 Phishing,0,iscx_group_009685,development,1.0
ISCX::1784,ISCX-URL2016 Phishing,0,iscx_group_008778,development,1.0
ISCX::1785,ISCX-URL2016 Phishing,0,iscx_group_005531,development,5.0
ISCX::1786,ISCX-URL2016 Phishing,0,iscx_group_013550,test,
ISCX::1787,ISCX-URL2016 Phishing,0,iscx_group_008518,development,1.0
ISCX::1788,ISCX-URL2016 Phishing,0,iscx_group_013679,development,5.0
ISCX::1789,ISCX-URL2016 Phishing,0,iscx_group_005234,test,
ISCX::1790,ISCX-URL2016 Phishing,0,iscx_group_011395,test,
ISCX::1791,ISCX-URL2016 Phishing,0,iscx_group_005454,calibration,
ISCX::1792,ISCX-URL2016 Phishing,0,iscx_group_008951,development,2.0
ISCX::1793,ISCX-URL2016 Phishing,0,iscx_group_005007,development,2.0
ISCX::1794,ISCX-URL2016 Phishing,0,iscx_group_009244,calibration,
ISCX::1795,ISCX-URL2016 Phishing,0,iscx_group_005000,development,1.0
ISCX::1796,ISCX-URL2016 Phishing,0,iscx_group_011322,development,5.0
ISCX::1797,ISCX-URL2016 Phishing,0,iscx_group_009230,test,
ISCX::1798,ISCX-URL2016 Phishing,0,iscx_group_013627,development,4.0
ISCX::1799,ISCX-URL2016 Phishing,0,iscx_group_006032,test,
ISCX::1800,ISCX-URL2016 Phishing,0,iscx_group_000824,development,1.0
ISCX::1801,ISCX-URL2016 Phishing,0,iscx_group_008144,development,5.0
ISCX::1802,ISCX-URL2016 Phishing,0,iscx_group_011850,test,
ISCX::1803,ISCX-URL2016 Phishing,0,iscx_group_007323,development,4.0
ISCX::1804,ISCX-URL2016 Phishing,0,iscx_group_010241,test,
ISCX::1805,ISCX-URL2016 Phishing,0,iscx_group_001282,calibration,
ISCX::1806,ISCX-URL2016 Phishing,0,iscx_group_006978,development,2.0
ISCX::1807,ISCX-URL2016 Phishing,0,iscx_group_007901,development,2.0
ISCX::1808,ISCX-URL2016 Phishing,0,iscx_group_007739,development,3.0
ISCX::1809,ISCX-URL2016 Phishing,0,iscx_group_005265,development,1.0
ISCX::1810,ISCX-URL2016 Phishing,0,iscx_group_004757,development,4.0
ISCX::1811,ISCX-URL2016 Phishing,0,iscx_group_014050,test,
ISCX::1812,ISCX-URL2016 Phishing,0,iscx_group_001047,development,4.0
ISCX::1813,ISCX-URL2016 Phishing,0,iscx_group_003406,development,3.0
ISCX::1814,ISCX-URL2016 Phishing,0,iscx_group_002685,test,
ISCX::1815,ISCX-URL2016 Phishing,0,iscx_group_001150,development,2.0
ISCX::1816,ISCX-URL2016 Phishing,0,iscx_group_005917,calibration,
ISCX::1817,ISCX-URL2016 Phishing,0,iscx_group_000669,development,4.0
ISCX::1818,ISCX-URL2016 Phishing,0,iscx_group_007858,development,1.0
ISCX::1819,ISCX-URL2016 Phishing,0,iscx_group_011980,calibration,
ISCX::1820,ISCX-URL2016 Phishing,0,iscx_group_004459,development,4.0
ISCX::1821,ISCX-URL2016 Phishing,0,iscx_group_001922,development,4.0
ISCX::1822,ISCX-URL2016 Phishing,0,iscx_group_009294,development,3.0
ISCX::1823,ISCX-URL2016 Phishing,0,iscx_group_007783,development,5.0
ISCX::1824,ISCX-URL2016 Phishing,0,iscx_group_011584,development,5.0
ISCX::1825,ISCX-URL2016 Phishing,0,iscx_group_004748,development,2.0
ISCX::1826,ISCX-URL2016 Phishing,0,iscx_group_003572,development,2.0
ISCX::1827,ISCX-URL2016 Phishing,0,iscx_group_012882,test,
ISCX::1828,ISCX-URL2016 Phishing,0,iscx_group_014175,development,4.0
ISCX::1829,ISCX-URL2016 Phishing,0,iscx_group_013093,test,
ISCX::1830,ISCX-URL2016 Phishing,0,iscx_group_003112,development,1.0
ISCX::1831,ISCX-URL2016 Phishing,0,iscx_group_004973,calibration,
ISCX::1832,ISCX-URL2016 Phishing,0,iscx_group_000657,development,4.0
ISCX::1833,ISCX-URL2016 Phishing,0,iscx_group_013181,development,1.0
ISCX::1834,ISCX-URL2016 Phishing,0,iscx_group_009495,development,4.0
ISCX::1835,ISCX-URL2016 Phishing,0,iscx_group_002178,development,1.0
ISCX::1836,ISCX-URL2016 Phishing,0,iscx_group_011486,calibration,
ISCX::1837,ISCX-URL2016 Phishing,0,iscx_group_008193,development,1.0
ISCX::1838,ISCX-URL2016 Phishing,0,iscx_group_002550,calibration,
ISCX::1839,ISCX-URL2016 Phishing,0,iscx_group_001943,development,4.0
ISCX::1840,ISCX-URL2016 Phishing,0,iscx_group_002471,development,4.0
ISCX::1841,ISCX-URL2016 Phishing,0,iscx_group_004922,development,3.0
ISCX::1842,ISCX-URL2016 Phishing,0,iscx_group_011707,development,3.0
ISCX::1843,ISCX-URL2016 Phishing,0,iscx_group_003113,development,3.0
ISCX::1844,ISCX-URL2016 Phishing,0,iscx_group_010883,calibration,
ISCX::1845,ISCX-URL2016 Phishing,0,iscx_group_004616,development,2.0
ISCX::1846,ISCX-URL2016 Phishing,0,iscx_group_009307,development,1.0
ISCX::1847,ISCX-URL2016 Phishing,0,iscx_group_001823,development,4.0
ISCX::1848,ISCX-URL2016 Phishing,0,iscx_group_012691,test,
ISCX::1849,ISCX-URL2016 Phishing,0,iscx_group_012669,development,3.0
ISCX::1850,ISCX-URL2016 Phishing,0,iscx_group_009258,calibration,
ISCX::1851,ISCX-URL2016 Phishing,0,iscx_group_013978,development,5.0
ISCX::1852,ISCX-URL2016 Phishing,0,iscx_group_007232,test,
ISCX::1853,ISCX-URL2016 Phishing,0,iscx_group_013525,development,1.0
ISCX::1854,ISCX-URL2016 Phishing,0,iscx_group_004357,development,2.0
ISCX::1855,ISCX-URL2016 Phishing,0,iscx_group_003417,test,
ISCX::1856,ISCX-URL2016 Phishing,0,iscx_group_013970,test,
ISCX::1857,ISCX-URL2016 Phishing,0,iscx_group_010910,development,4.0
ISCX::1858,ISCX-URL2016 Phishing,0,iscx_group_014521,development,4.0
ISCX::1859,ISCX-URL2016 Phishing,0,iscx_group_004837,test,
ISCX::1860,ISCX-URL2016 Phishing,0,iscx_group_003175,development,5.0
ISCX::1861,ISCX-URL2016 Phishing,0,iscx_group_003928,development,5.0
ISCX::1862,ISCX-URL2016 Phishing,0,iscx_group_000306,development,1.0
ISCX::1863,ISCX-URL2016 Phishing,0,iscx_group_000472,development,2.0
ISCX::1864,ISCX-URL2016 Phishing,0,iscx_group_007990,development,3.0
ISCX::1865,ISCX-URL2016 Phishing,0,iscx_group_012223,development,2.0
ISCX::1866,ISCX-URL2016 Phishing,0,iscx_group_004644,test,
ISCX::1867,ISCX-URL2016 Phishing,0,iscx_group_000753,development,5.0
ISCX::1868,ISCX-URL2016 Phishing,0,iscx_group_009274,development,3.0
ISCX::1869,ISCX-URL2016 Phishing,0,iscx_group_014804,test,
ISCX::1870,ISCX-URL2016 Phishing,0,iscx_group_011950,test,
ISCX::1871,ISCX-URL2016 Phishing,0,iscx_group_001743,development,5.0
ISCX::1872,ISCX-URL2016 Phishing,0,iscx_group_013950,test,
ISCX::1873,ISCX-URL2016 Phishing,0,iscx_group_010220,calibration,
ISCX::1874,ISCX-URL2016 Phishing,0,iscx_group_014251,development,3.0
ISCX::1875,ISCX-URL2016 Phishing,0,iscx_group_001599,calibration,
ISCX::1876,ISCX-URL2016 Phishing,0,iscx_group_000689,development,4.0
ISCX::1877,ISCX-URL2016 Phishing,0,iscx_group_001965,calibration,
ISCX::1878,ISCX-URL2016 Phishing,0,iscx_group_013475,development,5.0
ISCX::1879,ISCX-URL2016 Phishing,0,iscx_group_009506,test,
ISCX::1880,ISCX-URL2016 Phishing,0,iscx_group_011010,test,
ISCX::1881,ISCX-URL2016 Phishing,0,iscx_group_009579,development,1.0
ISCX::1882,ISCX-URL2016 Phishing,0,iscx_group_003156,development,1.0
ISCX::1883,ISCX-URL2016 Phishing,0,iscx_group_006824,development,2.0
ISCX::1884,ISCX-URL2016 Phishing,0,iscx_group_004597,calibration,
ISCX::1885,ISCX-URL2016 Phishing,0,iscx_group_005356,development,3.0
ISCX::1886,ISCX-URL2016 Phishing,0,iscx_group_008086,calibration,
ISCX::1887,ISCX-URL2016 Phishing,0,iscx_group_014021,development,2.0
ISCX::1888,ISCX-URL2016 Phishing,0,iscx_group_005614,development,2.0
ISCX::1889,ISCX-URL2016 Phishing,0,iscx_group_012956,test,
ISCX::1890,ISCX-URL2016 Phishing,0,iscx_group_003966,development,1.0
ISCX::1891,ISCX-URL2016 Phishing,0,iscx_group_004702,calibration,
ISCX::1892,ISCX-URL2016 Phishing,0,iscx_group_007864,development,1.0
ISCX::1893,ISCX-URL2016 Phishing,0,iscx_group_007317,development,5.0
ISCX::1894,ISCX-URL2016 Phishing,0,iscx_group_004255,development,4.0
ISCX::1895,ISCX-URL2016 Phishing,0,iscx_group_012743,development,1.0
ISCX::1896,ISCX-URL2016 Phishing,0,iscx_group_014602,development,1.0
ISCX::1897,ISCX-URL2016 Phishing,0,iscx_group_000506,development,3.0
ISCX::1898,ISCX-URL2016 Phishing,0,iscx_group_005532,test,
ISCX::1899,ISCX-URL2016 Phishing,0,iscx_group_010095,development,4.0
ISCX::1900,ISCX-URL2016 Phishing,0,iscx_group_001584,development,1.0
ISCX::1901,ISCX-URL2016 Phishing,0,iscx_group_002408,test,
ISCX::1902,ISCX-URL2016 Phishing,0,iscx_group_000286,test,
ISCX::1903,ISCX-URL2016 Phishing,0,iscx_group_009551,development,4.0
ISCX::1904,ISCX-URL2016 Phishing,0,iscx_group_007681,calibration,
ISCX::1905,ISCX-URL2016 Phishing,0,iscx_group_002236,development,2.0
ISCX::1906,ISCX-URL2016 Phishing,0,iscx_group_004103,development,4.0
ISCX::1907,ISCX-URL2016 Phishing,0,iscx_group_000666,development,5.0
ISCX::1908,ISCX-URL2016 Phishing,0,iscx_group_010376,development,3.0
ISCX::1909,ISCX-URL2016 Phishing,0,iscx_group_005455,development,5.0
ISCX::1910,ISCX-URL2016 Phishing,0,iscx_group_012439,development,1.0
ISCX::1911,ISCX-URL2016 Phishing,0,iscx_group_009589,test,
ISCX::1912,ISCX-URL2016 Phishing,0,iscx_group_004941,development,3.0
ISCX::1913,ISCX-URL2016 Phishing,0,iscx_group_013237,development,3.0
ISCX::1914,ISCX-URL2016 Phishing,0,iscx_group_010989,development,2.0
ISCX::1915,ISCX-URL2016 Phishing,0,iscx_group_003220,development,2.0
ISCX::1916,ISCX-URL2016 Phishing,0,iscx_group_010239,development,3.0
ISCX::1917,ISCX-URL2016 Phishing,0,iscx_group_002105,development,4.0
ISCX::1918,ISCX-URL2016 Phishing,0,iscx_group_005593,development,5.0
ISCX::1919,ISCX-URL2016 Phishing,0,iscx_group_002190,development,5.0
ISCX::1920,ISCX-URL2016 Phishing,0,iscx_group_004294,development,2.0
ISCX::1921,ISCX-URL2016 Phishing,0,iscx_group_001082,calibration,
ISCX::1922,ISCX-URL2016 Phishing,0,iscx_group_003807,calibration,
ISCX::1923,ISCX-URL2016 Phishing,0,iscx_group_013798,calibration,
ISCX::1924,ISCX-URL2016 Phishing,0,iscx_group_009498,test,
ISCX::1925,ISCX-URL2016 Phishing,0,iscx_group_011018,development,5.0
ISCX::1926,ISCX-URL2016 Phishing,0,iscx_group_004629,development,1.0
ISCX::1927,ISCX-URL2016 Phishing,0,iscx_group_000630,test,
ISCX::1928,ISCX-URL2016 Phishing,0,iscx_group_008658,calibration,
ISCX::1929,ISCX-URL2016 Phishing,0,iscx_group_001191,development,3.0
ISCX::1930,ISCX-URL2016 Phishing,0,iscx_group_006610,development,4.0
ISCX::1931,ISCX-URL2016 Phishing,0,iscx_group_004057,development,4.0
ISCX::1932,ISCX-URL2016 Phishing,0,iscx_group_005942,development,3.0
ISCX::1933,ISCX-URL2016 Phishing,0,iscx_group_004588,development,5.0
ISCX::1934,ISCX-URL2016 Phishing,0,iscx_group_012047,test,
ISCX::1935,ISCX-URL2016 Phishing,0,iscx_group_013421,development,1.0
ISCX::1936,ISCX-URL2016 Phishing,0,iscx_group_006447,development,1.0
ISCX::1937,ISCX-URL2016 Phishing,0,iscx_group_010173,calibration,
ISCX::1938,ISCX-URL2016 Phishing,0,iscx_group_006352,development,4.0
ISCX::1939,ISCX-URL2016 Phishing,0,iscx_group_014239,development,2.0
ISCX::1940,ISCX-URL2016 Phishing,0,iscx_group_004807,development,5.0
ISCX::1941,ISCX-URL2016 Phishing,0,iscx_group_004927,development,4.0
ISCX::1942,ISCX-URL2016 Phishing,0,iscx_group_002420,development,3.0
ISCX::1943,ISCX-URL2016 Phishing,0,iscx_group_008335,calibration,
ISCX::1944,ISCX-URL2016 Phishing,0,iscx_group_010159,development,2.0
ISCX::1945,ISCX-URL2016 Phishing,0,iscx_group_011984,development,4.0
ISCX::1946,ISCX-URL2016 Phishing,0,iscx_group_012513,development,4.0
ISCX::1947,ISCX-URL2016 Phishing,0,iscx_group_013858,development,4.0
ISCX::1948,ISCX-URL2016 Phishing,0,iscx_group_011315,development,3.0
ISCX::1949,ISCX-URL2016 Phishing,0,iscx_group_001527,development,3.0
ISCX::1950,ISCX-URL2016 Phishing,0,iscx_group_009088,development,5.0
ISCX::1951,ISCX-URL2016 Phishing,0,iscx_group_008369,calibration,
ISCX::1952,ISCX-URL2016 Phishing,0,iscx_group_006659,development,2.0
ISCX::1953,ISCX-URL2016 Phishing,0,iscx_group_004353,calibration,
ISCX::1954,ISCX-URL2016 Phishing,0,iscx_group_004606,calibration,
ISCX::1955,ISCX-URL2016 Phishing,0,iscx_group_013684,test,
ISCX::1956,ISCX-URL2016 Phishing,0,iscx_group_004662,development,3.0
ISCX::1957,ISCX-URL2016 Phishing,0,iscx_group_009918,development,3.0
ISCX::1958,ISCX-URL2016 Phishing,0,iscx_group_006398,development,5.0
ISCX::1959,ISCX-URL2016 Phishing,0,iscx_group_008960,development,3.0
ISCX::1960,ISCX-URL2016 Phishing,0,iscx_group_009508,calibration,
ISCX::1961,ISCX-URL2016 Phishing,0,iscx_group_010168,development,5.0
ISCX::1962,ISCX-URL2016 Phishing,0,iscx_group_014290,development,1.0
ISCX::1963,ISCX-URL2016 Phishing,0,iscx_group_011533,development,3.0
ISCX::1964,ISCX-URL2016 Phishing,0,iscx_group_000005,test,
ISCX::1965,ISCX-URL2016 Phishing,0,iscx_group_004954,development,3.0
ISCX::1966,ISCX-URL2016 Phishing,0,iscx_group_000292,development,1.0
ISCX::1967,ISCX-URL2016 Phishing,0,iscx_group_009029,calibration,
ISCX::1968,ISCX-URL2016 Phishing,0,iscx_group_010522,development,1.0
ISCX::1969,ISCX-URL2016 Phishing,0,iscx_group_004562,development,1.0
ISCX::1970,ISCX-URL2016 Phishing,0,iscx_group_003426,test,
ISCX::1971,ISCX-URL2016 Phishing,0,iscx_group_004484,development,5.0
ISCX::1972,ISCX-URL2016 Phishing,0,iscx_group_013628,development,5.0
ISCX::1973,ISCX-URL2016 Phishing,0,iscx_group_009038,calibration,
ISCX::1974,ISCX-URL2016 Phishing,0,iscx_group_002170,development,2.0
ISCX::1975,ISCX-URL2016 Phishing,0,iscx_group_001582,development,3.0
ISCX::1976,ISCX-URL2016 Phishing,0,iscx_group_005035,development,3.0
ISCX::1977,ISCX-URL2016 Phishing,0,iscx_group_009111,development,1.0
ISCX::1978,ISCX-URL2016 Phishing,0,iscx_group_008396,development,2.0
ISCX::1979,ISCX-URL2016 Phishing,0,iscx_group_009190,development,5.0
ISCX::1980,ISCX-URL2016 Phishing,0,iscx_group_001360,test,
ISCX::1981,ISCX-URL2016 Phishing,0,iscx_group_000435,development,2.0
ISCX::1982,ISCX-URL2016 Phishing,0,iscx_group_011153,development,5.0
ISCX::1983,ISCX-URL2016 Phishing,0,iscx_group_002835,development,4.0
ISCX::1984,ISCX-URL2016 Phishing,0,iscx_group_003327,calibration,
ISCX::1985,ISCX-URL2016 Phishing,0,iscx_group_011125,calibration,
ISCX::1986,ISCX-URL2016 Phishing,0,iscx_group_000222,development,1.0
ISCX::1987,ISCX-URL2016 Phishing,0,iscx_group_007159,development,1.0
ISCX::1988,ISCX-URL2016 Phishing,0,iscx_group_001225,test,
ISCX::1989,ISCX-URL2016 Phishing,0,iscx_group_002893,test,
ISCX::1990,ISCX-URL2016 Phishing,0,iscx_group_001038,development,2.0
ISCX::1991,ISCX-URL2016 Phishing,0,iscx_group_010643,development,1.0
ISCX::1992,ISCX-URL2016 Phishing,0,iscx_group_011494,calibration,
ISCX::1993,ISCX-URL2016 Phishing,0,iscx_group_005057,calibration,
ISCX::1994,ISCX-URL2016 Phishing,0,iscx_group_003681,calibration,
ISCX::1995,ISCX-URL2016 Phishing,0,iscx_group_007410,development,1.0
ISCX::1996,ISCX-URL2016 Phishing,0,iscx_group_006790,development,4.0
ISCX::1997,ISCX-URL2016 Phishing,0,iscx_group_014120,development,3.0
ISCX::1998,ISCX-URL2016 Phishing,0,iscx_group_008717,test,
ISCX::1999,ISCX-URL2016 Phishing,0,iscx_group_012815,development,3.0
ISCX::2000,ISCX-URL2016 Phishing,0,iscx_group_004972,development,5.0
ISCX::2001,ISCX-URL2016 Phishing,0,iscx_group_002979,development,3.0
ISCX::2002,ISCX-URL2016 Phishing,0,iscx_group_010891,development,5.0
ISCX::2003,ISCX-URL2016 Phishing,0,iscx_group_000793,test,
ISCX::2004,ISCX-URL2016 Phishing,0,iscx_group_010815,test,
ISCX::2005,ISCX-URL2016 Phishing,0,iscx_group_003283,calibration,
ISCX::2006,ISCX-URL2016 Phishing,0,iscx_group_014594,calibration,
ISCX::2007,ISCX-URL2016 Phishing,0,iscx_group_002580,calibration,
ISCX::2008,ISCX-URL2016 Phishing,0,iscx_group_012344,development,5.0
ISCX::2009,ISCX-URL2016 Phishing,0,iscx_group_012155,test,
ISCX::2010,ISCX-URL2016 Phishing,0,iscx_group_010265,development,2.0
ISCX::2011,ISCX-URL2016 Phishing,0,iscx_group_007554,development,2.0
ISCX::2012,ISCX-URL2016 Phishing,0,iscx_group_001992,calibration,
ISCX::2013,ISCX-URL2016 Phishing,0,iscx_group_000622,development,3.0
ISCX::2014,ISCX-URL2016 Phishing,0,iscx_group_000915,calibration,
ISCX::2015,ISCX-URL2016 Phishing,0,iscx_group_000712,development,3.0
ISCX::2016,ISCX-URL2016 Phishing,0,iscx_group_014495,development,3.0
ISCX::2017,ISCX-URL2016 Phishing,0,iscx_group_004970,development,5.0
ISCX::2018,ISCX-URL2016 Phishing,0,iscx_group_010573,calibration,
ISCX::2019,ISCX-URL2016 Phishing,0,iscx_group_001889,development,4.0
ISCX::2020,ISCX-URL2016 Phishing,0,iscx_group_003405,calibration,
ISCX::2021,ISCX-URL2016 Phishing,0,iscx_group_013175,development,1.0
ISCX::2022,ISCX-URL2016 Phishing,0,iscx_group_014060,test,
ISCX::2023,ISCX-URL2016 Phishing,0,iscx_group_013437,development,4.0
ISCX::2024,ISCX-URL2016 Phishing,0,iscx_group_001088,calibration,
ISCX::2025,ISCX-URL2016 Phishing,0,iscx_group_004208,development,4.0
ISCX::2026,ISCX-URL2016 Phishing,0,iscx_group_005205,development,4.0
ISCX::2027,ISCX-URL2016 Phishing,0,iscx_group_006160,development,5.0
ISCX::2028,ISCX-URL2016 Phishing,0,iscx_group_003832,calibration,
ISCX::2029,ISCX-URL2016 Phishing,0,iscx_group_000518,calibration,
ISCX::2030,ISCX-URL2016 Phishing,0,iscx_group_008568,development,1.0
ISCX::2031,ISCX-URL2016 Phishing,0,iscx_group_014793,development,4.0
ISCX::2032,ISCX-URL2016 Phishing,0,iscx_group_003997,development,2.0
ISCX::2033,ISCX-URL2016 Phishing,0,iscx_group_014115,development,4.0
ISCX::2034,ISCX-URL2016 Phishing,0,iscx_group_007293,development,5.0
ISCX::2035,ISCX-URL2016 Phishing,0,iscx_group_005871,development,3.0
ISCX::2036,ISCX-URL2016 Phishing,0,iscx_group_009348,development,5.0
ISCX::2037,ISCX-URL2016 Phishing,0,iscx_group_001471,calibration,
ISCX::2038,ISCX-URL2016 Phishing,0,iscx_group_014780,development,3.0
ISCX::2039,ISCX-URL2016 Phishing,0,iscx_group_012160,development,5.0
ISCX::2040,ISCX-URL2016 Phishing,0,iscx_group_004377,test,
ISCX::2041,ISCX-URL2016 Phishing,0,iscx_group_013896,calibration,
ISCX::2042,ISCX-URL2016 Phishing,0,iscx_group_012458,development,1.0
ISCX::2043,ISCX-URL2016 Phishing,0,iscx_group_012194,development,5.0
ISCX::2044,ISCX-URL2016 Phishing,0,iscx_group_010863,test,
ISCX::2045,ISCX-URL2016 Phishing,0,iscx_group_001632,calibration,
ISCX::2046,ISCX-URL2016 Phishing,0,iscx_group_001500,development,4.0
ISCX::2047,ISCX-URL2016 Phishing,0,iscx_group_002109,calibration,
ISCX::2048,ISCX-URL2016 Phishing,0,iscx_group_012601,development,1.0
ISCX::2049,ISCX-URL2016 Phishing,0,iscx_group_000516,development,4.0
ISCX::2050,ISCX-URL2016 Phishing,0,iscx_group_012313,development,5.0
ISCX::2051,ISCX-URL2016 Phishing,0,iscx_group_014200,development,3.0
ISCX::2052,ISCX-URL2016 Phishing,0,iscx_group_005948,test,
ISCX::2053,ISCX-URL2016 Phishing,0,iscx_group_006834,development,4.0
ISCX::2054,ISCX-URL2016 Phishing,0,iscx_group_000256,development,2.0
ISCX::2055,ISCX-URL2016 Phishing,0,iscx_group_012479,development,1.0
ISCX::2056,ISCX-URL2016 Phishing,0,iscx_group_007659,test,
ISCX::2057,ISCX-URL2016 Phishing,0,iscx_group_003960,development,3.0
ISCX::2058,ISCX-URL2016 Phishing,0,iscx_group_003560,development,1.0
ISCX::2059,ISCX-URL2016 Phishing,0,iscx_group_004977,test,
ISCX::2060,ISCX-URL2016 Phishing,0,iscx_group_006046,calibration,
ISCX::2061,ISCX-URL2016 Phishing,0,iscx_group_013903,development,3.0
ISCX::2062,ISCX-URL2016 Phishing,0,iscx_group_002352,test,
ISCX::2063,ISCX-URL2016 Phishing,0,iscx_group_006021,development,4.0
ISCX::2064,ISCX-URL2016 Phishing,0,iscx_group_008056,calibration,
ISCX::2065,ISCX-URL2016 Phishing,0,iscx_group_009530,development,3.0
ISCX::2066,ISCX-URL2016 Phishing,0,iscx_group_006229,calibration,
ISCX::2067,ISCX-URL2016 Phishing,0,iscx_group_002223,development,1.0
ISCX::2068,ISCX-URL2016 Phishing,0,iscx_group_013559,test,
ISCX::2069,ISCX-URL2016 Phishing,0,iscx_group_005062,development,1.0
ISCX::2070,ISCX-URL2016 Phishing,0,iscx_group_009404,test,
ISCX::2071,ISCX-URL2016 Phishing,0,iscx_group_011110,development,2.0
ISCX::2072,ISCX-URL2016 Phishing,0,iscx_group_013562,development,3.0
ISCX::2073,ISCX-URL2016 Phishing,0,iscx_group_013546,development,2.0
ISCX::2074,ISCX-URL2016 Phishing,0,iscx_group_007396,test,
ISCX::2075,ISCX-URL2016 Phishing,0,iscx_group_010978,development,1.0
ISCX::2076,ISCX-URL2016 Phishing,0,iscx_group_014285,calibration,
ISCX::2077,ISCX-URL2016 Phishing,0,iscx_group_013661,test,
ISCX::2078,ISCX-URL2016 Phishing,0,iscx_group_013530,development,4.0
ISCX::2079,ISCX-URL2016 Phishing,0,iscx_group_005528,development,4.0
ISCX::2080,ISCX-URL2016 Phishing,0,iscx_group_006460,test,
ISCX::2081,ISCX-URL2016 Phishing,0,iscx_group_008838,development,2.0
ISCX::2082,ISCX-URL2016 Phishing,0,iscx_group_011709,development,2.0
ISCX::2083,ISCX-URL2016 Phishing,0,iscx_group_004452,development,4.0
ISCX::2084,ISCX-URL2016 Phishing,0,iscx_group_011002,development,5.0
ISCX::2085,ISCX-URL2016 Phishing,0,iscx_group_009765,calibration,
ISCX::2086,ISCX-URL2016 Phishing,0,iscx_group_010735,test,
ISCX::2087,ISCX-URL2016 Phishing,0,iscx_group_003588,test,
ISCX::2088,ISCX-URL2016 Phishing,0,iscx_group_009907,development,4.0
ISCX::2089,ISCX-URL2016 Phishing,0,iscx_group_008684,development,3.0
ISCX::2090,ISCX-URL2016 Phishing,0,iscx_group_007977,calibration,
ISCX::2091,ISCX-URL2016 Phishing,0,iscx_group_000473,test,
ISCX::2092,ISCX-URL2016 Phishing,0,iscx_group_009931,development,4.0
ISCX::2093,ISCX-URL2016 Phishing,0,iscx_group_005117,development,5.0
ISCX::2094,ISCX-URL2016 Phishing,0,iscx_group_009538,development,5.0
ISCX::2095,ISCX-URL2016 Phishing,0,iscx_group_007764,calibration,
ISCX::2096,ISCX-URL2016 Phishing,0,iscx_group_001341,development,2.0
ISCX::2097,ISCX-URL2016 Phishing,0,iscx_group_008474,test,
ISCX::2098,ISCX-URL2016 Phishing,0,iscx_group_004914,calibration,
ISCX::2099,ISCX-URL2016 Phishing,0,iscx_group_000366,development,4.0
ISCX::2100,ISCX-URL2016 Phishing,0,iscx_group_012033,development,1.0
ISCX::2101,ISCX-URL2016 Phishing,0,iscx_group_003478,development,5.0
ISCX::2102,ISCX-URL2016 Phishing,0,iscx_group_007282,development,1.0
ISCX::2103,ISCX-URL2016 Phishing,0,iscx_group_007884,development,5.0
ISCX::2104,ISCX-URL2016 Phishing,0,iscx_group_014375,development,4.0
ISCX::2105,ISCX-URL2016 Phishing,0,iscx_group_010480,calibration,
ISCX::2106,ISCX-URL2016 Phishing,0,iscx_group_008499,development,5.0
ISCX::2107,ISCX-URL2016 Phishing,0,iscx_group_003818,development,5.0
ISCX::2108,ISCX-URL2016 Phishing,0,iscx_group_000348,development,2.0
ISCX::2109,ISCX-URL2016 Phishing,0,iscx_group_010186,development,2.0
ISCX::2110,ISCX-URL2016 Phishing,0,iscx_group_002658,test,
ISCX::2111,ISCX-URL2016 Phishing,0,iscx_group_012429,development,1.0
ISCX::2112,ISCX-URL2016 Phishing,0,iscx_group_000078,development,5.0
ISCX::2113,ISCX-URL2016 Phishing,0,iscx_group_013792,development,1.0
ISCX::2114,ISCX-URL2016 Phishing,0,iscx_group_010921,development,1.0
ISCX::2115,ISCX-URL2016 Phishing,0,iscx_group_011814,development,4.0
ISCX::2116,ISCX-URL2016 Phishing,0,iscx_group_014242,development,2.0
ISCX::2117,ISCX-URL2016 Phishing,0,iscx_group_007208,calibration,
ISCX::2118,ISCX-URL2016 Phishing,0,iscx_group_012894,development,4.0
ISCX::2119,ISCX-URL2016 Phishing,0,iscx_group_012072,test,
ISCX::2120,ISCX-URL2016 Phishing,0,iscx_group_004210,test,
ISCX::2121,ISCX-URL2016 Phishing,0,iscx_group_009138,development,1.0
ISCX::2122,ISCX-URL2016 Phishing,0,iscx_group_009324,development,4.0
ISCX::2123,ISCX-URL2016 Phishing,0,iscx_group_008050,development,3.0
ISCX::2124,ISCX-URL2016 Phishing,0,iscx_group_010506,development,1.0
ISCX::2125,ISCX-URL2016 Phishing,0,iscx_group_013875,development,4.0
ISCX::2126,ISCX-URL2016 Phishing,0,iscx_group_000911,development,5.0
ISCX::2127,ISCX-URL2016 Phishing,0,iscx_group_010082,development,5.0
ISCX::2128,ISCX-URL2016 Phishing,0,iscx_group_006055,calibration,
ISCX::2129,ISCX-URL2016 Phishing,0,iscx_group_000415,test,
ISCX::2130,ISCX-URL2016 Phishing,0,iscx_group_003092,test,
ISCX::2131,ISCX-URL2016 Phishing,0,iscx_group_003242,development,4.0
ISCX::2132,ISCX-URL2016 Phishing,0,iscx_group_003126,development,1.0
ISCX::2133,ISCX-URL2016 Phishing,0,iscx_group_009379,development,2.0
ISCX::2134,ISCX-URL2016 Phishing,0,iscx_group_003157,development,1.0
ISCX::2135,ISCX-URL2016 Phishing,0,iscx_group_002729,calibration,
ISCX::2136,ISCX-URL2016 Phishing,0,iscx_group_011168,development,1.0
ISCX::2137,ISCX-URL2016 Phishing,0,iscx_group_004882,test,
ISCX::2138,ISCX-URL2016 Phishing,0,iscx_group_004228,development,3.0
ISCX::2139,ISCX-URL2016 Phishing,0,iscx_group_002964,calibration,
ISCX::2140,ISCX-URL2016 Phishing,0,iscx_group_006326,calibration,
ISCX::2141,ISCX-URL2016 Phishing,0,iscx_group_012854,development,5.0
ISCX::2142,ISCX-URL2016 Phishing,0,iscx_group_004407,calibration,
ISCX::2143,ISCX-URL2016 Phishing,0,iscx_group_002173,calibration,
ISCX::2144,ISCX-URL2016 Phishing,0,iscx_group_003490,development,1.0
ISCX::2145,ISCX-URL2016 Phishing,0,iscx_group_008945,development,3.0
ISCX::2146,ISCX-URL2016 Phishing,0,iscx_group_010695,calibration,
ISCX::2147,ISCX-URL2016 Phishing,0,iscx_group_005418,development,5.0
ISCX::2148,ISCX-URL2016 Phishing,0,iscx_group_010991,calibration,
ISCX::2149,ISCX-URL2016 Phishing,0,iscx_group_014803,test,
ISCX::2150,ISCX-URL2016 Phishing,0,iscx_group_000659,development,2.0
ISCX::2151,ISCX-URL2016 Phishing,0,iscx_group_011823,calibration,
ISCX::2152,ISCX-URL2016 Phishing,0,iscx_group_003659,development,5.0
ISCX::2153,ISCX-URL2016 Phishing,0,iscx_group_010902,calibration,
ISCX::2154,ISCX-URL2016 Phishing,0,iscx_group_003449,test,
ISCX::2155,ISCX-URL2016 Phishing,0,iscx_group_004000,development,5.0
ISCX::2156,ISCX-URL2016 Phishing,0,iscx_group_008273,development,3.0
ISCX::2157,ISCX-URL2016 Phishing,0,iscx_group_012014,development,3.0
ISCX::2158,ISCX-URL2016 Phishing,0,iscx_group_010566,development,3.0
ISCX::2159,ISCX-URL2016 Phishing,0,iscx_group_014474,development,1.0
ISCX::2160,ISCX-URL2016 Phishing,0,iscx_group_000359,development,1.0
ISCX::2161,ISCX-URL2016 Phishing,0,iscx_group_009163,development,4.0
ISCX::2162,ISCX-URL2016 Phishing,0,iscx_group_005305,calibration,
ISCX::2163,ISCX-URL2016 Phishing,0,iscx_group_007525,development,3.0
ISCX::2164,ISCX-URL2016 Phishing,0,iscx_group_002201,test,
ISCX::2165,ISCX-URL2016 Phishing,0,iscx_group_014654,test,
ISCX::2166,ISCX-URL2016 Phishing,0,iscx_group_002814,development,2.0
ISCX::2167,ISCX-URL2016 Phishing,0,iscx_group_011227,development,1.0
ISCX::2168,ISCX-URL2016 Phishing,0,iscx_group_014483,development,4.0
ISCX::2169,ISCX-URL2016 Phishing,0,iscx_group_009990,development,3.0
ISCX::2170,ISCX-URL2016 Phishing,0,iscx_group_001110,test,
ISCX::2171,ISCX-URL2016 Phishing,0,iscx_group_014645,calibration,
ISCX::2172,ISCX-URL2016 Phishing,0,iscx_group_007235,development,4.0
ISCX::2173,ISCX-URL2016 Phishing,0,iscx_group_007674,calibration,
ISCX::2174,ISCX-URL2016 Phishing,0,iscx_group_004442,development,2.0
ISCX::2175,ISCX-URL2016 Phishing,0,iscx_group_001790,development,1.0
ISCX::2176,ISCX-URL2016 Phishing,0,iscx_group_002743,development,4.0
ISCX::2177,ISCX-URL2016 Phishing,0,iscx_group_007855,development,3.0
ISCX::2178,ISCX-URL2016 Phishing,0,iscx_group_003735,development,5.0
ISCX::2179,ISCX-URL2016 Phishing,0,iscx_group_010716,calibration,
ISCX::2180,ISCX-URL2016 Phishing,0,iscx_group_006010,development,1.0
ISCX::2181,ISCX-URL2016 Phishing,0,iscx_group_000997,development,3.0
ISCX::2182,ISCX-URL2016 Phishing,0,iscx_group_011664,test,
ISCX::2183,ISCX-URL2016 Phishing,0,iscx_group_013707,development,5.0
ISCX::2184,ISCX-URL2016 Phishing,0,iscx_group_002589,calibration,
ISCX::2185,ISCX-URL2016 Phishing,0,iscx_group_002359,test,
ISCX::2186,ISCX-URL2016 Phishing,0,iscx_group_012446,test,
ISCX::2187,ISCX-URL2016 Phishing,0,iscx_group_010729,calibration,
ISCX::2188,ISCX-URL2016 Phishing,0,iscx_group_010817,test,
ISCX::2189,ISCX-URL2016 Phishing,0,iscx_group_008888,development,5.0
ISCX::2190,ISCX-URL2016 Phishing,0,iscx_group_010406,development,3.0
ISCX::2191,ISCX-URL2016 Phishing,0,iscx_group_010768,development,3.0
ISCX::2192,ISCX-URL2016 Phishing,0,iscx_group_009323,calibration,
ISCX::2193,ISCX-URL2016 Phishing,0,iscx_group_009946,development,4.0
ISCX::2194,ISCX-URL2016 Phishing,0,iscx_group_006676,development,2.0
ISCX::2195,ISCX-URL2016 Phishing,0,iscx_group_004548,development,2.0
ISCX::2196,ISCX-URL2016 Phishing,0,iscx_group_004916,test,
ISCX::2197,ISCX-URL2016 Phishing,0,iscx_group_002756,development,3.0
ISCX::2198,ISCX-URL2016 Phishing,0,iscx_group_014587,development,2.0
ISCX::2199,ISCX-URL2016 Phishing,0,iscx_group_012810,development,2.0
ISCX::2200,ISCX-URL2016 Phishing,0,iscx_group_002058,test,
ISCX::2201,ISCX-URL2016 Phishing,0,iscx_group_014636,development,3.0
ISCX::2202,ISCX-URL2016 Phishing,0,iscx_group_011091,test,
ISCX::2203,ISCX-URL2016 Phishing,0,iscx_group_010721,development,2.0
ISCX::2204,ISCX-URL2016 Phishing,0,iscx_group_003782,development,4.0
ISCX::2205,ISCX-URL2016 Phishing,0,iscx_group_009929,development,5.0
ISCX::2206,ISCX-URL2016 Phishing,0,iscx_group_010543,development,1.0
ISCX::2207,ISCX-URL2016 Phishing,0,iscx_group_006538,calibration,
ISCX::2208,ISCX-URL2016 Phishing,0,iscx_group_008909,calibration,
ISCX::2209,ISCX-URL2016 Phishing,0,iscx_group_013662,development,1.0
ISCX::2210,ISCX-URL2016 Phishing,0,iscx_group_012802,development,5.0
ISCX::2211,ISCX-URL2016 Phishing,0,iscx_group_005895,test,
ISCX::2212,ISCX-URL2016 Phishing,0,iscx_group_001124,development,5.0
ISCX::2213,ISCX-URL2016 Phishing,0,iscx_group_003844,development,2.0
ISCX::2214,ISCX-URL2016 Phishing,0,iscx_group_013007,calibration,
ISCX::2215,ISCX-URL2016 Phishing,0,iscx_group_008892,development,5.0
ISCX::2216,ISCX-URL2016 Phishing,0,iscx_group_012613,calibration,
ISCX::2217,ISCX-URL2016 Phishing,0,iscx_group_004793,development,2.0
ISCX::2218,ISCX-URL2016 Phishing,0,iscx_group_002060,calibration,
ISCX::2219,ISCX-URL2016 Phishing,0,iscx_group_014455,development,1.0
ISCX::2220,ISCX-URL2016 Phishing,0,iscx_group_009963,calibration,
ISCX::2221,ISCX-URL2016 Phishing,0,iscx_group_014310,test,
ISCX::2222,ISCX-URL2016 Phishing,0,iscx_group_002923,test,
ISCX::2223,ISCX-URL2016 Phishing,0,iscx_group_003253,development,1.0
ISCX::2224,ISCX-URL2016 Phishing,0,iscx_group_014713,development,5.0
ISCX::2225,ISCX-URL2016 Phishing,0,iscx_group_002341,development,1.0
ISCX::2226,ISCX-URL2016 Phishing,0,iscx_group_010771,development,3.0
ISCX::2227,ISCX-URL2016 Phishing,0,iscx_group_006772,test,
ISCX::2228,ISCX-URL2016 Phishing,0,iscx_group_002713,development,4.0
ISCX::2229,ISCX-URL2016 Phishing,0,iscx_group_007902,development,5.0
ISCX::2230,ISCX-URL2016 Phishing,0,iscx_group_006043,test,
ISCX::2231,ISCX-URL2016 Phishing,0,iscx_group_004190,development,1.0
ISCX::2232,ISCX-URL2016 Phishing,0,iscx_group_003676,development,5.0
ISCX::2233,ISCX-URL2016 Phishing,0,iscx_group_008112,calibration,
ISCX::2234,ISCX-URL2016 Phishing,0,iscx_group_009587,calibration,
ISCX::2235,ISCX-URL2016 Phishing,0,iscx_group_009269,development,3.0
ISCX::2236,ISCX-URL2016 Phishing,0,iscx_group_003447,test,
ISCX::2237,ISCX-URL2016 Phishing,0,iscx_group_009985,test,
ISCX::2238,ISCX-URL2016 Phishing,0,iscx_group_014173,calibration,
ISCX::2239,ISCX-URL2016 Phishing,0,iscx_group_007589,test,
ISCX::2240,ISCX-URL2016 Phishing,0,iscx_group_013549,test,
ISCX::2241,ISCX-URL2016 Phishing,0,iscx_group_012121,calibration,
ISCX::2242,ISCX-URL2016 Phishing,0,iscx_group_007953,development,1.0
ISCX::2243,ISCX-URL2016 Phishing,0,iscx_group_011668,development,4.0
ISCX::2244,ISCX-URL2016 Phishing,0,iscx_group_014781,development,2.0
ISCX::2245,ISCX-URL2016 Phishing,0,iscx_group_004600,test,
ISCX::2246,ISCX-URL2016 Phishing,0,iscx_group_003967,calibration,
ISCX::2247,ISCX-URL2016 Phishing,0,iscx_group_013785,development,2.0
ISCX::2248,ISCX-URL2016 Phishing,0,iscx_group_007280,development,1.0
ISCX::2249,ISCX-URL2016 Phishing,0,iscx_group_014293,development,1.0
ISCX::2250,ISCX-URL2016 Phishing,0,iscx_group_007963,development,5.0
ISCX::2251,ISCX-URL2016 Phishing,0,iscx_group_013610,test,
ISCX::2252,ISCX-URL2016 Phishing,0,iscx_group_003099,calibration,
ISCX::2253,ISCX-URL2016 Phishing,0,iscx_group_011997,development,3.0
ISCX::2254,ISCX-URL2016 Phishing,0,iscx_group_010541,calibration,
ISCX::2255,ISCX-URL2016 Phishing,0,iscx_group_012920,development,5.0
ISCX::2256,ISCX-URL2016 Phishing,0,iscx_group_003094,test,
ISCX::2257,ISCX-URL2016 Phishing,0,iscx_group_002738,development,1.0
ISCX::2258,ISCX-URL2016 Phishing,0,iscx_group_009193,test,
ISCX::2259,ISCX-URL2016 Phishing,0,iscx_group_005969,test,
ISCX::2260,ISCX-URL2016 Phishing,0,iscx_group_014207,calibration,
ISCX::2261,ISCX-URL2016 Phishing,0,iscx_group_013306,calibration,
ISCX::2262,ISCX-URL2016 Phishing,0,iscx_group_001794,test,
ISCX::2263,ISCX-URL2016 Phishing,0,iscx_group_005863,development,3.0
ISCX::2264,ISCX-URL2016 Phishing,0,iscx_group_011586,development,1.0
ISCX::2265,ISCX-URL2016 Phishing,0,iscx_group_013604,development,4.0
ISCX::2266,ISCX-URL2016 Phishing,0,iscx_group_014597,calibration,
ISCX::2267,ISCX-URL2016 Phishing,0,iscx_group_013358,test,
ISCX::2268,ISCX-URL2016 Phishing,0,iscx_group_006218,development,1.0
ISCX::2269,ISCX-URL2016 Phishing,0,iscx_group_002024,test,
ISCX::2270,ISCX-URL2016 Phishing,0,iscx_group_011213,test,
ISCX::2271,ISCX-URL2016 Phishing,0,iscx_group_001727,development,3.0
ISCX::2272,ISCX-URL2016 Phishing,0,iscx_group_014574,calibration,
ISCX::2273,ISCX-URL2016 Phishing,0,iscx_group_007129,calibration,
ISCX::2274,ISCX-URL2016 Phishing,0,iscx_group_008870,test,
ISCX::2275,ISCX-URL2016 Phishing,0,iscx_group_012855,development,2.0
ISCX::2276,ISCX-URL2016 Phishing,0,iscx_group_013044,calibration,
ISCX::2277,ISCX-URL2016 Phishing,0,iscx_group_006246,test,
ISCX::2278,ISCX-URL2016 Phishing,0,iscx_group_008668,development,3.0
ISCX::2279,ISCX-URL2016 Phishing,0,iscx_group_000029,development,4.0
ISCX::2280,ISCX-URL2016 Phishing,0,iscx_group_001523,calibration,
ISCX::2281,ISCX-URL2016 Phishing,0,iscx_group_000590,development,1.0
ISCX::2282,ISCX-URL2016 Phishing,0,iscx_group_008563,development,5.0
ISCX::2283,ISCX-URL2016 Phishing,0,iscx_group_005857,development,2.0
ISCX::2284,ISCX-URL2016 Phishing,0,iscx_group_008860,development,2.0
ISCX::2285,ISCX-URL2016 Phishing,0,iscx_group_013778,development,2.0
ISCX::2286,ISCX-URL2016 Phishing,0,iscx_group_002150,development,5.0
ISCX::2287,ISCX-URL2016 Phishing,0,iscx_group_013710,test,
ISCX::2288,ISCX-URL2016 Phishing,0,iscx_group_008124,test,
ISCX::2289,ISCX-URL2016 Phishing,0,iscx_group_011609,calibration,
ISCX::2290,ISCX-URL2016 Phishing,0,iscx_group_003063,calibration,
ISCX::2291,ISCX-URL2016 Phishing,0,iscx_group_005591,development,3.0
ISCX::2292,ISCX-URL2016 Phishing,0,iscx_group_012938,development,2.0
ISCX::2293,ISCX-URL2016 Phishing,0,iscx_group_013077,development,1.0
ISCX::2294,ISCX-URL2016 Phishing,0,iscx_group_004494,development,3.0
ISCX::2295,ISCX-URL2016 Phishing,0,iscx_group_004007,development,1.0
ISCX::2296,ISCX-URL2016 Phishing,0,iscx_group_006712,development,2.0
ISCX::2297,ISCX-URL2016 Phishing,0,iscx_group_010911,development,2.0
ISCX::2298,ISCX-URL2016 Phishing,0,iscx_group_000727,test,
ISCX::2299,ISCX-URL2016 Phishing,0,iscx_group_001400,development,1.0
ISCX::2300,ISCX-URL2016 Phishing,0,iscx_group_008862,calibration,
ISCX::2301,ISCX-URL2016 Phishing,0,iscx_group_006544,test,
ISCX::2302,ISCX-URL2016 Phishing,0,iscx_group_011574,development,4.0
ISCX::2303,ISCX-URL2016 Phishing,0,iscx_group_000218,development,5.0
ISCX::2304,ISCX-URL2016 Phishing,0,iscx_group_004076,development,2.0
ISCX::2305,ISCX-URL2016 Phishing,0,iscx_group_011626,calibration,
ISCX::2306,ISCX-URL2016 Phishing,0,iscx_group_010264,development,3.0
ISCX::2307,ISCX-URL2016 Phishing,0,iscx_group_006033,development,2.0
ISCX::2308,ISCX-URL2016 Phishing,0,iscx_group_001155,development,3.0
ISCX::2309,ISCX-URL2016 Phishing,0,iscx_group_003741,calibration,
ISCX::2310,ISCX-URL2016 Phishing,0,iscx_group_000307,development,4.0
ISCX::2311,ISCX-URL2016 Phishing,0,iscx_group_000153,development,3.0
ISCX::2312,ISCX-URL2016 Phishing,0,iscx_group_003291,calibration,
ISCX::2313,ISCX-URL2016 Phishing,0,iscx_group_006762,development,2.0
ISCX::2314,ISCX-URL2016 Phishing,0,iscx_group_002486,development,3.0
ISCX::2315,ISCX-URL2016 Phishing,0,iscx_group_001539,development,1.0
ISCX::2316,ISCX-URL2016 Phishing,0,iscx_group_010171,calibration,
ISCX::2317,ISCX-URL2016 Phishing,0,iscx_group_000436,development,3.0
ISCX::2318,ISCX-URL2016 Phishing,0,iscx_group_011512,calibration,
ISCX::2319,ISCX-URL2016 Phishing,0,iscx_group_005503,calibration,
ISCX::2320,ISCX-URL2016 Phishing,0,iscx_group_011900,development,2.0
ISCX::2321,ISCX-URL2016 Phishing,0,iscx_group_009710,development,2.0
ISCX::2322,ISCX-URL2016 Phishing,0,iscx_group_001735,development,5.0
ISCX::2323,ISCX-URL2016 Phishing,0,iscx_group_010511,development,1.0
ISCX::2324,ISCX-URL2016 Phishing,0,iscx_group_007150,development,4.0
ISCX::2325,ISCX-URL2016 Phishing,0,iscx_group_012150,calibration,
ISCX::2326,ISCX-URL2016 Phishing,0,iscx_group_002378,development,3.0
ISCX::2327,ISCX-URL2016 Phishing,0,iscx_group_007476,development,1.0
ISCX::2328,ISCX-URL2016 Phishing,0,iscx_group_010968,development,4.0
ISCX::2329,ISCX-URL2016 Phishing,0,iscx_group_007510,development,2.0
ISCX::2330,ISCX-URL2016 Phishing,0,iscx_group_006132,test,
ISCX::2331,ISCX-URL2016 Phishing,0,iscx_group_013186,development,1.0
ISCX::2332,ISCX-URL2016 Phishing,0,iscx_group_013987,development,2.0
ISCX::2333,ISCX-URL2016 Phishing,0,iscx_group_008166,development,5.0
ISCX::2334,ISCX-URL2016 Phishing,0,iscx_group_007964,test,
ISCX::2335,ISCX-URL2016 Phishing,0,iscx_group_013026,development,3.0
ISCX::2336,ISCX-URL2016 Phishing,0,iscx_group_008195,development,2.0
ISCX::2337,ISCX-URL2016 Phishing,0,iscx_group_002047,development,3.0
ISCX::2338,ISCX-URL2016 Phishing,0,iscx_group_010956,test,
ISCX::2339,ISCX-URL2016 Phishing,0,iscx_group_008921,development,3.0
ISCX::2340,ISCX-URL2016 Phishing,0,iscx_group_009368,development,3.0
ISCX::2341,ISCX-URL2016 Phishing,0,iscx_group_008208,development,1.0
ISCX::2342,ISCX-URL2016 Phishing,0,iscx_group_001963,test,
ISCX::2343,ISCX-URL2016 Phishing,0,iscx_group_005262,development,1.0
ISCX::2344,ISCX-URL2016 Phishing,0,iscx_group_005668,development,3.0
ISCX::2345,ISCX-URL2016 Phishing,0,iscx_group_005834,development,5.0
ISCX::2346,ISCX-URL2016 Phishing,0,iscx_group_014573,calibration,
ISCX::2347,ISCX-URL2016 Phishing,0,iscx_group_002735,development,3.0
ISCX::2348,ISCX-URL2016 Phishing,0,iscx_group_004950,test,
ISCX::2349,ISCX-URL2016 Phishing,0,iscx_group_004895,test,
ISCX::2350,ISCX-URL2016 Phishing,0,iscx_group_008279,development,4.0
ISCX::2351,ISCX-URL2016 Phishing,0,iscx_group_003073,development,4.0
ISCX::2352,ISCX-URL2016 Phishing,0,iscx_group_001528,development,1.0
ISCX::2353,ISCX-URL2016 Phishing,0,iscx_group_006009,calibration,
ISCX::2354,ISCX-URL2016 Phishing,0,iscx_group_013323,development,2.0
ISCX::2355,ISCX-URL2016 Phishing,0,iscx_group_004514,development,2.0
ISCX::2356,ISCX-URL2016 Phishing,0,iscx_group_007819,calibration,
ISCX::2357,ISCX-URL2016 Phishing,0,iscx_group_011679,development,5.0
ISCX::2358,ISCX-URL2016 Phishing,0,iscx_group_004300,development,4.0
ISCX::2359,ISCX-URL2016 Phishing,0,iscx_group_000408,development,2.0
ISCX::2360,ISCX-URL2016 Phishing,0,iscx_group_004120,calibration,
ISCX::2361,ISCX-URL2016 Phishing,0,iscx_group_001536,calibration,
ISCX::2362,ISCX-URL2016 Phishing,0,iscx_group_009667,calibration,
ISCX::2363,ISCX-URL2016 Phishing,0,iscx_group_002215,development,4.0
ISCX::2364,ISCX-URL2016 Phishing,0,iscx_group_004385,development,4.0
ISCX::2365,ISCX-URL2016 Phishing,0,iscx_group_009913,development,5.0
ISCX::2366,ISCX-URL2016 Phishing,0,iscx_group_006134,development,3.0
ISCX::2367,ISCX-URL2016 Phishing,0,iscx_group_007906,calibration,
ISCX::2368,ISCX-URL2016 Phishing,0,iscx_group_005812,development,5.0
ISCX::2369,ISCX-URL2016 Phishing,0,iscx_group_003273,calibration,
ISCX::2370,ISCX-URL2016 Phishing,0,iscx_group_011264,test,
ISCX::2371,ISCX-URL2016 Phishing,0,iscx_group_012719,development,4.0
ISCX::2372,ISCX-URL2016 Phishing,0,iscx_group_006339,calibration,
ISCX::2373,ISCX-URL2016 Phishing,0,iscx_group_013307,calibration,
ISCX::2374,ISCX-URL2016 Phishing,0,iscx_group_010223,calibration,
ISCX::2375,ISCX-URL2016 Phishing,0,iscx_group_004719,test,
ISCX::2376,ISCX-URL2016 Phishing,0,iscx_group_014595,test,
ISCX::2377,ISCX-URL2016 Phishing,0,iscx_group_011776,development,1.0
ISCX::2378,ISCX-URL2016 Phishing,0,iscx_group_011196,development,4.0
ISCX::2379,ISCX-URL2016 Phishing,0,iscx_group_002537,development,5.0
ISCX::2380,ISCX-URL2016 Phishing,0,iscx_group_008495,development,3.0
ISCX::2381,ISCX-URL2016 Phishing,0,iscx_group_003122,development,3.0
ISCX::2382,ISCX-URL2016 Phishing,0,iscx_group_010969,development,2.0
ISCX::2383,ISCX-URL2016 Phishing,0,iscx_group_002314,development,3.0
ISCX::2384,ISCX-URL2016 Phishing,0,iscx_group_004553,development,2.0
ISCX::2385,ISCX-URL2016 Phishing,0,iscx_group_001481,test,
ISCX::2386,ISCX-URL2016 Phishing,0,iscx_group_002822,calibration,
ISCX::2387,ISCX-URL2016 Phishing,0,iscx_group_001841,calibration,
ISCX::2388,ISCX-URL2016 Phishing,0,iscx_group_009281,development,3.0
ISCX::2389,ISCX-URL2016 Phishing,0,iscx_group_003091,development,1.0
ISCX::2390,ISCX-URL2016 Phishing,0,iscx_group_009771,test,
ISCX::2391,ISCX-URL2016 Phishing,0,iscx_group_007944,test,
ISCX::2392,ISCX-URL2016 Phishing,0,iscx_group_012685,calibration,
ISCX::2393,ISCX-URL2016 Phishing,0,iscx_group_011804,calibration,
ISCX::2394,ISCX-URL2016 Phishing,0,iscx_group_014717,development,4.0
ISCX::2395,ISCX-URL2016 Phishing,0,iscx_group_008020,calibration,
ISCX::2396,ISCX-URL2016 Phishing,0,iscx_group_000402,development,3.0
ISCX::2397,ISCX-URL2016 Phishing,0,iscx_group_008125,development,4.0
ISCX::2398,ISCX-URL2016 Phishing,0,iscx_group_003774,development,3.0
ISCX::2399,ISCX-URL2016 Phishing,0,iscx_group_012254,development,1.0
ISCX::2400,ISCX-URL2016 Phishing,0,iscx_group_005891,development,4.0
ISCX::2401,ISCX-URL2016 Phishing,0,iscx_group_007641,calibration,
ISCX::2402,ISCX-URL2016 Phishing,0,iscx_group_006177,development,1.0
ISCX::2403,ISCX-URL2016 Phishing,0,iscx_group_002515,development,3.0
ISCX::2404,ISCX-URL2016 Phishing,0,iscx_group_003236,development,1.0
ISCX::2405,ISCX-URL2016 Phishing,0,iscx_group_001054,development,4.0
ISCX::2406,ISCX-URL2016 Phishing,0,iscx_group_000315,calibration,
ISCX::2407,ISCX-URL2016 Phishing,0,iscx_group_011710,development,5.0
ISCX::2408,ISCX-URL2016 Phishing,0,iscx_group_008815,development,3.0
ISCX::2409,ISCX-URL2016 Phishing,0,iscx_group_004079,calibration,
ISCX::2410,ISCX-URL2016 Phishing,0,iscx_group_000742,development,1.0
ISCX::2411,ISCX-URL2016 Phishing,0,iscx_group_012469,development,5.0
ISCX::2412,ISCX-URL2016 Phishing,0,iscx_group_006088,development,5.0
ISCX::2413,ISCX-URL2016 Phishing,0,iscx_group_008429,calibration,
ISCX::2414,ISCX-URL2016 Phishing,0,iscx_group_012240,development,1.0
ISCX::2415,ISCX-URL2016 Phishing,0,iscx_group_011642,development,2.0
ISCX::2416,ISCX-URL2016 Phishing,0,iscx_group_003487,development,2.0
ISCX::2417,ISCX-URL2016 Phishing,0,iscx_group_010279,development,3.0
ISCX::2418,ISCX-URL2016 Phishing,0,iscx_group_001928,development,4.0
ISCX::2419,ISCX-URL2016 Phishing,0,iscx_group_014260,development,1.0
ISCX::2420,ISCX-URL2016 Phishing,0,iscx_group_010414,development,3.0
ISCX::2421,ISCX-URL2016 Phishing,0,iscx_group_008880,development,1.0
ISCX::2422,ISCX-URL2016 Phishing,0,iscx_group_012850,calibration,
ISCX::2423,ISCX-URL2016 Phishing,0,iscx_group_006599,development,2.0
ISCX::2424,ISCX-URL2016 Phishing,0,iscx_group_012095,development,4.0
ISCX::2425,ISCX-URL2016 Phishing,0,iscx_group_010336,calibration,
ISCX::2426,ISCX-URL2016 Phishing,0,iscx_group_003469,development,4.0
ISCX::2427,ISCX-URL2016 Phishing,0,iscx_group_003968,development,5.0
ISCX::2428,ISCX-URL2016 Phishing,0,iscx_group_004749,development,4.0
ISCX::2429,ISCX-URL2016 Phishing,0,iscx_group_009774,calibration,
ISCX::2430,ISCX-URL2016 Phishing,0,iscx_group_008440,development,4.0
ISCX::2431,ISCX-URL2016 Phishing,0,iscx_group_001001,test,
ISCX::2432,ISCX-URL2016 Phishing,0,iscx_group_000423,calibration,
ISCX::2433,ISCX-URL2016 Phishing,0,iscx_group_008584,test,
ISCX::2434,ISCX-URL2016 Phishing,0,iscx_group_010998,development,4.0
ISCX::2435,ISCX-URL2016 Phishing,0,iscx_group_003733,test,
ISCX::2436,ISCX-URL2016 Phishing,0,iscx_group_002683,development,1.0
ISCX::2437,ISCX-URL2016 Phishing,0,iscx_group_008170,development,3.0
ISCX::2438,ISCX-URL2016 Phishing,0,iscx_group_011186,development,4.0
ISCX::2439,ISCX-URL2016 Phishing,0,iscx_group_004723,development,4.0
ISCX::2440,ISCX-URL2016 Phishing,0,iscx_group_012235,development,2.0
ISCX::2441,ISCX-URL2016 Phishing,0,iscx_group_000320,development,4.0
ISCX::2442,ISCX-URL2016 Phishing,0,iscx_group_013149,test,
ISCX::2443,ISCX-URL2016 Phishing,0,iscx_group_004724,calibration,
ISCX::2444,ISCX-URL2016 Phishing,0,iscx_group_009693,development,4.0
ISCX::2445,ISCX-URL2016 Phishing,0,iscx_group_006571,development,1.0
ISCX::2446,ISCX-URL2016 Phishing,0,iscx_group_006280,development,5.0
ISCX::2447,ISCX-URL2016 Phishing,0,iscx_group_014638,development,3.0
ISCX::2448,ISCX-URL2016 Phishing,0,iscx_group_012809,calibration,
ISCX::2449,ISCX-URL2016 Phishing,0,iscx_group_013671,development,1.0
ISCX::2450,ISCX-URL2016 Phishing,0,iscx_group_010129,development,5.0
ISCX::2451,ISCX-URL2016 Phishing,0,iscx_group_011728,development,1.0
ISCX::2452,ISCX-URL2016 Phishing,0,iscx_group_009731,test,
ISCX::2453,ISCX-URL2016 Phishing,0,iscx_group_003758,development,2.0
ISCX::2454,ISCX-URL2016 Phishing,0,iscx_group_009823,development,4.0
ISCX::2455,ISCX-URL2016 Phishing,0,iscx_group_005253,calibration,
ISCX::2456,ISCX-URL2016 Phishing,0,iscx_group_000853,development,1.0
ISCX::2457,ISCX-URL2016 Phishing,0,iscx_group_013526,development,2.0
ISCX::2458,ISCX-URL2016 Phishing,0,iscx_group_013241,calibration,
ISCX::2459,ISCX-URL2016 Phishing,0,iscx_group_001653,development,2.0
ISCX::2460,ISCX-URL2016 Phishing,0,iscx_group_002186,development,1.0
ISCX::2461,ISCX-URL2016 Phishing,0,iscx_group_007209,development,1.0
ISCX::2462,ISCX-URL2016 Phishing,0,iscx_group_005226,calibration,
ISCX::2463,ISCX-URL2016 Phishing,0,iscx_group_013823,development,1.0
ISCX::2464,ISCX-URL2016 Phishing,0,iscx_group_012780,development,1.0
ISCX::2465,ISCX-URL2016 Phishing,0,iscx_group_005734,test,
ISCX::2466,ISCX-URL2016 Phishing,0,iscx_group_000861,test,
ISCX::2467,ISCX-URL2016 Phishing,0,iscx_group_004607,development,5.0
ISCX::2468,ISCX-URL2016 Phishing,0,iscx_group_011448,development,5.0
ISCX::2469,ISCX-URL2016 Phishing,0,iscx_group_002546,development,4.0
ISCX::2470,ISCX-URL2016 Phishing,0,iscx_group_004002,development,3.0
ISCX::2471,ISCX-URL2016 Phishing,0,iscx_group_000093,development,5.0
ISCX::2472,ISCX-URL2016 Phishing,0,iscx_group_009571,development,1.0
ISCX::2473,ISCX-URL2016 Phishing,0,iscx_group_004755,development,1.0
ISCX::2474,ISCX-URL2016 Phishing,0,iscx_group_007016,test,
ISCX::2475,ISCX-URL2016 Phishing,0,iscx_group_013414,development,1.0
ISCX::2476,ISCX-URL2016 Phishing,0,iscx_group_014371,test,
ISCX::2477,ISCX-URL2016 Phishing,0,iscx_group_014753,development,2.0
ISCX::2478,ISCX-URL2016 Phishing,0,iscx_group_002296,development,1.0
ISCX::2479,ISCX-URL2016 Phishing,0,iscx_group_007434,development,2.0
ISCX::2480,ISCX-URL2016 Phishing,0,iscx_group_003661,development,1.0
ISCX::2481,ISCX-URL2016 Phishing,0,iscx_group_005565,test,
ISCX::2482,ISCX-URL2016 Phishing,0,iscx_group_008827,development,4.0
ISCX::2483,ISCX-URL2016 Phishing,0,iscx_group_012857,test,
ISCX::2484,ISCX-URL2016 Phishing,0,iscx_group_009198,development,2.0
ISCX::2485,ISCX-URL2016 Phishing,0,iscx_group_001455,development,2.0
ISCX::2486,ISCX-URL2016 Phishing,0,iscx_group_011922,development,3.0
ISCX::2487,ISCX-URL2016 Phishing,0,iscx_group_013629,test,
ISCX::2488,ISCX-URL2016 Phishing,0,iscx_group_011132,development,5.0
ISCX::2489,ISCX-URL2016 Phishing,0,iscx_group_004918,development,4.0
ISCX::2490,ISCX-URL2016 Phishing,0,iscx_group_002193,development,1.0
ISCX::2491,ISCX-URL2016 Phishing,0,iscx_group_006955,development,5.0
ISCX::2492,ISCX-URL2016 Phishing,0,iscx_group_000705,development,1.0
ISCX::2493,ISCX-URL2016 Phishing,0,iscx_group_004596,development,3.0
ISCX::2494,ISCX-URL2016 Phishing,0,iscx_group_008671,development,4.0
ISCX::2495,ISCX-URL2016 Phishing,0,iscx_group_010446,development,2.0
ISCX::2496,ISCX-URL2016 Phishing,0,iscx_group_002560,development,2.0
ISCX::2497,ISCX-URL2016 Phishing,0,iscx_group_002640,development,2.0
ISCX::2498,ISCX-URL2016 Phishing,0,iscx_group_013510,development,5.0
ISCX::2499,ISCX-URL2016 Phishing,0,iscx_group_003244,development,2.0
ISCX::2500,ISCX-URL2016 Phishing,0,iscx_group_004527,development,2.0
ISCX::2501,ISCX-URL2016 Phishing,0,iscx_group_009764,development,2.0
ISCX::2502,ISCX-URL2016 Phishing,0,iscx_group_010021,test,
ISCX::2503,ISCX-URL2016 Phishing,0,iscx_group_005887,development,4.0
ISCX::2504,ISCX-URL2016 Phishing,0,iscx_group_007796,development,5.0
ISCX::2505,ISCX-URL2016 Phishing,0,iscx_group_006333,development,2.0
ISCX::2506,ISCX-URL2016 Phishing,0,iscx_group_005345,development,4.0
ISCX::2507,ISCX-URL2016 Phishing,0,iscx_group_004344,test,
ISCX::2508,ISCX-URL2016 Phishing,0,iscx_group_002198,development,3.0
ISCX::2509,ISCX-URL2016 Phishing,0,iscx_group_010591,development,4.0
ISCX::2510,ISCX-URL2016 Phishing,0,iscx_group_003719,development,4.0
ISCX::2511,ISCX-URL2016 Phishing,0,iscx_group_004550,development,1.0
ISCX::2512,ISCX-URL2016 Phishing,0,iscx_group_003000,development,1.0
ISCX::2513,ISCX-URL2016 Phishing,0,iscx_group_001039,development,3.0
ISCX::2514,ISCX-URL2016 Phishing,0,iscx_group_008872,development,3.0
ISCX::2515,ISCX-URL2016 Phishing,0,iscx_group_010395,development,5.0
ISCX::2516,ISCX-URL2016 Phishing,0,iscx_group_008288,calibration,
ISCX::2517,ISCX-URL2016 Phishing,0,iscx_group_001867,development,4.0
ISCX::2518,ISCX-URL2016 Phishing,0,iscx_group_005579,test,
ISCX::2519,ISCX-URL2016 Phishing,0,iscx_group_014356,development,1.0
ISCX::2520,ISCX-URL2016 Phishing,0,iscx_group_006961,development,2.0
ISCX::2521,ISCX-URL2016 Phishing,0,iscx_group_000595,calibration,
ISCX::2522,ISCX-URL2016 Phishing,0,iscx_group_006310,development,2.0
ISCX::2523,ISCX-URL2016 Phishing,0,iscx_group_001332,test,
ISCX::2524,ISCX-URL2016 Phishing,0,iscx_group_003925,development,2.0
ISCX::2525,ISCX-URL2016 Phishing,0,iscx_group_012975,development,1.0
ISCX::2526,ISCX-URL2016 Phishing,0,iscx_group_003752,development,3.0
ISCX::2527,ISCX-URL2016 Phishing,0,iscx_group_013592,development,5.0
ISCX::2528,ISCX-URL2016 Phishing,0,iscx_group_001651,calibration,
ISCX::2529,ISCX-URL2016 Phishing,0,iscx_group_005523,test,
ISCX::2530,ISCX-URL2016 Phishing,0,iscx_group_014429,development,4.0
ISCX::2531,ISCX-URL2016 Phishing,0,iscx_group_001913,test,
ISCX::2532,ISCX-URL2016 Phishing,0,iscx_group_005380,calibration,
ISCX::2533,ISCX-URL2016 Phishing,0,iscx_group_001966,development,2.0
ISCX::2534,ISCX-URL2016 Phishing,0,iscx_group_014822,development,4.0
ISCX::2535,ISCX-URL2016 Phishing,0,iscx_group_000674,development,2.0
ISCX::2536,ISCX-URL2016 Phishing,0,iscx_group_002393,development,2.0
ISCX::2537,ISCX-URL2016 Phishing,0,iscx_group_003753,development,1.0
ISCX::2538,ISCX-URL2016 Phishing,0,iscx_group_006467,development,1.0
ISCX::2539,ISCX-URL2016 Phishing,0,iscx_group_012425,development,5.0
ISCX::2540,ISCX-URL2016 Phishing,0,iscx_group_008791,development,2.0
ISCX::2541,ISCX-URL2016 Phishing,0,iscx_group_007049,development,4.0
ISCX::2542,ISCX-URL2016 Phishing,0,iscx_group_013301,development,5.0
ISCX::2543,ISCX-URL2016 Phishing,0,iscx_group_006589,development,4.0
ISCX::2544,ISCX-URL2016 Phishing,0,iscx_group_010749,calibration,
ISCX::2545,ISCX-URL2016 Phishing,0,iscx_group_002763,development,2.0
ISCX::2546,ISCX-URL2016 Phishing,0,iscx_group_000004,calibration,
ISCX::2547,ISCX-URL2016 Phishing,0,iscx_group_000015,development,2.0
ISCX::2548,ISCX-URL2016 Phishing,0,iscx_group_012331,development,3.0
ISCX::2549,ISCX-URL2016 Phishing,0,iscx_group_011522,calibration,
ISCX::2550,ISCX-URL2016 Phishing,0,iscx_group_013073,test,
ISCX::2551,ISCX-URL2016 Phishing,0,iscx_group_012164,development,1.0
ISCX::2552,ISCX-URL2016 Phishing,0,iscx_group_003591,development,5.0
ISCX::2553,ISCX-URL2016 Phishing,0,iscx_group_011833,development,5.0
ISCX::2554,ISCX-URL2016 Phishing,0,iscx_group_010308,development,2.0
ISCX::2555,ISCX-URL2016 Phishing,0,iscx_group_004158,test,
ISCX::2556,ISCX-URL2016 Phishing,0,iscx_group_008287,development,1.0
ISCX::2557,ISCX-URL2016 Phishing,0,iscx_group_001669,development,5.0
ISCX::2558,ISCX-URL2016 Phishing,0,iscx_group_005372,development,4.0
ISCX::2559,ISCX-URL2016 Phishing,0,iscx_group_006567,calibration,
ISCX::2560,ISCX-URL2016 Phishing,0,iscx_group_002854,development,2.0
ISCX::2561,ISCX-URL2016 Phishing,0,iscx_group_000677,development,2.0
ISCX::2562,ISCX-URL2016 Phishing,0,iscx_group_009154,development,2.0
ISCX::2563,ISCX-URL2016 Phishing,0,iscx_group_008434,calibration,
ISCX::2564,ISCX-URL2016 Phishing,0,iscx_group_002427,development,2.0
ISCX::2565,ISCX-URL2016 Phishing,0,iscx_group_011742,calibration,
ISCX::2566,ISCX-URL2016 Phishing,0,iscx_group_004467,development,3.0
ISCX::2567,ISCX-URL2016 Phishing,0,iscx_group_008082,calibration,
ISCX::2568,ISCX-URL2016 Phishing,0,iscx_group_011818,test,
ISCX::2569,ISCX-URL2016 Phishing,0,iscx_group_003792,development,4.0
ISCX::2570,ISCX-URL2016 Phishing,0,iscx_group_002934,development,5.0
ISCX::2571,ISCX-URL2016 Phishing,0,iscx_group_002479,development,1.0
ISCX::2572,ISCX-URL2016 Phishing,0,iscx_group_008381,calibration,
ISCX::2573,ISCX-URL2016 Phishing,0,iscx_group_006768,development,3.0
ISCX::2574,ISCX-URL2016 Phishing,0,iscx_group_004361,calibration,
ISCX::2575,ISCX-URL2016 Phishing,0,iscx_group_010606,development,3.0
ISCX::2576,ISCX-URL2016 Phishing,0,iscx_group_011209,development,4.0
ISCX::2577,ISCX-URL2016 Phishing,0,iscx_group_000248,development,1.0
ISCX::2578,ISCX-URL2016 Phishing,0,iscx_group_005314,development,5.0
ISCX::2579,ISCX-URL2016 Phishing,0,iscx_group_014080,development,5.0
ISCX::2580,ISCX-URL2016 Phishing,0,iscx_group_000968,development,5.0
ISCX::2581,ISCX-URL2016 Phishing,0,iscx_group_002303,development,4.0
ISCX::2582,ISCX-URL2016 Phishing,0,iscx_group_014056,calibration,
ISCX::2583,ISCX-URL2016 Phishing,0,iscx_group_011469,test,
ISCX::2584,ISCX-URL2016 Phishing,0,iscx_group_002048,test,
ISCX::2585,ISCX-URL2016 Phishing,0,iscx_group_002336,development,4.0
ISCX::2586,ISCX-URL2016 Phishing,0,iscx_group_007408,development,3.0
ISCX::2587,ISCX-URL2016 Phishing,0,iscx_group_012836,development,5.0
ISCX::2588,ISCX-URL2016 Phishing,0,iscx_group_009162,development,5.0
ISCX::2589,ISCX-URL2016 Phishing,0,iscx_group_010660,development,4.0
ISCX::2590,ISCX-URL2016 Phishing,0,iscx_group_000802,test,
ISCX::2591,ISCX-URL2016 Phishing,0,iscx_group_005156,test,
ISCX::2592,ISCX-URL2016 Phishing,0,iscx_group_005980,development,5.0
ISCX::2593,ISCX-URL2016 Phishing,0,iscx_group_004806,development,3.0
ISCX::2594,ISCX-URL2016 Phishing,0,iscx_group_000091,test,
ISCX::2595,ISCX-URL2016 Phishing,0,iscx_group_001239,development,5.0
ISCX::2596,ISCX-URL2016 Phishing,0,iscx_group_007983,development,5.0
ISCX::2597,ISCX-URL2016 Phishing,0,iscx_group_008151,development,4.0
ISCX::2598,ISCX-URL2016 Phishing,0,iscx_group_002258,development,1.0
ISCX::2599,ISCX-URL2016 Phishing,0,iscx_group_011517,development,1.0
ISCX::2600,ISCX-URL2016 Phishing,0,iscx_group_007258,development,5.0
ISCX::2601,ISCX-URL2016 Phishing,0,iscx_group_002067,development,2.0
ISCX::2602,ISCX-URL2016 Phishing,0,iscx_group_013993,development,2.0
ISCX::2603,ISCX-URL2016 Phishing,0,iscx_group_010072,development,1.0
ISCX::2604,ISCX-URL2016 Phishing,0,iscx_group_003232,test,
ISCX::2605,ISCX-URL2016 Phishing,0,iscx_group_012606,calibration,
ISCX::2606,ISCX-URL2016 Phishing,0,iscx_group_010001,test,
ISCX::2607,ISCX-URL2016 Phishing,0,iscx_group_009059,development,1.0
ISCX::2608,ISCX-URL2016 Phishing,0,iscx_group_002627,development,2.0
ISCX::2609,ISCX-URL2016 Phishing,0,iscx_group_010527,development,2.0
ISCX::2610,ISCX-URL2016 Phishing,0,iscx_group_008425,development,2.0
ISCX::2611,ISCX-URL2016 Phishing,0,iscx_group_009024,development,3.0
ISCX::2612,ISCX-URL2016 Phishing,0,iscx_group_006921,calibration,
ISCX::2613,ISCX-URL2016 Phishing,0,iscx_group_010020,development,2.0
ISCX::2614,ISCX-URL2016 Phishing,0,iscx_group_001470,development,1.0
ISCX::2615,ISCX-URL2016 Phishing,0,iscx_group_012476,calibration,
ISCX::2616,ISCX-URL2016 Phishing,0,iscx_group_002291,development,5.0
ISCX::2617,ISCX-URL2016 Phishing,0,iscx_group_002643,development,3.0
ISCX::2618,ISCX-URL2016 Phishing,0,iscx_group_013793,development,5.0
ISCX::2619,ISCX-URL2016 Phishing,0,iscx_group_012304,development,3.0
ISCX::2620,ISCX-URL2016 Phishing,0,iscx_group_008662,test,
ISCX::2621,ISCX-URL2016 Phishing,0,iscx_group_011363,development,4.0
ISCX::2622,ISCX-URL2016 Phishing,0,iscx_group_012750,calibration,
ISCX::2623,ISCX-URL2016 Phishing,0,iscx_group_006077,development,1.0
ISCX::2624,ISCX-URL2016 Phishing,0,iscx_group_013516,development,3.0
ISCX::2625,ISCX-URL2016 Phishing,0,iscx_group_007207,development,5.0
ISCX::2626,ISCX-URL2016 Phishing,0,iscx_group_004138,development,3.0
ISCX::2627,ISCX-URL2016 Phishing,0,iscx_group_010812,development,5.0
ISCX::2628,ISCX-URL2016 Phishing,0,iscx_group_013675,development,4.0
ISCX::2629,ISCX-URL2016 Phishing,0,iscx_group_013561,development,2.0
ISCX::2630,ISCX-URL2016 Phishing,0,iscx_group_005079,test,
ISCX::2631,ISCX-URL2016 Phishing,0,iscx_group_009843,test,
ISCX::2632,ISCX-URL2016 Phishing,0,iscx_group_000551,development,3.0
ISCX::2633,ISCX-URL2016 Phishing,0,iscx_group_004477,development,1.0
ISCX::2634,ISCX-URL2016 Phishing,0,iscx_group_008298,development,2.0
ISCX::2635,ISCX-URL2016 Phishing,0,iscx_group_013292,development,2.0
ISCX::2636,ISCX-URL2016 Phishing,0,iscx_group_012247,development,4.0
ISCX::2637,ISCX-URL2016 Phishing,0,iscx_group_006525,development,5.0
ISCX::2638,ISCX-URL2016 Phishing,0,iscx_group_012801,calibration,
ISCX::2639,ISCX-URL2016 Phishing,0,iscx_group_007109,development,5.0
ISCX::2640,ISCX-URL2016 Phishing,0,iscx_group_007297,development,1.0
ISCX::2641,ISCX-URL2016 Phishing,0,iscx_group_000820,test,
ISCX::2642,ISCX-URL2016 Phishing,0,iscx_group_001832,calibration,
ISCX::2643,ISCX-URL2016 Phishing,0,iscx_group_000871,development,4.0
ISCX::2644,ISCX-URL2016 Phishing,0,iscx_group_011792,development,2.0
ISCX::2645,ISCX-URL2016 Phishing,0,iscx_group_004250,test,
ISCX::2646,ISCX-URL2016 Phishing,0,iscx_group_009125,development,3.0
ISCX::2647,ISCX-URL2016 Phishing,0,iscx_group_008084,development,4.0
ISCX::2648,ISCX-URL2016 Phishing,0,iscx_group_009970,development,4.0
ISCX::2649,ISCX-URL2016 Phishing,0,iscx_group_005066,calibration,
ISCX::2650,ISCX-URL2016 Phishing,0,iscx_group_013521,calibration,
ISCX::2651,ISCX-URL2016 Phishing,0,iscx_group_003276,test,
ISCX::2652,ISCX-URL2016 Phishing,0,iscx_group_007643,development,4.0
ISCX::2653,ISCX-URL2016 Phishing,0,iscx_group_007125,development,1.0
ISCX::2654,ISCX-URL2016 Phishing,0,iscx_group_007177,development,2.0
ISCX::2655,ISCX-URL2016 Phishing,0,iscx_group_005692,calibration,
ISCX::2656,ISCX-URL2016 Phishing,0,iscx_group_010842,calibration,
ISCX::2657,ISCX-URL2016 Phishing,0,iscx_group_014588,development,3.0
ISCX::2658,ISCX-URL2016 Phishing,0,iscx_group_010973,development,1.0
ISCX::2659,ISCX-URL2016 Phishing,0,iscx_group_008307,test,
ISCX::2660,ISCX-URL2016 Phishing,0,iscx_group_007051,development,4.0
ISCX::2661,ISCX-URL2016 Phishing,0,iscx_group_004298,development,2.0
ISCX::2662,ISCX-URL2016 Phishing,0,iscx_group_006893,test,
ISCX::2663,ISCX-URL2016 Phishing,0,iscx_group_013702,development,5.0
ISCX::2664,ISCX-URL2016 Phishing,0,iscx_group_004672,development,1.0
ISCX::2665,ISCX-URL2016 Phishing,0,iscx_group_011837,development,2.0
ISCX::2666,ISCX-URL2016 Phishing,0,iscx_group_002877,development,2.0
ISCX::2667,ISCX-URL2016 Phishing,0,iscx_group_001312,calibration,
ISCX::2668,ISCX-URL2016 Phishing,0,iscx_group_007903,test,
ISCX::2669,ISCX-URL2016 Phishing,0,iscx_group_010079,development,1.0
ISCX::2670,ISCX-URL2016 Phishing,0,iscx_group_010945,development,3.0
ISCX::2671,ISCX-URL2016 Phishing,0,iscx_group_008482,development,4.0
ISCX::2672,ISCX-URL2016 Phishing,0,iscx_group_013947,development,4.0
ISCX::2673,ISCX-URL2016 Phishing,0,iscx_group_000187,test,
ISCX::2674,ISCX-URL2016 Phishing,0,iscx_group_008767,development,1.0
ISCX::2675,ISCX-URL2016 Phishing,0,iscx_group_011187,development,5.0
ISCX::2676,ISCX-URL2016 Phishing,0,iscx_group_004759,test,
ISCX::2677,ISCX-URL2016 Phishing,0,iscx_group_003160,calibration,
ISCX::2678,ISCX-URL2016 Phishing,0,iscx_group_001908,development,4.0
ISCX::2679,ISCX-URL2016 Phishing,0,iscx_group_002155,test,
ISCX::2680,ISCX-URL2016 Phishing,0,iscx_group_000963,development,5.0
ISCX::2681,ISCX-URL2016 Phishing,0,iscx_group_003517,development,1.0
ISCX::2682,ISCX-URL2016 Phishing,0,iscx_group_004203,development,2.0
ISCX::2683,ISCX-URL2016 Phishing,0,iscx_group_006658,calibration,
ISCX::2684,ISCX-URL2016 Phishing,0,iscx_group_009758,development,5.0
ISCX::2685,ISCX-URL2016 Phishing,0,iscx_group_002972,calibration,
ISCX::2686,ISCX-URL2016 Phishing,0,iscx_group_009315,development,2.0
ISCX::2687,ISCX-URL2016 Phishing,0,iscx_group_005603,development,3.0
ISCX::2688,ISCX-URL2016 Phishing,0,iscx_group_000540,development,4.0
ISCX::2689,ISCX-URL2016 Phishing,0,iscx_group_014024,development,5.0
ISCX::2690,ISCX-URL2016 Phishing,0,iscx_group_013818,development,3.0
ISCX::2691,ISCX-URL2016 Phishing,0,iscx_group_010526,development,1.0
ISCX::2692,ISCX-URL2016 Phishing,0,iscx_group_007021,development,4.0
ISCX::2693,ISCX-URL2016 Phishing,0,iscx_group_007999,development,4.0
ISCX::2694,ISCX-URL2016 Phishing,0,iscx_group_009192,development,1.0
ISCX::2695,ISCX-URL2016 Phishing,0,iscx_group_004538,development,3.0
ISCX::2696,ISCX-URL2016 Phishing,0,iscx_group_002936,calibration,
ISCX::2697,ISCX-URL2016 Phishing,0,iscx_group_011301,development,5.0
ISCX::2698,ISCX-URL2016 Phishing,0,iscx_group_003155,test,
ISCX::2699,ISCX-URL2016 Phishing,0,iscx_group_012299,test,
ISCX::2700,ISCX-URL2016 Phishing,0,iscx_group_007916,development,4.0
ISCX::2701,ISCX-URL2016 Phishing,0,iscx_group_002205,development,1.0
ISCX::2702,ISCX-URL2016 Phishing,0,iscx_group_004418,development,5.0
ISCX::2703,ISCX-URL2016 Phishing,0,iscx_group_003874,development,5.0
ISCX::2704,ISCX-URL2016 Phishing,0,iscx_group_001747,development,1.0
ISCX::2705,ISCX-URL2016 Phishing,0,iscx_group_013884,calibration,
ISCX::2706,ISCX-URL2016 Phishing,0,iscx_group_009451,calibration,
ISCX::2707,ISCX-URL2016 Phishing,0,iscx_group_011716,development,2.0
ISCX::2708,ISCX-URL2016 Phishing,0,iscx_group_004400,development,3.0
ISCX::2709,ISCX-URL2016 Phishing,0,iscx_group_014756,development,3.0
ISCX::2710,ISCX-URL2016 Phishing,0,iscx_group_014791,test,
ISCX::2711,ISCX-URL2016 Phishing,0,iscx_group_005032,development,2.0
ISCX::2712,ISCX-URL2016 Phishing,0,iscx_group_001665,development,5.0
ISCX::2713,ISCX-URL2016 Phishing,0,iscx_group_012127,development,5.0
ISCX::2714,ISCX-URL2016 Phishing,0,iscx_group_009638,development,2.0
ISCX::2715,ISCX-URL2016 Phishing,0,iscx_group_002039,development,3.0
ISCX::2716,ISCX-URL2016 Phishing,0,iscx_group_008590,development,1.0
ISCX::2717,ISCX-URL2016 Phishing,0,iscx_group_003603,test,
ISCX::2718,ISCX-URL2016 Phishing,0,iscx_group_014401,development,3.0
ISCX::2719,ISCX-URL2016 Phishing,0,iscx_group_002250,calibration,
ISCX::2720,ISCX-URL2016 Phishing,0,iscx_group_004122,development,2.0
ISCX::2721,ISCX-URL2016 Phishing,0,iscx_group_003602,development,1.0
ISCX::2722,ISCX-URL2016 Phishing,0,iscx_group_012505,calibration,
ISCX::2723,ISCX-URL2016 Phishing,0,iscx_group_001721,development,1.0
ISCX::2724,ISCX-URL2016 Phishing,0,iscx_group_001724,development,4.0
ISCX::2725,ISCX-URL2016 Phishing,0,iscx_group_009882,development,3.0
ISCX::2726,ISCX-URL2016 Phishing,0,iscx_group_013095,calibration,
ISCX::2727,ISCX-URL2016 Phishing,0,iscx_group_012793,test,
ISCX::2728,ISCX-URL2016 Phishing,0,iscx_group_007729,development,3.0
ISCX::2729,ISCX-URL2016 Phishing,0,iscx_group_011089,development,1.0
ISCX::2730,ISCX-URL2016 Phishing,0,iscx_group_001532,development,1.0
ISCX::2731,ISCX-URL2016 Phishing,0,iscx_group_006880,calibration,
ISCX::2732,ISCX-URL2016 Phishing,0,iscx_group_010692,calibration,
ISCX::2733,ISCX-URL2016 Phishing,0,iscx_group_002012,test,
ISCX::2734,ISCX-URL2016 Phishing,0,iscx_group_008181,development,2.0
ISCX::2735,ISCX-URL2016 Phishing,0,iscx_group_002530,calibration,
ISCX::2736,ISCX-URL2016 Phishing,0,iscx_group_012884,calibration,
ISCX::2737,ISCX-URL2016 Phishing,0,iscx_group_003468,development,3.0
ISCX::2738,ISCX-URL2016 Phishing,0,iscx_group_000593,development,2.0
ISCX::2739,ISCX-URL2016 Phishing,0,iscx_group_001199,test,
ISCX::2740,ISCX-URL2016 Phishing,0,iscx_group_002665,development,4.0
ISCX::2741,ISCX-URL2016 Phishing,0,iscx_group_013343,test,
ISCX::2742,ISCX-URL2016 Phishing,0,iscx_group_002662,development,5.0
ISCX::2743,ISCX-URL2016 Phishing,0,iscx_group_003348,development,3.0
ISCX::2744,ISCX-URL2016 Phishing,0,iscx_group_001158,development,2.0
ISCX::2745,ISCX-URL2016 Phishing,0,iscx_group_011827,test,
ISCX::2746,ISCX-URL2016 Phishing,0,iscx_group_010037,development,4.0
ISCX::2747,ISCX-URL2016 Phishing,0,iscx_group_004355,development,5.0
ISCX::2748,ISCX-URL2016 Phishing,0,iscx_group_013907,development,1.0
ISCX::2749,ISCX-URL2016 Phishing,0,iscx_group_013758,development,4.0
ISCX::2750,ISCX-URL2016 Phishing,0,iscx_group_001742,development,5.0
ISCX::2751,ISCX-URL2016 Phishing,0,iscx_group_004114,calibration,
ISCX::2752,ISCX-URL2016 Phishing,0,iscx_group_002842,calibration,
ISCX::2753,ISCX-URL2016 Phishing,0,iscx_group_007921,development,3.0
ISCX::2754,ISCX-URL2016 Phishing,0,iscx_group_000468,calibration,
ISCX::2755,ISCX-URL2016 Phishing,0,iscx_group_014051,development,4.0
ISCX::2756,ISCX-URL2016 Phishing,0,iscx_group_009179,development,5.0
ISCX::2757,ISCX-URL2016 Phishing,0,iscx_group_013741,calibration,
ISCX::2758,ISCX-URL2016 Phishing,0,iscx_group_009887,test,
ISCX::2759,ISCX-URL2016 Phishing,0,iscx_group_012582,development,1.0
ISCX::2760,ISCX-URL2016 Phishing,0,iscx_group_005790,development,5.0
ISCX::2761,ISCX-URL2016 Phishing,0,iscx_group_000103,test,
ISCX::2762,ISCX-URL2016 Phishing,0,iscx_group_000439,development,1.0
ISCX::2763,ISCX-URL2016 Phishing,0,iscx_group_005930,development,5.0
ISCX::2764,ISCX-URL2016 Phishing,0,iscx_group_000513,calibration,
ISCX::2765,ISCX-URL2016 Phishing,0,iscx_group_010805,development,1.0
ISCX::2766,ISCX-URL2016 Phishing,0,iscx_group_007288,development,5.0
ISCX::2767,ISCX-URL2016 Phishing,0,iscx_group_005651,development,1.0
ISCX::2768,ISCX-URL2016 Phishing,0,iscx_group_002674,development,5.0
ISCX::2769,ISCX-URL2016 Phishing,0,iscx_group_005823,development,2.0
ISCX::2770,ISCX-URL2016 Phishing,0,iscx_group_005320,development,2.0
ISCX::2771,ISCX-URL2016 Phishing,0,iscx_group_001083,development,5.0
ISCX::2772,ISCX-URL2016 Phishing,0,iscx_group_008685,calibration,
ISCX::2773,ISCX-URL2016 Phishing,0,iscx_group_009115,development,2.0
ISCX::2774,ISCX-URL2016 Phishing,0,iscx_group_008476,development,4.0
ISCX::2775,ISCX-URL2016 Phishing,0,iscx_group_009988,development,5.0
ISCX::2776,ISCX-URL2016 Phishing,0,iscx_group_004006,development,2.0
ISCX::2777,ISCX-URL2016 Phishing,0,iscx_group_006020,test,
ISCX::2778,ISCX-URL2016 Phishing,0,iscx_group_004734,test,
ISCX::2779,ISCX-URL2016 Phishing,0,iscx_group_007230,development,5.0
ISCX::2780,ISCX-URL2016 Phishing,0,iscx_group_003497,development,4.0
ISCX::2781,ISCX-URL2016 Phishing,0,iscx_group_006293,development,2.0
ISCX::2782,ISCX-URL2016 Phishing,0,iscx_group_004665,development,4.0
ISCX::2783,ISCX-URL2016 Phishing,0,iscx_group_005610,development,3.0
ISCX::2784,ISCX-URL2016 Phishing,0,iscx_group_000183,calibration,
ISCX::2785,ISCX-URL2016 Phishing,0,iscx_group_007551,development,3.0
ISCX::2786,ISCX-URL2016 Phishing,0,iscx_group_008996,development,3.0
ISCX::2787,ISCX-URL2016 Phishing,0,iscx_group_001384,development,5.0
ISCX::2788,ISCX-URL2016 Phishing,0,iscx_group_011545,development,1.0
ISCX::2789,ISCX-URL2016 Phishing,0,iscx_group_000664,development,3.0
ISCX::2790,ISCX-URL2016 Phishing,0,iscx_group_008739,development,1.0
ISCX::2791,ISCX-URL2016 Phishing,0,iscx_group_006823,development,5.0
ISCX::2792,ISCX-URL2016 Phishing,0,iscx_group_008331,development,4.0
ISCX::2793,ISCX-URL2016 Phishing,0,iscx_group_008023,test,
ISCX::2794,ISCX-URL2016 Phishing,0,iscx_group_000693,test,
ISCX::2795,ISCX-URL2016 Phishing,0,iscx_group_014387,calibration,
ISCX::2796,ISCX-URL2016 Phishing,0,iscx_group_007141,development,4.0
ISCX::2797,ISCX-URL2016 Phishing,0,iscx_group_011693,development,1.0
ISCX::2798,ISCX-URL2016 Phishing,0,iscx_group_003009,development,1.0
ISCX::2799,ISCX-URL2016 Phishing,0,iscx_group_014043,development,1.0
ISCX::2800,ISCX-URL2016 Phishing,0,iscx_group_002970,development,1.0
ISCX::2801,ISCX-URL2016 Phishing,0,iscx_group_001952,development,1.0
ISCX::2802,ISCX-URL2016 Phishing,0,iscx_group_002600,development,4.0
ISCX::2803,ISCX-URL2016 Phishing,0,iscx_group_011004,development,1.0
ISCX::2804,ISCX-URL2016 Phishing,0,iscx_group_006415,development,1.0
ISCX::2805,ISCX-URL2016 Phishing,0,iscx_group_005970,test,
ISCX::2806,ISCX-URL2016 Phishing,0,iscx_group_003633,development,4.0
ISCX::2807,ISCX-URL2016 Phishing,0,iscx_group_009019,calibration,
ISCX::2808,ISCX-URL2016 Phishing,0,iscx_group_009834,development,1.0
ISCX::2809,ISCX-URL2016 Phishing,0,iscx_group_007341,development,1.0
ISCX::2810,ISCX-URL2016 Phishing,0,iscx_group_012109,test,
ISCX::2811,ISCX-URL2016 Phishing,0,iscx_group_004305,development,5.0
ISCX::2812,ISCX-URL2016 Phishing,0,iscx_group_011012,test,
ISCX::2813,ISCX-URL2016 Phishing,0,iscx_group_007758,development,4.0
ISCX::2814,ISCX-URL2016 Phishing,0,iscx_group_013262,development,5.0
ISCX::2815,ISCX-URL2016 Phishing,0,iscx_group_002985,development,1.0
ISCX::2816,ISCX-URL2016 Phishing,0,iscx_group_006598,calibration,
ISCX::2817,ISCX-URL2016 Phishing,0,iscx_group_009146,test,
ISCX::2818,ISCX-URL2016 Phishing,0,iscx_group_009878,development,3.0
ISCX::2819,ISCX-URL2016 Phishing,0,iscx_group_012180,development,5.0
ISCX::2820,ISCX-URL2016 Phishing,0,iscx_group_014399,development,3.0
ISCX::2821,ISCX-URL2016 Phishing,0,iscx_group_014009,development,4.0
ISCX::2822,ISCX-URL2016 Phishing,0,iscx_group_013413,test,
ISCX::2823,ISCX-URL2016 Phishing,0,iscx_group_004382,test,
ISCX::2824,ISCX-URL2016 Phishing,0,iscx_group_012039,calibration,
ISCX::2825,ISCX-URL2016 Phishing,0,iscx_group_003342,test,
ISCX::2826,ISCX-URL2016 Phishing,0,iscx_group_005425,development,3.0
ISCX::2827,ISCX-URL2016 Phishing,0,iscx_group_005448,development,1.0
ISCX::2828,ISCX-URL2016 Phishing,0,iscx_group_009995,calibration,
ISCX::2829,ISCX-URL2016 Phishing,0,iscx_group_008256,development,5.0
ISCX::2830,ISCX-URL2016 Phishing,0,iscx_group_007778,development,3.0
ISCX::2831,ISCX-URL2016 Phishing,0,iscx_group_008233,test,
ISCX::2832,ISCX-URL2016 Phishing,0,iscx_group_010396,development,3.0
ISCX::2833,ISCX-URL2016 Phishing,0,iscx_group_000118,development,1.0
ISCX::2834,ISCX-URL2016 Phishing,0,iscx_group_001797,calibration,
ISCX::2835,ISCX-URL2016 Phishing,0,iscx_group_000166,development,4.0
ISCX::2836,ISCX-URL2016 Phishing,0,iscx_group_010954,development,2.0
ISCX::2837,ISCX-URL2016 Phishing,0,iscx_group_007449,calibration,
ISCX::2838,ISCX-URL2016 Phishing,0,iscx_group_013063,calibration,
ISCX::2839,ISCX-URL2016 Phishing,0,iscx_group_004612,test,
ISCX::2840,ISCX-URL2016 Phishing,0,iscx_group_005783,development,3.0
ISCX::2841,ISCX-URL2016 Phishing,0,iscx_group_011801,development,4.0
ISCX::2842,ISCX-URL2016 Phishing,0,iscx_group_014340,calibration,
ISCX::2843,ISCX-URL2016 Phishing,0,iscx_group_009264,development,2.0
ISCX::2844,ISCX-URL2016 Phishing,0,iscx_group_005348,development,1.0
ISCX::2845,ISCX-URL2016 Phishing,0,iscx_group_012308,development,1.0
ISCX::2846,ISCX-URL2016 Phishing,0,iscx_group_008765,development,2.0
ISCX::2847,ISCX-URL2016 Phishing,0,iscx_group_000142,development,3.0
ISCX::2848,ISCX-URL2016 Phishing,0,iscx_group_010865,development,1.0
ISCX::2849,ISCX-URL2016 Phishing,0,iscx_group_007970,development,1.0
ISCX::2850,ISCX-URL2016 Phishing,0,iscx_group_004983,development,1.0
ISCX::2851,ISCX-URL2016 Phishing,0,iscx_group_000099,development,1.0
ISCX::2852,ISCX-URL2016 Phishing,0,iscx_group_012922,development,3.0
ISCX::2853,ISCX-URL2016 Phishing,0,iscx_group_004795,calibration,
ISCX::2854,ISCX-URL2016 Phishing,0,iscx_group_002676,development,1.0
ISCX::2855,ISCX-URL2016 Phishing,0,iscx_group_001268,development,3.0
ISCX::2856,ISCX-URL2016 Phishing,0,iscx_group_006464,test,
ISCX::2857,ISCX-URL2016 Phishing,0,iscx_group_003186,development,3.0
ISCX::2858,ISCX-URL2016 Phishing,0,iscx_group_008421,development,2.0
ISCX::2859,ISCX-URL2016 Phishing,0,iscx_group_001432,development,1.0
ISCX::2860,ISCX-URL2016 Phishing,0,iscx_group_007662,development,5.0
ISCX::2861,ISCX-URL2016 Phishing,0,iscx_group_012742,test,
ISCX::2862,ISCX-URL2016 Phishing,0,iscx_group_008325,development,2.0
ISCX::2863,ISCX-URL2016 Phishing,0,iscx_group_013337,development,4.0
ISCX::2864,ISCX-URL2016 Phishing,0,iscx_group_011145,calibration,
ISCX::2865,ISCX-URL2016 Phishing,0,iscx_group_013220,test,
ISCX::2866,ISCX-URL2016 Phishing,0,iscx_group_008164,development,1.0
ISCX::2867,ISCX-URL2016 Phishing,0,iscx_group_007483,development,1.0
ISCX::2868,ISCX-URL2016 Phishing,0,iscx_group_011354,development,2.0
ISCX::2869,ISCX-URL2016 Phishing,0,iscx_group_009717,development,1.0
ISCX::2870,ISCX-URL2016 Phishing,0,iscx_group_001891,development,2.0
ISCX::2871,ISCX-URL2016 Phishing,0,iscx_group_012275,test,
ISCX::2872,ISCX-URL2016 Phishing,0,iscx_group_001534,development,4.0
ISCX::2873,ISCX-URL2016 Phishing,0,iscx_group_010550,development,1.0
ISCX::2874,ISCX-URL2016 Phishing,0,iscx_group_012289,development,5.0
ISCX::2875,ISCX-URL2016 Phishing,0,iscx_group_001478,development,5.0
ISCX::2876,ISCX-URL2016 Phishing,0,iscx_group_014706,development,2.0
ISCX::2877,ISCX-URL2016 Phishing,0,iscx_group_006461,development,2.0
ISCX::2878,ISCX-URL2016 Phishing,0,iscx_group_006963,development,1.0
ISCX::2879,ISCX-URL2016 Phishing,0,iscx_group_000245,development,1.0
ISCX::2880,ISCX-URL2016 Phishing,0,iscx_group_014007,test,
ISCX::2881,ISCX-URL2016 Phishing,0,iscx_group_008562,calibration,
ISCX::2882,ISCX-URL2016 Phishing,0,iscx_group_005470,development,3.0
ISCX::2883,ISCX-URL2016 Phishing,0,iscx_group_001192,development,5.0
ISCX::2884,ISCX-URL2016 Phishing,0,iscx_group_010898,test,
ISCX::2885,ISCX-URL2016 Phishing,0,iscx_group_010632,test,
ISCX::2886,ISCX-URL2016 Phishing,0,iscx_group_008089,test,
ISCX::2887,ISCX-URL2016 Phishing,0,iscx_group_010951,test,
ISCX::2888,ISCX-URL2016 Phishing,0,iscx_group_012262,development,1.0
ISCX::2889,ISCX-URL2016 Phishing,0,iscx_group_014507,test,
ISCX::2890,ISCX-URL2016 Phishing,0,iscx_group_002547,test,
ISCX::2891,ISCX-URL2016 Phishing,0,iscx_group_005559,development,2.0
ISCX::2892,ISCX-URL2016 Phishing,0,iscx_group_013068,development,1.0
ISCX::2893,ISCX-URL2016 Phishing,0,iscx_group_002466,development,2.0
ISCX::2894,ISCX-URL2016 Phishing,0,iscx_group_005189,development,5.0
ISCX::2895,ISCX-URL2016 Phishing,0,iscx_group_004868,development,4.0
ISCX::2896,ISCX-URL2016 Phishing,0,iscx_group_009668,development,3.0
ISCX::2897,ISCX-URL2016 Phishing,0,iscx_group_001087,calibration,
ISCX::2898,ISCX-URL2016 Phishing,0,iscx_group_007620,development,4.0
ISCX::2899,ISCX-URL2016 Phishing,0,iscx_group_009553,calibration,
ISCX::2900,ISCX-URL2016 Phishing,0,iscx_group_005688,development,1.0
ISCX::2901,ISCX-URL2016 Phishing,0,iscx_group_006565,development,5.0
ISCX::2902,ISCX-URL2016 Phishing,0,iscx_group_010283,development,3.0
ISCX::2903,ISCX-URL2016 Phishing,0,iscx_group_012361,calibration,
ISCX::2904,ISCX-URL2016 Phishing,0,iscx_group_006157,development,1.0
ISCX::2905,ISCX-URL2016 Phishing,0,iscx_group_010023,development,2.0
ISCX::2906,ISCX-URL2016 Phishing,0,iscx_group_008710,test,
ISCX::2907,ISCX-URL2016 Phishing,0,iscx_group_008174,development,2.0
ISCX::2908,ISCX-URL2016 Phishing,0,iscx_group_002275,development,2.0
ISCX::2909,ISCX-URL2016 Phishing,0,iscx_group_002909,development,1.0
ISCX::2910,ISCX-URL2016 Phishing,0,iscx_group_003900,development,5.0
ISCX::2911,ISCX-URL2016 Phishing,0,iscx_group_008957,development,4.0
ISCX::2912,ISCX-URL2016 Phishing,0,iscx_group_004192,calibration,
ISCX::2913,ISCX-URL2016 Phishing,0,iscx_group_011156,calibration,
ISCX::2914,ISCX-URL2016 Phishing,0,iscx_group_007113,development,5.0
ISCX::2915,ISCX-URL2016 Phishing,0,iscx_group_010174,development,4.0
ISCX::2916,ISCX-URL2016 Phishing,0,iscx_group_000182,test,
ISCX::2917,ISCX-URL2016 Phishing,0,iscx_group_009940,development,5.0
ISCX::2918,ISCX-URL2016 Phishing,0,iscx_group_005859,development,3.0
ISCX::2919,ISCX-URL2016 Phishing,0,iscx_group_013054,development,2.0
ISCX::2920,ISCX-URL2016 Phishing,0,iscx_group_002328,development,1.0
ISCX::2921,ISCX-URL2016 Phishing,0,iscx_group_011293,development,4.0
ISCX::2922,ISCX-URL2016 Phishing,0,iscx_group_000788,calibration,
ISCX::2923,ISCX-URL2016 Phishing,0,iscx_group_010913,development,4.0
ISCX::2924,ISCX-URL2016 Phishing,0,iscx_group_004857,test,
ISCX::2925,ISCX-URL2016 Phishing,0,iscx_group_005402,calibration,
ISCX::2926,ISCX-URL2016 Phishing,0,iscx_group_001521,development,3.0
ISCX::2927,ISCX-URL2016 Phishing,0,iscx_group_008463,development,3.0
ISCX::2928,ISCX-URL2016 Phishing,0,iscx_group_012762,development,2.0
ISCX::2929,ISCX-URL2016 Phishing,0,iscx_group_012787,development,2.0
ISCX::2930,ISCX-URL2016 Phishing,0,iscx_group_006384,development,1.0
ISCX::2931,ISCX-URL2016 Phishing,0,iscx_group_012937,development,4.0
ISCX::2932,ISCX-URL2016 Phishing,0,iscx_group_000084,test,
ISCX::2933,ISCX-URL2016 Phishing,0,iscx_group_003231,test,
ISCX::2934,ISCX-URL2016 Phishing,0,iscx_group_009560,development,4.0
ISCX::2935,ISCX-URL2016 Phishing,0,iscx_group_001912,development,3.0
ISCX::2936,ISCX-URL2016 Phishing,0,iscx_group_003611,development,5.0
ISCX::2937,ISCX-URL2016 Phishing,0,iscx_group_010833,calibration,
ISCX::2938,ISCX-URL2016 Phishing,0,iscx_group_000407,development,5.0
ISCX::2939,ISCX-URL2016 Phishing,0,iscx_group_013161,test,
ISCX::2940,ISCX-URL2016 Phishing,0,iscx_group_006901,test,
ISCX::2941,ISCX-URL2016 Phishing,0,iscx_group_001244,development,1.0
ISCX::2942,ISCX-URL2016 Phishing,0,iscx_group_010764,test,
ISCX::2943,ISCX-URL2016 Phishing,0,iscx_group_010995,development,3.0
ISCX::2944,ISCX-URL2016 Phishing,0,iscx_group_003392,development,2.0
ISCX::2945,ISCX-URL2016 Phishing,0,iscx_group_001835,development,1.0
ISCX::2946,ISCX-URL2016 Phishing,0,iscx_group_004005,development,2.0
ISCX::2947,ISCX-URL2016 Phishing,0,iscx_group_002514,calibration,
ISCX::2948,ISCX-URL2016 Phishing,0,iscx_group_008914,development,4.0
ISCX::2949,ISCX-URL2016 Phishing,0,iscx_group_013062,development,1.0
ISCX::2950,ISCX-URL2016 Phishing,0,iscx_group_004368,development,2.0
ISCX::2951,ISCX-URL2016 Phishing,0,iscx_group_008204,development,5.0
ISCX::2952,ISCX-URL2016 Phishing,0,iscx_group_014442,development,3.0
ISCX::2953,ISCX-URL2016 Phishing,0,iscx_group_005491,development,2.0
ISCX::2954,ISCX-URL2016 Phishing,0,iscx_group_004513,development,2.0
ISCX::2955,ISCX-URL2016 Phishing,0,iscx_group_004536,development,5.0
ISCX::2956,ISCX-URL2016 Phishing,0,iscx_group_007361,development,4.0
ISCX::2957,ISCX-URL2016 Phishing,0,iscx_group_014625,test,
ISCX::2958,ISCX-URL2016 Phishing,0,iscx_group_009131,development,3.0
ISCX::2959,ISCX-URL2016 Phishing,0,iscx_group_001383,calibration,
ISCX::2960,ISCX-URL2016 Phishing,0,iscx_group_005142,development,1.0
ISCX::2961,ISCX-URL2016 Phishing,0,iscx_group_002113,development,3.0
ISCX::2962,ISCX-URL2016 Phishing,0,iscx_group_000901,test,
ISCX::2963,ISCX-URL2016 Phishing,0,iscx_group_003234,calibration,
ISCX::2964,ISCX-URL2016 Phishing,0,iscx_group_002693,development,5.0
ISCX::2965,ISCX-URL2016 Phishing,0,iscx_group_006093,development,5.0
ISCX::2966,ISCX-URL2016 Phishing,0,iscx_group_006409,development,2.0
ISCX::2967,ISCX-URL2016 Phishing,0,iscx_group_008444,test,
ISCX::2968,ISCX-URL2016 Phishing,0,iscx_group_010045,development,5.0
ISCX::2969,ISCX-URL2016 Phishing,0,iscx_group_008643,test,
ISCX::2970,ISCX-URL2016 Phishing,0,iscx_group_004010,development,1.0
ISCX::2971,ISCX-URL2016 Phishing,0,iscx_group_011255,development,2.0
ISCX::2972,ISCX-URL2016 Phishing,0,iscx_group_002213,development,3.0
ISCX::2973,ISCX-URL2016 Phishing,0,iscx_group_003540,development,1.0
ISCX::2974,ISCX-URL2016 Phishing,0,iscx_group_003279,calibration,
ISCX::2975,ISCX-URL2016 Phishing,0,iscx_group_003397,test,
ISCX::2976,ISCX-URL2016 Phishing,0,iscx_group_006047,test,
ISCX::2977,ISCX-URL2016 Phishing,0,iscx_group_002152,calibration,
ISCX::2978,ISCX-URL2016 Phishing,0,iscx_group_000258,development,4.0
ISCX::2979,ISCX-URL2016 Phishing,0,iscx_group_006429,development,4.0
ISCX::2980,ISCX-URL2016 Phishing,0,iscx_group_003400,development,2.0
ISCX::2981,ISCX-URL2016 Phishing,0,iscx_group_002681,test,
ISCX::2982,ISCX-URL2016 Phishing,0,iscx_group_001306,test,
ISCX::2983,ISCX-URL2016 Phishing,0,iscx_group_009525,development,3.0
ISCX::2984,ISCX-URL2016 Phishing,0,iscx_group_003161,development,2.0
ISCX::2985,ISCX-URL2016 Phishing,0,iscx_group_004395,development,2.0
ISCX::2986,ISCX-URL2016 Phishing,0,iscx_group_004770,development,1.0
ISCX::2987,ISCX-URL2016 Phishing,0,iscx_group_014465,development,5.0
ISCX::2988,ISCX-URL2016 Phishing,0,iscx_group_008930,development,3.0
ISCX::2989,ISCX-URL2016 Phishing,0,iscx_group_004458,development,2.0
ISCX::2990,ISCX-URL2016 Phishing,0,iscx_group_009392,development,3.0
ISCX::2991,ISCX-URL2016 Phishing,0,iscx_group_007451,test,
ISCX::2992,ISCX-URL2016 Phishing,0,iscx_group_014323,test,
ISCX::2993,ISCX-URL2016 Phishing,0,iscx_group_010836,development,2.0
ISCX::2994,ISCX-URL2016 Phishing,0,iscx_group_006666,development,1.0
ISCX::2995,ISCX-URL2016 Phishing,0,iscx_group_012089,development,5.0
ISCX::2996,ISCX-URL2016 Phishing,0,iscx_group_014409,development,3.0
ISCX::2997,ISCX-URL2016 Phishing,0,iscx_group_010512,development,2.0
ISCX::2998,ISCX-URL2016 Phishing,0,iscx_group_011490,test,
ISCX::2999,ISCX-URL2016 Phishing,0,iscx_group_005544,development,1.0
ISCX::3000,ISCX-URL2016 Phishing,0,iscx_group_009569,development,5.0
ISCX::3001,ISCX-URL2016 Phishing,0,iscx_group_012154,development,5.0
ISCX::3002,ISCX-URL2016 Phishing,0,iscx_group_014029,test,
ISCX::3003,ISCX-URL2016 Phishing,0,iscx_group_010378,development,3.0
ISCX::3004,ISCX-URL2016 Phishing,0,iscx_group_002240,development,3.0
ISCX::3005,ISCX-URL2016 Phishing,0,iscx_group_001068,test,
ISCX::3006,ISCX-URL2016 Phishing,0,iscx_group_011503,development,1.0
ISCX::3007,ISCX-URL2016 Phishing,0,iscx_group_001304,calibration,
ISCX::3008,ISCX-URL2016 Phishing,0,iscx_group_007830,development,3.0
ISCX::3009,ISCX-URL2016 Phishing,0,iscx_group_009749,development,2.0
ISCX::3010,ISCX-URL2016 Phishing,0,iscx_group_001370,test,
ISCX::3011,ISCX-URL2016 Phishing,0,iscx_group_008356,development,1.0
ISCX::3012,ISCX-URL2016 Phishing,0,iscx_group_008702,calibration,
ISCX::3013,ISCX-URL2016 Phishing,0,iscx_group_012798,development,5.0
ISCX::3014,ISCX-URL2016 Phishing,0,iscx_group_007171,development,5.0
ISCX::3015,ISCX-URL2016 Phishing,0,iscx_group_004048,development,2.0
ISCX::3016,ISCX-URL2016 Phishing,0,iscx_group_008321,development,3.0
ISCX::3017,ISCX-URL2016 Phishing,0,iscx_group_008081,development,5.0
ISCX::3018,ISCX-URL2016 Phishing,0,iscx_group_005101,development,3.0
ISCX::3019,ISCX-URL2016 Phishing,0,iscx_group_013179,development,2.0
ISCX::3020,ISCX-URL2016 Phishing,0,iscx_group_003421,development,2.0
ISCX::3021,ISCX-URL2016 Phishing,0,iscx_group_000976,development,2.0
ISCX::3022,ISCX-URL2016 Phishing,0,iscx_group_004370,development,5.0
ISCX::3023,ISCX-URL2016 Phishing,0,iscx_group_007488,test,
ISCX::3024,ISCX-URL2016 Phishing,0,iscx_group_003440,calibration,
ISCX::3025,ISCX-URL2016 Phishing,0,iscx_group_000808,development,4.0
ISCX::3026,ISCX-URL2016 Phishing,0,iscx_group_003899,calibration,
ISCX::3027,ISCX-URL2016 Phishing,0,iscx_group_005499,development,1.0
ISCX::3028,ISCX-URL2016 Phishing,0,iscx_group_011671,development,2.0
ISCX::3029,ISCX-URL2016 Phishing,0,iscx_group_006777,test,
ISCX::3030,ISCX-URL2016 Phishing,0,iscx_group_010868,development,4.0
ISCX::3031,ISCX-URL2016 Phishing,0,iscx_group_009900,test,
ISCX::3032,ISCX-URL2016 Phishing,0,iscx_group_010150,development,5.0
ISCX::3033,ISCX-URL2016 Phishing,0,iscx_group_004756,development,2.0
ISCX::3034,ISCX-URL2016 Phishing,0,iscx_group_008419,calibration,
ISCX::3035,ISCX-URL2016 Phishing,0,iscx_group_003358,development,1.0
ISCX::3036,ISCX-URL2016 Phishing,0,iscx_group_008418,test,
ISCX::3037,ISCX-URL2016 Phishing,0,iscx_group_006432,development,4.0
ISCX::3038,ISCX-URL2016 Phishing,0,iscx_group_002628,development,1.0
ISCX::3039,ISCX-URL2016 Phishing,0,iscx_group_008260,development,4.0
ISCX::3040,ISCX-URL2016 Phishing,0,iscx_group_009718,development,1.0
ISCX::3041,ISCX-URL2016 Phishing,0,iscx_group_007833,development,4.0
ISCX::3042,ISCX-URL2016 Phishing,0,iscx_group_008459,test,
ISCX::3043,ISCX-URL2016 Phishing,0,iscx_group_003858,development,2.0
ISCX::3044,ISCX-URL2016 Phishing,0,iscx_group_014577,development,3.0
ISCX::3045,ISCX-URL2016 Phishing,0,iscx_group_012328,development,2.0
ISCX::3046,ISCX-URL2016 Phishing,0,iscx_group_010584,test,
ISCX::3047,ISCX-URL2016 Phishing,0,iscx_group_000014,development,1.0
ISCX::3048,ISCX-URL2016 Phishing,0,iscx_group_014086,test,
ISCX::3049,ISCX-URL2016 Phishing,0,iscx_group_002225,development,5.0
ISCX::3050,ISCX-URL2016 Phishing,0,iscx_group_007100,development,1.0
ISCX::3051,ISCX-URL2016 Phishing,0,iscx_group_010379,development,2.0
ISCX::3052,ISCX-URL2016 Phishing,0,iscx_group_013118,calibration,
ISCX::3053,ISCX-URL2016 Phishing,0,iscx_group_010878,development,3.0
ISCX::3054,ISCX-URL2016 Phishing,0,iscx_group_000765,development,5.0
ISCX::3055,ISCX-URL2016 Phishing,0,iscx_group_010397,development,5.0
ISCX::3056,ISCX-URL2016 Phishing,0,iscx_group_013762,test,
ISCX::3057,ISCX-URL2016 Phishing,0,iscx_group_011330,development,5.0
ISCX::3058,ISCX-URL2016 Phishing,0,iscx_group_001204,calibration,
ISCX::3059,ISCX-URL2016 Phishing,0,iscx_group_013455,development,4.0
ISCX::3060,ISCX-URL2016 Phishing,0,iscx_group_000665,test,
ISCX::3061,ISCX-URL2016 Phishing,0,iscx_group_008913,development,4.0
ISCX::3062,ISCX-URL2016 Phishing,0,iscx_group_002247,test,
ISCX::3063,ISCX-URL2016 Phishing,0,iscx_group_001317,test,
ISCX::3064,ISCX-URL2016 Phishing,0,iscx_group_012710,test,
ISCX::3065,ISCX-URL2016 Phishing,0,iscx_group_005505,development,5.0
ISCX::3066,ISCX-URL2016 Phishing,0,iscx_group_001316,development,5.0
ISCX::3067,ISCX-URL2016 Phishing,0,iscx_group_004070,development,2.0
ISCX::3068,ISCX-URL2016 Phishing,0,iscx_group_004089,development,1.0
ISCX::3069,ISCX-URL2016 Phishing,0,iscx_group_009463,development,3.0
ISCX::3070,ISCX-URL2016 Phishing,0,iscx_group_003007,test,
ISCX::3071,ISCX-URL2016 Phishing,0,iscx_group_007801,development,2.0
ISCX::3072,ISCX-URL2016 Phishing,0,iscx_group_003808,development,1.0
ISCX::3073,ISCX-URL2016 Phishing,0,iscx_group_007671,development,5.0
ISCX::3074,ISCX-URL2016 Phishing,0,iscx_group_010974,development,3.0
ISCX::3075,ISCX-URL2016 Phishing,0,iscx_group_011585,test,
ISCX::3076,ISCX-URL2016 Phishing,0,iscx_group_007039,calibration,
ISCX::3077,ISCX-URL2016 Phishing,0,iscx_group_002992,calibration,
ISCX::3078,ISCX-URL2016 Phishing,0,iscx_group_011321,development,1.0
ISCX::3079,ISCX-URL2016 Phishing,0,iscx_group_000126,development,2.0
ISCX::3080,ISCX-URL2016 Phishing,0,iscx_group_000289,calibration,
ISCX::3081,ISCX-URL2016 Phishing,0,iscx_group_012883,development,5.0
ISCX::3082,ISCX-URL2016 Phishing,0,iscx_group_013519,development,3.0
ISCX::3083,ISCX-URL2016 Phishing,0,iscx_group_005814,development,1.0
ISCX::3084,ISCX-URL2016 Phishing,0,iscx_group_013266,development,2.0
ISCX::3085,ISCX-URL2016 Phishing,0,iscx_group_013404,development,2.0
ISCX::3086,ISCX-URL2016 Phishing,0,iscx_group_009651,development,5.0
ISCX::3087,ISCX-URL2016 Phishing,0,iscx_group_003472,development,5.0
ISCX::3088,ISCX-URL2016 Phishing,0,iscx_group_012865,calibration,
ISCX::3089,ISCX-URL2016 Phishing,0,iscx_group_012578,development,1.0
ISCX::3090,ISCX-URL2016 Phishing,0,iscx_group_001496,development,4.0
ISCX::3091,ISCX-URL2016 Phishing,0,iscx_group_002480,calibration,
ISCX::3092,ISCX-URL2016 Phishing,0,iscx_group_011781,calibration,
ISCX::3093,ISCX-URL2016 Phishing,0,iscx_group_008189,development,5.0
ISCX::3094,ISCX-URL2016 Phishing,0,iscx_group_009442,calibration,
ISCX::3095,ISCX-URL2016 Phishing,0,iscx_group_009250,test,
ISCX::3096,ISCX-URL2016 Phishing,0,iscx_group_005275,development,3.0
ISCX::3097,ISCX-URL2016 Phishing,0,iscx_group_003162,development,4.0
ISCX::3098,ISCX-URL2016 Phishing,0,iscx_group_001726,development,3.0
ISCX::3099,ISCX-URL2016 Phishing,0,iscx_group_002523,development,5.0
ISCX::3100,ISCX-URL2016 Phishing,0,iscx_group_008959,development,5.0
ISCX::3101,ISCX-URL2016 Phishing,0,iscx_group_009825,development,3.0
ISCX::3102,ISCX-URL2016 Phishing,0,iscx_group_006821,development,3.0
ISCX::3103,ISCX-URL2016 Phishing,0,iscx_group_000365,development,5.0
ISCX::3104,ISCX-URL2016 Phishing,0,iscx_group_013204,development,1.0
ISCX::3105,ISCX-URL2016 Phishing,0,iscx_group_014431,development,3.0
ISCX::3106,ISCX-URL2016 Phishing,0,iscx_group_008989,development,4.0
ISCX::3107,ISCX-URL2016 Phishing,0,iscx_group_002160,test,
ISCX::3108,ISCX-URL2016 Phishing,0,iscx_group_005155,development,3.0
ISCX::3109,ISCX-URL2016 Phishing,0,iscx_group_013376,development,5.0
ISCX::3110,ISCX-URL2016 Phishing,0,iscx_group_013847,calibration,
ISCX::3111,ISCX-URL2016 Phishing,0,iscx_group_013083,development,2.0
ISCX::3112,ISCX-URL2016 Phishing,0,iscx_group_012377,development,1.0
ISCX::3113,ISCX-URL2016 Phishing,0,iscx_group_014263,calibration,
ISCX::3114,ISCX-URL2016 Phishing,0,iscx_group_013584,development,3.0
ISCX::3115,ISCX-URL2016 Phishing,0,iscx_group_004270,calibration,
ISCX::3116,ISCX-URL2016 Phishing,0,iscx_group_002536,development,4.0
ISCX::3117,ISCX-URL2016 Phishing,0,iscx_group_000252,calibration,
ISCX::3118,ISCX-URL2016 Phishing,0,iscx_group_014614,test,
ISCX::3119,ISCX-URL2016 Phishing,0,iscx_group_005915,development,4.0
ISCX::3120,ISCX-URL2016 Phishing,0,iscx_group_009954,development,5.0
ISCX::3121,ISCX-URL2016 Phishing,0,iscx_group_013932,development,4.0
ISCX::3122,ISCX-URL2016 Phishing,0,iscx_group_009511,development,4.0
ISCX::3123,ISCX-URL2016 Phishing,0,iscx_group_000931,development,1.0
ISCX::3124,ISCX-URL2016 Phishing,0,iscx_group_000978,test,
ISCX::3125,ISCX-URL2016 Phishing,0,iscx_group_011845,development,3.0
ISCX::3126,ISCX-URL2016 Phishing,0,iscx_group_003386,development,3.0
ISCX::3127,ISCX-URL2016 Phishing,0,iscx_group_002632,development,1.0
ISCX::3128,ISCX-URL2016 Phishing,0,iscx_group_006025,test,
ISCX::3129,ISCX-URL2016 Phishing,0,iscx_group_000642,development,4.0
ISCX::3130,ISCX-URL2016 Phishing,0,iscx_group_008825,development,4.0
ISCX::3131,ISCX-URL2016 Phishing,0,iscx_group_011954,development,3.0
ISCX::3132,ISCX-URL2016 Phishing,0,iscx_group_013488,calibration,
ISCX::3133,ISCX-URL2016 Phishing,0,iscx_group_001347,development,4.0
ISCX::3134,ISCX-URL2016 Phishing,0,iscx_group_005570,development,4.0
ISCX::3135,ISCX-URL2016 Phishing,0,iscx_group_005988,development,2.0
ISCX::3136,ISCX-URL2016 Phishing,0,iscx_group_009831,calibration,
ISCX::3137,ISCX-URL2016 Phishing,0,iscx_group_008932,development,1.0
ISCX::3138,ISCX-URL2016 Phishing,0,iscx_group_011550,development,2.0
ISCX::3139,ISCX-URL2016 Phishing,0,iscx_group_002581,development,5.0
ISCX::3140,ISCX-URL2016 Phishing,0,iscx_group_011672,development,2.0
ISCX::3141,ISCX-URL2016 Phishing,0,iscx_group_003389,development,5.0
ISCX::3142,ISCX-URL2016 Phishing,0,iscx_group_014246,development,2.0
ISCX::3143,ISCX-URL2016 Phishing,0,iscx_group_011976,calibration,
ISCX::3144,ISCX-URL2016 Phishing,0,iscx_group_002129,test,
ISCX::3145,ISCX-URL2016 Phishing,0,iscx_group_001412,development,5.0
ISCX::3146,ISCX-URL2016 Phishing,0,iscx_group_004594,calibration,
ISCX::3147,ISCX-URL2016 Phishing,0,iscx_group_014475,development,5.0
ISCX::3148,ISCX-URL2016 Phishing,0,iscx_group_013327,development,4.0
ISCX::3149,ISCX-URL2016 Phishing,0,iscx_group_008785,development,2.0
ISCX::3150,ISCX-URL2016 Phishing,0,iscx_group_004760,development,4.0
ISCX::3151,ISCX-URL2016 Phishing,0,iscx_group_009483,test,
ISCX::3152,ISCX-URL2016 Phishing,0,iscx_group_000919,development,3.0
ISCX::3153,ISCX-URL2016 Phishing,0,iscx_group_009527,development,1.0
ISCX::3154,ISCX-URL2016 Phishing,0,iscx_group_002930,test,
ISCX::3155,ISCX-URL2016 Phishing,0,iscx_group_013658,development,4.0
ISCX::3156,ISCX-URL2016 Phishing,0,iscx_group_000594,development,3.0
ISCX::3157,ISCX-URL2016 Phishing,0,iscx_group_002452,development,1.0
ISCX::3158,ISCX-URL2016 Phishing,0,iscx_group_003482,calibration,
ISCX::3159,ISCX-URL2016 Phishing,0,iscx_group_003961,development,1.0
ISCX::3160,ISCX-URL2016 Phishing,0,iscx_group_005263,development,3.0
ISCX::3161,ISCX-URL2016 Phishing,0,iscx_group_004416,development,5.0
ISCX::3162,ISCX-URL2016 Phishing,0,iscx_group_010105,calibration,
ISCX::3163,ISCX-URL2016 Phishing,0,iscx_group_012094,development,4.0
ISCX::3164,ISCX-URL2016 Phishing,0,iscx_group_000569,development,4.0
ISCX::3165,ISCX-URL2016 Phishing,0,iscx_group_001770,development,2.0
ISCX::3166,ISCX-URL2016 Phishing,0,iscx_group_004813,development,3.0
ISCX::3167,ISCX-URL2016 Phishing,0,iscx_group_007638,development,4.0
ISCX::3168,ISCX-URL2016 Phishing,0,iscx_group_006135,test,
ISCX::3169,ISCX-URL2016 Phishing,0,iscx_group_005252,development,2.0
ISCX::3170,ISCX-URL2016 Phishing,0,iscx_group_013683,development,1.0
ISCX::3171,ISCX-URL2016 Phishing,0,iscx_group_001164,calibration,
ISCX::3172,ISCX-URL2016 Phishing,0,iscx_group_006992,test,
ISCX::3173,ISCX-URL2016 Phishing,0,iscx_group_004933,development,1.0
ISCX::3174,ISCX-URL2016 Phishing,0,iscx_group_005339,development,2.0
ISCX::3175,ISCX-URL2016 Phishing,0,iscx_group_013708,development,4.0
ISCX::3176,ISCX-URL2016 Phishing,0,iscx_group_011419,development,5.0
ISCX::3177,ISCX-URL2016 Phishing,0,iscx_group_008810,development,4.0
ISCX::3178,ISCX-URL2016 Phishing,0,iscx_group_004887,development,1.0
ISCX::3179,ISCX-URL2016 Phishing,0,iscx_group_005187,calibration,
ISCX::3180,ISCX-URL2016 Phishing,0,iscx_group_001274,development,1.0
ISCX::3181,ISCX-URL2016 Phishing,0,iscx_group_005225,development,5.0
ISCX::3182,ISCX-URL2016 Phishing,0,iscx_group_006983,development,3.0
ISCX::3183,ISCX-URL2016 Phishing,0,iscx_group_001499,development,4.0
ISCX::3184,ISCX-URL2016 Phishing,0,iscx_group_004838,development,2.0
ISCX::3185,ISCX-URL2016 Phishing,0,iscx_group_000509,development,5.0
ISCX::3186,ISCX-URL2016 Phishing,0,iscx_group_005114,development,1.0
ISCX::3187,ISCX-URL2016 Phishing,0,iscx_group_006601,calibration,
ISCX::3188,ISCX-URL2016 Phishing,0,iscx_group_001035,development,1.0
ISCX::3189,ISCX-URL2016 Phishing,0,iscx_group_014464,development,4.0
ISCX::3190,ISCX-URL2016 Phishing,0,iscx_group_012303,development,5.0
ISCX::3191,ISCX-URL2016 Phishing,0,iscx_group_002993,development,1.0
ISCX::3192,ISCX-URL2016 Phishing,0,iscx_group_006605,development,4.0
ISCX::3193,ISCX-URL2016 Phishing,0,iscx_group_000273,test,
ISCX::3194,ISCX-URL2016 Phishing,0,iscx_group_013953,development,3.0
ISCX::3195,ISCX-URL2016 Phishing,0,iscx_group_009980,development,4.0
ISCX::3196,ISCX-URL2016 Phishing,0,iscx_group_005112,development,4.0
ISCX::3197,ISCX-URL2016 Phishing,0,iscx_group_005830,development,5.0
ISCX::3198,ISCX-URL2016 Phishing,0,iscx_group_004984,development,5.0
ISCX::3199,ISCX-URL2016 Phishing,0,iscx_group_000025,calibration,
ISCX::3200,ISCX-URL2016 Phishing,0,iscx_group_013551,development,1.0
ISCX::3201,ISCX-URL2016 Phishing,0,iscx_group_010259,calibration,
ISCX::3202,ISCX-URL2016 Phishing,0,iscx_group_004239,development,5.0
ISCX::3203,ISCX-URL2016 Phishing,0,iscx_group_011907,development,1.0
ISCX::3204,ISCX-URL2016 Phishing,0,iscx_group_002167,development,4.0
ISCX::3205,ISCX-URL2016 Phishing,0,iscx_group_012605,development,4.0
ISCX::3206,ISCX-URL2016 Phishing,0,iscx_group_013885,development,5.0
ISCX::3207,ISCX-URL2016 Phishing,0,iscx_group_012365,test,
ISCX::3208,ISCX-URL2016 Phishing,0,iscx_group_012268,development,3.0
ISCX::3209,ISCX-URL2016 Phishing,0,iscx_group_010947,development,5.0
ISCX::3210,ISCX-URL2016 Phishing,0,iscx_group_013879,development,3.0
ISCX::3211,ISCX-URL2016 Phishing,0,iscx_group_009148,development,5.0
ISCX::3212,ISCX-URL2016 Phishing,0,iscx_group_012201,development,2.0
ISCX::3213,ISCX-URL2016 Phishing,0,iscx_group_010679,test,
ISCX::3214,ISCX-URL2016 Phishing,0,iscx_group_010142,development,3.0
ISCX::3215,ISCX-URL2016 Phishing,0,iscx_group_002355,development,5.0
ISCX::3216,ISCX-URL2016 Phishing,0,iscx_group_001684,development,1.0
ISCX::3217,ISCX-URL2016 Phishing,0,iscx_group_003965,calibration,
ISCX::3218,ISCX-URL2016 Phishing,0,iscx_group_013967,development,2.0
ISCX::3219,ISCX-URL2016 Phishing,0,iscx_group_004246,test,
ISCX::3220,ISCX-URL2016 Phishing,0,iscx_group_006327,development,4.0
ISCX::3221,ISCX-URL2016 Phishing,0,iscx_group_005881,calibration,
ISCX::3222,ISCX-URL2016 Phishing,0,iscx_group_005631,development,5.0
ISCX::3223,ISCX-URL2016 Phishing,0,iscx_group_010314,development,5.0
ISCX::3224,ISCX-URL2016 Phishing,0,iscx_group_008397,calibration,
ISCX::3225,ISCX-URL2016 Phishing,0,iscx_group_007494,calibration,
ISCX::3226,ISCX-URL2016 Phishing,0,iscx_group_012873,calibration,
ISCX::3227,ISCX-URL2016 Phishing,0,iscx_group_011401,development,5.0
ISCX::3228,ISCX-URL2016 Phishing,0,iscx_group_010838,development,2.0
ISCX::3229,ISCX-URL2016 Phishing,0,iscx_group_014193,development,1.0
ISCX::3230,ISCX-URL2016 Phishing,0,iscx_group_010613,development,1.0
ISCX::3231,ISCX-URL2016 Phishing,0,iscx_group_003307,development,5.0
ISCX::3232,ISCX-URL2016 Phishing,0,iscx_group_006412,development,1.0
ISCX::3233,ISCX-URL2016 Phishing,0,iscx_group_004303,test,
ISCX::3234,ISCX-URL2016 Phishing,0,iscx_group_005409,calibration,
ISCX::3235,ISCX-URL2016 Phishing,0,iscx_group_005002,test,
ISCX::3236,ISCX-URL2016 Phishing,0,iscx_group_010507,calibration,
ISCX::3237,ISCX-URL2016 Phishing,0,iscx_group_007851,calibration,
ISCX::3238,ISCX-URL2016 Phishing,0,iscx_group_008606,development,2.0
ISCX::3239,ISCX-URL2016 Phishing,0,iscx_group_013560,calibration,
ISCX::3240,ISCX-URL2016 Phishing,0,iscx_group_008511,test,
ISCX::3241,ISCX-URL2016 Phishing,0,iscx_group_011476,development,3.0
ISCX::3242,ISCX-URL2016 Phishing,0,iscx_group_000132,test,
ISCX::3243,ISCX-URL2016 Phishing,0,iscx_group_000450,development,4.0
ISCX::3244,ISCX-URL2016 Phishing,0,iscx_group_004800,development,5.0
ISCX::3245,ISCX-URL2016 Phishing,0,iscx_group_012621,development,1.0
ISCX::3246,ISCX-URL2016 Phishing,0,iscx_group_010008,calibration,
ISCX::3247,ISCX-URL2016 Phishing,0,iscx_group_003851,development,2.0
ISCX::3248,ISCX-URL2016 Phishing,0,iscx_group_006378,development,5.0
ISCX::3249,ISCX-URL2016 Phishing,0,iscx_group_009219,development,4.0
ISCX::3250,ISCX-URL2016 Phishing,0,iscx_group_007180,development,3.0
ISCX::3251,ISCX-URL2016 Phishing,0,iscx_group_011160,development,1.0
ISCX::3252,ISCX-URL2016 Phishing,0,iscx_group_003423,development,2.0
ISCX::3253,ISCX-URL2016 Phishing,0,iscx_group_003241,development,2.0
ISCX::3254,ISCX-URL2016 Phishing,0,iscx_group_000743,test,
ISCX::3255,ISCX-URL2016 Phishing,0,iscx_group_004317,test,
ISCX::3256,ISCX-URL2016 Phishing,0,iscx_group_014532,development,4.0
ISCX::3257,ISCX-URL2016 Phishing,0,iscx_group_007781,development,1.0
ISCX::3258,ISCX-URL2016 Phishing,0,iscx_group_010943,test,
ISCX::3259,ISCX-URL2016 Phishing,0,iscx_group_003747,development,4.0
ISCX::3260,ISCX-URL2016 Phishing,0,iscx_group_008196,development,5.0
ISCX::3261,ISCX-URL2016 Phishing,0,iscx_group_013153,development,4.0
ISCX::3262,ISCX-URL2016 Phishing,0,iscx_group_002496,test,
ISCX::3263,ISCX-URL2016 Phishing,0,iscx_group_002855,development,5.0
ISCX::3264,ISCX-URL2016 Phishing,0,iscx_group_005598,calibration,
ISCX::3265,ISCX-URL2016 Phishing,0,iscx_group_000927,development,3.0
ISCX::3266,ISCX-URL2016 Phishing,0,iscx_group_004953,development,5.0
ISCX::3267,ISCX-URL2016 Phishing,0,iscx_group_008314,development,2.0
ISCX::3268,ISCX-URL2016 Phishing,0,iscx_group_013882,calibration,
ISCX::3269,ISCX-URL2016 Phishing,0,iscx_group_006337,development,3.0
ISCX::3270,ISCX-URL2016 Phishing,0,iscx_group_012129,calibration,
ISCX::3271,ISCX-URL2016 Phishing,0,iscx_group_005518,calibration,
ISCX::3272,ISCX-URL2016 Phishing,0,iscx_group_003119,development,4.0
ISCX::3273,ISCX-URL2016 Phishing,0,iscx_group_006508,development,2.0
ISCX::3274,ISCX-URL2016 Phishing,0,iscx_group_003775,development,3.0
ISCX::3275,ISCX-URL2016 Phishing,0,iscx_group_007271,development,1.0
ISCX::3276,ISCX-URL2016 Phishing,0,iscx_group_011539,development,3.0
ISCX::3277,ISCX-URL2016 Phishing,0,iscx_group_004028,development,1.0
ISCX::3278,ISCX-URL2016 Phishing,0,iscx_group_006674,development,4.0
ISCX::3279,ISCX-URL2016 Phishing,0,iscx_group_002944,development,4.0
ISCX::3280,ISCX-URL2016 Phishing,0,iscx_group_006140,development,4.0
ISCX::3281,ISCX-URL2016 Phishing,0,iscx_group_008554,development,5.0
ISCX::3282,ISCX-URL2016 Phishing,0,iscx_group_005488,development,5.0
ISCX::3283,ISCX-URL2016 Phishing,0,iscx_group_007380,development,3.0
ISCX::3284,ISCX-URL2016 Phishing,0,iscx_group_007467,development,2.0
ISCX::3285,ISCX-URL2016 Phishing,0,iscx_group_014704,calibration,
ISCX::3286,ISCX-URL2016 Phishing,0,iscx_group_010656,test,
ISCX::3287,ISCX-URL2016 Phishing,0,iscx_group_001014,development,2.0
ISCX::3288,ISCX-URL2016 Phishing,0,iscx_group_002723,development,3.0
ISCX::3289,ISCX-URL2016 Phishing,0,iscx_group_008768,test,
ISCX::3290,ISCX-URL2016 Phishing,0,iscx_group_003416,development,4.0
ISCX::3291,ISCX-URL2016 Phishing,0,iscx_group_013071,development,4.0
ISCX::3292,ISCX-URL2016 Phishing,0,iscx_group_003311,development,5.0
ISCX::3293,ISCX-URL2016 Phishing,0,iscx_group_010890,development,3.0
ISCX::3294,ISCX-URL2016 Phishing,0,iscx_group_001454,development,4.0
ISCX::3295,ISCX-URL2016 Phishing,0,iscx_group_007404,development,1.0
ISCX::3296,ISCX-URL2016 Phishing,0,iscx_group_013933,calibration,
ISCX::3297,ISCX-URL2016 Phishing,0,iscx_group_008871,development,4.0
ISCX::3298,ISCX-URL2016 Phishing,0,iscx_group_007438,test,
ISCX::3299,ISCX-URL2016 Phishing,0,iscx_group_009158,development,2.0
ISCX::3300,ISCX-URL2016 Phishing,0,iscx_group_012224,development,5.0
ISCX::3301,ISCX-URL2016 Phishing,0,iscx_group_000747,calibration,
ISCX::3302,ISCX-URL2016 Phishing,0,iscx_group_013968,calibration,
ISCX::3303,ISCX-URL2016 Phishing,0,iscx_group_013726,development,2.0
ISCX::3304,ISCX-URL2016 Phishing,0,iscx_group_004778,calibration,
ISCX::3305,ISCX-URL2016 Phishing,0,iscx_group_013681,calibration,
ISCX::3306,ISCX-URL2016 Phishing,0,iscx_group_004339,development,4.0
ISCX::3307,ISCX-URL2016 Phishing,0,iscx_group_011447,development,5.0
ISCX::3308,ISCX-URL2016 Phishing,0,iscx_group_004923,development,4.0
ISCX::3309,ISCX-URL2016 Phishing,0,iscx_group_006852,development,1.0
ISCX::3310,ISCX-URL2016 Phishing,0,iscx_group_013097,calibration,
ISCX::3311,ISCX-URL2016 Phishing,0,iscx_group_001666,development,4.0
ISCX::3312,ISCX-URL2016 Phishing,0,iscx_group_002383,development,2.0
ISCX::3313,ISCX-URL2016 Phishing,0,iscx_group_004915,development,5.0
ISCX::3314,ISCX-URL2016 Phishing,0,iscx_group_009474,development,5.0
ISCX::3315,ISCX-URL2016 Phishing,0,iscx_group_009832,development,1.0
ISCX::3316,ISCX-URL2016 Phishing,0,iscx_group_006779,development,2.0
ISCX::3317,ISCX-URL2016 Phishing,0,iscx_group_012699,development,4.0
ISCX::3318,ISCX-URL2016 Phishing,0,iscx_group_007721,test,
ISCX::3319,ISCX-URL2016 Phishing,0,iscx_group_003706,development,4.0
ISCX::3320,ISCX-URL2016 Phishing,0,iscx_group_012272,development,3.0
ISCX::3321,ISCX-URL2016 Phishing,0,iscx_group_013496,development,4.0
ISCX::3322,ISCX-URL2016 Phishing,0,iscx_group_008877,development,1.0
ISCX::3323,ISCX-URL2016 Phishing,0,iscx_group_001712,development,3.0
ISCX::3324,ISCX-URL2016 Phishing,0,iscx_group_003456,calibration,
ISCX::3325,ISCX-URL2016 Phishing,0,iscx_group_013722,development,4.0
ISCX::3326,ISCX-URL2016 Phishing,0,iscx_group_011638,development,5.0
ISCX::3327,ISCX-URL2016 Phishing,0,iscx_group_010694,development,2.0
ISCX::3328,ISCX-URL2016 Phishing,0,iscx_group_003123,development,2.0
ISCX::3329,ISCX-URL2016 Phishing,0,iscx_group_002849,development,3.0
ISCX::3330,ISCX-URL2016 Phishing,0,iscx_group_002940,test,
ISCX::3331,ISCX-URL2016 Phishing,0,iscx_group_011534,test,
ISCX::3332,ISCX-URL2016 Phishing,0,iscx_group_008694,development,2.0
ISCX::3333,ISCX-URL2016 Phishing,0,iscx_group_003377,development,3.0
ISCX::3334,ISCX-URL2016 Phishing,0,iscx_group_007776,development,3.0
ISCX::3335,ISCX-URL2016 Phishing,0,iscx_group_002682,development,3.0
ISCX::3336,ISCX-URL2016 Phishing,0,iscx_group_004987,calibration,
ISCX::3337,ISCX-URL2016 Phishing,0,iscx_group_012131,calibration,
ISCX::3338,ISCX-URL2016 Phishing,0,iscx_group_012988,development,3.0
ISCX::3339,ISCX-URL2016 Phishing,0,iscx_group_004966,development,1.0
ISCX::3340,ISCX-URL2016 Phishing,0,iscx_group_012895,development,4.0
ISCX::3341,ISCX-URL2016 Phishing,0,iscx_group_014506,development,2.0
ISCX::3342,ISCX-URL2016 Phishing,0,iscx_group_007946,development,4.0
ISCX::3343,ISCX-URL2016 Phishing,0,iscx_group_009132,development,1.0
ISCX::3344,ISCX-URL2016 Phishing,0,iscx_group_006018,development,2.0
ISCX::3345,ISCX-URL2016 Phishing,0,iscx_group_014586,development,2.0
ISCX::3346,ISCX-URL2016 Phishing,0,iscx_group_001979,development,1.0
ISCX::3347,ISCX-URL2016 Phishing,0,iscx_group_004651,development,2.0
ISCX::3348,ISCX-URL2016 Phishing,0,iscx_group_006107,test,
ISCX::3349,ISCX-URL2016 Phishing,0,iscx_group_011718,development,2.0
ISCX::3350,ISCX-URL2016 Phishing,0,iscx_group_009657,development,2.0
ISCX::3351,ISCX-URL2016 Phishing,0,iscx_group_007078,development,3.0
ISCX::3352,ISCX-URL2016 Phishing,0,iscx_group_003981,development,4.0
ISCX::3353,ISCX-URL2016 Phishing,0,iscx_group_005764,development,4.0
ISCX::3354,ISCX-URL2016 Phishing,0,iscx_group_007861,development,3.0
ISCX::3355,ISCX-URL2016 Phishing,0,iscx_group_008883,development,3.0
ISCX::3356,ISCX-URL2016 Phishing,0,iscx_group_013828,development,5.0
ISCX::3357,ISCX-URL2016 Phishing,0,iscx_group_010888,development,2.0
ISCX::3358,ISCX-URL2016 Phishing,0,iscx_group_005756,development,3.0
ISCX::3359,ISCX-URL2016 Phishing,0,iscx_group_006191,calibration,
ISCX::3360,ISCX-URL2016 Phishing,0,iscx_group_000734,development,4.0
ISCX::3361,ISCX-URL2016 Phishing,0,iscx_group_007193,development,2.0
ISCX::3362,ISCX-URL2016 Phishing,0,iscx_group_001623,calibration,
ISCX::3363,ISCX-URL2016 Phishing,0,iscx_group_010610,development,1.0
ISCX::3364,ISCX-URL2016 Phishing,0,iscx_group_005109,development,4.0
ISCX::3365,ISCX-URL2016 Phishing,0,iscx_group_005634,development,4.0
ISCX::3366,ISCX-URL2016 Phishing,0,iscx_group_001079,calibration,
ISCX::3367,ISCX-URL2016 Phishing,0,iscx_group_008901,development,1.0
ISCX::3368,ISCX-URL2016 Phishing,0,iscx_group_004187,development,3.0
ISCX::3369,ISCX-URL2016 Phishing,0,iscx_group_010538,development,2.0
ISCX::3370,ISCX-URL2016 Phishing,0,iscx_group_001531,test,
ISCX::3371,ISCX-URL2016 Phishing,0,iscx_group_008876,development,2.0
ISCX::3372,ISCX-URL2016 Phishing,0,iscx_group_008117,development,5.0
ISCX::3373,ISCX-URL2016 Phishing,0,iscx_group_004769,development,2.0
ISCX::3374,ISCX-URL2016 Phishing,0,iscx_group_009761,development,1.0
ISCX::3375,ISCX-URL2016 Phishing,0,iscx_group_006986,development,2.0
ISCX::3376,ISCX-URL2016 Phishing,0,iscx_group_010087,development,2.0
ISCX::3377,ISCX-URL2016 Phishing,0,iscx_group_006951,test,
ISCX::3378,ISCX-URL2016 Phishing,0,iscx_group_006660,development,5.0
ISCX::3379,ISCX-URL2016 Phishing,0,iscx_group_005618,development,3.0
ISCX::3380,ISCX-URL2016 Phishing,0,iscx_group_008578,development,3.0
ISCX::3381,ISCX-URL2016 Phishing,0,iscx_group_010725,development,5.0
ISCX::3382,ISCX-URL2016 Phishing,0,iscx_group_008033,development,2.0
ISCX::3383,ISCX-URL2016 Phishing,0,iscx_group_013571,development,5.0
ISCX::3384,ISCX-URL2016 Phishing,0,iscx_group_008353,development,5.0
ISCX::3385,ISCX-URL2016 Phishing,0,iscx_group_001983,development,3.0
ISCX::3386,ISCX-URL2016 Phishing,0,iscx_group_009555,test,
ISCX::3387,ISCX-URL2016 Phishing,0,iscx_group_003974,calibration,
ISCX::3388,ISCX-URL2016 Phishing,0,iscx_group_010654,development,1.0
ISCX::3389,ISCX-URL2016 Phishing,0,iscx_group_010657,development,1.0
ISCX::3390,ISCX-URL2016 Phishing,0,iscx_group_000988,development,3.0
ISCX::3391,ISCX-URL2016 Phishing,0,iscx_group_008343,development,1.0
ISCX::3392,ISCX-URL2016 Phishing,0,iscx_group_001548,development,5.0
ISCX::3393,ISCX-URL2016 Phishing,0,iscx_group_010200,test,
ISCX::3394,ISCX-URL2016 Phishing,0,iscx_group_001127,development,1.0
ISCX::3395,ISCX-URL2016 Phishing,0,iscx_group_012698,calibration,
ISCX::3396,ISCX-URL2016 Phishing,0,iscx_group_010619,development,2.0
ISCX::3397,ISCX-URL2016 Phishing,0,iscx_group_013407,test,
ISCX::3398,ISCX-URL2016 Phishing,0,iscx_group_004131,development,2.0
ISCX::3399,ISCX-URL2016 Phishing,0,iscx_group_006179,calibration,
ISCX::3400,ISCX-URL2016 Phishing,0,iscx_group_004214,development,4.0
ISCX::3401,ISCX-URL2016 Phishing,0,iscx_group_014197,development,3.0
ISCX::3402,ISCX-URL2016 Phishing,0,iscx_group_008573,development,4.0
ISCX::3403,ISCX-URL2016 Phishing,0,iscx_group_011857,test,
ISCX::3404,ISCX-URL2016 Phishing,0,iscx_group_012219,test,
ISCX::3405,ISCX-URL2016 Phishing,0,iscx_group_006472,development,3.0
ISCX::3406,ISCX-URL2016 Phishing,0,iscx_group_014738,development,3.0
ISCX::3407,ISCX-URL2016 Phishing,0,iscx_group_009876,development,4.0
ISCX::3408,ISCX-URL2016 Phishing,0,iscx_group_004275,test,
ISCX::3409,ISCX-URL2016 Phishing,0,iscx_group_007887,development,2.0
ISCX::3410,ISCX-URL2016 Phishing,0,iscx_group_010117,development,5.0
ISCX::3411,ISCX-URL2016 Phishing,0,iscx_group_008852,test,
ISCX::3412,ISCX-URL2016 Phishing,0,iscx_group_002226,development,3.0
ISCX::3413,ISCX-URL2016 Phishing,0,iscx_group_000065,development,4.0
ISCX::3414,ISCX-URL2016 Phishing,0,iscx_group_010447,test,
ISCX::3415,ISCX-URL2016 Phishing,0,iscx_group_002392,development,1.0
ISCX::3416,ISCX-URL2016 Phishing,0,iscx_group_007067,development,4.0
ISCX::3417,ISCX-URL2016 Phishing,0,iscx_group_011238,development,1.0
ISCX::3418,ISCX-URL2016 Phishing,0,iscx_group_001600,test,
ISCX::3419,ISCX-URL2016 Phishing,0,iscx_group_011007,development,1.0
ISCX::3420,ISCX-URL2016 Phishing,0,iscx_group_008266,calibration,
ISCX::3421,ISCX-URL2016 Phishing,0,iscx_group_009499,calibration,
ISCX::3422,ISCX-URL2016 Phishing,0,iscx_group_013283,development,4.0
ISCX::3423,ISCX-URL2016 Phishing,0,iscx_group_012705,development,2.0
ISCX::3424,ISCX-URL2016 Phishing,0,iscx_group_010586,development,2.0
ISCX::3425,ISCX-URL2016 Phishing,0,iscx_group_010463,development,1.0
ISCX::3426,ISCX-URL2016 Phishing,0,iscx_group_001641,development,5.0
ISCX::3427,ISCX-URL2016 Phishing,0,iscx_group_010765,development,5.0
ISCX::3428,ISCX-URL2016 Phishing,0,iscx_group_006716,development,2.0
ISCX::3429,ISCX-URL2016 Phishing,0,iscx_group_000011,development,4.0
ISCX::3430,ISCX-URL2016 Phishing,0,iscx_group_007732,development,2.0
ISCX::3431,ISCX-URL2016 Phishing,0,iscx_group_013125,development,3.0
ISCX::3432,ISCX-URL2016 Phishing,0,iscx_group_008249,development,5.0
ISCX::3433,ISCX-URL2016 Phishing,0,iscx_group_002642,development,3.0
ISCX::3434,ISCX-URL2016 Phishing,0,iscx_group_010588,test,
ISCX::3435,ISCX-URL2016 Phishing,0,iscx_group_000346,development,4.0
ISCX::3436,ISCX-URL2016 Phishing,0,iscx_group_009407,development,2.0
ISCX::3437,ISCX-URL2016 Phishing,0,iscx_group_014463,calibration,
ISCX::3438,ISCX-URL2016 Phishing,0,iscx_group_002004,test,
ISCX::3439,ISCX-URL2016 Phishing,0,iscx_group_004628,development,4.0
ISCX::3440,ISCX-URL2016 Phishing,0,iscx_group_002348,test,
ISCX::3441,ISCX-URL2016 Phishing,0,iscx_group_009614,development,3.0
ISCX::3442,ISCX-URL2016 Phishing,0,iscx_group_006212,development,3.0
ISCX::3443,ISCX-URL2016 Phishing,0,iscx_group_012794,calibration,
ISCX::3444,ISCX-URL2016 Phishing,0,iscx_group_004274,test,
ISCX::3445,ISCX-URL2016 Phishing,0,iscx_group_013330,development,3.0
ISCX::3446,ISCX-URL2016 Phishing,0,iscx_group_009720,development,2.0
ISCX::3447,ISCX-URL2016 Phishing,0,iscx_group_006038,development,1.0
ISCX::3448,ISCX-URL2016 Phishing,0,iscx_group_007463,development,3.0
ISCX::3449,ISCX-URL2016 Phishing,0,iscx_group_009319,development,5.0
ISCX::3450,ISCX-URL2016 Phishing,0,iscx_group_004087,calibration,
ISCX::3451,ISCX-URL2016 Phishing,0,iscx_group_001003,calibration,
ISCX::3452,ISCX-URL2016 Phishing,0,iscx_group_011925,development,2.0
ISCX::3453,ISCX-URL2016 Phishing,0,iscx_group_002015,calibration,
ISCX::3454,ISCX-URL2016 Phishing,0,iscx_group_014394,development,3.0
ISCX::3455,ISCX-URL2016 Phishing,0,iscx_group_004302,test,
ISCX::3456,ISCX-URL2016 Phishing,0,iscx_group_014648,calibration,
ISCX::3457,ISCX-URL2016 Phishing,0,iscx_group_004774,development,1.0
ISCX::3458,ISCX-URL2016 Phishing,0,iscx_group_001495,development,5.0
ISCX::3459,ISCX-URL2016 Phishing,0,iscx_group_008775,calibration,
ISCX::3460,ISCX-URL2016 Phishing,0,iscx_group_012440,development,4.0
ISCX::3461,ISCX-URL2016 Phishing,0,iscx_group_006896,calibration,
ISCX::3462,ISCX-URL2016 Phishing,0,iscx_group_012667,development,3.0
ISCX::3463,ISCX-URL2016 Phishing,0,iscx_group_012598,development,2.0
ISCX::3464,ISCX-URL2016 Phishing,0,iscx_group_004528,test,
ISCX::3465,ISCX-URL2016 Phishing,0,iscx_group_014108,calibration,
ISCX::3466,ISCX-URL2016 Phishing,0,iscx_group_011430,development,3.0
ISCX::3467,ISCX-URL2016 Phishing,0,iscx_group_001062,development,2.0
ISCX::3468,ISCX-URL2016 Phishing,0,iscx_group_006330,development,2.0
ISCX::3469,ISCX-URL2016 Phishing,0,iscx_group_012296,development,5.0
ISCX::3470,ISCX-URL2016 Phishing,0,iscx_group_010822,calibration,
ISCX::3471,ISCX-URL2016 Phishing,0,iscx_group_012146,development,2.0
ISCX::3472,ISCX-URL2016 Phishing,0,iscx_group_011250,development,1.0
ISCX::3473,ISCX-URL2016 Phishing,0,iscx_group_014229,test,
ISCX::3474,ISCX-URL2016 Phishing,0,iscx_group_009500,calibration,
ISCX::3475,ISCX-URL2016 Phishing,0,iscx_group_006491,development,1.0
ISCX::3476,ISCX-URL2016 Phishing,0,iscx_group_006677,development,2.0
ISCX::3477,ISCX-URL2016 Phishing,0,iscx_group_014769,development,3.0
ISCX::3478,ISCX-URL2016 Phishing,0,iscx_group_012295,test,
ISCX::3479,ISCX-URL2016 Phishing,0,iscx_group_003097,test,
ISCX::3480,ISCX-URL2016 Phishing,0,iscx_group_000895,development,5.0
ISCX::3481,ISCX-URL2016 Phishing,0,iscx_group_006470,development,4.0
ISCX::3482,ISCX-URL2016 Phishing,0,iscx_group_007163,development,1.0
ISCX::3483,ISCX-URL2016 Phishing,0,iscx_group_014250,calibration,
ISCX::3484,ISCX-URL2016 Phishing,0,iscx_group_008134,calibration,
ISCX::3485,ISCX-URL2016 Phishing,0,iscx_group_000344,test,
ISCX::3486,ISCX-URL2016 Phishing,0,iscx_group_004608,development,1.0
ISCX::3487,ISCX-URL2016 Phishing,0,iscx_group_007626,development,4.0
ISCX::3488,ISCX-URL2016 Phishing,0,iscx_group_002884,development,3.0
ISCX::3489,ISCX-URL2016 Phishing,0,iscx_group_006346,calibration,
ISCX::3490,ISCX-URL2016 Phishing,0,iscx_group_011133,development,2.0
ISCX::3491,ISCX-URL2016 Phishing,0,iscx_group_011676,development,5.0
ISCX::3492,ISCX-URL2016 Phishing,0,iscx_group_011386,development,4.0
ISCX::3493,ISCX-URL2016 Phishing,0,iscx_group_002396,calibration,
ISCX::3494,ISCX-URL2016 Phishing,0,iscx_group_005194,development,3.0
ISCX::3495,ISCX-URL2016 Phishing,0,iscx_group_007750,calibration,
ISCX::3496,ISCX-URL2016 Phishing,0,iscx_group_013085,development,5.0
ISCX::3497,ISCX-URL2016 Phishing,0,iscx_group_003185,development,1.0
ISCX::3498,ISCX-URL2016 Phishing,0,iscx_group_002102,development,2.0
ISCX::3499,ISCX-URL2016 Phishing,0,iscx_group_000653,development,4.0
ISCX::3500,ISCX-URL2016 Phishing,0,iscx_group_001547,development,2.0
ISCX::3501,ISCX-URL2016 Phishing,0,iscx_group_002668,development,3.0
ISCX::3502,ISCX-URL2016 Phishing,0,iscx_group_001858,calibration,
ISCX::3503,ISCX-URL2016 Phishing,0,iscx_group_008633,development,4.0
ISCX::3504,ISCX-URL2016 Phishing,0,iscx_group_001628,development,1.0
ISCX::3505,ISCX-URL2016 Phishing,0,iscx_group_012049,test,
ISCX::3506,ISCX-URL2016 Phishing,0,iscx_group_010457,development,2.0
ISCX::3507,ISCX-URL2016 Phishing,0,iscx_group_013098,development,1.0
ISCX::3508,ISCX-URL2016 Phishing,0,iscx_group_000206,development,1.0
ISCX::3509,ISCX-URL2016 Phishing,0,iscx_group_008834,development,4.0
ISCX::3510,ISCX-URL2016 Phishing,0,iscx_group_009435,development,5.0
ISCX::3511,ISCX-URL2016 Phishing,0,iscx_group_005686,development,3.0
ISCX::3512,ISCX-URL2016 Phishing,0,iscx_group_008545,development,1.0
ISCX::3513,ISCX-URL2016 Phishing,0,iscx_group_004671,development,3.0
ISCX::3514,ISCX-URL2016 Phishing,0,iscx_group_003286,development,3.0
ISCX::3515,ISCX-URL2016 Phishing,0,iscx_group_003454,calibration,
ISCX::3516,ISCX-URL2016 Phishing,0,iscx_group_005173,development,5.0
ISCX::3517,ISCX-URL2016 Phishing,0,iscx_group_002880,calibration,
ISCX::3518,ISCX-URL2016 Phishing,0,iscx_group_008041,development,4.0
ISCX::3519,ISCX-URL2016 Phishing,0,iscx_group_014304,development,5.0
ISCX::3520,ISCX-URL2016 Phishing,0,iscx_group_002609,development,2.0
ISCX::3521,ISCX-URL2016 Phishing,0,iscx_group_003164,development,2.0
ISCX::3522,ISCX-URL2016 Phishing,0,iscx_group_008536,development,1.0
ISCX::3523,ISCX-URL2016 Phishing,0,iscx_group_004810,development,2.0
ISCX::3524,ISCX-URL2016 Phishing,0,iscx_group_007305,development,4.0
ISCX::3525,ISCX-URL2016 Phishing,0,iscx_group_007718,development,5.0
ISCX::3526,ISCX-URL2016 Phishing,0,iscx_group_007120,development,2.0
ISCX::3527,ISCX-URL2016 Phishing,0,iscx_group_011783,calibration,
ISCX::3528,ISCX-URL2016 Phishing,0,iscx_group_002062,development,2.0
ISCX::3529,ISCX-URL2016 Phishing,0,iscx_group_013447,development,2.0
ISCX::3530,ISCX-URL2016 Phishing,0,iscx_group_003354,development,1.0
ISCX::3531,ISCX-URL2016 Phishing,0,iscx_group_008990,development,5.0
ISCX::3532,ISCX-URL2016 Phishing,0,iscx_group_010294,development,4.0
ISCX::3533,ISCX-URL2016 Phishing,0,iscx_group_004491,development,4.0
ISCX::3534,ISCX-URL2016 Phishing,0,iscx_group_006247,development,5.0
ISCX::3535,ISCX-URL2016 Phishing,0,iscx_group_013640,calibration,
ISCX::3536,ISCX-URL2016 Phishing,0,iscx_group_011256,test,
ISCX::3537,ISCX-URL2016 Phishing,0,iscx_group_008521,development,4.0
ISCX::3538,ISCX-URL2016 Phishing,0,iscx_group_009623,development,2.0
ISCX::3539,ISCX-URL2016 Phishing,0,iscx_group_001704,test,
ISCX::3540,ISCX-URL2016 Phishing,0,iscx_group_008587,calibration,
ISCX::3541,ISCX-URL2016 Phishing,0,iscx_group_014778,development,4.0
ISCX::3542,ISCX-URL2016 Phishing,0,iscx_group_011902,test,
ISCX::3543,ISCX-URL2016 Phishing,0,iscx_group_002637,development,3.0
ISCX::3544,ISCX-URL2016 Phishing,0,iscx_group_002302,development,5.0
ISCX::3545,ISCX-URL2016 Phishing,0,iscx_group_012123,development,2.0
ISCX::3546,ISCX-URL2016 Phishing,0,iscx_group_008361,test,
ISCX::3547,ISCX-URL2016 Phishing,0,iscx_group_001115,test,
ISCX::3548,ISCX-URL2016 Phishing,0,iscx_group_010452,calibration,
ISCX::3549,ISCX-URL2016 Phishing,0,iscx_group_007263,development,3.0
ISCX::3550,ISCX-URL2016 Phishing,0,iscx_group_009604,development,1.0
ISCX::3551,ISCX-URL2016 Phishing,0,iscx_group_009601,development,1.0
ISCX::3552,ISCX-URL2016 Phishing,0,iscx_group_003924,development,4.0
ISCX::3553,ISCX-URL2016 Phishing,0,iscx_group_011241,development,1.0
ISCX::3554,ISCX-URL2016 Phishing,0,iscx_group_009881,development,4.0
ISCX::3555,ISCX-URL2016 Phishing,0,iscx_group_003302,test,
ISCX::3556,ISCX-URL2016 Phishing,0,iscx_group_008925,development,5.0
ISCX::3557,ISCX-URL2016 Phishing,0,iscx_group_012463,calibration,
ISCX::3558,ISCX-URL2016 Phishing,0,iscx_group_003702,development,3.0
ISCX::3559,ISCX-URL2016 Phishing,0,iscx_group_014067,development,1.0
ISCX::3560,ISCX-URL2016 Phishing,0,iscx_group_004362,test,
ISCX::3561,ISCX-URL2016 Phishing,0,iscx_group_000463,development,2.0
ISCX::3562,ISCX-URL2016 Phishing,0,iscx_group_008580,development,2.0
ISCX::3563,ISCX-URL2016 Phishing,0,iscx_group_005950,development,5.0
ISCX::3564,ISCX-URL2016 Phishing,0,iscx_group_009723,calibration,
ISCX::3565,ISCX-URL2016 Phishing,0,iscx_group_003754,development,3.0
ISCX::3566,ISCX-URL2016 Phishing,0,iscx_group_012962,development,3.0
ISCX::3567,ISCX-URL2016 Phishing,0,iscx_group_010845,calibration,
ISCX::3568,ISCX-URL2016 Phishing,0,iscx_group_005048,calibration,
ISCX::3569,ISCX-URL2016 Phishing,0,iscx_group_008654,test,
ISCX::3570,ISCX-URL2016 Phishing,0,iscx_group_004890,development,2.0
ISCX::3571,ISCX-URL2016 Phishing,0,iscx_group_010484,test,
ISCX::3572,ISCX-URL2016 Phishing,0,iscx_group_001929,development,5.0
ISCX::3573,ISCX-URL2016 Phishing,0,iscx_group_009239,development,5.0
ISCX::3574,ISCX-URL2016 Phishing,0,iscx_group_003596,test,
ISCX::3575,ISCX-URL2016 Phishing,0,iscx_group_000631,development,5.0
ISCX::3576,ISCX-URL2016 Phishing,0,iscx_group_003229,test,
ISCX::3577,ISCX-URL2016 Phishing,0,iscx_group_007683,development,3.0
ISCX::3578,ISCX-URL2016 Phishing,0,iscx_group_006304,development,5.0
ISCX::3579,ISCX-URL2016 Phishing,0,iscx_group_010242,test,
ISCX::3580,ISCX-URL2016 Phishing,0,iscx_group_012509,development,2.0
ISCX::3581,ISCX-URL2016 Phishing,0,iscx_group_011149,test,
ISCX::3582,ISCX-URL2016 Phishing,0,iscx_group_012608,development,2.0
ISCX::3583,ISCX-URL2016 Phishing,0,iscx_group_000561,development,2.0
ISCX::3584,ISCX-URL2016 Phishing,0,iscx_group_011382,development,4.0
ISCX::3585,ISCX-URL2016 Phishing,0,iscx_group_001744,development,4.0
ISCX::3586,ISCX-URL2016 Phishing,0,iscx_group_003301,development,2.0
ISCX::3587,ISCX-URL2016 Phishing,0,iscx_group_009536,calibration,
ISCX::3588,ISCX-URL2016 Phishing,0,iscx_group_000548,development,4.0
ISCX::3589,ISCX-URL2016 Phishing,0,iscx_group_013049,development,2.0
ISCX::3590,ISCX-URL2016 Phishing,0,iscx_group_010597,development,4.0
ISCX::3591,ISCX-URL2016 Phishing,0,iscx_group_010317,calibration,
ISCX::3592,ISCX-URL2016 Phishing,0,iscx_group_002374,calibration,
ISCX::3593,ISCX-URL2016 Phishing,0,iscx_group_009755,development,2.0
ISCX::3594,ISCX-URL2016 Phishing,0,iscx_group_000069,development,3.0
ISCX::3595,ISCX-URL2016 Phishing,0,iscx_group_003457,development,4.0
ISCX::3596,ISCX-URL2016 Phishing,0,iscx_group_008080,development,4.0
ISCX::3597,ISCX-URL2016 Phishing,0,iscx_group_005829,calibration,
ISCX::3598,ISCX-URL2016 Phishing,0,iscx_group_006630,development,4.0
ISCX::3599,ISCX-URL2016 Phishing,0,iscx_group_007675,test,
ISCX::3600,ISCX-URL2016 Phishing,0,iscx_group_009655,calibration,
ISCX::3601,ISCX-URL2016 Phishing,0,iscx_group_009421,test,
ISCX::3602,ISCX-URL2016 Phishing,0,iscx_group_009104,development,4.0
ISCX::3603,ISCX-URL2016 Phishing,0,iscx_group_010455,calibration,
ISCX::3604,ISCX-URL2016 Phishing,0,iscx_group_005051,development,1.0
ISCX::3605,ISCX-URL2016 Phishing,0,iscx_group_009640,development,5.0
ISCX::3606,ISCX-URL2016 Phishing,0,iscx_group_002295,development,3.0
ISCX::3607,ISCX-URL2016 Phishing,0,iscx_group_007097,test,
ISCX::3608,ISCX-URL2016 Phishing,0,iscx_group_014342,development,1.0
ISCX::3609,ISCX-URL2016 Phishing,0,iscx_group_004119,calibration,
ISCX::3610,ISCX-URL2016 Phishing,0,iscx_group_010461,development,4.0
ISCX::3611,ISCX-URL2016 Phishing,0,iscx_group_009472,development,4.0
ISCX::3612,ISCX-URL2016 Phishing,0,iscx_group_011822,test,
ISCX::3613,ISCX-URL2016 Phishing,0,iscx_group_010644,development,4.0
ISCX::3614,ISCX-URL2016 Phishing,0,iscx_group_004216,development,5.0
ISCX::3615,ISCX-URL2016 Phishing,0,iscx_group_011436,development,5.0
ISCX::3616,ISCX-URL2016 Phishing,0,iscx_group_007939,development,5.0
ISCX::3617,ISCX-URL2016 Phishing,0,iscx_group_001066,development,2.0
ISCX::3618,ISCX-URL2016 Phishing,0,iscx_group_005207,development,4.0
ISCX::3619,ISCX-URL2016 Phishing,0,iscx_group_001205,calibration,
ISCX::3620,ISCX-URL2016 Phishing,0,iscx_group_010835,development,4.0
ISCX::3621,ISCX-URL2016 Phishing,0,iscx_group_014248,development,3.0
ISCX::3622,ISCX-URL2016 Phishing,0,iscx_group_006199,development,4.0
ISCX::3623,ISCX-URL2016 Phishing,0,iscx_group_006954,test,
ISCX::3624,ISCX-URL2016 Phishing,0,iscx_group_013032,development,1.0
ISCX::3625,ISCX-URL2016 Phishing,0,iscx_group_003299,calibration,
ISCX::3626,ISCX-URL2016 Phishing,0,iscx_group_007500,test,
ISCX::3627,ISCX-URL2016 Phishing,0,iscx_group_011867,development,4.0
ISCX::3628,ISCX-URL2016 Phishing,0,iscx_group_012443,test,
ISCX::3629,ISCX-URL2016 Phishing,0,iscx_group_013434,development,2.0
ISCX::3630,ISCX-URL2016 Phishing,0,iscx_group_011008,development,5.0
ISCX::3631,ISCX-URL2016 Phishing,0,iscx_group_007284,test,
ISCX::3632,ISCX-URL2016 Phishing,0,iscx_group_011689,development,3.0
ISCX::3633,ISCX-URL2016 Phishing,0,iscx_group_002399,development,3.0
ISCX::3634,ISCX-URL2016 Phishing,0,iscx_group_012542,development,2.0
ISCX::3635,ISCX-URL2016 Phishing,0,iscx_group_006118,development,1.0
ISCX::3636,ISCX-URL2016 Phishing,0,iscx_group_000539,development,5.0
ISCX::3637,ISCX-URL2016 Phishing,0,iscx_group_011283,development,4.0
ISCX::3638,ISCX-URL2016 Phishing,0,iscx_group_009051,development,4.0
ISCX::3639,ISCX-URL2016 Phishing,0,iscx_group_007933,calibration,
ISCX::3640,ISCX-URL2016 Phishing,0,iscx_group_005379,development,2.0
ISCX::3641,ISCX-URL2016 Phishing,0,iscx_group_009955,calibration,
ISCX::3642,ISCX-URL2016 Phishing,0,iscx_group_009844,development,3.0
ISCX::3643,ISCX-URL2016 Phishing,0,iscx_group_007920,calibration,
ISCX::3644,ISCX-URL2016 Phishing,0,iscx_group_007426,test,
ISCX::3645,ISCX-URL2016 Phishing,0,iscx_group_008291,development,1.0
ISCX::3646,ISCX-URL2016 Phishing,0,iscx_group_004106,calibration,
ISCX::3647,ISCX-URL2016 Phishing,0,iscx_group_008062,development,1.0
ISCX::3648,ISCX-URL2016 Phishing,0,iscx_group_002331,development,1.0
ISCX::3649,ISCX-URL2016 Phishing,0,iscx_group_007505,development,4.0
ISCX::3650,ISCX-URL2016 Phishing,0,iscx_group_009866,development,2.0
ISCX::3651,ISCX-URL2016 Phishing,0,iscx_group_003943,test,
ISCX::3652,ISCX-URL2016 Phishing,0,iscx_group_011041,development,1.0
ISCX::3653,ISCX-URL2016 Phishing,0,iscx_group_012678,development,2.0
ISCX::3654,ISCX-URL2016 Phishing,0,iscx_group_010569,test,
ISCX::3655,ISCX-URL2016 Phishing,0,iscx_group_007409,calibration,
ISCX::3656,ISCX-URL2016 Phishing,0,iscx_group_011771,calibration,
ISCX::3657,ISCX-URL2016 Phishing,0,iscx_group_004360,development,4.0
ISCX::3658,ISCX-URL2016 Phishing,0,iscx_group_013607,development,4.0
ISCX::3659,ISCX-URL2016 Phishing,0,iscx_group_004276,development,1.0
ISCX::3660,ISCX-URL2016 Phishing,0,iscx_group_012974,development,3.0
ISCX::3661,ISCX-URL2016 Phishing,0,iscx_group_000254,development,5.0
ISCX::3662,ISCX-URL2016 Phishing,0,iscx_group_000377,development,3.0
ISCX::3663,ISCX-URL2016 Phishing,0,iscx_group_013892,test,
ISCX::3664,ISCX-URL2016 Phishing,0,iscx_group_012538,development,2.0
ISCX::3665,ISCX-URL2016 Phishing,0,iscx_group_005799,calibration,
ISCX::3666,ISCX-URL2016 Phishing,0,iscx_group_014578,calibration,
ISCX::3667,ISCX-URL2016 Phishing,0,iscx_group_007369,calibration,
ISCX::3668,ISCX-URL2016 Phishing,0,iscx_group_009899,calibration,
ISCX::3669,ISCX-URL2016 Phishing,0,iscx_group_003288,development,1.0
ISCX::3670,ISCX-URL2016 Phishing,0,iscx_group_000100,development,3.0
ISCX::3671,ISCX-URL2016 Phishing,0,iscx_group_000910,development,4.0
ISCX::3672,ISCX-URL2016 Phishing,0,iscx_group_014515,development,2.0
ISCX::3673,ISCX-URL2016 Phishing,0,iscx_group_011890,development,4.0
ISCX::3674,ISCX-URL2016 Phishing,0,iscx_group_011924,test,
ISCX::3675,ISCX-URL2016 Phishing,0,iscx_group_014739,test,
ISCX::3676,ISCX-URL2016 Phishing,0,iscx_group_011926,test,
ISCX::3677,ISCX-URL2016 Phishing,0,iscx_group_008565,development,4.0
ISCX::3678,ISCX-URL2016 Phishing,0,iscx_group_009872,calibration,
ISCX::3679,ISCX-URL2016 Phishing,0,iscx_group_000805,calibration,
ISCX::3680,ISCX-URL2016 Phishing,0,iscx_group_012007,development,5.0
ISCX::3681,ISCX-URL2016 Phishing,0,iscx_group_011600,development,1.0
ISCX::3682,ISCX-URL2016 Phishing,0,iscx_group_014243,development,5.0
ISCX::3683,ISCX-URL2016 Phishing,0,iscx_group_009664,test,
ISCX::3684,ISCX-URL2016 Phishing,0,iscx_group_009173,test,
ISCX::3685,ISCX-URL2016 Phishing,0,iscx_group_010806,development,2.0
ISCX::3686,ISCX-URL2016 Phishing,0,iscx_group_008999,development,3.0
ISCX::3687,ISCX-URL2016 Phishing,0,iscx_group_000094,development,1.0
ISCX::3688,ISCX-URL2016 Phishing,0,iscx_group_009371,development,3.0
ISCX::3689,ISCX-URL2016 Phishing,0,iscx_group_011736,test,
ISCX::3690,ISCX-URL2016 Phishing,0,iscx_group_008512,development,2.0
ISCX::3691,ISCX-URL2016 Phishing,0,iscx_group_007272,development,3.0
ISCX::3692,ISCX-URL2016 Phishing,0,iscx_group_014488,development,3.0
ISCX::3693,ISCX-URL2016 Phishing,0,iscx_group_006233,development,1.0
ISCX::3694,ISCX-URL2016 Phishing,0,iscx_group_007942,development,3.0
ISCX::3695,ISCX-URL2016 Phishing,0,iscx_group_005271,development,2.0
ISCX::3696,ISCX-URL2016 Phishing,0,iscx_group_000488,development,2.0
ISCX::3697,ISCX-URL2016 Phishing,0,iscx_group_006623,development,3.0
ISCX::3698,ISCX-URL2016 Phishing,0,iscx_group_002434,development,3.0
ISCX::3699,ISCX-URL2016 Phishing,0,iscx_group_001472,development,3.0
ISCX::3700,ISCX-URL2016 Phishing,0,iscx_group_004207,test,
ISCX::3701,ISCX-URL2016 Phishing,0,iscx_group_011115,calibration,
ISCX::3702,ISCX-URL2016 Phishing,0,iscx_group_012405,development,5.0
ISCX::3703,ISCX-URL2016 Phishing,0,iscx_group_010120,development,3.0
ISCX::3704,ISCX-URL2016 Phishing,0,iscx_group_010385,development,3.0
ISCX::3705,ISCX-URL2016 Phishing,0,iscx_group_011467,development,5.0
ISCX::3706,ISCX-URL2016 Phishing,0,iscx_group_006365,calibration,
ISCX::3707,ISCX-URL2016 Phishing,0,iscx_group_005685,development,2.0
ISCX::3708,ISCX-URL2016 Phishing,0,iscx_group_003330,calibration,
ISCX::3709,ISCX-URL2016 Phishing,0,iscx_group_008928,development,1.0
ISCX::3710,ISCX-URL2016 Phishing,0,iscx_group_004160,test,
ISCX::3711,ISCX-URL2016 Phishing,0,iscx_group_014582,test,
ISCX::3712,ISCX-URL2016 Phishing,0,iscx_group_014146,development,2.0
ISCX::3713,ISCX-URL2016 Phishing,0,iscx_group_004012,calibration,
ISCX::3714,ISCX-URL2016 Phishing,0,iscx_group_004449,test,
ISCX::3715,ISCX-URL2016 Phishing,0,iscx_group_007543,calibration,
ISCX::3716,ISCX-URL2016 Phishing,0,iscx_group_007422,development,4.0
ISCX::3717,ISCX-URL2016 Phishing,0,iscx_group_002367,development,1.0
ISCX::3718,ISCX-URL2016 Phishing,0,iscx_group_010042,development,2.0
ISCX::3719,ISCX-URL2016 Phishing,0,iscx_group_006149,development,3.0
ISCX::3720,ISCX-URL2016 Phishing,0,iscx_group_014061,test,
ISCX::3721,ISCX-URL2016 Phishing,0,iscx_group_012203,development,3.0
ISCX::3722,ISCX-URL2016 Phishing,0,iscx_group_000862,calibration,
ISCX::3723,ISCX-URL2016 Phishing,0,iscx_group_007797,calibration,
ISCX::3724,ISCX-URL2016 Phishing,0,iscx_group_000549,calibration,
ISCX::3725,ISCX-URL2016 Phishing,0,iscx_group_002754,development,5.0
ISCX::3726,ISCX-URL2016 Phishing,0,iscx_group_004666,development,3.0
ISCX::3727,ISCX-URL2016 Phishing,0,iscx_group_001437,calibration,
ISCX::3728,ISCX-URL2016 Phishing,0,iscx_group_000493,development,5.0
ISCX::3729,ISCX-URL2016 Phishing,0,iscx_group_008500,calibration,
ISCX::3730,ISCX-URL2016 Phishing,0,iscx_group_002799,development,2.0
ISCX::3731,ISCX-URL2016 Phishing,0,iscx_group_009648,development,4.0
ISCX::3732,ISCX-URL2016 Phishing,0,iscx_group_001725,development,5.0
ISCX::3733,ISCX-URL2016 Phishing,0,iscx_group_012098,test,
ISCX::3734,ISCX-URL2016 Phishing,0,iscx_group_000942,test,
ISCX::3735,ISCX-URL2016 Phishing,0,iscx_group_008382,calibration,
ISCX::3736,ISCX-URL2016 Phishing,0,iscx_group_014566,calibration,
ISCX::3737,ISCX-URL2016 Phishing,0,iscx_group_000397,calibration,
ISCX::3738,ISCX-URL2016 Phishing,0,iscx_group_009725,test,
ISCX::3739,ISCX-URL2016 Phishing,0,iscx_group_011440,development,4.0
ISCX::3740,ISCX-URL2016 Phishing,0,iscx_group_013575,test,
ISCX::3741,ISCX-URL2016 Phishing,0,iscx_group_005033,development,5.0
ISCX::3742,ISCX-URL2016 Phishing,0,iscx_group_014817,test,
ISCX::3743,ISCX-URL2016 Phishing,0,iscx_group_003046,development,3.0
ISCX::3744,ISCX-URL2016 Phishing,0,iscx_group_014299,development,4.0
ISCX::3745,ISCX-URL2016 Phishing,0,iscx_group_007890,development,4.0
ISCX::3746,ISCX-URL2016 Phishing,0,iscx_group_014220,development,1.0
ISCX::3747,ISCX-URL2016 Phishing,0,iscx_group_013981,development,5.0
ISCX::3748,ISCX-URL2016 Phishing,0,iscx_group_006910,development,4.0
ISCX::3749,ISCX-URL2016 Phishing,0,iscx_group_003455,test,
ISCX::3750,ISCX-URL2016 Phishing,0,iscx_group_005202,development,1.0
ISCX::3751,ISCX-URL2016 Phishing,0,iscx_group_012709,development,1.0
ISCX::3752,ISCX-URL2016 Phishing,0,iscx_group_006652,development,1.0
ISCX::3753,ISCX-URL2016 Phishing,0,iscx_group_001444,development,5.0
ISCX::3754,ISCX-URL2016 Phishing,0,iscx_group_009753,development,1.0
ISCX::3755,ISCX-URL2016 Phishing,0,iscx_group_010109,development,2.0
ISCX::3756,ISCX-URL2016 Phishing,0,iscx_group_012260,calibration,
ISCX::3757,ISCX-URL2016 Phishing,0,iscx_group_008731,development,1.0
ISCX::3758,ISCX-URL2016 Phishing,0,iscx_group_011810,test,
ISCX::3759,ISCX-URL2016 Phishing,0,iscx_group_001695,development,4.0
ISCX::3760,ISCX-URL2016 Phishing,0,iscx_group_013512,development,1.0
ISCX::3761,ISCX-URL2016 Phishing,0,iscx_group_012302,calibration,
ISCX::3762,ISCX-URL2016 Phishing,0,iscx_group_012782,calibration,
ISCX::3763,ISCX-URL2016 Phishing,0,iscx_group_012256,development,1.0
ISCX::3764,ISCX-URL2016 Phishing,0,iscx_group_003621,development,2.0
ISCX::3765,ISCX-URL2016 Phishing,0,iscx_group_013365,calibration,
ISCX::3766,ISCX-URL2016 Phishing,0,iscx_group_002477,development,2.0
ISCX::3767,ISCX-URL2016 Phishing,0,iscx_group_014073,development,1.0
ISCX::3768,ISCX-URL2016 Phishing,0,iscx_group_014809,test,
ISCX::3769,ISCX-URL2016 Phishing,0,iscx_group_007766,development,5.0
ISCX::3770,ISCX-URL2016 Phishing,0,iscx_group_008706,development,2.0
ISCX::3771,ISCX-URL2016 Phishing,0,iscx_group_014461,test,
ISCX::3772,ISCX-URL2016 Phishing,0,iscx_group_000055,test,
ISCX::3773,ISCX-URL2016 Phishing,0,iscx_group_004979,development,1.0
ISCX::3774,ISCX-URL2016 Phishing,0,iscx_group_011551,development,3.0
ISCX::3775,ISCX-URL2016 Phishing,0,iscx_group_008490,calibration,
ISCX::3776,ISCX-URL2016 Phishing,0,iscx_group_002405,development,1.0
ISCX::3777,ISCX-URL2016 Phishing,0,iscx_group_003442,development,4.0
ISCX::3778,ISCX-URL2016 Phishing,0,iscx_group_005880,development,5.0
ISCX::3779,ISCX-URL2016 Phishing,0,iscx_group_002134,development,3.0
ISCX::3780,ISCX-URL2016 Phishing,0,iscx_group_001431,test,
ISCX::3781,ISCX-URL2016 Phishing,0,iscx_group_003983,test,
ISCX::3782,ISCX-URL2016 Phishing,0,iscx_group_001310,calibration,
ISCX::3783,ISCX-URL2016 Phishing,0,iscx_group_002846,development,4.0
ISCX::3784,ISCX-URL2016 Phishing,0,iscx_group_009961,calibration,
ISCX::3785,ISCX-URL2016 Phishing,0,iscx_group_005371,development,3.0
ISCX::3786,ISCX-URL2016 Phishing,0,iscx_group_012537,development,3.0
ISCX::3787,ISCX-URL2016 Phishing,0,iscx_group_007536,development,1.0
ISCX::3788,ISCX-URL2016 Phishing,0,iscx_group_012639,development,4.0
ISCX::3789,ISCX-URL2016 Phishing,0,iscx_group_012330,development,2.0
ISCX::3790,ISCX-URL2016 Phishing,0,iscx_group_009184,development,5.0
ISCX::3791,ISCX-URL2016 Phishing,0,iscx_group_011791,development,2.0
ISCX::3792,ISCX-URL2016 Phishing,0,iscx_group_004663,development,4.0
ISCX::3793,ISCX-URL2016 Phishing,0,iscx_group_006908,calibration,
ISCX::3794,ISCX-URL2016 Phishing,0,iscx_group_007184,development,2.0
ISCX::3795,ISCX-URL2016 Phishing,0,iscx_group_000007,development,1.0
ISCX::3796,ISCX-URL2016 Phishing,0,iscx_group_008461,development,5.0
ISCX::3797,ISCX-URL2016 Phishing,0,iscx_group_000357,development,4.0
ISCX::3798,ISCX-URL2016 Phishing,0,iscx_group_006022,calibration,
ISCX::3799,ISCX-URL2016 Phishing,0,iscx_group_010183,test,
ISCX::3800,ISCX-URL2016 Phishing,0,iscx_group_011941,development,5.0
ISCX::3801,ISCX-URL2016 Phishing,0,iscx_group_000383,development,4.0
ISCX::3802,ISCX-URL2016 Phishing,0,iscx_group_009531,development,3.0
ISCX::3803,ISCX-URL2016 Phishing,0,iscx_group_010127,development,2.0
ISCX::3804,ISCX-URL2016 Phishing,0,iscx_group_012161,development,4.0
ISCX::3805,ISCX-URL2016 Phishing,0,iscx_group_013831,development,2.0
ISCX::3806,ISCX-URL2016 Phishing,0,iscx_group_006851,development,3.0
ISCX::3807,ISCX-URL2016 Phishing,0,iscx_group_001611,development,5.0
ISCX::3808,ISCX-URL2016 Phishing,0,iscx_group_008316,test,
ISCX::3809,ISCX-URL2016 Phishing,0,iscx_group_001142,calibration,
ISCX::3810,ISCX-URL2016 Phishing,0,iscx_group_009933,development,4.0
ISCX::3811,ISCX-URL2016 Phishing,0,iscx_group_012132,development,4.0
ISCX::3812,ISCX-URL2016 Phishing,0,iscx_group_014430,calibration,
ISCX::3813,ISCX-URL2016 Phishing,0,iscx_group_009460,development,2.0
ISCX::3814,ISCX-URL2016 Phishing,0,iscx_group_005736,development,2.0
ISCX::3815,ISCX-URL2016 Phishing,0,iscx_group_000635,calibration,
ISCX::3816,ISCX-URL2016 Phishing,0,iscx_group_007804,development,2.0
ISCX::3817,ISCX-URL2016 Phishing,0,iscx_group_004518,development,5.0
ISCX::3818,ISCX-URL2016 Phishing,0,iscx_group_002650,development,2.0
ISCX::3819,ISCX-URL2016 Phishing,0,iscx_group_006026,development,4.0
ISCX::3820,ISCX-URL2016 Phishing,0,iscx_group_001869,development,3.0
ISCX::3821,ISCX-URL2016 Phishing,0,iscx_group_007893,test,
ISCX::3822,ISCX-URL2016 Phishing,0,iscx_group_012617,calibration,
ISCX::3823,ISCX-URL2016 Phishing,0,iscx_group_006262,development,2.0
ISCX::3824,ISCX-URL2016 Phishing,0,iscx_group_004308,calibration,
ISCX::3825,ISCX-URL2016 Phishing,0,iscx_group_010309,development,5.0
ISCX::3826,ISCX-URL2016 Phishing,0,iscx_group_013616,test,
ISCX::3827,ISCX-URL2016 Phishing,0,iscx_group_002697,development,5.0
ISCX::3828,ISCX-URL2016 Phishing,0,iscx_group_011327,calibration,
ISCX::3829,ISCX-URL2016 Phishing,0,iscx_group_013774,development,1.0
ISCX::3830,ISCX-URL2016 Phishing,0,iscx_group_002572,development,2.0
ISCX::3831,ISCX-URL2016 Phishing,0,iscx_group_011355,development,3.0
ISCX::3832,ISCX-URL2016 Phishing,0,iscx_group_012708,test,
ISCX::3833,ISCX-URL2016 Phishing,0,iscx_group_010760,calibration,
ISCX::3834,ISCX-URL2016 Phishing,0,iscx_group_013514,calibration,
ISCX::3835,ISCX-URL2016 Phishing,0,iscx_group_006266,development,1.0
ISCX::3836,ISCX-URL2016 Phishing,0,iscx_group_010601,development,1.0
ISCX::3837,ISCX-URL2016 Phishing,0,iscx_group_008754,development,1.0
ISCX::3838,ISCX-URL2016 Phishing,0,iscx_group_000645,calibration,
ISCX::3839,ISCX-URL2016 Phishing,0,iscx_group_000216,development,5.0
ISCX::3840,ISCX-URL2016 Phishing,0,iscx_group_011026,test,
ISCX::3841,ISCX-URL2016 Phishing,0,iscx_group_008546,development,1.0
ISCX::3842,ISCX-URL2016 Phishing,0,iscx_group_008637,development,1.0
ISCX::3843,ISCX-URL2016 Phishing,0,iscx_group_014617,development,2.0
ISCX::3844,ISCX-URL2016 Phishing,0,iscx_group_012026,calibration,
ISCX::3845,ISCX-URL2016 Phishing,0,iscx_group_000566,development,3.0
ISCX::3846,ISCX-URL2016 Phishing,0,iscx_group_010028,test,
ISCX::3847,ISCX-URL2016 Phishing,0,iscx_group_003148,development,5.0
ISCX::3848,ISCX-URL2016 Phishing,0,iscx_group_005576,development,1.0
ISCX::3849,ISCX-URL2016 Phishing,0,iscx_group_008105,calibration,
ISCX::3850,ISCX-URL2016 Phishing,0,iscx_group_008676,development,4.0
ISCX::3851,ISCX-URL2016 Phishing,0,iscx_group_011946,development,4.0
ISCX::3852,ISCX-URL2016 Phishing,0,iscx_group_005153,development,5.0
ISCX::3853,ISCX-URL2016 Phishing,0,iscx_group_002890,development,5.0
ISCX::3854,ISCX-URL2016 Phishing,0,iscx_group_007709,development,3.0
ISCX::3855,ISCX-URL2016 Phishing,0,iscx_group_012506,development,2.0
ISCX::3856,ISCX-URL2016 Phishing,0,iscx_group_004540,calibration,
ISCX::3857,ISCX-URL2016 Phishing,0,iscx_group_004328,calibration,
ISCX::3858,ISCX-URL2016 Phishing,0,iscx_group_011294,development,5.0
ISCX::3859,ISCX-URL2016 Phishing,0,iscx_group_007121,development,2.0
ISCX::3860,ISCX-URL2016 Phishing,0,iscx_group_011921,development,5.0
ISCX::3861,ISCX-URL2016 Phishing,0,iscx_group_002519,development,3.0
ISCX::3862,ISCX-URL2016 Phishing,0,iscx_group_013763,calibration,
ISCX::3863,ISCX-URL2016 Phishing,0,iscx_group_008481,development,3.0
ISCX::3864,ISCX-URL2016 Phishing,0,iscx_group_002370,development,2.0
ISCX::3865,ISCX-URL2016 Phishing,0,iscx_group_002432,development,5.0
ISCX::3866,ISCX-URL2016 Phishing,0,iscx_group_002001,development,2.0
ISCX::3867,ISCX-URL2016 Phishing,0,iscx_group_010248,development,1.0
ISCX::3868,ISCX-URL2016 Phishing,0,iscx_group_001549,development,1.0
ISCX::3869,ISCX-URL2016 Phishing,0,iscx_group_010134,calibration,
ISCX::3870,ISCX-URL2016 Phishing,0,iscx_group_011578,development,2.0
ISCX::3871,ISCX-URL2016 Phishing,0,iscx_group_003947,development,3.0
ISCX::3872,ISCX-URL2016 Phishing,0,iscx_group_000958,development,1.0
ISCX::3873,ISCX-URL2016 Phishing,0,iscx_group_008380,development,3.0
ISCX::3874,ISCX-URL2016 Phishing,0,iscx_group_008605,development,1.0
ISCX::3875,ISCX-URL2016 Phishing,0,iscx_group_004465,development,1.0
ISCX::3876,ISCX-URL2016 Phishing,0,iscx_group_001069,test,
ISCX::3877,ISCX-URL2016 Phishing,0,iscx_group_000903,development,5.0
ISCX::3878,ISCX-URL2016 Phishing,0,iscx_group_013711,development,1.0
ISCX::3879,ISCX-URL2016 Phishing,0,iscx_group_008972,development,1.0
ISCX::3880,ISCX-URL2016 Phishing,0,iscx_group_003580,calibration,
ISCX::3881,ISCX-URL2016 Phishing,0,iscx_group_012700,test,
ISCX::3882,ISCX-URL2016 Phishing,0,iscx_group_014813,development,2.0
ISCX::3883,ISCX-URL2016 Phishing,0,iscx_group_010013,development,2.0
ISCX::3884,ISCX-URL2016 Phishing,0,iscx_group_000987,development,1.0
ISCX::3885,ISCX-URL2016 Phishing,0,iscx_group_011933,development,1.0
ISCX::3886,ISCX-URL2016 Phishing,0,iscx_group_014751,calibration,
ISCX::3887,ISCX-URL2016 Phishing,0,iscx_group_002006,calibration,
ISCX::3888,ISCX-URL2016 Phishing,0,iscx_group_001817,development,4.0
ISCX::3889,ISCX-URL2016 Phishing,0,iscx_group_007859,development,3.0
ISCX::3890,ISCX-URL2016 Phishing,0,iscx_group_013795,test,
ISCX::3891,ISCX-URL2016 Phishing,0,iscx_group_012930,development,4.0
ISCX::3892,ISCX-URL2016 Phishing,0,iscx_group_005428,development,1.0
ISCX::3893,ISCX-URL2016 Phishing,0,iscx_group_009135,test,
ISCX::3894,ISCX-URL2016 Phishing,0,iscx_group_003988,test,
ISCX::3895,ISCX-URL2016 Phishing,0,iscx_group_006675,development,2.0
ISCX::3896,ISCX-URL2016 Phishing,0,iscx_group_008462,development,1.0
ISCX::3897,ISCX-URL2016 Phishing,0,iscx_group_010849,development,1.0
ISCX::3898,ISCX-URL2016 Phishing,0,iscx_group_013478,test,
ISCX::3899,ISCX-URL2016 Phishing,0,iscx_group_002997,test,
ISCX::3900,ISCX-URL2016 Phishing,0,iscx_group_007004,development,3.0
ISCX::3901,ISCX-URL2016 Phishing,0,iscx_group_014500,development,1.0
ISCX::3902,ISCX-URL2016 Phishing,0,iscx_group_014411,development,2.0
ISCX::3903,ISCX-URL2016 Phishing,0,iscx_group_002641,development,2.0
ISCX::3904,ISCX-URL2016 Phishing,0,iscx_group_000376,test,
ISCX::3905,ISCX-URL2016 Phishing,0,iscx_group_007888,development,2.0
ISCX::3906,ISCX-URL2016 Phishing,0,iscx_group_004511,test,
ISCX::3907,ISCX-URL2016 Phishing,0,iscx_group_013908,development,5.0
ISCX::3908,ISCX-URL2016 Phishing,0,iscx_group_011738,development,4.0
ISCX::3909,ISCX-URL2016 Phishing,0,iscx_group_002761,test,
ISCX::3910,ISCX-URL2016 Phishing,0,iscx_group_003825,development,4.0
ISCX::3911,ISCX-URL2016 Phishing,0,iscx_group_012179,development,2.0
ISCX::3912,ISCX-URL2016 Phishing,0,iscx_group_014191,development,2.0
ISCX::3913,ISCX-URL2016 Phishing,0,iscx_group_002720,development,3.0
ISCX::3914,ISCX-URL2016 Phishing,0,iscx_group_008433,development,5.0
ISCX::3915,ISCX-URL2016 Phishing,0,iscx_group_000395,development,5.0
ISCX::3916,ISCX-URL2016 Phishing,0,iscx_group_005699,development,2.0
ISCX::3917,ISCX-URL2016 Phishing,0,iscx_group_013784,development,2.0
ISCX::3918,ISCX-URL2016 Phishing,0,iscx_group_006463,test,
ISCX::3919,ISCX-URL2016 Phishing,0,iscx_group_006739,test,
ISCX::3920,ISCX-URL2016 Phishing,0,iscx_group_004321,test,
ISCX::3921,ISCX-URL2016 Phishing,0,iscx_group_001183,development,5.0
ISCX::3922,ISCX-URL2016 Phishing,0,iscx_group_002340,development,5.0
ISCX::3923,ISCX-URL2016 Phishing,0,iscx_group_005360,development,5.0
ISCX::3924,ISCX-URL2016 Phishing,0,iscx_group_005973,development,1.0
ISCX::3925,ISCX-URL2016 Phishing,0,iscx_group_011958,calibration,
ISCX::3926,ISCX-URL2016 Phishing,0,iscx_group_000703,calibration,
ISCX::3927,ISCX-URL2016 Phishing,0,iscx_group_012423,development,2.0
ISCX::3928,ISCX-URL2016 Phishing,0,iscx_group_000454,development,4.0
ISCX::3929,ISCX-URL2016 Phishing,0,iscx_group_013318,test,
ISCX::3930,ISCX-URL2016 Phishing,0,iscx_group_006975,calibration,
ISCX::3931,ISCX-URL2016 Phishing,0,iscx_group_006600,development,4.0
ISCX::3932,ISCX-URL2016 Phishing,0,iscx_group_000841,test,
ISCX::3933,ISCX-URL2016 Phishing,0,iscx_group_006528,development,4.0
ISCX::3934,ISCX-URL2016 Phishing,0,iscx_group_002981,development,1.0
ISCX::3935,ISCX-URL2016 Phishing,0,iscx_group_011471,test,
ISCX::3936,ISCX-URL2016 Phishing,0,iscx_group_005092,calibration,
ISCX::3937,ISCX-URL2016 Phishing,0,iscx_group_009925,development,3.0
ISCX::3938,ISCX-URL2016 Phishing,0,iscx_group_004093,calibration,
ISCX::3939,ISCX-URL2016 Phishing,0,iscx_group_013816,development,1.0
ISCX::3940,ISCX-URL2016 Phishing,0,iscx_group_010934,development,3.0
ISCX::3941,ISCX-URL2016 Phishing,0,iscx_group_000845,development,2.0
ISCX::3942,ISCX-URL2016 Phishing,0,iscx_group_013187,development,2.0
ISCX::3943,ISCX-URL2016 Phishing,0,iscx_group_004332,development,5.0
ISCX::3944,ISCX-URL2016 Phishing,0,iscx_group_001203,development,3.0
ISCX::3945,ISCX-URL2016 Phishing,0,iscx_group_013012,development,3.0
ISCX::3946,ISCX-URL2016 Phishing,0,iscx_group_008722,test,
ISCX::3947,ISCX-URL2016 Phishing,0,iscx_group_004902,development,3.0
ISCX::3948,ISCX-URL2016 Phishing,0,iscx_group_008373,development,2.0
ISCX::3949,ISCX-URL2016 Phishing,0,iscx_group_011099,development,5.0
ISCX::3950,ISCX-URL2016 Phishing,0,iscx_group_012183,development,2.0
ISCX::3951,ISCX-URL2016 Phishing,0,iscx_group_003686,development,3.0
ISCX::3952,ISCX-URL2016 Phishing,0,iscx_group_000471,development,5.0
ISCX::3953,ISCX-URL2016 Phishing,0,iscx_group_001330,development,1.0
ISCX::3954,ISCX-URL2016 Phishing,0,iscx_group_013866,development,1.0
ISCX::3955,ISCX-URL2016 Phishing,0,iscx_group_014282,test,
ISCX::3956,ISCX-URL2016 Phishing,0,iscx_group_002812,development,2.0
ISCX::3957,ISCX-URL2016 Phishing,0,iscx_group_012761,development,2.0
ISCX::3958,ISCX-URL2016 Phishing,0,iscx_group_013321,development,4.0
ISCX::3959,ISCX-URL2016 Phishing,0,iscx_group_007308,calibration,
ISCX::3960,ISCX-URL2016 Phishing,0,iscx_group_002903,development,5.0
ISCX::3961,ISCX-URL2016 Phishing,0,iscx_group_006476,development,4.0
ISCX::3962,ISCX-URL2016 Phishing,0,iscx_group_005015,development,2.0
ISCX::3963,ISCX-URL2016 Phishing,0,iscx_group_002510,development,4.0
ISCX::3964,ISCX-URL2016 Phishing,0,iscx_group_014183,development,3.0
ISCX::3965,ISCX-URL2016 Phishing,0,iscx_group_003972,development,1.0
ISCX::3966,ISCX-URL2016 Phishing,0,iscx_group_001002,development,3.0
ISCX::3967,ISCX-URL2016 Phishing,0,iscx_group_005099,calibration,
ISCX::3968,ISCX-URL2016 Phishing,0,iscx_group_000219,calibration,
ISCX::3969,ISCX-URL2016 Phishing,0,iscx_group_008455,test,
ISCX::3970,ISCX-URL2016 Phishing,0,iscx_group_004460,development,1.0
ISCX::3971,ISCX-URL2016 Phishing,0,iscx_group_005778,development,1.0
ISCX::3972,ISCX-URL2016 Phishing,0,iscx_group_002162,development,1.0
ISCX::3973,ISCX-URL2016 Phishing,0,iscx_group_000304,development,2.0
ISCX::3974,ISCX-URL2016 Phishing,0,iscx_group_013487,test,
ISCX::3975,ISCX-URL2016 Phishing,0,iscx_group_004447,test,
ISCX::3976,ISCX-URL2016 Phishing,0,iscx_group_006074,development,5.0
ISCX::3977,ISCX-URL2016 Phishing,0,iscx_group_008732,development,5.0
ISCX::3978,ISCX-URL2016 Phishing,0,iscx_group_009479,development,3.0
ISCX::3979,ISCX-URL2016 Phishing,0,iscx_group_005440,development,3.0
ISCX::3980,ISCX-URL2016 Phishing,0,iscx_group_006214,development,4.0
ISCX::3981,ISCX-URL2016 Phishing,0,iscx_group_005850,development,1.0
ISCX::3982,ISCX-URL2016 Phishing,0,iscx_group_011535,test,
ISCX::3983,ISCX-URL2016 Phishing,0,iscx_group_012619,test,
ISCX::3984,ISCX-URL2016 Phishing,0,iscx_group_006395,test,
ISCX::3985,ISCX-URL2016 Phishing,0,iscx_group_007111,calibration,
ISCX::3986,ISCX-URL2016 Phishing,0,iscx_group_013443,test,
ISCX::3987,ISCX-URL2016 Phishing,0,iscx_group_002795,development,4.0
ISCX::3988,ISCX-URL2016 Phishing,0,iscx_group_006848,development,2.0
ISCX::3989,ISCX-URL2016 Phishing,0,iscx_group_000575,development,1.0
ISCX::3990,ISCX-URL2016 Phishing,0,iscx_group_004909,test,
ISCX::3991,ISCX-URL2016 Phishing,0,iscx_group_011456,calibration,
ISCX::3992,ISCX-URL2016 Phishing,0,iscx_group_010470,development,1.0
ISCX::3993,ISCX-URL2016 Phishing,0,iscx_group_009354,development,1.0
ISCX::3994,ISCX-URL2016 Phishing,0,iscx_group_006532,development,5.0
ISCX::3995,ISCX-URL2016 Phishing,0,iscx_group_007815,development,5.0
ISCX::3996,ISCX-URL2016 Phishing,0,iscx_group_000270,development,4.0
ISCX::3997,ISCX-URL2016 Phishing,0,iscx_group_010528,development,5.0
ISCX::3998,ISCX-URL2016 Phishing,0,iscx_group_005367,development,1.0
ISCX::3999,ISCX-URL2016 Phishing,0,iscx_group_009848,development,3.0
ISCX::4000,ISCX-URL2016 Phishing,0,iscx_group_001672,development,5.0
ISCX::4001,ISCX-URL2016 Phishing,0,iscx_group_011528,development,2.0
ISCX::4002,ISCX-URL2016 Phishing,0,iscx_group_011554,development,3.0
ISCX::4003,ISCX-URL2016 Phishing,0,iscx_group_009373,development,3.0
ISCX::4004,ISCX-URL2016 Phishing,0,iscx_group_010158,calibration,
ISCX::4005,ISCX-URL2016 Phishing,0,iscx_group_003956,calibration,
ISCX::4006,ISCX-URL2016 Phishing,0,iscx_group_000675,development,4.0
ISCX::4007,ISCX-URL2016 Phishing,0,iscx_group_011122,development,3.0
ISCX::4008,ISCX-URL2016 Phishing,0,iscx_group_011177,development,2.0
ISCX::4009,ISCX-URL2016 Phishing,0,iscx_group_014333,calibration,
ISCX::4010,ISCX-URL2016 Phishing,0,iscx_group_011472,development,4.0
ISCX::4011,ISCX-URL2016 Phishing,0,iscx_group_002172,development,3.0
ISCX::4012,ISCX-URL2016 Phishing,0,iscx_group_009643,calibration,
ISCX::4013,ISCX-URL2016 Phishing,0,iscx_group_011104,development,3.0
ISCX::4014,ISCX-URL2016 Phishing,0,iscx_group_005182,development,1.0
ISCX::4015,ISCX-URL2016 Phishing,0,iscx_group_008015,development,2.0
ISCX::4016,ISCX-URL2016 Phishing,0,iscx_group_008857,development,4.0
ISCX::4017,ISCX-URL2016 Phishing,0,iscx_group_006152,development,1.0
ISCX::4018,ISCX-URL2016 Phishing,0,iscx_group_010063,test,
ISCX::4019,ISCX-URL2016 Phishing,0,iscx_group_007304,development,4.0
ISCX::4020,ISCX-URL2016 Phishing,0,iscx_group_003339,development,1.0
ISCX::4021,ISCX-URL2016 Phishing,0,iscx_group_011848,development,1.0
ISCX::4022,ISCX-URL2016 Phishing,0,iscx_group_013859,development,2.0
ISCX::4023,ISCX-URL2016 Phishing,0,iscx_group_012323,development,3.0
ISCX::4024,ISCX-URL2016 Phishing,0,iscx_group_007391,calibration,
ISCX::4025,ISCX-URL2016 Phishing,0,iscx_group_005193,development,3.0
ISCX::4026,ISCX-URL2016 Phishing,0,iscx_group_000637,development,2.0
ISCX::4027,ISCX-URL2016 Phishing,0,iscx_group_006976,test,
ISCX::4028,ISCX-URL2016 Phishing,0,iscx_group_000749,development,3.0
ISCX::4029,ISCX-URL2016 Phishing,0,iscx_group_011637,calibration,
ISCX::4030,ISCX-URL2016 Phishing,0,iscx_group_010273,development,4.0
ISCX::4031,ISCX-URL2016 Phishing,0,iscx_group_002055,development,5.0
ISCX::4032,ISCX-URL2016 Phishing,0,iscx_group_011959,development,4.0
ISCX::4033,ISCX-URL2016 Phishing,0,iscx_group_010130,calibration,
ISCX::4034,ISCX-URL2016 Phishing,0,iscx_group_012990,development,4.0
ISCX::4035,ISCX-URL2016 Phishing,0,iscx_group_010686,calibration,
ISCX::4036,ISCX-URL2016 Phishing,0,iscx_group_006801,development,5.0
ISCX::4037,ISCX-URL2016 Phishing,0,iscx_group_011247,test,
ISCX::4038,ISCX-URL2016 Phishing,0,iscx_group_008766,development,4.0
ISCX::4039,ISCX-URL2016 Phishing,0,iscx_group_011113,development,2.0
ISCX::4040,ISCX-URL2016 Phishing,0,iscx_group_001030,development,3.0
ISCX::4041,ISCX-URL2016 Phishing,0,iscx_group_006150,calibration,
ISCX::4042,ISCX-URL2016 Phishing,0,iscx_group_004184,calibration,
ISCX::4043,ISCX-URL2016 Phishing,0,iscx_group_009857,development,3.0
ISCX::4044,ISCX-URL2016 Phishing,0,iscx_group_010175,test,
ISCX::4045,ISCX-URL2016 Phishing,0,iscx_group_005171,calibration,
ISCX::4046,ISCX-URL2016 Phishing,0,iscx_group_009966,test,
ISCX::4047,ISCX-URL2016 Phishing,0,iscx_group_008414,development,1.0
ISCX::4048,ISCX-URL2016 Phishing,0,iscx_group_002601,development,4.0
ISCX::4049,ISCX-URL2016 Phishing,0,iscx_group_003939,development,4.0
ISCX::4050,ISCX-URL2016 Phishing,0,iscx_group_002619,test,
ISCX::4051,ISCX-URL2016 Phishing,0,iscx_group_000217,development,5.0
ISCX::4052,ISCX-URL2016 Phishing,0,iscx_group_010044,development,3.0
ISCX::4053,ISCX-URL2016 Phishing,0,iscx_group_007910,development,3.0
ISCX::4054,ISCX-URL2016 Phishing,0,iscx_group_007027,test,
ISCX::4055,ISCX-URL2016 Phishing,0,iscx_group_013201,development,2.0
ISCX::4056,ISCX-URL2016 Phishing,0,iscx_group_013936,development,1.0
ISCX::4057,ISCX-URL2016 Phishing,0,iscx_group_005914,calibration,
ISCX::4058,ISCX-URL2016 Phishing,0,iscx_group_008383,test,
ISCX::4059,ISCX-URL2016 Phishing,0,iscx_group_000572,calibration,
ISCX::4060,ISCX-URL2016 Phishing,0,iscx_group_008133,development,2.0
ISCX::4061,ISCX-URL2016 Phishing,0,iscx_group_004183,test,
ISCX::4062,ISCX-URL2016 Phishing,0,iscx_group_010967,development,3.0
ISCX::4063,ISCX-URL2016 Phishing,0,iscx_group_000562,development,1.0
ISCX::4064,ISCX-URL2016 Phishing,0,iscx_group_000611,development,5.0
ISCX::4065,ISCX-URL2016 Phishing,0,iscx_group_001114,development,5.0
ISCX::4066,ISCX-URL2016 Phishing,0,iscx_group_008670,test,
ISCX::4067,ISCX-URL2016 Phishing,0,iscx_group_012860,test,
ISCX::4068,ISCX-URL2016 Phishing,0,iscx_group_009068,test,
ISCX::4069,ISCX-URL2016 Phishing,0,iscx_group_005188,development,3.0
ISCX::4070,ISCX-URL2016 Phishing,0,iscx_group_008445,calibration,
ISCX::4071,ISCX-URL2016 Phishing,0,iscx_group_009066,development,2.0
ISCX::4072,ISCX-URL2016 Phishing,0,iscx_group_006875,development,5.0
ISCX::4073,ISCX-URL2016 Phishing,0,iscx_group_002748,development,5.0
ISCX::4074,ISCX-URL2016 Phishing,0,iscx_group_009262,development,4.0
ISCX::4075,ISCX-URL2016 Phishing,0,iscx_group_011048,development,5.0
ISCX::4076,ISCX-URL2016 Phishing,0,iscx_group_007107,development,4.0
ISCX::4077,ISCX-URL2016 Phishing,0,iscx_group_005456,development,3.0
ISCX::4078,ISCX-URL2016 Phishing,0,iscx_group_009840,development,2.0
ISCX::4079,ISCX-URL2016 Phishing,0,iscx_group_002027,development,3.0
ISCX::4080,ISCX-URL2016 Phishing,0,iscx_group_011831,test,
ISCX::4081,ISCX-URL2016 Phishing,0,iscx_group_014748,test,
ISCX::4082,ISCX-URL2016 Phishing,0,iscx_group_013692,development,3.0
ISCX::4083,ISCX-URL2016 Phishing,0,iscx_group_010310,development,5.0
ISCX::4084,ISCX-URL2016 Phishing,0,iscx_group_014014,test,
ISCX::4085,ISCX-URL2016 Phishing,0,iscx_group_006311,development,3.0
ISCX::4086,ISCX-URL2016 Phishing,0,iscx_group_007938,development,5.0
ISCX::4087,ISCX-URL2016 Phishing,0,iscx_group_013647,development,4.0
ISCX::4088,ISCX-URL2016 Phishing,0,iscx_group_001722,development,2.0
ISCX::4089,ISCX-URL2016 Phishing,0,iscx_group_013721,development,4.0
ISCX::4090,ISCX-URL2016 Phishing,0,iscx_group_000812,development,1.0
ISCX::4091,ISCX-URL2016 Phishing,0,iscx_group_012771,development,4.0
ISCX::4092,ISCX-URL2016 Phishing,0,iscx_group_008435,development,1.0
ISCX::4093,ISCX-URL2016 Phishing,0,iscx_group_008596,calibration,
ISCX::4094,ISCX-URL2016 Phishing,0,iscx_group_009070,calibration,
ISCX::4095,ISCX-URL2016 Phishing,0,iscx_group_002608,development,1.0
ISCX::4096,ISCX-URL2016 Phishing,0,iscx_group_013387,development,4.0
ISCX::4097,ISCX-URL2016 Phishing,0,iscx_group_009487,development,1.0
ISCX::4098,ISCX-URL2016 Phishing,0,iscx_group_014481,test,
ISCX::4099,ISCX-URL2016 Phishing,0,iscx_group_012171,test,
ISCX::4100,ISCX-URL2016 Phishing,0,iscx_group_001434,development,1.0
ISCX::4101,ISCX-URL2016 Phishing,0,iscx_group_003704,calibration,
ISCX::4102,ISCX-URL2016 Phishing,0,iscx_group_010237,development,3.0
ISCX::4103,ISCX-URL2016 Phishing,0,iscx_group_012206,development,1.0
ISCX::4104,ISCX-URL2016 Phishing,0,iscx_group_011164,development,3.0
ISCX::4105,ISCX-URL2016 Phishing,0,iscx_group_009025,calibration,
ISCX::4106,ISCX-URL2016 Phishing,0,iscx_group_010009,development,3.0
ISCX::4107,ISCX-URL2016 Phishing,0,iscx_group_002256,calibration,
ISCX::4108,ISCX-URL2016 Phishing,0,iscx_group_010593,development,5.0
ISCX::4109,ISCX-URL2016 Phishing,0,iscx_group_004292,development,4.0
ISCX::4110,ISCX-URL2016 Phishing,0,iscx_group_000412,development,2.0
ISCX::4111,ISCX-URL2016 Phishing,0,iscx_group_011610,development,2.0
ISCX::4112,ISCX-URL2016 Phishing,0,iscx_group_013272,development,1.0
ISCX::4113,ISCX-URL2016 Phishing,0,iscx_group_012018,development,5.0
ISCX::4114,ISCX-URL2016 Phishing,0,iscx_group_006455,calibration,
ISCX::4115,ISCX-URL2016 Phishing,0,iscx_group_010213,development,3.0
ISCX::4116,ISCX-URL2016 Phishing,0,iscx_group_010536,development,1.0
ISCX::4117,ISCX-URL2016 Phishing,0,iscx_group_013805,development,2.0
ISCX::4118,ISCX-URL2016 Phishing,0,iscx_group_001827,test,
ISCX::4119,ISCX-URL2016 Phishing,0,iscx_group_001572,development,4.0
ISCX::4120,ISCX-URL2016 Phishing,0,iscx_group_005701,development,2.0
ISCX::4121,ISCX-URL2016 Phishing,0,iscx_group_002038,calibration,
ISCX::4122,ISCX-URL2016 Phishing,0,iscx_group_007047,test,
ISCX::4123,ISCX-URL2016 Phishing,0,iscx_group_013542,development,4.0
ISCX::4124,ISCX-URL2016 Phishing,0,iscx_group_012950,calibration,
ISCX::4125,ISCX-URL2016 Phishing,0,iscx_group_007110,development,5.0
ISCX::4126,ISCX-URL2016 Phishing,0,iscx_group_006438,test,
ISCX::4127,ISCX-URL2016 Phishing,0,iscx_group_007882,development,2.0
ISCX::4128,ISCX-URL2016 Phishing,0,iscx_group_013715,calibration,
ISCX::4129,ISCX-URL2016 Phishing,0,iscx_group_007875,development,5.0
ISCX::4130,ISCX-URL2016 Phishing,0,iscx_group_002758,test,
ISCX::4131,ISCX-URL2016 Phishing,0,iscx_group_014607,development,4.0
ISCX::4132,ISCX-URL2016 Phishing,0,iscx_group_014162,development,2.0
ISCX::4133,ISCX-URL2016 Phishing,0,iscx_group_000606,calibration,
ISCX::4134,ISCX-URL2016 Phishing,0,iscx_group_014266,development,1.0
ISCX::4135,ISCX-URL2016 Phishing,0,iscx_group_000923,calibration,
ISCX::4136,ISCX-URL2016 Phishing,0,iscx_group_008248,test,
ISCX::4137,ISCX-URL2016 Phishing,0,iscx_group_013435,development,1.0
ISCX::4138,ISCX-URL2016 Phishing,0,iscx_group_013926,development,1.0
ISCX::4139,ISCX-URL2016 Phishing,0,iscx_group_004901,development,2.0
ISCX::4140,ISCX-URL2016 Phishing,0,iscx_group_011421,development,2.0
ISCX::4141,ISCX-URL2016 Phishing,0,iscx_group_012632,development,2.0
ISCX::4142,ISCX-URL2016 Phishing,0,iscx_group_002461,development,5.0
ISCX::4143,ISCX-URL2016 Phishing,0,iscx_group_009422,development,3.0
ISCX::4144,ISCX-URL2016 Phishing,0,iscx_group_012139,development,1.0
ISCX::4145,ISCX-URL2016 Phishing,0,iscx_group_007980,development,5.0
ISCX::4146,ISCX-URL2016 Phishing,0,iscx_group_007698,development,5.0
ISCX::4147,ISCX-URL2016 Phishing,0,iscx_group_011896,development,2.0
ISCX::4148,ISCX-URL2016 Phishing,0,iscx_group_003152,test,
ISCX::4149,ISCX-URL2016 Phishing,0,iscx_group_012828,development,2.0
ISCX::4150,ISCX-URL2016 Phishing,0,iscx_group_001622,development,5.0
ISCX::4151,ISCX-URL2016 Phishing,0,iscx_group_010834,development,1.0
ISCX::4152,ISCX-URL2016 Phishing,0,iscx_group_012044,calibration,
ISCX::4153,ISCX-URL2016 Phishing,0,iscx_group_006785,development,5.0
ISCX::4154,ISCX-URL2016 Phishing,0,iscx_group_010634,test,
ISCX::4155,ISCX-URL2016 Phishing,0,iscx_group_008217,development,4.0
ISCX::4156,ISCX-URL2016 Phishing,0,iscx_group_011137,test,
ISCX::4157,ISCX-URL2016 Phishing,0,iscx_group_008634,development,1.0
ISCX::4158,ISCX-URL2016 Phishing,0,iscx_group_010459,development,3.0
ISCX::4159,ISCX-URL2016 Phishing,0,iscx_group_011916,development,1.0
ISCX::4160,ISCX-URL2016 Phishing,0,iscx_group_002872,development,1.0
ISCX::4161,ISCX-URL2016 Phishing,0,iscx_group_012736,test,
ISCX::4162,ISCX-URL2016 Phishing,0,iscx_group_011604,development,3.0
ISCX::4163,ISCX-URL2016 Phishing,0,iscx_group_008347,development,4.0
ISCX::4164,ISCX-URL2016 Phishing,0,iscx_group_001175,development,5.0
ISCX::4165,ISCX-URL2016 Phishing,0,iscx_group_006073,development,5.0
ISCX::4166,ISCX-URL2016 Phishing,0,iscx_group_010032,development,2.0
ISCX::4167,ISCX-URL2016 Phishing,0,iscx_group_002441,development,4.0
ISCX::4168,ISCX-URL2016 Phishing,0,iscx_group_012515,calibration,
ISCX::4169,ISCX-URL2016 Phishing,0,iscx_group_009533,development,2.0
ISCX::4170,ISCX-URL2016 Phishing,0,iscx_group_008703,development,4.0
ISCX::4171,ISCX-URL2016 Phishing,0,iscx_group_011063,calibration,
ISCX::4172,ISCX-URL2016 Phishing,0,iscx_group_008227,development,3.0
ISCX::4173,ISCX-URL2016 Phishing,0,iscx_group_007832,development,5.0
ISCX::4174,ISCX-URL2016 Phishing,0,iscx_group_012258,development,5.0
ISCX::4175,ISCX-URL2016 Phishing,0,iscx_group_013913,development,5.0
ISCX::4176,ISCX-URL2016 Phishing,0,iscx_group_006747,development,5.0
ISCX::4177,ISCX-URL2016 Phishing,0,iscx_group_005894,test,
ISCX::4178,ISCX-URL2016 Phishing,0,iscx_group_001380,development,5.0
ISCX::4179,ISCX-URL2016 Phishing,0,iscx_group_008066,test,
ISCX::4180,ISCX-URL2016 Phishing,0,iscx_group_011289,test,
ISCX::4181,ISCX-URL2016 Phishing,0,iscx_group_004722,development,2.0
ISCX::4182,ISCX-URL2016 Phishing,0,iscx_group_010062,development,5.0
ISCX::4183,ISCX-URL2016 Phishing,0,iscx_group_009350,development,5.0
ISCX::4184,ISCX-URL2016 Phishing,0,iscx_group_003248,development,5.0
ISCX::4185,ISCX-URL2016 Phishing,0,iscx_group_006294,development,2.0
ISCX::4186,ISCX-URL2016 Phishing,0,iscx_group_005883,development,5.0
ISCX::4187,ISCX-URL2016 Phishing,0,iscx_group_001874,development,2.0
ISCX::4188,ISCX-URL2016 Phishing,0,iscx_group_012634,development,3.0
ISCX::4189,ISCX-URL2016 Phishing,0,iscx_group_011800,development,2.0
ISCX::4190,ISCX-URL2016 Phishing,0,iscx_group_014012,development,5.0
ISCX::4191,ISCX-URL2016 Phishing,0,iscx_group_004326,development,4.0
ISCX::4192,ISCX-URL2016 Phishing,0,iscx_group_010093,development,5.0
ISCX::4193,ISCX-URL2016 Phishing,0,iscx_group_012252,test,
ISCX::4194,ISCX-URL2016 Phishing,0,iscx_group_014105,development,4.0
ISCX::4195,ISCX-URL2016 Phishing,0,iscx_group_002708,calibration,
ISCX::4196,ISCX-URL2016 Phishing,0,iscx_group_007456,test,
ISCX::4197,ISCX-URL2016 Phishing,0,iscx_group_013284,calibration,
ISCX::4198,ISCX-URL2016 Phishing,0,iscx_group_012811,calibration,
ISCX::4199,ISCX-URL2016 Phishing,0,iscx_group_012392,development,1.0
ISCX::4200,ISCX-URL2016 Phishing,0,iscx_group_011540,test,
ISCX::4201,ISCX-URL2016 Phishing,0,iscx_group_007850,development,2.0
ISCX::4202,ISCX-URL2016 Phishing,0,iscx_group_007390,test,
ISCX::4203,ISCX-URL2016 Phishing,0,iscx_group_001960,development,2.0
ISCX::4204,ISCX-URL2016 Phishing,0,iscx_group_013648,calibration,
ISCX::4205,ISCX-URL2016 Phishing,0,iscx_group_013569,test,
ISCX::4206,ISCX-URL2016 Phishing,0,iscx_group_014347,development,4.0
ISCX::4207,ISCX-URL2016 Phishing,0,iscx_group_002950,test,
ISCX::4208,ISCX-URL2016 Phishing,0,iscx_group_009759,development,3.0
ISCX::4209,ISCX-URL2016 Phishing,0,iscx_group_012336,development,2.0
ISCX::4210,ISCX-URL2016 Phishing,0,iscx_group_013113,test,
ISCX::4211,ISCX-URL2016 Phishing,0,iscx_group_014167,development,4.0
ISCX::4212,ISCX-URL2016 Phishing,0,iscx_group_005784,test,
ISCX::4213,ISCX-URL2016 Phishing,0,iscx_group_010298,calibration,
ISCX::4214,ISCX-URL2016 Phishing,0,iscx_group_006808,development,4.0
ISCX::4215,ISCX-URL2016 Phishing,0,iscx_group_011259,development,4.0
ISCX::4216,ISCX-URL2016 Phishing,0,iscx_group_001574,development,4.0
ISCX::4217,ISCX-URL2016 Phishing,0,iscx_group_013226,development,5.0
ISCX::4218,ISCX-URL2016 Phishing,0,iscx_group_011092,development,1.0
ISCX::4219,ISCX-URL2016 Phishing,0,iscx_group_004888,development,5.0
ISCX::4220,ISCX-URL2016 Phishing,0,iscx_group_013531,development,5.0
ISCX::4221,ISCX-URL2016 Phishing,0,iscx_group_010270,development,5.0
ISCX::4222,ISCX-URL2016 Phishing,0,iscx_group_010445,development,4.0
ISCX::4223,ISCX-URL2016 Phishing,0,iscx_group_009991,development,2.0
ISCX::4224,ISCX-URL2016 Phishing,0,iscx_group_000961,development,5.0
ISCX::4225,ISCX-URL2016 Phishing,0,iscx_group_003857,test,
ISCX::4226,ISCX-URL2016 Phishing,0,iscx_group_007302,development,2.0
ISCX::4227,ISCX-URL2016 Phishing,0,iscx_group_001775,test,
ISCX::4228,ISCX-URL2016 Phishing,0,iscx_group_012130,calibration,
ISCX::4229,ISCX-URL2016 Phishing,0,iscx_group_013548,development,2.0
ISCX::4230,ISCX-URL2016 Phishing,0,iscx_group_002403,test,
ISCX::4231,ISCX-URL2016 Phishing,0,iscx_group_011756,development,4.0
ISCX::4232,ISCX-URL2016 Phishing,0,iscx_group_007672,test,
ISCX::4233,ISCX-URL2016 Phishing,0,iscx_group_012482,development,1.0
ISCX::4234,ISCX-URL2016 Phishing,0,iscx_group_009666,test,
ISCX::4235,ISCX-URL2016 Phishing,0,iscx_group_002567,development,2.0
ISCX::4236,ISCX-URL2016 Phishing,0,iscx_group_010926,development,4.0
ISCX::4237,ISCX-URL2016 Phishing,0,iscx_group_004728,test,
ISCX::4238,ISCX-URL2016 Phishing,0,iscx_group_006926,test,
ISCX::4239,ISCX-URL2016 Phishing,0,iscx_group_006078,development,4.0
ISCX::4240,ISCX-URL2016 Phishing,0,iscx_group_005160,development,3.0
ISCX::4241,ISCX-URL2016 Phishing,0,iscx_group_012197,development,3.0
ISCX::4242,ISCX-URL2016 Phishing,0,iscx_group_001085,test,
ISCX::4243,ISCX-URL2016 Phishing,0,iscx_group_009952,development,5.0
ISCX::4244,ISCX-URL2016 Phishing,0,iscx_group_007542,development,5.0
ISCX::4245,ISCX-URL2016 Phishing,0,iscx_group_013222,development,2.0
ISCX::4246,ISCX-URL2016 Phishing,0,iscx_group_001981,development,4.0
ISCX::4247,ISCX-URL2016 Phishing,0,iscx_group_007401,test,
ISCX::4248,ISCX-URL2016 Phishing,0,iscx_group_012853,calibration,
ISCX::4249,ISCX-URL2016 Phishing,0,iscx_group_013060,calibration,
ISCX::4250,ISCX-URL2016 Phishing,0,iscx_group_000728,development,4.0
ISCX::4251,ISCX-URL2016 Phishing,0,iscx_group_005885,development,3.0
ISCX::4252,ISCX-URL2016 Phishing,0,iscx_group_008840,development,2.0
ISCX::4253,ISCX-URL2016 Phishing,0,iscx_group_012519,development,5.0
ISCX::4254,ISCX-URL2016 Phishing,0,iscx_group_000914,development,5.0
ISCX::4255,ISCX-URL2016 Phishing,0,iscx_group_007418,development,4.0
ISCX::4256,ISCX-URL2016 Phishing,0,iscx_group_014363,development,4.0
ISCX::4257,ISCX-URL2016 Phishing,0,iscx_group_005131,development,2.0
ISCX::4258,ISCX-URL2016 Phishing,0,iscx_group_012543,development,4.0
ISCX::4259,ISCX-URL2016 Phishing,0,iscx_group_008947,development,5.0
ISCX::4260,ISCX-URL2016 Phishing,0,iscx_group_000280,development,4.0
ISCX::4261,ISCX-URL2016 Phishing,0,iscx_group_005296,development,2.0
ISCX::4262,ISCX-URL2016 Phishing,0,iscx_group_000482,development,3.0
ISCX::4263,ISCX-URL2016 Phishing,0,iscx_group_009578,development,1.0
ISCX::4264,ISCX-URL2016 Phishing,0,iscx_group_011325,development,2.0
ISCX::4265,ISCX-URL2016 Phishing,0,iscx_group_003656,development,4.0
ISCX::4266,ISCX-URL2016 Phishing,0,iscx_group_010373,test,
ISCX::4267,ISCX-URL2016 Phishing,0,iscx_group_006756,calibration,
ISCX::4268,ISCX-URL2016 Phishing,0,iscx_group_004780,calibration,
ISCX::4269,ISCX-URL2016 Phishing,0,iscx_group_010955,test,
ISCX::4270,ISCX-URL2016 Phishing,0,iscx_group_000484,test,
ISCX::4271,ISCX-URL2016 Phishing,0,iscx_group_011981,development,4.0
ISCX::4272,ISCX-URL2016 Phishing,0,iscx_group_002816,test,
ISCX::4273,ISCX-URL2016 Phishing,0,iscx_group_011826,development,5.0
ISCX::4274,ISCX-URL2016 Phishing,0,iscx_group_011036,development,3.0
ISCX::4275,ISCX-URL2016 Phishing,0,iscx_group_000710,development,4.0
ISCX::4276,ISCX-URL2016 Phishing,0,iscx_group_013369,development,2.0
ISCX::4277,ISCX-URL2016 Phishing,0,iscx_group_014072,development,5.0
ISCX::4278,ISCX-URL2016 Phishing,0,iscx_group_012106,development,3.0
ISCX::4279,ISCX-URL2016 Phishing,0,iscx_group_004446,development,5.0
ISCX::4280,ISCX-URL2016 Phishing,0,iscx_group_002267,development,3.0
ISCX::4281,ISCX-URL2016 Phishing,0,iscx_group_010178,calibration,
ISCX::4282,ISCX-URL2016 Phishing,0,iscx_group_002716,development,1.0
ISCX::4283,ISCX-URL2016 Phishing,0,iscx_group_002918,test,
ISCX::4284,ISCX-URL2016 Phishing,0,iscx_group_003859,development,3.0
ISCX::4285,ISCX-URL2016 Phishing,0,iscx_group_004768,development,2.0
ISCX::4286,ISCX-URL2016 Phishing,0,iscx_group_000030,development,4.0
ISCX::4287,ISCX-URL2016 Phishing,0,iscx_group_012652,development,5.0
ISCX::4288,ISCX-URL2016 Phishing,0,iscx_group_006738,development,1.0
ISCX::4289,ISCX-URL2016 Phishing,0,iscx_group_013672,development,5.0
ISCX::4290,ISCX-URL2016 Phishing,0,iscx_group_011234,development,4.0
ISCX::4291,ISCX-URL2016 Phishing,0,iscx_group_009301,calibration,
ISCX::4292,ISCX-URL2016 Phishing,0,iscx_group_000789,calibration,
ISCX::4293,ISCX-URL2016 Phishing,0,iscx_group_006374,development,2.0
ISCX::4294,ISCX-URL2016 Phishing,0,iscx_group_012338,development,3.0
ISCX::4295,ISCX-URL2016 Phishing,0,iscx_group_013192,development,4.0
ISCX::4296,ISCX-URL2016 Phishing,0,iscx_group_009799,calibration,
ISCX::4297,ISCX-URL2016 Phishing,0,iscx_group_005525,development,2.0
ISCX::4298,ISCX-URL2016 Phishing,0,iscx_group_014179,development,2.0
ISCX::4299,ISCX-URL2016 Phishing,0,iscx_group_003130,test,
ISCX::4300,ISCX-URL2016 Phishing,0,iscx_group_012602,development,1.0
ISCX::4301,ISCX-URL2016 Phishing,0,iscx_group_011808,test,
ISCX::4302,ISCX-URL2016 Phishing,0,iscx_group_011109,calibration,
ISCX::4303,ISCX-URL2016 Phishing,0,iscx_group_011332,development,1.0
ISCX::4304,ISCX-URL2016 Phishing,0,iscx_group_002803,calibration,
ISCX::4305,ISCX-URL2016 Phishing,0,iscx_group_005450,development,1.0
ISCX::4306,ISCX-URL2016 Phishing,0,iscx_group_012995,development,2.0
ISCX::4307,ISCX-URL2016 Phishing,0,iscx_group_009974,test,
ISCX::4308,ISCX-URL2016 Phishing,0,iscx_group_011146,development,2.0
ISCX::4309,ISCX-URL2016 Phishing,0,iscx_group_002807,calibration,
ISCX::4310,ISCX-URL2016 Phishing,0,iscx_group_001978,development,2.0
ISCX::4311,ISCX-URL2016 Phishing,0,iscx_group_001976,development,1.0
ISCX::4312,ISCX-URL2016 Phishing,0,iscx_group_008691,development,5.0
ISCX::4313,ISCX-URL2016 Phishing,0,iscx_group_011246,calibration,
ISCX::4314,ISCX-URL2016 Phishing,0,iscx_group_013503,development,5.0
ISCX::4315,ISCX-URL2016 Phishing,0,iscx_group_008379,development,5.0
ISCX::4316,ISCX-URL2016 Phishing,0,iscx_group_011351,calibration,
ISCX::4317,ISCX-URL2016 Phishing,0,iscx_group_000343,development,3.0
ISCX::4318,ISCX-URL2016 Phishing,0,iscx_group_006312,development,5.0
ISCX::4319,ISCX-URL2016 Phishing,0,iscx_group_000772,test,
ISCX::4320,ISCX-URL2016 Phishing,0,iscx_group_002725,test,
ISCX::4321,ISCX-URL2016 Phishing,0,iscx_group_003986,test,
ISCX::4322,ISCX-URL2016 Phishing,0,iscx_group_010027,calibration,
ISCX::4323,ISCX-URL2016 Phishing,0,iscx_group_012082,development,4.0
ISCX::4324,ISCX-URL2016 Phishing,0,iscx_group_004761,development,2.0
ISCX::4325,ISCX-URL2016 Phishing,0,iscx_group_001844,development,5.0
ISCX::4326,ISCX-URL2016 Phishing,0,iscx_group_012773,development,1.0
ISCX::4327,ISCX-URL2016 Phishing,0,iscx_group_000342,test,
ISCX::4328,ISCX-URL2016 Phishing,0,iscx_group_010736,development,4.0
ISCX::4329,ISCX-URL2016 Phishing,0,iscx_group_005723,development,2.0
ISCX::4330,ISCX-URL2016 Phishing,0,iscx_group_011359,test,
ISCX::4331,ISCX-URL2016 Phishing,0,iscx_group_010740,development,1.0
ISCX::4332,ISCX-URL2016 Phishing,0,iscx_group_006876,test,
ISCX::4333,ISCX-URL2016 Phishing,0,iscx_group_002310,development,5.0
ISCX::4334,ISCX-URL2016 Phishing,0,iscx_group_007645,development,2.0
ISCX::4335,ISCX-URL2016 Phishing,0,iscx_group_005483,development,5.0
ISCX::4336,ISCX-URL2016 Phishing,0,iscx_group_013448,development,5.0
ISCX::4337,ISCX-URL2016 Phishing,0,iscx_group_008355,development,5.0
ISCX::4338,ISCX-URL2016 Phishing,0,iscx_group_004794,development,3.0
ISCX::4339,ISCX-URL2016 Phishing,0,iscx_group_008699,development,1.0
ISCX::4340,ISCX-URL2016 Phishing,0,iscx_group_004929,test,
ISCX::4341,ISCX-URL2016 Phishing,0,iscx_group_003525,development,4.0
ISCX::4342,ISCX-URL2016 Phishing,0,iscx_group_004641,development,2.0
ISCX::4343,ISCX-URL2016 Phishing,0,iscx_group_010145,development,3.0
ISCX::4344,ISCX-URL2016 Phishing,0,iscx_group_002840,development,3.0
ISCX::4345,ISCX-URL2016 Phishing,0,iscx_group_008171,development,3.0
ISCX::4346,ISCX-URL2016 Phishing,0,iscx_group_003600,calibration,
ISCX::4347,ISCX-URL2016 Phishing,0,iscx_group_005533,test,
ISCX::4348,ISCX-URL2016 Phishing,0,iscx_group_000290,development,3.0
ISCX::4349,ISCX-URL2016 Phishing,0,iscx_group_010121,development,3.0
ISCX::4350,ISCX-URL2016 Phishing,0,iscx_group_000325,development,2.0
ISCX::4351,ISCX-URL2016 Phishing,0,iscx_group_008529,development,3.0
ISCX::4352,ISCX-URL2016 Phishing,0,iscx_group_009117,development,4.0
ISCX::4353,ISCX-URL2016 Phishing,0,iscx_group_002558,development,1.0
ISCX::4354,ISCX-URL2016 Phishing,0,iscx_group_007142,development,4.0
ISCX::4355,ISCX-URL2016 Phishing,0,iscx_group_014091,test,
ISCX::4356,ISCX-URL2016 Phishing,0,iscx_group_013901,test,
ISCX::4357,ISCX-URL2016 Phishing,0,iscx_group_009064,test,
ISCX::4358,ISCX-URL2016 Phishing,0,iscx_group_013773,test,
ISCX::4359,ISCX-URL2016 Phishing,0,iscx_group_012452,development,4.0
ISCX::4360,ISCX-URL2016 Phishing,0,iscx_group_005473,development,4.0
ISCX::4361,ISCX-URL2016 Phishing,0,iscx_group_009434,development,1.0
ISCX::4362,ISCX-URL2016 Phishing,0,iscx_group_003755,calibration,
ISCX::4363,ISCX-URL2016 Phishing,0,iscx_group_003803,development,5.0
ISCX::4364,ISCX-URL2016 Phishing,0,iscx_group_006760,development,5.0
ISCX::4365,ISCX-URL2016 Phishing,0,iscx_group_010341,calibration,
ISCX::4366,ISCX-URL2016 Phishing,0,iscx_group_001462,test,
ISCX::4367,ISCX-URL2016 Phishing,0,iscx_group_009567,development,2.0
ISCX::4368,ISCX-URL2016 Phishing,0,iscx_group_007949,development,4.0
ISCX::4369,ISCX-URL2016 Phishing,0,iscx_group_002063,development,5.0
ISCX::4370,ISCX-URL2016 Phishing,0,iscx_group_005390,test,
ISCX::4371,ISCX-URL2016 Phishing,0,iscx_group_004525,development,4.0
ISCX::4372,ISCX-URL2016 Phishing,0,iscx_group_000163,development,2.0
ISCX::4373,ISCX-URL2016 Phishing,0,iscx_group_013045,development,3.0
ISCX::4374,ISCX-URL2016 Phishing,0,iscx_group_014619,test,
ISCX::4375,ISCX-URL2016 Phishing,0,iscx_group_013833,calibration,
ISCX::4376,ISCX-URL2016 Phishing,0,iscx_group_011888,development,5.0
ISCX::4377,ISCX-URL2016 Phishing,0,iscx_group_002332,test,
ISCX::4378,ISCX-URL2016 Phishing,0,iscx_group_007743,test,
ISCX::4379,ISCX-URL2016 Phishing,0,iscx_group_003806,calibration,
ISCX::4380,ISCX-URL2016 Phishing,0,iscx_group_001512,development,1.0
ISCX::4381,ISCX-URL2016 Phishing,0,iscx_group_010756,development,2.0
ISCX::4382,ISCX-URL2016 Phishing,0,iscx_group_004023,development,5.0
ISCX::4383,ISCX-URL2016 Phishing,0,iscx_group_008362,calibration,
ISCX::4384,ISCX-URL2016 Phishing,0,iscx_group_014353,development,3.0
ISCX::4385,ISCX-URL2016 Phishing,0,iscx_group_001658,development,3.0
ISCX::4386,ISCX-URL2016 Phishing,0,iscx_group_001055,test,
ISCX::4387,ISCX-URL2016 Phishing,0,iscx_group_011624,calibration,
ISCX::4388,ISCX-URL2016 Phishing,0,iscx_group_001892,development,1.0
ISCX::4389,ISCX-URL2016 Phishing,0,iscx_group_001807,calibration,
ISCX::4390,ISCX-URL2016 Phishing,0,iscx_group_009768,test,
ISCX::4391,ISCX-URL2016 Phishing,0,iscx_group_009171,development,2.0
ISCX::4392,ISCX-URL2016 Phishing,0,iscx_group_007316,development,1.0
ISCX::4393,ISCX-URL2016 Phishing,0,iscx_group_006354,development,5.0
ISCX::4394,ISCX-URL2016 Phishing,0,iscx_group_009978,development,5.0
ISCX::4395,ISCX-URL2016 Phishing,0,iscx_group_005775,test,
ISCX::4396,ISCX-URL2016 Phishing,0,iscx_group_005744,calibration,
ISCX::4397,ISCX-URL2016 Phishing,0,iscx_group_008742,development,1.0
ISCX::4398,ISCX-URL2016 Phishing,0,iscx_group_012769,test,
ISCX::4399,ISCX-URL2016 Phishing,0,iscx_group_008027,development,1.0
ISCX::4400,ISCX-URL2016 Phishing,0,iscx_group_007603,test,
ISCX::4401,ISCX-URL2016 Phishing,0,iscx_group_005919,test,
ISCX::4402,ISCX-URL2016 Phishing,0,iscx_group_012616,development,3.0
ISCX::4403,ISCX-URL2016 Phishing,0,iscx_group_012911,test,
ISCX::4404,ISCX-URL2016 Phishing,0,iscx_group_002958,development,1.0
ISCX::4405,ISCX-URL2016 Phishing,0,iscx_group_010680,development,5.0
ISCX::4406,ISCX-URL2016 Phishing,0,iscx_group_007334,test,
ISCX::4407,ISCX-URL2016 Phishing,0,iscx_group_012287,development,4.0
ISCX::4408,ISCX-URL2016 Phishing,0,iscx_group_007843,development,3.0
ISCX::4409,ISCX-URL2016 Phishing,0,iscx_group_007299,development,2.0
ISCX::4410,ISCX-URL2016 Phishing,0,iscx_group_014783,development,1.0
ISCX::4411,ISCX-URL2016 Phishing,0,iscx_group_010895,development,5.0
ISCX::4412,ISCX-URL2016 Phishing,0,iscx_group_010513,calibration,
ISCX::4413,ISCX-URL2016 Phishing,0,iscx_group_007553,development,3.0
ISCX::4414,ISCX-URL2016 Phishing,0,iscx_group_009702,test,
ISCX::4415,ISCX-URL2016 Phishing,0,iscx_group_014237,development,3.0
ISCX::4416,ISCX-URL2016 Phishing,0,iscx_group_002576,development,1.0
ISCX::4417,ISCX-URL2016 Phishing,0,iscx_group_003356,development,3.0
ISCX::4418,ISCX-URL2016 Phishing,0,iscx_group_006631,development,4.0
ISCX::4419,ISCX-URL2016 Phishing,0,iscx_group_010745,development,3.0
ISCX::4420,ISCX-URL2016 Phishing,0,iscx_group_014709,development,3.0
ISCX::4421,ISCX-URL2016 Phishing,0,iscx_group_008241,development,2.0
ISCX::4422,ISCX-URL2016 Phishing,0,iscx_group_000101,development,2.0
ISCX::4423,ISCX-URL2016 Phishing,0,iscx_group_006680,test,
ISCX::4424,ISCX-URL2016 Phishing,0,iscx_group_011666,development,2.0
ISCX::4425,ISCX-URL2016 Phishing,0,iscx_group_012587,development,1.0
ISCX::4426,ISCX-URL2016 Phishing,0,iscx_group_005901,development,3.0
ISCX::4427,ISCX-URL2016 Phishing,0,iscx_group_005080,calibration,
ISCX::4428,ISCX-URL2016 Phishing,0,iscx_group_012319,development,4.0
ISCX::4429,ISCX-URL2016 Phishing,0,iscx_group_007975,development,5.0
ISCX::4430,ISCX-URL2016 Phishing,0,iscx_group_000542,development,3.0
ISCX::4431,ISCX-URL2016 Phishing,0,iscx_group_004609,calibration,
ISCX::4432,ISCX-URL2016 Phishing,0,iscx_group_003249,test,
ISCX::4433,ISCX-URL2016 Phishing,0,iscx_group_011288,test,
ISCX::4434,ISCX-URL2016 Phishing,0,iscx_group_013296,development,5.0
ISCX::4435,ISCX-URL2016 Phishing,0,iscx_group_009467,development,3.0
ISCX::4436,ISCX-URL2016 Phishing,0,iscx_group_009888,development,1.0
ISCX::4437,ISCX-URL2016 Phishing,0,iscx_group_000783,development,2.0
ISCX::4438,ISCX-URL2016 Phishing,0,iscx_group_007726,development,5.0
ISCX::4439,ISCX-URL2016 Phishing,0,iscx_group_006816,development,2.0
ISCX::4440,ISCX-URL2016 Phishing,0,iscx_group_001291,calibration,
ISCX::4441,ISCX-URL2016 Phishing,0,iscx_group_003018,development,3.0
ISCX::4442,ISCX-URL2016 Phishing,0,iscx_group_014480,development,3.0
ISCX::4443,ISCX-URL2016 Phishing,0,iscx_group_007419,test,
ISCX::4444,ISCX-URL2016 Phishing,0,iscx_group_001461,development,4.0
ISCX::4445,ISCX-URL2016 Phishing,0,iscx_group_012916,development,5.0
ISCX::4446,ISCX-URL2016 Phishing,0,iscx_group_002623,development,5.0
ISCX::4447,ISCX-URL2016 Phishing,0,iscx_group_001441,development,3.0
ISCX::4448,ISCX-URL2016 Phishing,0,iscx_group_004912,test,
ISCX::4449,ISCX-URL2016 Phishing,0,iscx_group_006303,development,1.0
ISCX::4450,ISCX-URL2016 Phishing,0,iscx_group_001042,calibration,
ISCX::4451,ISCX-URL2016 Phishing,0,iscx_group_001138,development,4.0
ISCX::4452,ISCX-URL2016 Phishing,0,iscx_group_002727,development,4.0
ISCX::4453,ISCX-URL2016 Phishing,0,iscx_group_012006,development,2.0
ISCX::4454,ISCX-URL2016 Phishing,0,iscx_group_007922,development,5.0
ISCX::4455,ISCX-URL2016 Phishing,0,iscx_group_002395,development,2.0
ISCX::4456,ISCX-URL2016 Phishing,0,iscx_group_006437,development,2.0
ISCX::4457,ISCX-URL2016 Phishing,0,iscx_group_010734,development,1.0
ISCX::4458,ISCX-URL2016 Phishing,0,iscx_group_009695,test,
ISCX::4459,ISCX-URL2016 Phishing,0,iscx_group_010098,development,2.0
ISCX::4460,ISCX-URL2016 Phishing,0,iscx_group_000999,development,5.0
ISCX::4461,ISCX-URL2016 Phishing,0,iscx_group_006741,calibration,
ISCX::4462,ISCX-URL2016 Phishing,0,iscx_group_001553,calibration,
ISCX::4463,ISCX-URL2016 Phishing,0,iscx_group_011193,development,2.0
ISCX::4464,ISCX-URL2016 Phishing,0,iscx_group_011935,development,3.0
ISCX::4465,ISCX-URL2016 Phishing,0,iscx_group_011732,development,4.0
ISCX::4466,ISCX-URL2016 Phishing,0,iscx_group_002447,development,4.0
ISCX::4467,ISCX-URL2016 Phishing,0,iscx_group_004307,development,4.0
ISCX::4468,ISCX-URL2016 Phishing,0,iscx_group_000894,development,5.0
ISCX::4469,ISCX-URL2016 Phishing,0,iscx_group_010278,development,2.0
ISCX::4470,ISCX-URL2016 Phishing,0,iscx_group_012207,development,1.0
ISCX::4471,ISCX-URL2016 Phishing,0,iscx_group_005804,test,
ISCX::4472,ISCX-URL2016 Phishing,0,iscx_group_001520,calibration,
ISCX::4473,ISCX-URL2016 Phishing,0,iscx_group_007565,development,2.0
ISCX::4474,ISCX-URL2016 Phishing,0,iscx_group_001428,development,4.0
ISCX::4475,ISCX-URL2016 Phishing,0,iscx_group_001112,development,4.0
ISCX::4476,ISCX-URL2016 Phishing,0,iscx_group_008385,development,3.0
ISCX::4477,ISCX-URL2016 Phishing,0,iscx_group_010581,development,5.0
ISCX::4478,ISCX-URL2016 Phishing,0,iscx_group_004821,development,4.0
ISCX::4479,ISCX-URL2016 Phishing,0,iscx_group_011875,development,4.0
ISCX::4480,ISCX-URL2016 Phishing,0,iscx_group_006083,development,5.0
ISCX::4481,ISCX-URL2016 Phishing,0,iscx_group_007934,development,5.0
ISCX::4482,ISCX-URL2016 Phishing,0,iscx_group_003014,test,
ISCX::4483,ISCX-URL2016 Phishing,0,iscx_group_011217,test,
ISCX::4484,ISCX-URL2016 Phishing,0,iscx_group_011477,calibration,
ISCX::4485,ISCX-URL2016 Phishing,0,iscx_group_014233,development,4.0
ISCX::4486,ISCX-URL2016 Phishing,0,iscx_group_014254,development,3.0
ISCX::4487,ISCX-URL2016 Phishing,0,iscx_group_008537,calibration,
ISCX::4488,ISCX-URL2016 Phishing,0,iscx_group_010160,development,2.0
ISCX::4489,ISCX-URL2016 Phishing,0,iscx_group_006639,test,
ISCX::4490,ISCX-URL2016 Phishing,0,iscx_group_005251,development,5.0
ISCX::4491,ISCX-URL2016 Phishing,0,iscx_group_000204,test,
ISCX::4492,ISCX-URL2016 Phishing,0,iscx_group_006422,development,2.0
ISCX::4493,ISCX-URL2016 Phishing,0,iscx_group_006846,development,1.0
ISCX::4494,ISCX-URL2016 Phishing,0,iscx_group_013787,development,3.0
ISCX::4495,ISCX-URL2016 Phishing,0,iscx_group_012169,development,5.0
ISCX::4496,ISCX-URL2016 Phishing,0,iscx_group_000779,development,2.0
ISCX::4497,ISCX-URL2016 Phishing,0,iscx_group_000794,test,
ISCX::4498,ISCX-URL2016 Phishing,0,iscx_group_003197,development,3.0
ISCX::4499,ISCX-URL2016 Phishing,0,iscx_group_011805,test,
ISCX::4500,ISCX-URL2016 Phishing,0,iscx_group_004490,test,
ISCX::4501,ISCX-URL2016 Phishing,0,iscx_group_007690,test,
ISCX::4502,ISCX-URL2016 Phishing,0,iscx_group_011232,test,
ISCX::4503,ISCX-URL2016 Phishing,0,iscx_group_009126,development,5.0
ISCX::4504,ISCX-URL2016 Phishing,0,iscx_group_003670,test,
ISCX::4505,ISCX-URL2016 Phishing,0,iscx_group_005664,development,3.0
ISCX::4506,ISCX-URL2016 Phishing,0,iscx_group_003265,calibration,
ISCX::4507,ISCX-URL2016 Phishing,0,iscx_group_005935,development,2.0
ISCX::4508,ISCX-URL2016 Phishing,0,iscx_group_008566,development,3.0
ISCX::4509,ISCX-URL2016 Phishing,0,iscx_group_011222,development,4.0
ISCX::4510,ISCX-URL2016 Phishing,0,iscx_group_000528,development,4.0
ISCX::4511,ISCX-URL2016 Phishing,0,iscx_group_002982,test,
ISCX::4512,ISCX-URL2016 Phishing,0,iscx_group_011529,development,5.0
ISCX::4513,ISCX-URL2016 Phishing,0,iscx_group_004714,development,1.0
ISCX::4514,ISCX-URL2016 Phishing,0,iscx_group_009965,development,4.0
ISCX::4515,ISCX-URL2016 Phishing,0,iscx_group_008278,development,4.0
ISCX::4516,ISCX-URL2016 Phishing,0,iscx_group_006554,test,
ISCX::4517,ISCX-URL2016 Phishing,0,iscx_group_013122,calibration,
ISCX::4518,ISCX-URL2016 Phishing,0,iscx_group_012885,calibration,
ISCX::4519,ISCX-URL2016 Phishing,0,iscx_group_011524,development,3.0
ISCX::4520,ISCX-URL2016 Phishing,0,iscx_group_008835,test,
ISCX::4521,ISCX-URL2016 Phishing,0,iscx_group_014527,development,1.0
ISCX::4522,ISCX-URL2016 Phishing,0,iscx_group_013429,test,
ISCX::4523,ISCX-URL2016 Phishing,0,iscx_group_000002,development,5.0
ISCX::4524,ISCX-URL2016 Phishing,0,iscx_group_011961,calibration,
ISCX::4525,ISCX-URL2016 Phishing,0,iscx_group_010136,calibration,
ISCX::4526,ISCX-URL2016 Phishing,0,iscx_group_001131,development,5.0
ISCX::4527,ISCX-URL2016 Phishing,0,iscx_group_002739,development,1.0
ISCX::4528,ISCX-URL2016 Phishing,0,iscx_group_013309,development,1.0
ISCX::4529,ISCX-URL2016 Phishing,0,iscx_group_005028,development,3.0
ISCX::4530,ISCX-URL2016 Phishing,0,iscx_group_001363,calibration,
ISCX::4531,ISCX-URL2016 Phishing,0,iscx_group_005211,development,3.0
ISCX::4532,ISCX-URL2016 Phishing,0,iscx_group_008078,development,2.0
ISCX::4533,ISCX-URL2016 Phishing,0,iscx_group_002888,development,3.0
ISCX::4534,ISCX-URL2016 Phishing,0,iscx_group_004145,calibration,
ISCX::4535,ISCX-URL2016 Phishing,0,iscx_group_008267,calibration,
ISCX::4536,ISCX-URL2016 Phishing,0,iscx_group_002064,development,5.0
ISCX::4537,ISCX-URL2016 Phishing,0,iscx_group_012096,development,3.0
ISCX::4538,ISCX-URL2016 Phishing,0,iscx_group_004037,development,1.0
ISCX::4539,ISCX-URL2016 Phishing,0,iscx_group_003796,development,1.0
ISCX::4540,ISCX-URL2016 Phishing,0,iscx_group_007332,test,
ISCX::4541,ISCX-URL2016 Phishing,0,iscx_group_002661,calibration,
ISCX::4542,ISCX-URL2016 Phishing,0,iscx_group_002508,development,5.0
ISCX::4543,ISCX-URL2016 Phishing,0,iscx_group_002602,development,4.0
ISCX::4544,ISCX-URL2016 Phishing,0,iscx_group_012674,development,4.0
ISCX::4545,ISCX-URL2016 Phishing,0,iscx_group_006753,test,
ISCX::4546,ISCX-URL2016 Phishing,0,iscx_group_009964,development,2.0
ISCX::4547,ISCX-URL2016 Phishing,0,iscx_group_000989,calibration,
ISCX::4548,ISCX-URL2016 Phishing,0,iscx_group_013008,test,
ISCX::4549,ISCX-URL2016 Phishing,0,iscx_group_008729,development,5.0
ISCX::4550,ISCX-URL2016 Phishing,0,iscx_group_000907,calibration,
ISCX::4551,ISCX-URL2016 Phishing,0,iscx_group_006960,calibration,
ISCX::4552,ISCX-URL2016 Phishing,0,iscx_group_001050,development,3.0
ISCX::4553,ISCX-URL2016 Phishing,0,iscx_group_013820,development,3.0
ISCX::4554,ISCX-URL2016 Phishing,0,iscx_group_011154,development,3.0
ISCX::4555,ISCX-URL2016 Phishing,0,iscx_group_008865,test,
ISCX::4556,ISCX-URL2016 Phishing,0,iscx_group_005617,development,3.0
ISCX::4557,ISCX-URL2016 Phishing,0,iscx_group_000707,calibration,
ISCX::4558,ISCX-URL2016 Phishing,0,iscx_group_013428,development,2.0
ISCX::4559,ISCX-URL2016 Phishing,0,iscx_group_007702,development,1.0
ISCX::4560,ISCX-URL2016 Phishing,0,iscx_group_010901,development,4.0
ISCX::4561,ISCX-URL2016 Phishing,0,iscx_group_011774,calibration,
ISCX::4562,ISCX-URL2016 Phishing,0,iscx_group_014406,development,2.0
ISCX::4563,ISCX-URL2016 Phishing,0,iscx_group_002859,development,1.0
ISCX::4564,ISCX-URL2016 Phishing,0,iscx_group_003051,development,2.0
ISCX::4565,ISCX-URL2016 Phishing,0,iscx_group_000852,development,4.0
ISCX::4566,ISCX-URL2016 Phishing,0,iscx_group_009225,development,5.0
ISCX::4567,ISCX-URL2016 Phishing,0,iscx_group_001171,calibration,
ISCX::4568,ISCX-URL2016 Phishing,0,iscx_group_000501,calibration,
ISCX::4569,ISCX-URL2016 Phishing,0,iscx_group_004561,development,2.0
ISCX::4570,ISCX-URL2016 Phishing,0,iscx_group_008234,development,4.0
ISCX::4571,ISCX-URL2016 Phishing,0,iscx_group_010296,development,3.0
ISCX::4572,ISCX-URL2016 Phishing,0,iscx_group_004391,test,
ISCX::4573,ISCX-URL2016 Phishing,0,iscx_group_008689,development,3.0
ISCX::4574,ISCX-URL2016 Phishing,0,iscx_group_000856,calibration,
ISCX::4575,ISCX-URL2016 Phishing,0,iscx_group_005556,development,1.0
ISCX::4576,ISCX-URL2016 Phishing,0,iscx_group_013738,development,1.0
ISCX::4577,ISCX-URL2016 Phishing,0,iscx_group_007678,development,3.0
ISCX::4578,ISCX-URL2016 Phishing,0,iscx_group_014598,development,5.0
ISCX::4579,ISCX-URL2016 Phishing,0,iscx_group_002871,development,3.0
ISCX::4580,ISCX-URL2016 Phishing,0,iscx_group_014760,development,2.0
ISCX::4581,ISCX-URL2016 Phishing,0,iscx_group_008501,development,4.0
ISCX::4582,ISCX-URL2016 Phishing,0,iscx_group_001595,calibration,
ISCX::4583,ISCX-URL2016 Phishing,0,iscx_group_007376,development,2.0
ISCX::4584,ISCX-URL2016 Phishing,0,iscx_group_008561,development,3.0
ISCX::4585,ISCX-URL2016 Phishing,0,iscx_group_005762,calibration,
ISCX::4586,ISCX-URL2016 Phishing,0,iscx_group_010873,development,2.0
ISCX::4587,ISCX-URL2016 Phishing,0,iscx_group_009781,development,2.0
ISCX::4588,ISCX-URL2016 Phishing,0,iscx_group_010050,test,
ISCX::4589,ISCX-URL2016 Phishing,0,iscx_group_008449,development,5.0
ISCX::4590,ISCX-URL2016 Phishing,0,iscx_group_007705,development,1.0
ISCX::4591,ISCX-URL2016 Phishing,0,iscx_group_007679,development,5.0
ISCX::4592,ISCX-URL2016 Phishing,0,iscx_group_006475,calibration,
ISCX::4593,ISCX-URL2016 Phishing,0,iscx_group_000464,development,2.0
ISCX::4594,ISCX-URL2016 Phishing,0,iscx_group_014412,development,2.0
ISCX::4595,ISCX-URL2016 Phishing,0,iscx_group_000499,development,5.0
ISCX::4596,ISCX-URL2016 Phishing,0,iscx_group_010356,test,
ISCX::4597,ISCX-URL2016 Phishing,0,iscx_group_009839,development,3.0
ISCX::4598,ISCX-URL2016 Phishing,0,iscx_group_010882,development,3.0
ISCX::4599,ISCX-URL2016 Phishing,0,iscx_group_009182,development,3.0
ISCX::4600,ISCX-URL2016 Phishing,0,iscx_group_013753,development,1.0
ISCX::4601,ISCX-URL2016 Phishing,0,iscx_group_004438,calibration,
ISCX::4602,ISCX-URL2016 Phishing,0,iscx_group_008024,development,2.0
ISCX::4603,ISCX-URL2016 Phishing,0,iscx_group_005864,development,1.0
ISCX::4604,ISCX-URL2016 Phishing,0,iscx_group_001273,development,1.0
ISCX::4605,ISCX-URL2016 Phishing,0,iscx_group_001187,calibration,
ISCX::4606,ISCX-URL2016 Phishing,0,iscx_group_009586,test,
ISCX::4607,ISCX-URL2016 Phishing,0,iscx_group_005077,test,
ISCX::4608,ISCX-URL2016 Phishing,0,iscx_group_004335,development,4.0
ISCX::4609,ISCX-URL2016 Phishing,0,iscx_group_012668,calibration,
ISCX::4610,ISCX-URL2016 Phishing,0,iscx_group_008907,development,4.0
ISCX::4611,ISCX-URL2016 Phishing,0,iscx_group_009089,development,1.0
ISCX::4612,ISCX-URL2016 Phishing,0,iscx_group_014499,development,4.0
ISCX::4613,ISCX-URL2016 Phishing,0,iscx_group_004182,development,1.0
ISCX::4614,ISCX-URL2016 Phishing,0,iscx_group_002571,calibration,
ISCX::4615,ISCX-URL2016 Phishing,0,iscx_group_004689,calibration,
ISCX::4616,ISCX-URL2016 Phishing,0,iscx_group_013219,development,5.0
ISCX::4617,ISCX-URL2016 Phishing,0,iscx_group_004206,test,
ISCX::4618,ISCX-URL2016 Phishing,0,iscx_group_011253,development,1.0
ISCX::4619,ISCX-URL2016 Phishing,0,iscx_group_012795,development,1.0
ISCX::4620,ISCX-URL2016 Phishing,0,iscx_group_001791,development,4.0
ISCX::4621,ISCX-URL2016 Phishing,0,iscx_group_009097,development,4.0
ISCX::4622,ISCX-URL2016 Phishing,0,iscx_group_003465,development,3.0
ISCX::4623,ISCX-URL2016 Phishing,0,iscx_group_006585,development,2.0
ISCX::4624,ISCX-URL2016 Phishing,0,iscx_group_009398,calibration,
ISCX::4625,ISCX-URL2016 Phishing,0,iscx_group_011245,development,3.0
ISCX::4626,ISCX-URL2016 Phishing,0,iscx_group_003345,development,2.0
ISCX::4627,ISCX-URL2016 Phishing,0,iscx_group_001813,development,2.0
ISCX::4628,ISCX-URL2016 Phishing,0,iscx_group_009633,development,5.0
ISCX::4629,ISCX-URL2016 Phishing,0,iscx_group_009808,development,2.0
ISCX::4630,ISCX-URL2016 Phishing,0,iscx_group_013504,calibration,
ISCX::4631,ISCX-URL2016 Phishing,0,iscx_group_006015,calibration,
ISCX::4632,ISCX-URL2016 Phishing,0,iscx_group_006366,development,5.0
ISCX::4633,ISCX-URL2016 Phishing,0,iscx_group_014596,development,3.0
ISCX::4634,ISCX-URL2016 Phishing,0,iscx_group_002947,development,1.0
ISCX::4635,ISCX-URL2016 Phishing,0,iscx_group_005923,calibration,
ISCX::4636,ISCX-URL2016 Phishing,0,iscx_group_002171,calibration,
ISCX::4637,ISCX-URL2016 Phishing,0,iscx_group_013363,calibration,
ISCX::4638,ISCX-URL2016 Phishing,0,iscx_group_011945,development,2.0
ISCX::4639,ISCX-URL2016 Phishing,0,iscx_group_004399,development,5.0
ISCX::4640,ISCX-URL2016 Phishing,0,iscx_group_007812,development,3.0
ISCX::4641,ISCX-URL2016 Phishing,0,iscx_group_007619,development,3.0
ISCX::4642,ISCX-URL2016 Phishing,0,iscx_group_009713,calibration,
ISCX::4643,ISCX-URL2016 Phishing,0,iscx_group_002579,calibration,
ISCX::4644,ISCX-URL2016 Phishing,0,iscx_group_013802,calibration,
ISCX::4645,ISCX-URL2016 Phishing,0,iscx_group_003493,development,2.0
ISCX::4646,ISCX-URL2016 Phishing,0,iscx_group_005179,development,5.0
ISCX::4647,ISCX-URL2016 Phishing,0,iscx_group_008293,calibration,
ISCX::4648,ISCX-URL2016 Phishing,0,iscx_group_004626,development,2.0
ISCX::4649,ISCX-URL2016 Phishing,0,iscx_group_009180,development,3.0
ISCX::4650,ISCX-URL2016 Phishing,0,iscx_group_006578,development,5.0
ISCX::4651,ISCX-URL2016 Phishing,0,iscx_group_006886,development,1.0
ISCX::4652,ISCX-URL2016 Phishing,0,iscx_group_009037,development,5.0
ISCX::4653,ISCX-URL2016 Phishing,0,iscx_group_009266,development,5.0
ISCX::4654,ISCX-URL2016 Phishing,0,iscx_group_001260,development,4.0
ISCX::4655,ISCX-URL2016 Phishing,0,iscx_group_002755,calibration,
ISCX::4656,ISCX-URL2016 Phishing,0,iscx_group_006878,development,1.0
ISCX::4657,ISCX-URL2016 Phishing,0,iscx_group_009829,development,3.0
ISCX::4658,ISCX-URL2016 Phishing,0,iscx_group_002838,development,1.0
ISCX::4659,ISCX-URL2016 Phishing,0,iscx_group_009306,development,5.0
ISCX::4660,ISCX-URL2016 Phishing,0,iscx_group_004894,development,3.0
ISCX::4661,ISCX-URL2016 Phishing,0,iscx_group_007461,development,5.0
ISCX::4662,ISCX-URL2016 Phishing,0,iscx_group_013709,development,4.0
ISCX::4663,ISCX-URL2016 Phishing,0,iscx_group_012839,development,3.0
ISCX::4664,ISCX-URL2016 Phishing,0,iscx_group_004531,development,4.0
ISCX::4665,ISCX-URL2016 Phishing,0,iscx_group_004084,development,5.0
ISCX::4666,ISCX-URL2016 Phishing,0,iscx_group_002041,test,
ISCX::4667,ISCX-URL2016 Phishing,0,iscx_group_002946,development,5.0
ISCX::4668,ISCX-URL2016 Phishing,0,iscx_group_002220,development,4.0
ISCX::4669,ISCX-URL2016 Phishing,0,iscx_group_002071,development,5.0
ISCX::4670,ISCX-URL2016 Phishing,0,iscx_group_014448,development,5.0
ISCX::4671,ISCX-URL2016 Phishing,0,iscx_group_012758,development,4.0
ISCX::4672,ISCX-URL2016 Phishing,0,iscx_group_006758,development,3.0
ISCX::4673,ISCX-URL2016 Phishing,0,iscx_group_009047,development,2.0
ISCX::4674,ISCX-URL2016 Phishing,0,iscx_group_012611,development,4.0
ISCX::4675,ISCX-URL2016 Phishing,0,iscx_group_014743,development,5.0
ISCX::4676,ISCX-URL2016 Phishing,0,iscx_group_001956,development,4.0
ISCX::4677,ISCX-URL2016 Phishing,0,iscx_group_003031,development,2.0
ISCX::4678,ISCX-URL2016 Phishing,0,iscx_group_007444,development,4.0
ISCX::4679,ISCX-URL2016 Phishing,0,iscx_group_005853,development,3.0
ISCX::4680,ISCX-URL2016 Phishing,0,iscx_group_012725,development,5.0
ISCX::4681,ISCX-URL2016 Phishing,0,iscx_group_008572,development,2.0
ISCX::4682,ISCX-URL2016 Phishing,0,iscx_group_006534,development,5.0
ISCX::4683,ISCX-URL2016 Phishing,0,iscx_group_004420,development,3.0
ISCX::4684,ISCX-URL2016 Phishing,0,iscx_group_005401,development,2.0
ISCX::4685,ISCX-URL2016 Phishing,0,iscx_group_005652,calibration,
ISCX::4686,ISCX-URL2016 Phishing,0,iscx_group_012512,development,3.0
ISCX::4687,ISCX-URL2016 Phishing,0,iscx_group_004456,test,
ISCX::4688,ISCX-URL2016 Phishing,0,iscx_group_007642,development,3.0
ISCX::4689,ISCX-URL2016 Phishing,0,iscx_group_013809,test,
ISCX::4690,ISCX-URL2016 Phishing,0,iscx_group_009390,development,1.0
ISCX::4691,ISCX-URL2016 Phishing,0,iscx_group_014740,test,
ISCX::4692,ISCX-URL2016 Phishing,0,iscx_group_001305,development,2.0
ISCX::4693,ISCX-URL2016 Phishing,0,iscx_group_014055,development,4.0
ISCX::4694,ISCX-URL2016 Phishing,0,iscx_group_003459,test,
ISCX::4695,ISCX-URL2016 Phishing,0,iscx_group_012636,test,
ISCX::4696,ISCX-URL2016 Phishing,0,iscx_group_005180,test,
ISCX::4697,ISCX-URL2016 Phishing,0,iscx_group_009870,development,5.0
ISCX::4698,ISCX-URL2016 Phishing,0,iscx_group_013316,calibration,
ISCX::4699,ISCX-URL2016 Phishing,0,iscx_group_000679,development,4.0
ISCX::4700,ISCX-URL2016 Phishing,0,iscx_group_011905,development,4.0
ISCX::4701,ISCX-URL2016 Phishing,0,iscx_group_001293,test,
ISCX::4702,ISCX-URL2016 Phishing,0,iscx_group_004205,development,3.0
ISCX::4703,ISCX-URL2016 Phishing,0,iscx_group_012876,test,
ISCX::4704,ISCX-URL2016 Phishing,0,iscx_group_000301,development,2.0
ISCX::4705,ISCX-URL2016 Phishing,0,iscx_group_010260,calibration,
ISCX::4706,ISCX-URL2016 Phishing,0,iscx_group_004646,calibration,
ISCX::4707,ISCX-URL2016 Phishing,0,iscx_group_007535,development,1.0
ISCX::4708,ISCX-URL2016 Phishing,0,iscx_group_004739,test,
ISCX::4709,ISCX-URL2016 Phishing,0,iscx_group_009234,development,1.0
ISCX::4710,ISCX-URL2016 Phishing,0,iscx_group_004064,test,
ISCX::4711,ISCX-URL2016 Phishing,0,iscx_group_013075,development,5.0
ISCX::4712,ISCX-URL2016 Phishing,0,iscx_group_000737,development,2.0
ISCX::4713,ISCX-URL2016 Phishing,0,iscx_group_013583,development,5.0
ISCX::4714,ISCX-URL2016 Phishing,0,iscx_group_010687,development,1.0
ISCX::4715,ISCX-URL2016 Phishing,0,iscx_group_007197,development,5.0
ISCX::4716,ISCX-URL2016 Phishing,0,iscx_group_012919,development,2.0
ISCX::4717,ISCX-URL2016 Phishing,0,iscx_group_001986,calibration,
ISCX::4718,ISCX-URL2016 Phishing,0,iscx_group_003363,test,
ISCX::4719,ISCX-URL2016 Phishing,0,iscx_group_009428,development,4.0
ISCX::4720,ISCX-URL2016 Phishing,0,iscx_group_001246,calibration,
ISCX::4721,ISCX-URL2016 Phishing,0,iscx_group_003652,test,
ISCX::4722,ISCX-URL2016 Phishing,0,iscx_group_006713,development,3.0
ISCX::4723,ISCX-URL2016 Phishing,0,iscx_group_011435,development,3.0
ISCX::4724,ISCX-URL2016 Phishing,0,iscx_group_000972,development,2.0
ISCX::4725,ISCX-URL2016 Phishing,0,iscx_group_012944,test,
ISCX::4726,ISCX-URL2016 Phishing,0,iscx_group_009044,development,3.0
ISCX::4727,ISCX-URL2016 Phishing,0,iscx_group_005798,development,1.0
ISCX::4728,ISCX-URL2016 Phishing,0,iscx_group_013712,development,2.0
ISCX::4729,ISCX-URL2016 Phishing,0,iscx_group_012843,development,2.0
ISCX::4730,ISCX-URL2016 Phishing,0,iscx_group_000489,development,3.0
ISCX::4731,ISCX-URL2016 Phishing,0,iscx_group_014189,development,4.0
ISCX::4732,ISCX-URL2016 Phishing,0,iscx_group_011470,development,5.0
ISCX::4733,ISCX-URL2016 Phishing,0,iscx_group_005866,development,1.0
ISCX::4734,ISCX-URL2016 Phishing,0,iscx_group_005569,calibration,
ISCX::4735,ISCX-URL2016 Phishing,0,iscx_group_008010,development,1.0
ISCX::4736,ISCX-URL2016 Phishing,0,iscx_group_007604,test,
ISCX::4737,ISCX-URL2016 Phishing,0,iscx_group_011134,development,5.0
ISCX::4738,ISCX-URL2016 Phishing,0,iscx_group_002942,test,
ISCX::4739,ISCX-URL2016 Phishing,0,iscx_group_003140,development,4.0
ISCX::4740,ISCX-URL2016 Phishing,0,iscx_group_003391,development,3.0
ISCX::4741,ISCX-URL2016 Phishing,0,iscx_group_003737,development,5.0
ISCX::4742,ISCX-URL2016 Phishing,0,iscx_group_008011,development,2.0
ISCX::4743,ISCX-URL2016 Phishing,0,iscx_group_007249,development,1.0
ISCX::4744,ISCX-URL2016 Phishing,0,iscx_group_010494,test,
ISCX::4745,ISCX-URL2016 Phishing,0,iscx_group_006594,development,5.0
ISCX::4746,ISCX-URL2016 Phishing,0,iscx_group_006988,development,4.0
ISCX::4747,ISCX-URL2016 Phishing,0,iscx_group_012465,development,5.0
ISCX::4748,ISCX-URL2016 Phishing,0,iscx_group_008036,calibration,
ISCX::4749,ISCX-URL2016 Phishing,0,iscx_group_007329,calibration,
ISCX::4750,ISCX-URL2016 Phishing,0,iscx_group_004787,development,4.0
ISCX::4751,ISCX-URL2016 Phishing,0,iscx_group_001136,development,4.0
ISCX::4752,ISCX-URL2016 Phishing,0,iscx_group_002472,calibration,
ISCX::4753,ISCX-URL2016 Phishing,0,iscx_group_000050,test,
ISCX::4754,ISCX-URL2016 Phishing,0,iscx_group_010281,calibration,
ISCX::4755,ISCX-URL2016 Phishing,0,iscx_group_010485,development,4.0
ISCX::4756,ISCX-URL2016 Phishing,0,iscx_group_006151,development,4.0
ISCX::4757,ISCX-URL2016 Phishing,0,iscx_group_012385,development,3.0
ISCX::4758,ISCX-URL2016 Phishing,0,iscx_group_008639,calibration,
ISCX::4759,ISCX-URL2016 Phishing,0,iscx_group_000096,development,3.0
ISCX::4760,ISCX-URL2016 Phishing,0,iscx_group_001640,development,1.0
ISCX::4761,ISCX-URL2016 Phishing,0,iscx_group_012531,development,5.0
ISCX::4762,ISCX-URL2016 Phishing,0,iscx_group_001957,calibration,
ISCX::4763,ISCX-URL2016 Phishing,0,iscx_group_014192,development,3.0
ISCX::4764,ISCX-URL2016 Phishing,0,iscx_group_003450,development,1.0
ISCX::4765,ISCX-URL2016 Phishing,0,iscx_group_008254,development,5.0
ISCX::4766,ISCX-URL2016 Phishing,0,iscx_group_001345,development,2.0
ISCX::4767,ISCX-URL2016 Phishing,0,iscx_group_004865,development,3.0
ISCX::4768,ISCX-URL2016 Phishing,0,iscx_group_002767,development,5.0
ISCX::4769,ISCX-URL2016 Phishing,0,iscx_group_011544,calibration,
ISCX::4770,ISCX-URL2016 Phishing,0,iscx_group_013009,development,4.0
ISCX::4771,ISCX-URL2016 Phishing,0,iscx_group_003745,test,
ISCX::4772,ISCX-URL2016 Phishing,0,iscx_group_009568,development,5.0
ISCX::4773,ISCX-URL2016 Phishing,0,iscx_group_003938,test,
ISCX::4774,ISCX-URL2016 Phishing,0,iscx_group_008299,calibration,
ISCX::4775,ISCX-URL2016 Phishing,0,iscx_group_001253,calibration,
ISCX::4776,ISCX-URL2016 Phishing,0,iscx_group_002671,development,2.0
ISCX::4777,ISCX-URL2016 Phishing,0,iscx_group_014750,test,
ISCX::4778,ISCX-URL2016 Phishing,0,iscx_group_000076,development,2.0
ISCX::4779,ISCX-URL2016 Phishing,0,iscx_group_010268,calibration,
ISCX::4780,ISCX-URL2016 Phishing,0,iscx_group_000933,development,5.0
ISCX::4781,ISCX-URL2016 Phishing,0,iscx_group_000769,development,1.0
ISCX::4782,ISCX-URL2016 Phishing,0,iscx_group_010335,development,4.0
ISCX::4783,ISCX-URL2016 Phishing,0,iscx_group_007400,development,4.0
ISCX::4784,ISCX-URL2016 Phishing,0,iscx_group_014589,development,4.0
ISCX::4785,ISCX-URL2016 Phishing,0,iscx_group_007330,development,2.0
ISCX::4786,ISCX-URL2016 Phishing,0,iscx_group_001753,test,
ISCX::4787,ISCX-URL2016 Phishing,0,iscx_group_003420,test,
ISCX::4788,ISCX-URL2016 Phishing,0,iscx_group_003721,development,2.0
ISCX::4789,ISCX-URL2016 Phishing,0,iscx_group_000823,development,2.0
ISCX::4790,ISCX-URL2016 Phishing,0,iscx_group_004854,development,2.0
ISCX::4791,ISCX-URL2016 Phishing,0,iscx_group_006079,test,
ISCX::4792,ISCX-URL2016 Phishing,0,iscx_group_011296,calibration,
ISCX::4793,ISCX-URL2016 Phishing,0,iscx_group_002147,development,2.0
ISCX::4794,ISCX-URL2016 Phishing,0,iscx_group_011969,development,4.0
ISCX::4795,ISCX-URL2016 Phishing,0,iscx_group_001261,development,1.0
ISCX::4796,ISCX-URL2016 Phishing,0,iscx_group_012213,test,
ISCX::4797,ISCX-URL2016 Phishing,0,iscx_group_002607,test,
ISCX::4798,ISCX-URL2016 Phishing,0,iscx_group_008551,development,4.0
ISCX::4799,ISCX-URL2016 Phishing,0,iscx_group_014127,development,3.0
ISCX::4800,ISCX-URL2016 Phishing,0,iscx_group_002616,development,1.0
ISCX::4801,ISCX-URL2016 Phishing,0,iscx_group_008890,calibration,
ISCX::4802,ISCX-URL2016 Phishing,0,iscx_group_002465,test,
ISCX::4803,ISCX-URL2016 Phishing,0,iscx_group_009795,development,2.0
ISCX::4804,ISCX-URL2016 Phishing,0,iscx_group_003222,test,
ISCX::4805,ISCX-URL2016 Phishing,0,iscx_group_007987,development,3.0
ISCX::4806,ISCX-URL2016 Phishing,0,iscx_group_013257,development,3.0
ISCX::4807,ISCX-URL2016 Phishing,0,iscx_group_009476,calibration,
ISCX::4808,ISCX-URL2016 Phishing,0,iscx_group_005364,development,5.0
ISCX::4809,ISCX-URL2016 Phishing,0,iscx_group_008814,calibration,
ISCX::4810,ISCX-URL2016 Phishing,0,iscx_group_010621,development,5.0
ISCX::4811,ISCX-URL2016 Phishing,0,iscx_group_004340,development,2.0
ISCX::4812,ISCX-URL2016 Phishing,0,iscx_group_002069,development,4.0
ISCX::4813,ISCX-URL2016 Phishing,0,iscx_group_004202,test,
ISCX::4814,ISCX-URL2016 Phishing,0,iscx_group_009658,development,5.0
ISCX::4815,ISCX-URL2016 Phishing,0,iscx_group_008026,development,4.0
ISCX::4816,ISCX-URL2016 Phishing,0,iscx_group_006761,development,3.0
ISCX::4817,ISCX-URL2016 Phishing,0,iscx_group_006949,development,3.0
ISCX::4818,ISCX-URL2016 Phishing,0,iscx_group_008682,development,4.0
ISCX::4819,ISCX-URL2016 Phishing,0,iscx_group_009377,development,4.0
ISCX::4820,ISCX-URL2016 Phishing,0,iscx_group_006583,development,2.0
ISCX::4821,ISCX-URL2016 Phishing,0,iscx_group_005529,development,3.0
ISCX::4822,ISCX-URL2016 Phishing,0,iscx_group_008641,development,2.0
ISCX::4823,ISCX-URL2016 Phishing,0,iscx_group_006552,development,2.0
ISCX::4824,ISCX-URL2016 Phishing,0,iscx_group_014731,calibration,
ISCX::4825,ISCX-URL2016 Phishing,0,iscx_group_014393,test,
ISCX::4826,ISCX-URL2016 Phishing,0,iscx_group_006426,development,4.0
ISCX::4827,ISCX-URL2016 Phishing,0,iscx_group_000058,test,
ISCX::4828,ISCX-URL2016 Phishing,0,iscx_group_000906,development,4.0
ISCX::4829,ISCX-URL2016 Phishing,0,iscx_group_010383,test,
ISCX::4830,ISCX-URL2016 Phishing,0,iscx_group_013352,development,2.0
ISCX::4831,ISCX-URL2016 Phishing,0,iscx_group_013039,development,2.0
ISCX::4832,ISCX-URL2016 Phishing,0,iscx_group_000379,development,2.0
ISCX::4833,ISCX-URL2016 Phishing,0,iscx_group_011482,test,
ISCX::4834,ISCX-URL2016 Phishing,0,iscx_group_008781,calibration,
ISCX::4835,ISCX-URL2016 Phishing,0,iscx_group_009850,development,5.0
ISCX::4836,ISCX-URL2016 Phishing,0,iscx_group_001456,calibration,
ISCX::4837,ISCX-URL2016 Phishing,0,iscx_group_006324,development,1.0
ISCX::4838,ISCX-URL2016 Phishing,0,iscx_group_012337,development,5.0
ISCX::4839,ISCX-URL2016 Phishing,0,iscx_group_014522,development,2.0
ISCX::4840,ISCX-URL2016 Phishing,0,iscx_group_004003,development,3.0
ISCX::4841,ISCX-URL2016 Phishing,0,iscx_group_011815,calibration,
ISCX::4842,ISCX-URL2016 Phishing,0,iscx_group_012297,calibration,
ISCX::4843,ISCX-URL2016 Phishing,0,iscx_group_012477,development,1.0
ISCX::4844,ISCX-URL2016 Phishing,0,iscx_group_005122,calibration,
ISCX::4845,ISCX-URL2016 Phishing,0,iscx_group_004171,development,1.0
ISCX::4846,ISCX-URL2016 Phishing,0,iscx_group_008486,calibration,
ISCX::4847,ISCX-URL2016 Phishing,0,iscx_group_012713,development,3.0
ISCX::4848,ISCX-URL2016 Phishing,0,iscx_group_008567,development,5.0
ISCX::4849,ISCX-URL2016 Phishing,0,iscx_group_009944,development,4.0
ISCX::4850,ISCX-URL2016 Phishing,0,iscx_group_013631,calibration,
ISCX::4851,ISCX-URL2016 Phishing,0,iscx_group_002238,development,5.0
ISCX::4852,ISCX-URL2016 Phishing,0,iscx_group_008751,development,2.0
ISCX::4853,ISCX-URL2016 Phishing,0,iscx_group_007319,development,4.0
ISCX::4854,ISCX-URL2016 Phishing,0,iscx_group_004319,calibration,
ISCX::4855,ISCX-URL2016 Phishing,0,iscx_group_010652,development,2.0
ISCX::4856,ISCX-URL2016 Phishing,0,iscx_group_010184,development,3.0
ISCX::4857,ISCX-URL2016 Phishing,0,iscx_group_003550,calibration,
ISCX::4858,ISCX-URL2016 Phishing,0,iscx_group_006596,development,1.0
ISCX::4859,ISCX-URL2016 Phishing,0,iscx_group_000001,calibration,
ISCX::4860,ISCX-URL2016 Phishing,0,iscx_group_002088,development,3.0
ISCX::4861,ISCX-URL2016 Phishing,0,iscx_group_001924,calibration,
ISCX::4862,ISCX-URL2016 Phishing,0,iscx_group_011316,development,2.0
ISCX::4863,ISCX-URL2016 Phishing,0,iscx_group_010723,development,2.0
ISCX::4864,ISCX-URL2016 Phishing,0,iscx_group_007688,development,5.0
ISCX::4865,ISCX-URL2016 Phishing,0,iscx_group_003369,development,1.0
ISCX::4866,ISCX-URL2016 Phishing,0,iscx_group_013728,test,
ISCX::4867,ISCX-URL2016 Phishing,0,iscx_group_010963,development,2.0
ISCX::4868,ISCX-URL2016 Phishing,0,iscx_group_012660,development,1.0
ISCX::4869,ISCX-URL2016 Phishing,0,iscx_group_014564,development,2.0
ISCX::4870,ISCX-URL2016 Phishing,0,iscx_group_013005,development,5.0
ISCX::4871,ISCX-URL2016 Phishing,0,iscx_group_001067,test,
ISCX::4872,ISCX-URL2016 Phishing,0,iscx_group_000403,test,
ISCX::4873,ISCX-URL2016 Phishing,0,iscx_group_002292,development,2.0
ISCX::4874,ISCX-URL2016 Phishing,0,iscx_group_012462,development,4.0
ISCX::4875,ISCX-URL2016 Phishing,0,iscx_group_007015,development,3.0
ISCX::4876,ISCX-URL2016 Phishing,0,iscx_group_004858,development,4.0
ISCX::4877,ISCX-URL2016 Phishing,0,iscx_group_008242,test,
ISCX::4878,ISCX-URL2016 Phishing,0,iscx_group_013731,development,1.0
ISCX::4879,ISCX-URL2016 Phishing,0,iscx_group_002010,calibration,
ISCX::4880,ISCX-URL2016 Phishing,0,iscx_group_002988,development,2.0
ISCX::4881,ISCX-URL2016 Phishing,0,iscx_group_007741,development,4.0
ISCX::4882,ISCX-URL2016 Phishing,0,iscx_group_006640,development,1.0
ISCX::4883,ISCX-URL2016 Phishing,0,iscx_group_007071,development,4.0
ISCX::4884,ISCX-URL2016 Phishing,0,iscx_group_006898,development,3.0
ISCX::4885,ISCX-URL2016 Phishing,0,iscx_group_002701,development,1.0
ISCX::4886,ISCX-URL2016 Phishing,0,iscx_group_004618,development,4.0
ISCX::4887,ISCX-URL2016 Phishing,0,iscx_group_007446,development,5.0
ISCX::4888,ISCX-URL2016 Phishing,0,iscx_group_010867,development,3.0
ISCX::4889,ISCX-URL2016 Phishing,0,iscx_group_003526,test,
ISCX::4890,ISCX-URL2016 Phishing,0,iscx_group_006832,development,2.0
ISCX::4891,ISCX-URL2016 Phishing,0,iscx_group_014557,test,
ISCX::4892,ISCX-URL2016 Phishing,0,iscx_group_004862,development,5.0
ISCX::4893,ISCX-URL2016 Phishing,0,iscx_group_006123,development,2.0
ISCX::4894,ISCX-URL2016 Phishing,0,iscx_group_002896,development,4.0
ISCX::4895,ISCX-URL2016 Phishing,0,iscx_group_002346,development,5.0
ISCX::4896,ISCX-URL2016 Phishing,0,iscx_group_007347,development,5.0
ISCX::4897,ISCX-URL2016 Phishing,0,iscx_group_002620,development,4.0
ISCX::4898,ISCX-URL2016 Phishing,0,iscx_group_010622,test,
ISCX::4899,ISCX-URL2016 Phishing,0,iscx_group_009543,development,1.0
ISCX::4900,ISCX-URL2016 Phishing,0,iscx_group_000179,development,2.0
ISCX::4901,ISCX-URL2016 Phishing,0,iscx_group_007072,calibration,
ISCX::4902,ISCX-URL2016 Phishing,0,iscx_group_003694,calibration,
ISCX::4903,ISCX-URL2016 Phishing,0,iscx_group_014798,development,4.0
ISCX::4904,ISCX-URL2016 Phishing,0,iscx_group_005964,development,3.0
ISCX::4905,ISCX-URL2016 Phishing,0,iscx_group_014074,calibration,
ISCX::4906,ISCX-URL2016 Phishing,0,iscx_group_012540,development,1.0
ISCX::4907,ISCX-URL2016 Phishing,0,iscx_group_008498,development,2.0
ISCX::4908,ISCX-URL2016 Phishing,0,iscx_group_013552,development,3.0
ISCX::4909,ISCX-URL2016 Phishing,0,iscx_group_005951,development,1.0
ISCX::4910,ISCX-URL2016 Phishing,0,iscx_group_005693,development,5.0
ISCX::4911,ISCX-URL2016 Phishing,0,iscx_group_009252,test,
ISCX::4912,ISCX-URL2016 Phishing,0,iscx_group_002969,development,4.0
ISCX::4913,ISCX-URL2016 Phishing,0,iscx_group_005551,development,2.0
ISCX::4914,ISCX-URL2016 Phishing,0,iscx_group_010324,development,2.0
ISCX::4915,ISCX-URL2016 Phishing,0,iscx_group_010722,development,5.0
ISCX::4916,ISCX-URL2016 Phishing,0,iscx_group_001765,calibration,
ISCX::4917,ISCX-URL2016 Phishing,0,iscx_group_014436,development,4.0
ISCX::4918,ISCX-URL2016 Phishing,0,iscx_group_004252,development,4.0
ISCX::4919,ISCX-URL2016 Phishing,0,iscx_group_000503,development,4.0
ISCX::4920,ISCX-URL2016 Phishing,0,iscx_group_001670,test,
ISCX::4921,ISCX-URL2016 Phishing,0,iscx_group_001860,calibration,
ISCX::4922,ISCX-URL2016 Phishing,0,iscx_group_012290,test,
ISCX::4923,ISCX-URL2016 Phishing,0,iscx_group_002030,development,2.0
ISCX::4924,ISCX-URL2016 Phishing,0,iscx_group_009197,development,4.0
ISCX::4925,ISCX-URL2016 Phishing,0,iscx_group_009218,development,2.0
ISCX::4926,ISCX-URL2016 Phishing,0,iscx_group_006698,development,1.0
ISCX::4927,ISCX-URL2016 Phishing,0,iscx_group_001786,development,3.0
ISCX::4928,ISCX-URL2016 Phishing,0,iscx_group_009136,development,3.0
ISCX::4929,ISCX-URL2016 Phishing,0,iscx_group_004650,development,2.0
ISCX::4930,ISCX-URL2016 Phishing,0,iscx_group_001650,development,2.0
ISCX::4931,ISCX-URL2016 Phishing,0,iscx_group_001413,development,4.0
ISCX::4932,ISCX-URL2016 Phishing,0,iscx_group_011561,calibration,
ISCX::4933,ISCX-URL2016 Phishing,0,iscx_group_014807,development,2.0
ISCX::4934,ISCX-URL2016 Phishing,0,iscx_group_011847,calibration,
ISCX::4935,ISCX-URL2016 Phishing,0,iscx_group_002605,calibration,
ISCX::4936,ISCX-URL2016 Phishing,0,iscx_group_006574,development,4.0
ISCX::4937,ISCX-URL2016 Phishing,0,iscx_group_001550,development,5.0
ISCX::4938,ISCX-URL2016 Phishing,0,iscx_group_007908,development,2.0
ISCX::4939,ISCX-URL2016 Phishing,0,iscx_group_010894,development,1.0
ISCX::4940,ISCX-URL2016 Phishing,0,iscx_group_007596,development,2.0
ISCX::4941,ISCX-URL2016 Phishing,0,iscx_group_002094,development,3.0
ISCX::4942,ISCX-URL2016 Phishing,0,iscx_group_010518,development,1.0
ISCX::4943,ISCX-URL2016 Phishing,0,iscx_group_010006,calibration,
ISCX::4944,ISCX-URL2016 Phishing,0,iscx_group_007912,development,3.0
ISCX::4945,ISCX-URL2016 Phishing,0,iscx_group_006562,test,
ISCX::4946,ISCX-URL2016 Phishing,0,iscx_group_010165,calibration,
ISCX::4947,ISCX-URL2016 Phishing,0,iscx_group_002655,development,2.0
ISCX::4948,ISCX-URL2016 Phishing,0,iscx_group_003678,calibration,
ISCX::4949,ISCX-URL2016 Phishing,0,iscx_group_010611,development,4.0
ISCX::4950,ISCX-URL2016 Phishing,0,iscx_group_002652,development,4.0
ISCX::4951,ISCX-URL2016 Phishing,0,iscx_group_003151,development,3.0
ISCX::4952,ISCX-URL2016 Phishing,0,iscx_group_007607,development,5.0
ISCX::4953,ISCX-URL2016 Phishing,0,iscx_group_005800,development,3.0
ISCX::4954,ISCX-URL2016 Phishing,0,iscx_group_011437,development,5.0
ISCX::4955,ISCX-URL2016 Phishing,0,iscx_group_001740,calibration,
ISCX::4956,ISCX-URL2016 Phishing,0,iscx_group_010630,test,
ISCX::4957,ISCX-URL2016 Phishing,0,iscx_group_014466,test,
ISCX::4958,ISCX-URL2016 Phishing,0,iscx_group_010814,development,5.0
ISCX::4959,ISCX-URL2016 Phishing,0,iscx_group_013426,calibration,
ISCX::4960,ISCX-URL2016 Phishing,0,iscx_group_007794,development,4.0
ISCX::4961,ISCX-URL2016 Phishing,0,iscx_group_004204,development,2.0
ISCX::4962,ISCX-URL2016 Phishing,0,iscx_group_002856,test,
ISCX::4963,ISCX-URL2016 Phishing,0,iscx_group_002904,development,2.0
ISCX::4964,ISCX-URL2016 Phishing,0,iscx_group_008093,development,5.0
ISCX::4965,ISCX-URL2016 Phishing,0,iscx_group_000448,development,4.0
ISCX::4966,ISCX-URL2016 Phishing,0,iscx_group_005960,development,4.0
ISCX::4967,ISCX-URL2016 Phishing,0,iscx_group_011697,development,2.0
ISCX::4968,ISCX-URL2016 Phishing,0,iscx_group_013817,development,4.0
ISCX::4969,ISCX-URL2016 Phishing,0,iscx_group_005274,development,5.0
ISCX::4970,ISCX-URL2016 Phishing,0,iscx_group_010589,development,1.0
ISCX::4971,ISCX-URL2016 Phishing,0,iscx_group_003384,test,
ISCX::4972,ISCX-URL2016 Phishing,0,iscx_group_005334,development,4.0
ISCX::4973,ISCX-URL2016 Phishing,0,iscx_group_005123,development,5.0
ISCX::4974,ISCX-URL2016 Phishing,0,iscx_group_001893,development,2.0
ISCX::4975,ISCX-URL2016 Phishing,0,iscx_group_000940,development,3.0
ISCX::4976,ISCX-URL2016 Phishing,0,iscx_group_001364,development,4.0
ISCX::4977,ISCX-URL2016 Phishing,0,iscx_group_004181,development,5.0
ISCX::4978,ISCX-URL2016 Phishing,0,iscx_group_011338,development,2.0
ISCX::4979,ISCX-URL2016 Phishing,0,iscx_group_013558,development,2.0
ISCX::4980,ISCX-URL2016 Phishing,0,iscx_group_005902,development,4.0
ISCX::4981,ISCX-URL2016 Phishing,0,iscx_group_002208,development,2.0
ISCX::4982,ISCX-URL2016 Phishing,0,iscx_group_006897,development,3.0
ISCX::4983,ISCX-URL2016 Phishing,0,iscx_group_013611,development,2.0
ISCX::4984,ISCX-URL2016 Phishing,0,iscx_group_008716,development,1.0
ISCX::4985,ISCX-URL2016 Phishing,0,iscx_group_013621,calibration,
ISCX::4986,ISCX-URL2016 Phishing,0,iscx_group_006225,test,
ISCX::4987,ISCX-URL2016 Phishing,0,iscx_group_002052,test,
ISCX::4988,ISCX-URL2016 Phishing,0,iscx_group_005943,development,1.0
ISCX::4989,ISCX-URL2016 Phishing,0,iscx_group_007943,test,
ISCX::4990,ISCX-URL2016 Phishing,0,iscx_group_000748,calibration,
ISCX::4991,ISCX-URL2016 Phishing,0,iscx_group_007389,development,3.0
ISCX::4992,ISCX-URL2016 Phishing,0,iscx_group_008143,development,5.0
ISCX::4993,ISCX-URL2016 Phishing,0,iscx_group_003887,development,2.0
ISCX::4994,ISCX-URL2016 Phishing,0,iscx_group_007221,development,5.0
ISCX::4995,ISCX-URL2016 Phishing,0,iscx_group_007730,development,2.0
ISCX::4996,ISCX-URL2016 Phishing,0,iscx_group_012661,development,5.0
ISCX::4997,ISCX-URL2016 Phishing,0,iscx_group_002112,test,
ISCX::4998,ISCX-URL2016 Phishing,0,iscx_group_014317,test,
ISCX::4999,ISCX-URL2016 Phishing,0,iscx_group_000184,development,5.0
ISCX::5000,ISCX-URL2016 Phishing,0,iscx_group_012624,calibration,
ISCX::5001,ISCX-URL2016 Phishing,0,iscx_group_001634,development,4.0
ISCX::5002,ISCX-URL2016 Phishing,0,iscx_group_008452,development,1.0
ISCX::5003,ISCX-URL2016 Phishing,0,iscx_group_014118,development,3.0
ISCX::5004,ISCX-URL2016 Phishing,0,iscx_group_014294,test,
ISCX::5005,ISCX-URL2016 Phishing,0,iscx_group_006204,development,1.0
ISCX::5006,ISCX-URL2016 Phishing,0,iscx_group_000692,development,1.0
ISCX::5007,ISCX-URL2016 Phishing,0,iscx_group_013665,development,2.0
ISCX::5008,ISCX-URL2016 Phishing,0,iscx_group_009597,development,5.0
ISCX::5009,ISCX-URL2016 Phishing,0,iscx_group_010003,development,1.0
ISCX::5010,ISCX-URL2016 Phishing,0,iscx_group_008509,development,3.0
ISCX::5011,ISCX-URL2016 Phishing,0,iscx_group_011306,development,2.0
ISCX::5012,ISCX-URL2016 Phishing,0,iscx_group_011404,development,5.0
ISCX::5013,ISCX-URL2016 Phishing,0,iscx_group_013812,development,2.0
ISCX::5014,ISCX-URL2016 Phishing,0,iscx_group_003435,development,5.0
ISCX::5015,ISCX-URL2016 Phishing,0,iscx_group_008002,development,2.0
ISCX::5016,ISCX-URL2016 Phishing,0,iscx_group_004804,development,4.0
ISCX::5017,ISCX-URL2016 Phishing,0,iscx_group_000948,development,3.0
ISCX::5018,ISCX-URL2016 Phishing,0,iscx_group_010005,development,2.0
ISCX::5019,ISCX-URL2016 Phishing,0,iscx_group_001497,development,1.0
ISCX::5020,ISCX-URL2016 Phishing,0,iscx_group_014779,test,
ISCX::5021,ISCX-URL2016 Phishing,0,iscx_group_001824,test,
ISCX::5022,ISCX-URL2016 Phishing,0,iscx_group_006907,calibration,
ISCX::5023,ISCX-URL2016 Phishing,0,iscx_group_005557,test,
ISCX::5024,ISCX-URL2016 Phishing,0,iscx_group_010068,test,
ISCX::5025,ISCX-URL2016 Phishing,0,iscx_group_014410,development,3.0
ISCX::5026,ISCX-URL2016 Phishing,0,iscx_group_006245,calibration,
ISCX::5027,ISCX-URL2016 Phishing,0,iscx_group_012896,development,4.0
ISCX::5028,ISCX-URL2016 Phishing,0,iscx_group_004454,development,3.0
ISCX::5029,ISCX-URL2016 Phishing,0,iscx_group_005713,development,4.0
ISCX::5030,ISCX-URL2016 Phishing,0,iscx_group_007748,development,4.0
ISCX::5031,ISCX-URL2016 Phishing,0,iscx_group_005055,development,1.0
ISCX::5032,ISCX-URL2016 Phishing,0,iscx_group_013791,test,
ISCX::5033,ISCX-URL2016 Phishing,0,iscx_group_005616,development,4.0
ISCX::5034,ISCX-URL2016 Phishing,0,iscx_group_009102,development,4.0
ISCX::5035,ISCX-URL2016 Phishing,0,iscx_group_012620,test,
ISCX::5036,ISCX-URL2016 Phishing,0,iscx_group_014556,development,3.0
ISCX::5037,ISCX-URL2016 Phishing,0,iscx_group_006173,development,1.0
ISCX::5038,ISCX-URL2016 Phishing,0,iscx_group_009427,development,5.0
ISCX::5039,ISCX-URL2016 Phishing,0,iscx_group_003110,development,2.0
ISCX::5040,ISCX-URL2016 Phishing,0,iscx_group_009703,calibration,
ISCX::5041,ISCX-URL2016 Phishing,0,iscx_group_007276,development,5.0
ISCX::5042,ISCX-URL2016 Phishing,0,iscx_group_003732,development,5.0
ISCX::5043,ISCX-URL2016 Phishing,0,iscx_group_014296,calibration,
ISCX::5044,ISCX-URL2016 Phishing,0,iscx_group_005479,calibration,
ISCX::5045,ISCX-URL2016 Phishing,0,iscx_group_006696,calibration,
ISCX::5046,ISCX-URL2016 Phishing,0,iscx_group_006637,test,
ISCX::5047,ISCX-URL2016 Phishing,0,iscx_group_009226,development,2.0
ISCX::5048,ISCX-URL2016 Phishing,0,iscx_group_012402,development,2.0
ISCX::5049,ISCX-URL2016 Phishing,0,iscx_group_007885,calibration,
ISCX::5050,ISCX-URL2016 Phishing,0,iscx_group_014380,development,1.0
ISCX::5051,ISCX-URL2016 Phishing,0,iscx_group_012792,development,4.0
ISCX::5052,ISCX-URL2016 Phishing,0,iscx_group_002610,development,4.0
ISCX::5053,ISCX-URL2016 Phishing,0,iscx_group_001529,calibration,
ISCX::5054,ISCX-URL2016 Phishing,0,iscx_group_010548,calibration,
ISCX::5055,ISCX-URL2016 Phishing,0,iscx_group_009332,development,1.0
ISCX::5056,ISCX-URL2016 Phishing,0,iscx_group_004831,development,2.0
ISCX::5057,ISCX-URL2016 Phishing,0,iscx_group_004482,development,3.0
ISCX::5058,ISCX-URL2016 Phishing,0,iscx_group_009372,calibration,
ISCX::5059,ISCX-URL2016 Phishing,0,iscx_group_011513,calibration,
ISCX::5060,ISCX-URL2016 Phishing,0,iscx_group_010553,development,3.0
ISCX::5061,ISCX-URL2016 Phishing,0,iscx_group_005748,development,2.0
ISCX::5062,ISCX-URL2016 Phishing,0,iscx_group_012720,test,
ISCX::5063,ISCX-URL2016 Phishing,0,iscx_group_008713,development,5.0
ISCX::5064,ISCX-URL2016 Phishing,0,iscx_group_009522,calibration,
ISCX::5065,ISCX-URL2016 Phishing,0,iscx_group_006013,development,4.0
ISCX::5066,ISCX-URL2016 Phishing,0,iscx_group_010824,development,3.0
ISCX::5067,ISCX-URL2016 Phishing,0,iscx_group_000904,development,4.0
ISCX::5068,ISCX-URL2016 Phishing,0,iscx_group_002613,development,4.0
ISCX::5069,ISCX-URL2016 Phishing,0,iscx_group_007213,development,5.0
ISCX::5070,ISCX-URL2016 Phishing,0,iscx_group_004928,test,
ISCX::5071,ISCX-URL2016 Phishing,0,iscx_group_002990,development,5.0
ISCX::5072,ISCX-URL2016 Phishing,0,iscx_group_005725,calibration,
ISCX::5073,ISCX-URL2016 Phishing,0,iscx_group_012061,development,2.0
ISCX::5074,ISCX-URL2016 Phishing,0,iscx_group_001148,calibration,
ISCX::5075,ISCX-URL2016 Phishing,0,iscx_group_013207,development,3.0
ISCX::5076,ISCX-URL2016 Phishing,0,iscx_group_001409,development,4.0
ISCX::5077,ISCX-URL2016 Phishing,0,iscx_group_002259,development,5.0
ISCX::5078,ISCX-URL2016 Phishing,0,iscx_group_005759,calibration,
ISCX::5079,ISCX-URL2016 Phishing,0,iscx_group_011938,development,5.0
ISCX::5080,ISCX-URL2016 Phishing,0,iscx_group_011680,development,2.0
ISCX::5081,ISCX-URL2016 Phishing,0,iscx_group_002541,development,1.0
ISCX::5082,ISCX-URL2016 Phishing,0,iscx_group_001279,development,2.0
ISCX::5083,ISCX-URL2016 Phishing,0,iscx_group_006235,development,4.0
ISCX::5084,ISCX-URL2016 Phishing,0,iscx_group_004910,development,1.0
ISCX::5085,ISCX-URL2016 Phishing,0,iscx_group_001377,development,1.0
ISCX::5086,ISCX-URL2016 Phishing,0,iscx_group_007037,development,2.0
ISCX::5087,ISCX-URL2016 Phishing,0,iscx_group_011536,development,5.0
ISCX::5088,ISCX-URL2016 Phishing,0,iscx_group_010802,development,2.0
ISCX::5089,ISCX-URL2016 Phishing,0,iscx_group_014402,development,4.0
ISCX::5090,ISCX-URL2016 Phishing,0,iscx_group_003609,calibration,
ISCX::5091,ISCX-URL2016 Phishing,0,iscx_group_008214,development,4.0
ISCX::5092,ISCX-URL2016 Phishing,0,iscx_group_004376,development,3.0
ISCX::5093,ISCX-URL2016 Phishing,0,iscx_group_005611,development,1.0
ISCX::5094,ISCX-URL2016 Phishing,0,iscx_group_003066,development,1.0
ISCX::5095,ISCX-URL2016 Phishing,0,iscx_group_009056,development,5.0
ISCX::5096,ISCX-URL2016 Phishing,0,iscx_group_002531,development,3.0
ISCX::5097,ISCX-URL2016 Phishing,0,iscx_group_013331,development,2.0
ISCX::5098,ISCX-URL2016 Phishing,0,iscx_group_012544,development,4.0
ISCX::5099,ISCX-URL2016 Phishing,0,iscx_group_008556,development,2.0
ISCX::5100,ISCX-URL2016 Phishing,0,iscx_group_004788,development,4.0
ISCX::5101,ISCX-URL2016 Phishing,0,iscx_group_004293,development,3.0
ISCX::5102,ISCX-URL2016 Phishing,0,iscx_group_011106,development,2.0
ISCX::5103,ISCX-URL2016 Phishing,0,iscx_group_000908,calibration,
ISCX::5104,ISCX-URL2016 Phishing,0,iscx_group_005742,development,3.0
ISCX::5105,ISCX-URL2016 Phishing,0,iscx_group_009596,development,5.0
ISCX::5106,ISCX-URL2016 Phishing,0,iscx_group_011656,development,5.0
ISCX::5107,ISCX-URL2016 Phishing,0,iscx_group_012167,test,
ISCX::5108,ISCX-URL2016 Phishing,0,iscx_group_005311,development,1.0
ISCX::5109,ISCX-URL2016 Phishing,0,iscx_group_012011,development,3.0
ISCX::5110,ISCX-URL2016 Phishing,0,iscx_group_014241,development,2.0
ISCX::5111,ISCX-URL2016 Phishing,0,iscx_group_004078,development,3.0
ISCX::5112,ISCX-URL2016 Phishing,0,iscx_group_003360,development,4.0
ISCX::5113,ISCX-URL2016 Phishing,0,iscx_group_012549,development,3.0
ISCX::5114,ISCX-URL2016 Phishing,0,iscx_group_011852,development,4.0
ISCX::5115,ISCX-URL2016 Phishing,0,iscx_group_007355,development,1.0
ISCX::5116,ISCX-URL2016 Phishing,0,iscx_group_007046,development,2.0
ISCX::5117,ISCX-URL2016 Phishing,0,iscx_group_011290,test,
ISCX::5118,ISCX-URL2016 Phishing,0,iscx_group_008239,calibration,
ISCX::5119,ISCX-URL2016 Phishing,0,iscx_group_009837,test,
ISCX::5120,ISCX-URL2016 Phishing,0,iscx_group_000347,development,4.0
ISCX::5121,ISCX-URL2016 Phishing,0,iscx_group_008895,development,2.0
ISCX::5122,ISCX-URL2016 Phishing,0,iscx_group_008981,development,2.0
ISCX::5123,ISCX-URL2016 Phishing,0,iscx_group_009757,development,3.0
ISCX::5124,ISCX-URL2016 Phishing,0,iscx_group_009224,development,3.0
ISCX::5125,ISCX-URL2016 Phishing,0,iscx_group_008090,calibration,
ISCX::5126,ISCX-URL2016 Phishing,0,iscx_group_010843,development,3.0
ISCX::5127,ISCX-URL2016 Phishing,0,iscx_group_010343,development,1.0
ISCX::5128,ISCX-URL2016 Phishing,0,iscx_group_009046,development,5.0
ISCX::5129,ISCX-URL2016 Phishing,0,iscx_group_011839,calibration,
ISCX::5130,ISCX-URL2016 Phishing,0,iscx_group_006970,calibration,
ISCX::5131,ISCX-URL2016 Phishing,0,iscx_group_012237,calibration,
ISCX::5132,ISCX-URL2016 Phishing,0,iscx_group_001853,development,4.0
ISCX::5133,ISCX-URL2016 Phishing,0,iscx_group_010196,development,3.0
ISCX::5134,ISCX-URL2016 Phishing,0,iscx_group_012097,development,1.0
ISCX::5135,ISCX-URL2016 Phishing,0,iscx_group_006121,development,3.0
ISCX::5136,ISCX-URL2016 Phishing,0,iscx_group_013305,development,5.0
ISCX::5137,ISCX-URL2016 Phishing,0,iscx_group_008441,development,1.0
ISCX::5138,ISCX-URL2016 Phishing,0,iscx_group_014423,test,
ISCX::5139,ISCX-URL2016 Phishing,0,iscx_group_004285,development,4.0
ISCX::5140,ISCX-URL2016 Phishing,0,iscx_group_008718,development,2.0
ISCX::5141,ISCX-URL2016 Phishing,0,iscx_group_005313,development,3.0
ISCX::5142,ISCX-URL2016 Phishing,0,iscx_group_009792,development,4.0
ISCX::5143,ISCX-URL2016 Phishing,0,iscx_group_011587,test,
ISCX::5144,ISCX-URL2016 Phishing,0,iscx_group_011054,test,
ISCX::5145,ISCX-URL2016 Phishing,0,iscx_group_002124,development,3.0
ISCX::5146,ISCX-URL2016 Phishing,0,iscx_group_006686,development,5.0
ISCX::5147,ISCX-URL2016 Phishing,0,iscx_group_007350,development,2.0
ISCX::5148,ISCX-URL2016 Phishing,0,iscx_group_013876,development,5.0
ISCX::5149,ISCX-URL2016 Phishing,0,iscx_group_013015,development,4.0
ISCX::5150,ISCX-URL2016 Phishing,0,iscx_group_009347,development,4.0
ISCX::5151,ISCX-URL2016 Phishing,0,iscx_group_014015,calibration,
ISCX::5152,ISCX-URL2016 Phishing,0,iscx_group_004638,calibration,
ISCX::5153,ISCX-URL2016 Phishing,0,iscx_group_001656,calibration,
ISCX::5154,ISCX-URL2016 Phishing,0,iscx_group_004041,development,1.0
ISCX::5155,ISCX-URL2016 Phishing,0,iscx_group_003697,development,4.0
ISCX::5156,ISCX-URL2016 Phishing,0,iscx_group_014083,development,4.0
ISCX::5157,ISCX-URL2016 Phishing,0,iscx_group_004268,test,
ISCX::5158,ISCX-URL2016 Phishing,0,iscx_group_013924,calibration,
ISCX::5159,ISCX-URL2016 Phishing,0,iscx_group_000151,development,2.0
ISCX::5160,ISCX-URL2016 Phishing,0,iscx_group_000427,development,4.0
ISCX::5161,ISCX-URL2016 Phishing,0,iscx_group_002251,development,4.0
ISCX::5162,ISCX-URL2016 Phishing,0,iscx_group_009444,development,3.0
ISCX::5163,ISCX-URL2016 Phishing,0,iscx_group_014622,development,1.0
ISCX::5164,ISCX-URL2016 Phishing,0,iscx_group_004128,development,4.0
ISCX::5165,ISCX-URL2016 Phishing,0,iscx_group_002439,development,3.0
ISCX::5166,ISCX-URL2016 Phishing,0,iscx_group_001699,test,
ISCX::5167,ISCX-URL2016 Phishing,0,iscx_group_002525,development,5.0
ISCX::5168,ISCX-URL2016 Phishing,0,iscx_group_003274,development,4.0
ISCX::5169,ISCX-URL2016 Phishing,0,iscx_group_001251,test,
ISCX::5170,ISCX-URL2016 Phishing,0,iscx_group_013740,development,4.0
ISCX::5171,ISCX-URL2016 Phishing,0,iscx_group_011462,test,
ISCX::5172,ISCX-URL2016 Phishing,0,iscx_group_000022,calibration,
ISCX::5173,ISCX-URL2016 Phishing,0,iscx_group_008570,development,2.0
ISCX::5174,ISCX-URL2016 Phishing,0,iscx_group_009054,test,
ISCX::5175,ISCX-URL2016 Phishing,0,iscx_group_005607,development,3.0
ISCX::5176,ISCX-URL2016 Phishing,0,iscx_group_014178,test,
ISCX::5177,ISCX-URL2016 Phishing,0,iscx_group_004796,development,5.0
ISCX::5178,ISCX-URL2016 Phishing,0,iscx_group_005310,calibration,
ISCX::5179,ISCX-URL2016 Phishing,0,iscx_group_006654,development,4.0
ISCX::5180,ISCX-URL2016 Phishing,0,iscx_group_006685,development,5.0
ISCX::5181,ISCX-URL2016 Phishing,0,iscx_group_011406,development,4.0
ISCX::5182,ISCX-URL2016 Phishing,0,iscx_group_011501,development,2.0
ISCX::5183,ISCX-URL2016 Phishing,0,iscx_group_010962,test,
ISCX::5184,ISCX-URL2016 Phishing,0,iscx_group_003204,development,2.0
ISCX::5185,ISCX-URL2016 Phishing,0,iscx_group_009610,development,5.0
ISCX::5186,ISCX-URL2016 Phishing,0,iscx_group_007601,calibration,
ISCX::5187,ISCX-URL2016 Phishing,0,iscx_group_001859,development,3.0
ISCX::5188,ISCX-URL2016 Phishing,0,iscx_group_009062,test,
ISCX::5189,ISCX-URL2016 Phishing,0,iscx_group_009391,development,1.0
ISCX::5190,ISCX-URL2016 Phishing,0,iscx_group_001362,development,3.0
ISCX::5191,ISCX-URL2016 Phishing,0,iscx_group_008001,calibration,
ISCX::5192,ISCX-URL2016 Phishing,0,iscx_group_012772,development,3.0
ISCX::5193,ISCX-URL2016 Phishing,0,iscx_group_014700,development,4.0
ISCX::5194,ISCX-URL2016 Phishing,0,iscx_group_002913,development,5.0
ISCX::5195,ISCX-URL2016 Phishing,0,iscx_group_003199,development,2.0
ISCX::5196,ISCX-URL2016 Phishing,0,iscx_group_010313,development,4.0
ISCX::5197,ISCX-URL2016 Phishing,0,iscx_group_012175,development,4.0
ISCX::5198,ISCX-URL2016 Phishing,0,iscx_group_003486,development,5.0
ISCX::5199,ISCX-URL2016 Phishing,0,iscx_group_006452,development,2.0
ISCX::5200,ISCX-URL2016 Phishing,0,iscx_group_000892,development,4.0
ISCX::5201,ISCX-URL2016 Phishing,0,iscx_group_001294,development,3.0
ISCX::5202,ISCX-URL2016 Phishing,0,iscx_group_000785,development,2.0
ISCX::5203,ISCX-URL2016 Phishing,0,iscx_group_014137,development,2.0
ISCX::5204,ISCX-URL2016 Phishing,0,iscx_group_004570,calibration,
ISCX::5205,ISCX-URL2016 Phishing,0,iscx_group_000791,calibration,
ISCX::5206,ISCX-URL2016 Phishing,0,iscx_group_008409,test,
ISCX::5207,ISCX-URL2016 Phishing,0,iscx_group_004613,development,2.0
ISCX::5208,ISCX-URL2016 Phishing,0,iscx_group_012357,development,4.0
ISCX::5209,ISCX-URL2016 Phishing,0,iscx_group_002857,development,3.0
ISCX::5210,ISCX-URL2016 Phishing,0,iscx_group_009708,development,1.0
ISCX::5211,ISCX-URL2016 Phishing,0,iscx_group_006335,development,5.0
ISCX::5212,ISCX-URL2016 Phishing,0,iscx_group_002141,development,3.0
ISCX::5213,ISCX-URL2016 Phishing,0,iscx_group_010521,calibration,
ISCX::5214,ISCX-URL2016 Phishing,0,iscx_group_000321,development,2.0
ISCX::5215,ISCX-URL2016 Phishing,0,iscx_group_000117,development,1.0
ISCX::5216,ISCX-URL2016 Phishing,0,iscx_group_012978,development,3.0
ISCX::5217,ISCX-URL2016 Phishing,0,iscx_group_004369,development,3.0
ISCX::5218,ISCX-URL2016 Phishing,0,iscx_group_002499,calibration,
ISCX::5219,ISCX-URL2016 Phishing,0,iscx_group_010825,development,5.0
ISCX::5220,ISCX-URL2016 Phishing,0,iscx_group_000371,test,
ISCX::5221,ISCX-URL2016 Phishing,0,iscx_group_011207,calibration,
ISCX::5222,ISCX-URL2016 Phishing,0,iscx_group_003225,development,2.0
ISCX::5223,ISCX-URL2016 Phishing,0,iscx_group_002785,test,
ISCX::5224,ISCX-URL2016 Phishing,0,iscx_group_012176,calibration,
ISCX::5225,ISCX-URL2016 Phishing,0,iscx_group_000224,test,
ISCX::5226,ISCX-URL2016 Phishing,0,iscx_group_005357,development,1.0
ISCX::5227,ISCX-URL2016 Phishing,0,iscx_group_008952,development,1.0
ISCX::5228,ISCX-URL2016 Phishing,0,iscx_group_014478,development,3.0
ISCX::5229,ISCX-URL2016 Phishing,0,iscx_group_008727,development,3.0
ISCX::5230,ISCX-URL2016 Phishing,0,iscx_group_008228,development,3.0
ISCX::5231,ISCX-URL2016 Phishing,0,iscx_group_010359,development,3.0
ISCX::5232,ISCX-URL2016 Phishing,0,iscx_group_003953,development,2.0
ISCX::5233,ISCX-URL2016 Phishing,0,iscx_group_000954,development,2.0
ISCX::5234,ISCX-URL2016 Phishing,0,iscx_group_005896,development,2.0
ISCX::5235,ISCX-URL2016 Phishing,0,iscx_group_003295,test,
ISCX::5236,ISCX-URL2016 Phishing,0,iscx_group_005581,calibration,
ISCX::5237,ISCX-URL2016 Phishing,0,iscx_group_008971,development,5.0
ISCX::5238,ISCX-URL2016 Phishing,0,iscx_group_003884,development,1.0
ISCX::5239,ISCX-URL2016 Phishing,0,iscx_group_008271,test,
ISCX::5240,ISCX-URL2016 Phishing,0,iscx_group_004462,calibration,
ISCX::5241,ISCX-URL2016 Phishing,0,iscx_group_003050,development,1.0
ISCX::5242,ISCX-URL2016 Phishing,0,iscx_group_010546,development,1.0
ISCX::5243,ISCX-URL2016 Phishing,0,iscx_group_010831,calibration,
ISCX::5244,ISCX-URL2016 Phishing,0,iscx_group_008129,development,2.0
ISCX::5245,ISCX-URL2016 Phishing,0,iscx_group_011239,development,5.0
ISCX::5246,ISCX-URL2016 Phishing,0,iscx_group_010916,development,5.0
ISCX::5247,ISCX-URL2016 Phishing,0,iscx_group_000684,development,4.0
ISCX::5248,ISCX-URL2016 Phishing,0,iscx_group_007460,test,
ISCX::5249,ISCX-URL2016 Phishing,0,iscx_group_006515,development,2.0
ISCX::5250,ISCX-URL2016 Phishing,0,iscx_group_007599,development,1.0
ISCX::5251,ISCX-URL2016 Phishing,0,iscx_group_002649,test,
ISCX::5252,ISCX-URL2016 Phishing,0,iscx_group_009287,development,2.0
ISCX::5253,ISCX-URL2016 Phishing,0,iscx_group_010711,test,
ISCX::5254,ISCX-URL2016 Phishing,0,iscx_group_003897,development,3.0
ISCX::5255,ISCX-URL2016 Phishing,0,iscx_group_011205,test,
ISCX::5256,ISCX-URL2016 Phishing,0,iscx_group_012411,development,5.0
ISCX::5257,ISCX-URL2016 Phishing,0,iscx_group_011277,development,1.0
ISCX::5258,ISCX-URL2016 Phishing,0,iscx_group_003006,calibration,
ISCX::5259,ISCX-URL2016 Phishing,0,iscx_group_013636,development,1.0
ISCX::5260,ISCX-URL2016 Phishing,0,iscx_group_004591,development,4.0
ISCX::5261,ISCX-URL2016 Phishing,0,iscx_group_009772,development,3.0
ISCX::5262,ISCX-URL2016 Phishing,0,iscx_group_001262,calibration,
ISCX::5263,ISCX-URL2016 Phishing,0,iscx_group_006693,development,3.0
ISCX::5264,ISCX-URL2016 Phishing,0,iscx_group_002489,development,4.0
ISCX::5265,ISCX-URL2016 Phishing,0,iscx_group_000688,development,3.0
ISCX::5266,ISCX-URL2016 Phishing,0,iscx_group_012215,development,3.0
ISCX::5267,ISCX-URL2016 Phishing,0,iscx_group_008274,calibration,
ISCX::5268,ISCX-URL2016 Phishing,0,iscx_group_004500,development,1.0
ISCX::5269,ISCX-URL2016 Phishing,0,iscx_group_013974,development,3.0
ISCX::5270,ISCX-URL2016 Phishing,0,iscx_group_004096,development,5.0
ISCX::5271,ISCX-URL2016 Phishing,0,iscx_group_011769,test,
ISCX::5272,ISCX-URL2016 Phishing,0,iscx_group_011339,development,3.0
ISCX::5273,ISCX-URL2016 Phishing,0,iscx_group_010753,calibration,
ISCX::5274,ISCX-URL2016 Phishing,0,iscx_group_001323,development,2.0
ISCX::5275,ISCX-URL2016 Phishing,0,iscx_group_011057,development,4.0
ISCX::5276,ISCX-URL2016 Phishing,0,iscx_group_008724,development,3.0
ISCX::5277,ISCX-URL2016 Phishing,0,iscx_group_003445,calibration,
ISCX::5278,ISCX-URL2016 Phishing,0,iscx_group_009221,development,2.0
ISCX::5279,ISCX-URL2016 Phishing,0,iscx_group_013372,development,3.0
ISCX::5280,ISCX-URL2016 Phishing,0,iscx_group_012500,development,4.0
ISCX::5281,ISCX-URL2016 Phishing,0,iscx_group_004386,development,1.0
ISCX::5282,ISCX-URL2016 Phishing,0,iscx_group_006411,development,4.0
ISCX::5283,ISCX-URL2016 Phishing,0,iscx_group_013031,test,
ISCX::5284,ISCX-URL2016 Phishing,0,iscx_group_002965,development,5.0
ISCX::5285,ISCX-URL2016 Phishing,0,iscx_group_014351,development,5.0
ISCX::5286,ISCX-URL2016 Phishing,0,iscx_group_011167,development,2.0
ISCX::5287,ISCX-URL2016 Phishing,0,iscx_group_000589,development,2.0
ISCX::5288,ISCX-URL2016 Phishing,0,iscx_group_000750,development,2.0
ISCX::5289,ISCX-URL2016 Phishing,0,iscx_group_001789,development,5.0
ISCX::5290,ISCX-URL2016 Phishing,0,iscx_group_005044,development,5.0
ISCX::5291,ISCX-URL2016 Phishing,0,iscx_group_008102,calibration,
ISCX::5292,ISCX-URL2016 Phishing,0,iscx_group_001025,development,3.0
ISCX::5293,ISCX-URL2016 Phishing,0,iscx_group_014551,development,3.0
ISCX::5294,ISCX-URL2016 Phishing,0,iscx_group_012893,development,1.0
ISCX::5295,ISCX-URL2016 Phishing,0,iscx_group_010254,test,
ISCX::5296,ISCX-URL2016 Phishing,0,iscx_group_008760,test,
ISCX::5297,ISCX-URL2016 Phishing,0,iscx_group_007925,development,2.0
ISCX::5298,ISCX-URL2016 Phishing,0,iscx_group_004758,development,3.0
ISCX::5299,ISCX-URL2016 Phishing,0,iscx_group_003995,test,
ISCX::5300,ISCX-URL2016 Phishing,0,iscx_group_000215,test,
ISCX::5301,ISCX-URL2016 Phishing,0,iscx_group_003527,development,3.0
ISCX::5302,ISCX-URL2016 Phishing,0,iscx_group_011084,development,5.0
ISCX::5303,ISCX-URL2016 Phishing,0,iscx_group_005813,development,4.0
ISCX::5304,ISCX-URL2016 Phishing,0,iscx_group_006355,calibration,
ISCX::5305,ISCX-URL2016 Phishing,0,iscx_group_008502,test,
ISCX::5306,ISCX-URL2016 Phishing,0,iscx_group_014520,calibration,
ISCX::5307,ISCX-URL2016 Phishing,0,iscx_group_000502,development,5.0
ISCX::5308,ISCX-URL2016 Phishing,0,iscx_group_004278,development,4.0
ISCX::5309,ISCX-URL2016 Phishing,0,iscx_group_001927,development,3.0
ISCX::5310,ISCX-URL2016 Phishing,0,iscx_group_003950,development,3.0
ISCX::5311,ISCX-URL2016 Phishing,0,iscx_group_014501,development,4.0
ISCX::5312,ISCX-URL2016 Phishing,0,iscx_group_000817,calibration,
ISCX::5313,ISCX-URL2016 Phishing,0,iscx_group_009809,development,2.0
ISCX::5314,ISCX-URL2016 Phishing,0,iscx_group_011023,development,1.0
ISCX::5315,ISCX-URL2016 Phishing,0,iscx_group_005392,development,1.0
ISCX::5316,ISCX-URL2016 Phishing,0,iscx_group_009448,development,1.0
ISCX::5317,ISCX-URL2016 Phishing,0,iscx_group_005235,development,3.0
ISCX::5318,ISCX-URL2016 Phishing,0,iscx_group_007834,test,
ISCX::5319,ISCX-URL2016 Phishing,0,iscx_group_011483,development,5.0
ISCX::5320,ISCX-URL2016 Phishing,0,iscx_group_007357,development,1.0
ISCX::5321,ISCX-URL2016 Phishing,0,iscx_group_002264,development,1.0
ISCX::5322,ISCX-URL2016 Phishing,0,iscx_group_014695,development,3.0
ISCX::5323,ISCX-URL2016 Phishing,0,iscx_group_000690,development,5.0
ISCX::5324,ISCX-URL2016 Phishing,0,iscx_group_014211,development,4.0
ISCX::5325,ISCX-URL2016 Phishing,0,iscx_group_008941,development,3.0
ISCX::5326,ISCX-URL2016 Phishing,0,iscx_group_000309,development,3.0
ISCX::5327,ISCX-URL2016 Phishing,0,iscx_group_005229,development,4.0
ISCX::5328,ISCX-URL2016 Phishing,0,iscx_group_014641,calibration,
ISCX::5329,ISCX-URL2016 Phishing,0,iscx_group_006164,development,4.0
ISCX::5330,ISCX-URL2016 Phishing,0,iscx_group_003316,development,4.0
ISCX::5331,ISCX-URL2016 Phishing,0,iscx_group_013961,calibration,
ISCX::5332,ISCX-URL2016 Phishing,0,iscx_group_013069,test,
ISCX::5333,ISCX-URL2016 Phishing,0,iscx_group_001369,test,
ISCX::5334,ISCX-URL2016 Phishing,0,iscx_group_009773,development,3.0
ISCX::5335,ISCX-URL2016 Phishing,0,iscx_group_000228,calibration,
ISCX::5336,ISCX-URL2016 Phishing,0,iscx_group_010575,calibration,
ISCX::5337,ISCX-URL2016 Phishing,0,iscx_group_009950,test,
ISCX::5338,ISCX-URL2016 Phishing,0,iscx_group_011913,calibration,
ISCX::5339,ISCX-URL2016 Phishing,0,iscx_group_001008,development,1.0
ISCX::5340,ISCX-URL2016 Phishing,0,iscx_group_012569,calibration,
ISCX::5341,ISCX-URL2016 Phishing,0,iscx_group_001404,calibration,
ISCX::5342,ISCX-URL2016 Phishing,0,iscx_group_010936,calibration,
ISCX::5343,ISCX-URL2016 Phishing,0,iscx_group_008158,calibration,
ISCX::5344,ISCX-URL2016 Phishing,0,iscx_group_004741,development,1.0
ISCX::5345,ISCX-URL2016 Phishing,0,iscx_group_002115,calibration,
ISCX::5346,ISCX-URL2016 Phishing,0,iscx_group_008211,test,
ISCX::5347,ISCX-URL2016 Phishing,0,iscx_group_002860,calibration,
ISCX::5348,ISCX-URL2016 Phishing,0,iscx_group_000530,development,4.0
ISCX::5349,ISCX-URL2016 Phishing,0,iscx_group_002779,development,5.0
ISCX::5350,ISCX-URL2016 Phishing,0,iscx_group_010449,development,4.0
ISCX::5351,ISCX-URL2016 Phishing,0,iscx_group_000697,calibration,
ISCX::5352,ISCX-URL2016 Phishing,0,iscx_group_011721,calibration,
ISCX::5353,ISCX-URL2016 Phishing,0,iscx_group_000661,test,
ISCX::5354,ISCX-URL2016 Phishing,0,iscx_group_001346,development,3.0
ISCX::5355,ISCX-URL2016 Phishing,0,iscx_group_000555,development,1.0
ISCX::5356,ISCX-URL2016 Phishing,0,iscx_group_001993,test,
ISCX::5357,ISCX-URL2016 Phishing,0,iscx_group_008012,test,
ISCX::5358,ISCX-URL2016 Phishing,0,iscx_group_006216,test,
ISCX::5359,ISCX-URL2016 Phishing,0,iscx_group_006253,development,2.0
ISCX::5360,ISCX-URL2016 Phishing,0,iscx_group_001683,development,1.0
ISCX::5361,ISCX-URL2016 Phishing,0,iscx_group_001845,development,1.0
ISCX::5362,ISCX-URL2016 Phishing,0,iscx_group_007995,development,5.0
ISCX::5363,ISCX-URL2016 Phishing,0,iscx_group_012090,test,
ISCX::5364,ISCX-URL2016 Phishing,0,iscx_group_006940,calibration,
ISCX::5365,ISCX-URL2016 Phishing,0,iscx_group_012489,development,1.0
ISCX::5366,ISCX-URL2016 Phishing,0,iscx_group_004938,test,
ISCX::5367,ISCX-URL2016 Phishing,0,iscx_group_007202,development,4.0
ISCX::5368,ISCX-URL2016 Phishing,0,iscx_group_011030,development,3.0
ISCX::5369,ISCX-URL2016 Phishing,0,iscx_group_007952,development,4.0
ISCX::5370,ISCX-URL2016 Phishing,0,iscx_group_000209,calibration,
ISCX::5371,ISCX-URL2016 Phishing,0,iscx_group_004884,calibration,
ISCX::5372,ISCX-URL2016 Phishing,0,iscx_group_006458,development,2.0
ISCX::5373,ISCX-URL2016 Phishing,0,iscx_group_009067,development,1.0
ISCX::5374,ISCX-URL2016 Phishing,0,iscx_group_010855,development,4.0
ISCX::5375,ISCX-URL2016 Phishing,0,iscx_group_002362,development,5.0
ISCX::5376,ISCX-URL2016 Phishing,0,iscx_group_009237,calibration,
ISCX::5377,ISCX-URL2016 Phishing,0,iscx_group_003153,development,3.0
ISCX::5378,ISCX-URL2016 Phishing,0,iscx_group_014415,development,3.0
ISCX::5379,ISCX-URL2016 Phishing,0,iscx_group_009802,development,2.0
ISCX::5380,ISCX-URL2016 Phishing,0,iscx_group_001505,development,3.0
ISCX::5381,ISCX-URL2016 Phishing,0,iscx_group_005237,development,3.0
ISCX::5382,ISCX-URL2016 Phishing,0,iscx_group_001134,development,2.0
ISCX::5383,ISCX-URL2016 Phishing,0,iscx_group_005395,development,5.0
ISCX::5384,ISCX-URL2016 Phishing,0,iscx_group_013677,test,
ISCX::5385,ISCX-URL2016 Phishing,0,iscx_group_004053,development,5.0
ISCX::5386,ISCX-URL2016 Phishing,0,iscx_group_003907,development,4.0
ISCX::5387,ISCX-URL2016 Phishing,0,iscx_group_008176,development,3.0
ISCX::5388,ISCX-URL2016 Phishing,0,iscx_group_005045,development,4.0
ISCX::5389,ISCX-URL2016 Phishing,0,iscx_group_012724,test,
ISCX::5390,ISCX-URL2016 Phishing,0,iscx_group_011434,development,1.0
ISCX::5391,ISCX-URL2016 Phishing,0,iscx_group_001896,development,5.0
ISCX::5392,ISCX-URL2016 Phishing,0,iscx_group_011309,development,1.0
ISCX::5393,ISCX-URL2016 Phishing,0,iscx_group_000199,calibration,
ISCX::5394,ISCX-URL2016 Phishing,0,iscx_group_005496,development,5.0
ISCX::5395,ISCX-URL2016 Phishing,0,iscx_group_014305,development,5.0
ISCX::5396,ISCX-URL2016 Phishing,0,iscx_group_008061,development,3.0
ISCX::5397,ISCX-URL2016 Phishing,0,iscx_group_005838,development,4.0
ISCX::5398,ISCX-URL2016 Phishing,0,iscx_group_013000,development,5.0
ISCX::5399,ISCX-URL2016 Phishing,0,iscx_group_003263,development,5.0
ISCX::5400,ISCX-URL2016 Phishing,0,iscx_group_007318,development,3.0
ISCX::5401,ISCX-URL2016 Phishing,0,iscx_group_009362,development,1.0
ISCX::5402,ISCX-URL2016 Phishing,0,iscx_group_006435,calibration,
ISCX::5403,ISCX-URL2016 Phishing,0,iscx_group_008627,test,
ISCX::5404,ISCX-URL2016 Phishing,0,iscx_group_010595,development,3.0
ISCX::5405,ISCX-URL2016 Phishing,0,iscx_group_012517,development,2.0
ISCX::5406,ISCX-URL2016 Phishing,0,iscx_group_014190,development,5.0
ISCX::5407,ISCX-URL2016 Phishing,0,iscx_group_010488,development,4.0
ISCX::5408,ISCX-URL2016 Phishing,0,iscx_group_000953,development,4.0
ISCX::5409,ISCX-URL2016 Phishing,0,iscx_group_000036,test,
ISCX::5410,ISCX-URL2016 Phishing,0,iscx_group_009904,calibration,
ISCX::5411,ISCX-URL2016 Phishing,0,iscx_group_001579,development,5.0
ISCX::5412,ISCX-URL2016 Phishing,0,iscx_group_004483,development,2.0
ISCX::5413,ISCX-URL2016 Phishing,0,iscx_group_002023,development,5.0
ISCX::5414,ISCX-URL2016 Phishing,0,iscx_group_014670,test,
ISCX::5415,ISCX-URL2016 Phishing,0,iscx_group_000028,development,5.0
ISCX::5416,ISCX-URL2016 Phishing,0,iscx_group_000981,development,1.0
ISCX::5417,ISCX-URL2016 Phishing,0,iscx_group_003726,development,5.0
ISCX::5418,ISCX-URL2016 Phishing,0,iscx_group_002263,development,3.0
ISCX::5419,ISCX-URL2016 Phishing,0,iscx_group_000625,test,
ISCX::5420,ISCX-URL2016 Phishing,0,iscx_group_001245,calibration,
ISCX::5421,ISCX-URL2016 Phishing,0,iscx_group_002120,development,1.0
ISCX::5422,ISCX-URL2016 Phishing,0,iscx_group_012756,development,1.0
ISCX::5423,ISCX-URL2016 Phishing,0,iscx_group_005150,development,2.0
ISCX::5424,ISCX-URL2016 Phishing,0,iscx_group_003856,development,1.0
ISCX::5425,ISCX-URL2016 Phishing,0,iscx_group_006944,development,2.0
ISCX::5426,ISCX-URL2016 Phishing,0,iscx_group_013076,test,
ISCX::5427,ISCX-URL2016 Phishing,0,iscx_group_001182,test,
ISCX::5428,ISCX-URL2016 Phishing,0,iscx_group_008623,development,2.0
ISCX::5429,ISCX-URL2016 Phishing,0,iscx_group_000605,development,3.0
ISCX::5430,ISCX-URL2016 Phishing,0,iscx_group_011130,test,
ISCX::5431,ISCX-URL2016 Phishing,0,iscx_group_008466,development,2.0
ISCX::5432,ISCX-URL2016 Phishing,0,iscx_group_011778,development,3.0
ISCX::5433,ISCX-URL2016 Phishing,0,iscx_group_010137,development,5.0
ISCX::5434,ISCX-URL2016 Phishing,0,iscx_group_003322,development,3.0
ISCX::5435,ISCX-URL2016 Phishing,0,iscx_group_012079,development,1.0
ISCX::5436,ISCX-URL2016 Phishing,0,iscx_group_002757,calibration,
ISCX::5437,ISCX-URL2016 Phishing,0,iscx_group_004413,development,2.0
ISCX::5438,ISCX-URL2016 Phishing,0,iscx_group_006924,development,3.0
ISCX::5439,ISCX-URL2016 Phishing,0,iscx_group_012231,development,5.0
ISCX::5440,ISCX-URL2016 Phishing,0,iscx_group_008761,calibration,
ISCX::5441,ISCX-URL2016 Phishing,0,iscx_group_002118,development,3.0
ISCX::5442,ISCX-URL2016 Phishing,0,iscx_group_003027,development,1.0
ISCX::5443,ISCX-URL2016 Phishing,0,iscx_group_005574,development,2.0
ISCX::5444,ISCX-URL2016 Phishing,0,iscx_group_002928,test,
ISCX::5445,ISCX-URL2016 Phishing,0,iscx_group_005884,development,1.0
ISCX::5446,ISCX-URL2016 Phishing,0,iscx_group_012152,development,5.0
ISCX::5447,ISCX-URL2016 Phishing,0,iscx_group_000896,development,1.0
ISCX::5448,ISCX-URL2016 Phishing,0,iscx_group_013361,development,3.0
ISCX::5449,ISCX-URL2016 Phishing,0,iscx_group_003313,calibration,
ISCX::5450,ISCX-URL2016 Phishing,0,iscx_group_000251,development,1.0
ISCX::5451,ISCX-URL2016 Phishing,0,iscx_group_004850,test,
ISCX::5452,ISCX-URL2016 Phishing,0,iscx_group_012182,development,3.0
ISCX::5453,ISCX-URL2016 Phishing,0,iscx_group_003378,development,5.0
ISCX::5454,ISCX-URL2016 Phishing,0,iscx_group_003613,development,1.0
ISCX::5455,ISCX-URL2016 Phishing,0,iscx_group_013579,development,5.0
ISCX::5456,ISCX-URL2016 Phishing,0,iscx_group_011394,development,5.0
ISCX::5457,ISCX-URL2016 Phishing,0,iscx_group_002429,development,3.0
ISCX::5458,ISCX-URL2016 Phishing,0,iscx_group_010289,test,
ISCX::5459,ISCX-URL2016 Phishing,0,iscx_group_002364,test,
ISCX::5460,ISCX-URL2016 Phishing,0,iscx_group_002207,development,4.0
ISCX::5461,ISCX-URL2016 Phishing,0,iscx_group_000795,development,3.0
ISCX::5462,ISCX-URL2016 Phishing,0,iscx_group_001698,development,3.0
ISCX::5463,ISCX-URL2016 Phishing,0,iscx_group_010460,test,
ISCX::5464,ISCX-URL2016 Phishing,0,iscx_group_010019,test,
ISCX::5465,ISCX-URL2016 Phishing,0,iscx_group_008154,calibration,
ISCX::5466,ISCX-URL2016 Phishing,0,iscx_group_013458,test,
ISCX::5467,ISCX-URL2016 Phishing,0,iscx_group_005460,development,3.0
ISCX::5468,ISCX-URL2016 Phishing,0,iscx_group_013873,development,1.0
ISCX::5469,ISCX-URL2016 Phishing,0,iscx_group_005227,test,
ISCX::5470,ISCX-URL2016 Phishing,0,iscx_group_000133,development,5.0
ISCX::5471,ISCX-URL2016 Phishing,0,iscx_group_009202,development,3.0
ISCX::5472,ISCX-URL2016 Phishing,0,iscx_group_007397,development,2.0
ISCX::5473,ISCX-URL2016 Phishing,0,iscx_group_005291,calibration,
ISCX::5474,ISCX-URL2016 Phishing,0,iscx_group_011937,development,5.0
ISCX::5475,ISCX-URL2016 Phishing,0,iscx_group_010912,test,
ISCX::5476,ISCX-URL2016 Phishing,0,iscx_group_014187,development,1.0
ISCX::5477,ISCX-URL2016 Phishing,0,iscx_group_002065,development,1.0
ISCX::5478,ISCX-URL2016 Phishing,0,iscx_group_008172,calibration,
ISCX::5479,ISCX-URL2016 Phishing,0,iscx_group_000832,development,5.0
ISCX::5480,ISCX-URL2016 Phishing,0,iscx_group_004312,development,2.0
ISCX::5481,ISCX-URL2016 Phishing,0,iscx_group_006161,development,4.0
ISCX::5482,ISCX-URL2016 Phishing,0,iscx_group_008839,development,1.0
ISCX::5483,ISCX-URL2016 Phishing,0,iscx_group_011713,development,3.0
ISCX::5484,ISCX-URL2016 Phishing,0,iscx_group_004404,development,5.0
ISCX::5485,ISCX-URL2016 Phishing,0,iscx_group_000564,development,5.0
ISCX::5486,ISCX-URL2016 Phishing,0,iscx_group_006314,development,1.0
ISCX::5487,ISCX-URL2016 Phishing,0,iscx_group_003816,development,2.0
ISCX::5488,ISCX-URL2016 Phishing,0,iscx_group_007127,development,2.0
ISCX::5489,ISCX-URL2016 Phishing,0,iscx_group_014026,test,
ISCX::5490,ISCX-URL2016 Phishing,0,iscx_group_010607,calibration,
ISCX::5491,ISCX-URL2016 Phishing,0,iscx_group_009565,calibration,
ISCX::5492,ISCX-URL2016 Phishing,0,iscx_group_007560,development,2.0
ISCX::5493,ISCX-URL2016 Phishing,0,iscx_group_001793,development,3.0
ISCX::5494,ISCX-URL2016 Phishing,0,iscx_group_010609,development,5.0
ISCX::5495,ISCX-URL2016 Phishing,0,iscx_group_009080,test,
ISCX::5496,ISCX-URL2016 Phishing,0,iscx_group_006634,test,
ISCX::5497,ISCX-URL2016 Phishing,0,iscx_group_014030,development,3.0
ISCX::5498,ISCX-URL2016 Phishing,0,iscx_group_011424,development,2.0
ISCX::5499,ISCX-URL2016 Phishing,0,iscx_group_014747,development,3.0
ISCX::5500,ISCX-URL2016 Phishing,0,iscx_group_004212,calibration,
ISCX::5501,ISCX-URL2016 Phishing,0,iscx_group_011869,calibration,
ISCX::5502,ISCX-URL2016 Phishing,0,iscx_group_011371,development,5.0
ISCX::5503,ISCX-URL2016 Phishing,0,iscx_group_002821,calibration,
ISCX::5504,ISCX-URL2016 Phishing,0,iscx_group_001855,development,4.0
ISCX::5505,ISCX-URL2016 Phishing,0,iscx_group_005427,development,5.0
ISCX::5506,ISCX-URL2016 Phishing,0,iscx_group_007346,development,5.0
ISCX::5507,ISCX-URL2016 Phishing,0,iscx_group_014354,development,5.0
ISCX::5508,ISCX-URL2016 Phishing,0,iscx_group_008111,development,5.0
ISCX::5509,ISCX-URL2016 Phishing,0,iscx_group_014734,development,3.0
ISCX::5510,ISCX-URL2016 Phishing,0,iscx_group_009092,development,5.0
ISCX::5511,ISCX-URL2016 Phishing,0,iscx_group_000475,development,5.0
ISCX::5512,ISCX-URL2016 Phishing,0,iscx_group_008678,calibration,
ISCX::5513,ISCX-URL2016 Phishing,0,iscx_group_014180,development,4.0
ISCX::5514,ISCX-URL2016 Phishing,0,iscx_group_013765,calibration,
ISCX::5515,ISCX-URL2016 Phishing,0,iscx_group_000754,development,4.0
ISCX::5516,ISCX-URL2016 Phishing,0,iscx_group_000792,development,4.0
ISCX::5517,ISCX-URL2016 Phishing,0,iscx_group_012729,development,4.0
ISCX::5518,ISCX-URL2016 Phishing,0,iscx_group_001418,development,3.0
ISCX::5519,ISCX-URL2016 Phishing,0,iscx_group_007224,development,5.0
ISCX::5520,ISCX-URL2016 Phishing,0,iscx_group_002462,development,1.0
ISCX::5521,ISCX-URL2016 Phishing,0,iscx_group_006541,test,
ISCX::5522,ISCX-URL2016 Phishing,0,iscx_group_010493,development,3.0
ISCX::5523,ISCX-URL2016 Phishing,0,iscx_group_007979,development,1.0
ISCX::5524,ISCX-URL2016 Phishing,0,iscx_group_012867,development,4.0
ISCX::5525,ISCX-URL2016 Phishing,0,iscx_group_011824,development,4.0
ISCX::5526,ISCX-URL2016 Phishing,0,iscx_group_007281,development,4.0
ISCX::5527,ISCX-URL2016 Phishing,0,iscx_group_007008,development,5.0
ISCX::5528,ISCX-URL2016 Phishing,0,iscx_group_011849,calibration,
ISCX::5529,ISCX-URL2016 Phishing,0,iscx_group_011071,test,
ISCX::5530,ISCX-URL2016 Phishing,0,iscx_group_014554,development,5.0
ISCX::5531,ISCX-URL2016 Phishing,0,iscx_group_012869,development,1.0
ISCX::5532,ISCX-URL2016 Phishing,0,iscx_group_008318,development,1.0
ISCX::5533,ISCX-URL2016 Phishing,0,iscx_group_000819,development,4.0
ISCX::5534,ISCX-URL2016 Phishing,0,iscx_group_005660,development,2.0
ISCX::5535,ISCX-URL2016 Phishing,0,iscx_group_009671,development,3.0
ISCX::5536,ISCX-URL2016 Phishing,0,iscx_group_008908,test,
ISCX::5537,ISCX-URL2016 Phishing,0,iscx_group_011892,calibration,
ISCX::5538,ISCX-URL2016 Phishing,0,iscx_group_000726,development,3.0
ISCX::5539,ISCX-URL2016 Phishing,0,iscx_group_014186,development,3.0
ISCX::5540,ISCX-URL2016 Phishing,0,iscx_group_008348,development,2.0
ISCX::5541,ISCX-URL2016 Phishing,0,iscx_group_009169,development,5.0
ISCX::5542,ISCX-URL2016 Phishing,0,iscx_group_005848,calibration,
ISCX::5543,ISCX-URL2016 Phishing,0,iscx_group_005417,development,2.0
ISCX::5544,ISCX-URL2016 Phishing,0,iscx_group_007242,calibration,
ISCX::5545,ISCX-URL2016 Phishing,0,iscx_group_000174,calibration,
ISCX::5546,ISCX-URL2016 Phishing,0,iscx_group_003569,development,2.0
ISCX::5547,ISCX-URL2016 Phishing,0,iscx_group_005702,calibration,
ISCX::5548,ISCX-URL2016 Phishing,0,iscx_group_013484,development,5.0
ISCX::5549,ISCX-URL2016 Phishing,0,iscx_group_002458,calibration,
ISCX::5550,ISCX-URL2016 Phishing,0,iscx_group_014426,development,2.0
ISCX::5551,ISCX-URL2016 Phishing,0,iscx_group_000799,calibration,
ISCX::5552,ISCX-URL2016 Phishing,0,iscx_group_002228,development,4.0
ISCX::5553,ISCX-URL2016 Phishing,0,iscx_group_012217,development,2.0
ISCX::5554,ISCX-URL2016 Phishing,0,iscx_group_000051,development,4.0
ISCX::5555,ISCX-URL2016 Phishing,0,iscx_group_010140,calibration,
ISCX::5556,ISCX-URL2016 Phishing,0,iscx_group_007324,calibration,
ISCX::5557,ISCX-URL2016 Phishing,0,iscx_group_006111,test,
ISCX::5558,ISCX-URL2016 Phishing,0,iscx_group_011039,development,2.0
ISCX::5559,ISCX-URL2016 Phishing,0,iscx_group_006957,development,5.0
ISCX::5560,ISCX-URL2016 Phishing,0,iscx_group_007923,development,2.0
ISCX::5561,ISCX-URL2016 Phishing,0,iscx_group_001877,development,1.0
ISCX::5562,ISCX-URL2016 Phishing,0,iscx_group_002029,test,
ISCX::5563,ISCX-URL2016 Phishing,0,iscx_group_011120,development,5.0
ISCX::5564,ISCX-URL2016 Phishing,0,iscx_group_004374,development,2.0
ISCX::5565,ISCX-URL2016 Phishing,0,iscx_group_009194,development,4.0
ISCX::5566,ISCX-URL2016 Phishing,0,iscx_group_011098,development,2.0
ISCX::5567,ISCX-URL2016 Phishing,0,iscx_group_010361,development,5.0
ISCX::5568,ISCX-URL2016 Phishing,0,iscx_group_010444,development,4.0
ISCX::5569,ISCX-URL2016 Phishing,0,iscx_group_012118,test,
ISCX::5570,ISCX-URL2016 Phishing,0,iscx_group_007428,development,1.0
ISCX::5571,ISCX-URL2016 Phishing,0,iscx_group_001116,calibration,
ISCX::5572,ISCX-URL2016 Phishing,0,iscx_group_008450,development,5.0
ISCX::5573,ISCX-URL2016 Phishing,0,iscx_group_012356,test,
ISCX::5574,ISCX-URL2016 Phishing,0,iscx_group_003129,development,5.0
ISCX::5575,ISCX-URL2016 Phishing,0,iscx_group_003645,development,2.0
ISCX::5576,ISCX-URL2016 Phishing,0,iscx_group_005810,development,1.0
ISCX::5577,ISCX-URL2016 Phishing,0,iscx_group_007720,development,2.0
ISCX::5578,ISCX-URL2016 Phishing,0,iscx_group_009552,development,4.0
ISCX::5579,ISCX-URL2016 Phishing,0,iscx_group_012524,development,1.0
ISCX::5580,ISCX-URL2016 Phishing,0,iscx_group_005439,development,5.0
ISCX::5581,ISCX-URL2016 Phishing,0,iscx_group_012484,development,1.0
ISCX::5582,ISCX-URL2016 Phishing,0,iscx_group_006800,development,2.0
ISCX::5583,ISCX-URL2016 Phishing,0,iscx_group_001897,development,5.0
ISCX::5584,ISCX-URL2016 Phishing,0,iscx_group_005663,development,4.0
ISCX::5585,ISCX-URL2016 Phishing,0,iscx_group_012103,development,5.0
ISCX::5586,ISCX-URL2016 Phishing,0,iscx_group_009515,development,4.0
ISCX::5587,ISCX-URL2016 Phishing,0,iscx_group_006556,development,1.0
ISCX::5588,ISCX-URL2016 Phishing,0,iscx_group_002894,development,1.0
ISCX::5589,ISCX-URL2016 Phishing,0,iscx_group_006734,development,4.0
ISCX::5590,ISCX-URL2016 Phishing,0,iscx_group_010561,development,5.0
ISCX::5591,ISCX-URL2016 Phishing,0,iscx_group_014302,test,
ISCX::5592,ISCX-URL2016 Phishing,0,iscx_group_008779,test,
ISCX::5593,ISCX-URL2016 Phishing,0,iscx_group_006106,development,4.0
ISCX::5594,ISCX-URL2016 Phishing,0,iscx_group_001301,development,3.0
ISCX::5595,ISCX-URL2016 Phishing,0,iscx_group_002368,development,3.0
ISCX::5596,ISCX-URL2016 Phishing,0,iscx_group_005987,development,1.0
ISCX::5597,ISCX-URL2016 Phishing,0,iscx_group_009473,development,4.0
ISCX::5598,ISCX-URL2016 Phishing,0,iscx_group_006636,development,1.0
ISCX::5599,ISCX-URL2016 Phishing,0,iscx_group_004560,test,
ISCX::5600,ISCX-URL2016 Phishing,0,iscx_group_002244,development,5.0
ISCX::5601,ISCX-URL2016 Phishing,0,iscx_group_006513,development,5.0
ISCX::5602,ISCX-URL2016 Phishing,0,iscx_group_012541,development,4.0
ISCX::5603,ISCX-URL2016 Phishing,0,iscx_group_007615,development,5.0
ISCX::5604,ISCX-URL2016 Phishing,0,iscx_group_012629,development,4.0
ISCX::5605,ISCX-URL2016 Phishing,0,iscx_group_009256,test,
ISCX::5606,ISCX-URL2016 Phishing,0,iscx_group_006591,development,3.0
ISCX::5607,ISCX-URL2016 Phishing,0,iscx_group_008660,development,2.0
ISCX::5608,ISCX-URL2016 Phishing,0,iscx_group_009492,development,2.0
ISCX::5609,ISCX-URL2016 Phishing,0,iscx_group_008045,development,5.0
ISCX::5610,ISCX-URL2016 Phishing,0,iscx_group_012028,development,4.0
ISCX::5611,ISCX-URL2016 Phishing,0,iscx_group_003612,development,3.0
ISCX::5612,ISCX-URL2016 Phishing,0,iscx_group_004054,development,5.0
ISCX::5613,ISCX-URL2016 Phishing,0,iscx_group_009776,development,3.0
ISCX::5614,ISCX-URL2016 Phishing,0,iscx_group_003144,development,2.0
ISCX::5615,ISCX-URL2016 Phishing,0,iscx_group_000284,calibration,
ISCX::5616,ISCX-URL2016 Phishing,0,iscx_group_003104,test,
ISCX::5617,ISCX-URL2016 Phishing,0,iscx_group_014765,development,3.0
ISCX::5618,ISCX-URL2016 Phishing,0,iscx_group_003135,development,3.0
ISCX::5619,ISCX-URL2016 Phishing,0,iscx_group_000003,development,1.0
ISCX::5620,ISCX-URL2016 Phishing,0,iscx_group_013468,calibration,
ISCX::5621,ISCX-URL2016 Phishing,0,iscx_group_008619,calibration,
ISCX::5622,ISCX-URL2016 Phishing,0,iscx_group_004752,development,3.0
ISCX::5623,ISCX-URL2016 Phishing,0,iscx_group_014097,test,
ISCX::5624,ISCX-URL2016 Phishing,0,iscx_group_009032,development,4.0
ISCX::5625,ISCX-URL2016 Phishing,0,iscx_group_006108,development,4.0
ISCX::5626,ISCX-URL2016 Phishing,0,iscx_group_000186,calibration,
ISCX::5627,ISCX-URL2016 Phishing,0,iscx_group_004835,test,
ISCX::5628,ISCX-URL2016 Phishing,0,iscx_group_012688,test,
ISCX::5629,ISCX-URL2016 Phishing,0,iscx_group_005992,development,4.0
ISCX::5630,ISCX-URL2016 Phishing,0,iscx_group_012209,development,2.0
ISCX::5631,ISCX-URL2016 Phishing,0,iscx_group_008721,development,2.0
ISCX::5632,ISCX-URL2016 Phishing,0,iscx_group_014383,development,2.0
ISCX::5633,ISCX-URL2016 Phishing,0,iscx_group_013877,development,4.0
ISCX::5634,ISCX-URL2016 Phishing,0,iscx_group_000110,development,1.0
ISCX::5635,ISCX-URL2016 Phishing,0,iscx_group_001646,development,1.0
ISCX::5636,ISCX-URL2016 Phishing,0,iscx_group_002919,test,
ISCX::5637,ISCX-URL2016 Phishing,0,iscx_group_012902,development,5.0
ISCX::5638,ISCX-URL2016 Phishing,0,iscx_group_009975,test,
ISCX::5639,ISCX-URL2016 Phishing,0,iscx_group_007775,development,3.0
ISCX::5640,ISCX-URL2016 Phishing,0,iscx_group_007866,development,1.0
ISCX::5641,ISCX-URL2016 Phishing,0,iscx_group_012672,calibration,
ISCX::5642,ISCX-URL2016 Phishing,0,iscx_group_010364,development,5.0
ISCX::5643,ISCX-URL2016 Phishing,0,iscx_group_010100,test,
ISCX::5644,ISCX-URL2016 Phishing,0,iscx_group_009288,development,2.0
ISCX::5645,ISCX-URL2016 Phishing,0,iscx_group_005861,development,2.0
ISCX::5646,ISCX-URL2016 Phishing,0,iscx_group_002907,calibration,
ISCX::5647,ISCX-URL2016 Phishing,0,iscx_group_001808,calibration,
ISCX::5648,ISCX-URL2016 Phishing,0,iscx_group_003171,development,1.0
ISCX::5649,ISCX-URL2016 Phishing,0,iscx_group_006835,development,4.0
ISCX::5650,ISCX-URL2016 Phishing,0,iscx_group_008209,calibration,
ISCX::5651,ISCX-URL2016 Phishing,0,iscx_group_012480,development,2.0
ISCX::5652,ISCX-URL2016 Phishing,0,iscx_group_009628,development,2.0
ISCX::5653,ISCX-URL2016 Phishing,0,iscx_group_013339,development,1.0
ISCX::5654,ISCX-URL2016 Phishing,0,iscx_group_002005,development,2.0
ISCX::5655,ISCX-URL2016 Phishing,0,iscx_group_011050,development,4.0
ISCX::5656,ISCX-URL2016 Phishing,0,iscx_group_008046,development,3.0
ISCX::5657,ISCX-URL2016 Phishing,0,iscx_group_005679,development,1.0
ISCX::5658,ISCX-URL2016 Phishing,0,iscx_group_011223,development,3.0
ISCX::5659,ISCX-URL2016 Phishing,0,iscx_group_013242,test,
ISCX::5660,ISCX-URL2016 Phishing,0,iscx_group_007966,test,
ISCX::5661,ISCX-URL2016 Phishing,0,iscx_group_010330,development,2.0
ISCX::5662,ISCX-URL2016 Phishing,0,iscx_group_005261,development,4.0
ISCX::5663,ISCX-URL2016 Phishing,0,iscx_group_012149,development,3.0
ISCX::5664,ISCX-URL2016 Phishing,0,iscx_group_011608,development,5.0
ISCX::5665,ISCX-URL2016 Phishing,0,iscx_group_009030,test,
ISCX::5666,ISCX-URL2016 Phishing,0,iscx_group_001610,development,3.0
ISCX::5667,ISCX-URL2016 Phishing,0,iscx_group_008759,development,4.0
ISCX::5668,ISCX-URL2016 Phishing,0,iscx_group_012074,calibration,
ISCX::5669,ISCX-URL2016 Phishing,0,iscx_group_005595,development,1.0
ISCX::5670,ISCX-URL2016 Phishing,0,iscx_group_005508,development,3.0
ISCX::5671,ISCX-URL2016 Phishing,0,iscx_group_009672,development,1.0
ISCX::5672,ISCX-URL2016 Phishing,0,iscx_group_005318,development,1.0
ISCX::5673,ISCX-URL2016 Phishing,0,iscx_group_005844,development,4.0
ISCX::5674,ISCX-URL2016 Phishing,0,iscx_group_009008,development,5.0
ISCX::5675,ISCX-URL2016 Phishing,0,iscx_group_006527,development,2.0
ISCX::5676,ISCX-URL2016 Phishing,0,iscx_group_007625,development,3.0
ISCX::5677,ISCX-URL2016 Phishing,0,iscx_group_001781,development,2.0
ISCX::5678,ISCX-URL2016 Phishing,0,iscx_group_007018,development,4.0
ISCX::5679,ISCX-URL2016 Phishing,0,iscx_group_003549,development,1.0
ISCX::5680,ISCX-URL2016 Phishing,0,iscx_group_007559,development,5.0
ISCX::5681,ISCX-URL2016 Phishing,0,iscx_group_006370,development,1.0
ISCX::5682,ISCX-URL2016 Phishing,0,iscx_group_008150,calibration,
ISCX::5683,ISCX-URL2016 Phishing,0,iscx_group_010688,test,
ISCX::5684,ISCX-URL2016 Phishing,0,iscx_group_003246,development,1.0
ISCX::5685,ISCX-URL2016 Phishing,0,iscx_group_007588,calibration,
ISCX::5686,ISCX-URL2016 Phishing,0,iscx_group_006913,development,3.0
ISCX::5687,ISCX-URL2016 Phishing,0,iscx_group_012487,calibration,
ISCX::5688,ISCX-URL2016 Phishing,0,iscx_group_007057,development,2.0
ISCX::5689,ISCX-URL2016 Phishing,0,iscx_group_005146,development,4.0
ISCX::5690,ISCX-URL2016 Phishing,0,iscx_group_000797,calibration,
ISCX::5691,ISCX-URL2016 Phishing,0,iscx_group_012656,development,4.0
ISCX::5692,ISCX-URL2016 Phishing,0,iscx_group_000082,test,
ISCX::5693,ISCX-URL2016 Phishing,0,iscx_group_000601,development,4.0
ISCX::5694,ISCX-URL2016 Phishing,0,iscx_group_005231,development,4.0
ISCX::5695,ISCX-URL2016 Phishing,0,iscx_group_011807,calibration,
ISCX::5696,ISCX-URL2016 Phishing,0,iscx_group_002297,development,3.0
ISCX::5697,ISCX-URL2016 Phishing,0,iscx_group_002968,calibration,
ISCX::5698,ISCX-URL2016 Phishing,0,iscx_group_014471,development,5.0
ISCX::5699,ISCX-URL2016 Phishing,0,iscx_group_003132,development,4.0
ISCX::5700,ISCX-URL2016 Phishing,0,iscx_group_008071,development,5.0
ISCX::5701,ISCX-URL2016 Phishing,0,iscx_group_005362,development,2.0
ISCX::5702,ISCX-URL2016 Phishing,0,iscx_group_009728,development,1.0
ISCX::5703,ISCX-URL2016 Phishing,0,iscx_group_006185,development,5.0
ISCX::5704,ISCX-URL2016 Phishing,0,iscx_group_007821,development,5.0
ISCX::5705,ISCX-URL2016 Phishing,0,iscx_group_004686,development,4.0
ISCX::5706,ISCX-URL2016 Phishing,0,iscx_group_001041,development,5.0
ISCX::5707,ISCX-URL2016 Phishing,0,iscx_group_012135,calibration,
ISCX::5708,ISCX-URL2016 Phishing,0,iscx_group_010185,development,4.0
ISCX::5709,ISCX-URL2016 Phishing,0,iscx_group_014089,calibration,
ISCX::5710,ISCX-URL2016 Phishing,0,iscx_group_001163,development,4.0
ISCX::5711,ISCX-URL2016 Phishing,0,iscx_group_010235,development,4.0
ISCX::5712,ISCX-URL2016 Phishing,0,iscx_group_011886,calibration,
ISCX::5713,ISCX-URL2016 Phishing,0,iscx_group_006754,development,4.0
ISCX::5714,ISCX-URL2016 Phishing,0,iscx_group_001941,development,2.0
ISCX::5715,ISCX-URL2016 Phishing,0,iscx_group_014256,development,5.0
ISCX::5716,ISCX-URL2016 Phishing,0,iscx_group_001374,calibration,
ISCX::5717,ISCX-URL2016 Phishing,0,iscx_group_014601,calibration,
ISCX::5718,ISCX-URL2016 Phishing,0,iscx_group_011480,development,1.0
ISCX::5719,ISCX-URL2016 Phishing,0,iscx_group_007566,development,1.0
ISCX::5720,ISCX-URL2016 Phishing,0,iscx_group_001318,development,3.0
ISCX::5721,ISCX-URL2016 Phishing,0,iscx_group_005706,test,
ISCX::5722,ISCX-URL2016 Phishing,0,iscx_group_010813,test,
ISCX::5723,ISCX-URL2016 Phishing,0,iscx_group_002090,development,1.0
ISCX::5724,ISCX-URL2016 Phishing,0,iscx_group_010708,test,
ISCX::5725,ISCX-URL2016 Phishing,0,iscx_group_012663,development,1.0
ISCX::5726,ISCX-URL2016 Phishing,0,iscx_group_002588,development,2.0
ISCX::5727,ISCX-URL2016 Phishing,0,iscx_group_006622,calibration,
ISCX::5728,ISCX-URL2016 Phishing,0,iscx_group_003121,development,5.0
ISCX::5729,ISCX-URL2016 Phishing,0,iscx_group_004259,test,
ISCX::5730,ISCX-URL2016 Phishing,0,iscx_group_009650,development,3.0
ISCX::5731,ISCX-URL2016 Phishing,0,iscx_group_004269,development,4.0
ISCX::5732,ISCX-URL2016 Phishing,0,iscx_group_009895,development,4.0
ISCX::5733,ISCX-URL2016 Phishing,0,iscx_group_012640,development,4.0
ISCX::5734,ISCX-URL2016 Phishing,0,iscx_group_005630,calibration,
ISCX::5735,ISCX-URL2016 Phishing,0,iscx_group_009414,calibration,
ISCX::5736,ISCX-URL2016 Phishing,0,iscx_group_013300,development,2.0
ISCX::5737,ISCX-URL2016 Phishing,0,iscx_group_006617,calibration,
ISCX::5738,ISCX-URL2016 Phishing,0,iscx_group_007185,development,5.0
ISCX::5739,ISCX-URL2016 Phishing,0,iscx_group_006176,development,2.0
ISCX::5740,ISCX-URL2016 Phishing,0,iscx_group_001334,development,4.0
ISCX::5741,ISCX-URL2016 Phishing,0,iscx_group_007868,development,3.0
ISCX::5742,ISCX-URL2016 Phishing,0,iscx_group_008507,calibration,
ISCX::5743,ISCX-URL2016 Phishing,0,iscx_group_007345,development,4.0
ISCX::5744,ISCX-URL2016 Phishing,0,iscx_group_012447,development,1.0
ISCX::5745,ISCX-URL2016 Phishing,0,iscx_group_012085,development,4.0
ISCX::5746,ISCX-URL2016 Phishing,0,iscx_group_006829,development,4.0
ISCX::5747,ISCX-URL2016 Phishing,0,iscx_group_005568,development,2.0
ISCX::5748,ISCX-URL2016 Phishing,0,iscx_group_007395,development,1.0
ISCX::5749,ISCX-URL2016 Phishing,0,iscx_group_007270,development,5.0
ISCX::5750,ISCX-URL2016 Phishing,0,iscx_group_014766,development,4.0
ISCX::5751,ISCX-URL2016 Phishing,0,iscx_group_011798,development,5.0
ISCX::5752,ISCX-URL2016 Phishing,0,iscx_group_006367,test,
ISCX::5753,ISCX-URL2016 Phishing,0,iscx_group_000497,development,2.0
ISCX::5754,ISCX-URL2016 Phishing,0,iscx_group_010655,calibration,
ISCX::5755,ISCX-URL2016 Phishing,0,iscx_group_014291,test,
ISCX::5756,ISCX-URL2016 Phishing,0,iscx_group_004735,development,1.0
ISCX::5757,ISCX-URL2016 Phishing,0,iscx_group_009833,calibration,
ISCX::5758,ISCX-URL2016 Phishing,0,iscx_group_006258,development,5.0
ISCX::5759,ISCX-URL2016 Phishing,0,iscx_group_005289,development,2.0
ISCX::5760,ISCX-URL2016 Phishing,0,iscx_group_011412,test,
ISCX::5761,ISCX-URL2016 Phishing,0,iscx_group_014725,test,
ISCX::5762,ISCX-URL2016 Phishing,0,iscx_group_008681,development,4.0
ISCX::5763,ISCX-URL2016 Phishing,0,iscx_group_003586,development,3.0
ISCX::5764,ISCX-URL2016 Phishing,0,iscx_group_006271,development,4.0
ISCX::5765,ISCX-URL2016 Phishing,0,iscx_group_012933,development,2.0
ISCX::5766,ISCX-URL2016 Phishing,0,iscx_group_011230,development,1.0
ISCX::5767,ISCX-URL2016 Phishing,0,iscx_group_005851,development,1.0
ISCX::5768,ISCX-URL2016 Phishing,0,iscx_group_000624,development,2.0
ISCX::5769,ISCX-URL2016 Phishing,0,iscx_group_013411,calibration,
ISCX::5770,ISCX-URL2016 Phishing,0,iscx_group_008523,development,1.0
ISCX::5771,ISCX-URL2016 Phishing,0,iscx_group_003708,calibration,
ISCX::5772,ISCX-URL2016 Phishing,0,iscx_group_001719,development,2.0
ISCX::5773,ISCX-URL2016 Phishing,0,iscx_group_007126,development,5.0
ISCX::5774,ISCX-URL2016 Phishing,0,iscx_group_002634,development,1.0
ISCX::5775,ISCX-URL2016 Phishing,0,iscx_group_011564,development,2.0
ISCX::5776,ISCX-URL2016 Phishing,0,iscx_group_003532,development,4.0
ISCX::5777,ISCX-URL2016 Phishing,0,iscx_group_003554,development,3.0
ISCX::5778,ISCX-URL2016 Phishing,0,iscx_group_012306,development,1.0
ISCX::5779,ISCX-URL2016 Phishing,0,iscx_group_003107,calibration,
ISCX::5780,ISCX-URL2016 Phishing,0,iscx_group_006915,development,1.0
ISCX::5781,ISCX-URL2016 Phishing,0,iscx_group_008937,development,1.0
ISCX::5782,ISCX-URL2016 Phishing,0,iscx_group_013865,development,3.0
ISCX::5783,ISCX-URL2016 Phishing,0,iscx_group_003477,development,4.0
ISCX::5784,ISCX-URL2016 Phishing,0,iscx_group_005698,development,5.0
ISCX::5785,ISCX-URL2016 Phishing,0,iscx_group_007831,development,5.0
ISCX::5786,ISCX-URL2016 Phishing,0,iscx_group_014272,development,5.0
ISCX::5787,ISCX-URL2016 Phishing,0,iscx_group_007789,development,5.0
ISCX::5788,ISCX-URL2016 Phishing,0,iscx_group_000369,development,4.0
ISCX::5789,ISCX-URL2016 Phishing,0,iscx_group_010479,test,
ISCX::5790,ISCX-URL2016 Phishing,0,iscx_group_001691,calibration,
ISCX::5791,ISCX-URL2016 Phishing,0,iscx_group_009779,calibration,
ISCX::5792,ISCX-URL2016 Phishing,0,iscx_group_012404,development,1.0
ISCX::5793,ISCX-URL2016 Phishing,0,iscx_group_000278,development,2.0
ISCX::5794,ISCX-URL2016 Phishing,0,iscx_group_008065,development,3.0
ISCX::5795,ISCX-URL2016 Phishing,0,iscx_group_014490,development,2.0
ISCX::5796,ISCX-URL2016 Phishing,0,iscx_group_009606,development,5.0
ISCX::5797,ISCX-URL2016 Phishing,0,iscx_group_004063,test,
ISCX::5798,ISCX-URL2016 Phishing,0,iscx_group_007973,test,
ISCX::5799,ISCX-URL2016 Phishing,0,iscx_group_005341,development,5.0
ISCX::5800,ISCX-URL2016 Phishing,0,iscx_group_009297,development,4.0
ISCX::5801,ISCX-URL2016 Phishing,0,iscx_group_002327,development,1.0
ISCX::5802,ISCX-URL2016 Phishing,0,iscx_group_009835,development,4.0
ISCX::5803,ISCX-URL2016 Phishing,0,iscx_group_010372,calibration,
ISCX::5804,ISCX-URL2016 Phishing,0,iscx_group_004139,test,
ISCX::5805,ISCX-URL2016 Phishing,0,iscx_group_000134,calibration,
ISCX::5806,ISCX-URL2016 Phishing,0,iscx_group_001197,development,2.0
ISCX::5807,ISCX-URL2016 Phishing,0,iscx_group_007495,calibration,
ISCX::5808,ISCX-URL2016 Phishing,0,iscx_group_001693,development,5.0
ISCX::5809,ISCX-URL2016 Phishing,0,iscx_group_003794,development,3.0
ISCX::5810,ISCX-URL2016 Phishing,0,iscx_group_000331,development,1.0
ISCX::5811,ISCX-URL2016 Phishing,0,iscx_group_001275,development,4.0
ISCX::5812,ISCX-URL2016 Phishing,0,iscx_group_011422,development,4.0
ISCX::5813,ISCX-URL2016 Phishing,0,iscx_group_010635,test,
ISCX::5814,ISCX-URL2016 Phishing,0,iscx_group_013240,development,3.0
ISCX::5815,ISCX-URL2016 Phishing,0,iscx_group_005196,development,2.0
ISCX::5816,ISCX-URL2016 Phishing,0,iscx_group_006060,development,1.0
ISCX::5817,ISCX-URL2016 Phishing,0,iscx_group_013827,calibration,
ISCX::5818,ISCX-URL2016 Phishing,0,iscx_group_011212,development,2.0
ISCX::5819,ISCX-URL2016 Phishing,0,iscx_group_012134,calibration,
ISCX::5820,ISCX-URL2016 Phishing,0,iscx_group_012881,test,
ISCX::5821,ISCX-URL2016 Phishing,0,iscx_group_007420,development,3.0
ISCX::5822,ISCX-URL2016 Phishing,0,iscx_group_003179,development,4.0
ISCX::5823,ISCX-URL2016 Phishing,0,iscx_group_000296,development,3.0
ISCX::5824,ISCX-URL2016 Phishing,0,iscx_group_008226,development,4.0
ISCX::5825,ISCX-URL2016 Phishing,0,iscx_group_006014,development,2.0
ISCX::5826,ISCX-URL2016 Phishing,0,iscx_group_007537,development,5.0
ISCX::5827,ISCX-URL2016 Phishing,0,iscx_group_002379,development,4.0
ISCX::5828,ISCX-URL2016 Phishing,0,iscx_group_002776,development,4.0
ISCX::5829,ISCX-URL2016 Phishing,0,iscx_group_001526,development,3.0
ISCX::5830,ISCX-URL2016 Phishing,0,iscx_group_008683,development,4.0
ISCX::5831,ISCX-URL2016 Phishing,0,iscx_group_011580,development,5.0
ISCX::5832,ISCX-URL2016 Phishing,0,iscx_group_003829,development,2.0
ISCX::5833,ISCX-URL2016 Phishing,0,iscx_group_006213,calibration,
ISCX::5834,ISCX-URL2016 Phishing,0,iscx_group_010809,development,5.0
ISCX::5835,ISCX-URL2016 Phishing,0,iscx_group_008132,development,2.0
ISCX::5836,ISCX-URL2016 Phishing,0,iscx_group_004558,development,5.0
ISCX::5837,ISCX-URL2016 Phishing,0,iscx_group_002826,development,1.0
ISCX::5838,ISCX-URL2016 Phishing,0,iscx_group_009760,development,4.0
ISCX::5839,ISCX-URL2016 Phishing,0,iscx_group_014715,calibration,
ISCX::5840,ISCX-URL2016 Phishing,0,iscx_group_007602,development,5.0
ISCX::5841,ISCX-URL2016 Phishing,0,iscx_group_003082,calibration,
ISCX::5842,ISCX-URL2016 Phishing,0,iscx_group_014132,test,
ISCX::5843,ISCX-URL2016 Phishing,0,iscx_group_003413,test,
ISCX::5844,ISCX-URL2016 Phishing,0,iscx_group_009004,development,3.0
ISCX::5845,ISCX-URL2016 Phishing,0,iscx_group_007737,calibration,
ISCX::5846,ISCX-URL2016 Phishing,0,iscx_group_010966,development,5.0
ISCX::5847,ISCX-URL2016 Phishing,0,iscx_group_000899,development,3.0
ISCX::5848,ISCX-URL2016 Phishing,0,iscx_group_005224,development,5.0
ISCX::5849,ISCX-URL2016 Phishing,0,iscx_group_006918,calibration,
ISCX::5850,ISCX-URL2016 Phishing,0,iscx_group_006602,test,
ISCX::5851,ISCX-URL2016 Phishing,0,iscx_group_010703,development,2.0
ISCX::5852,ISCX-URL2016 Phishing,0,iscx_group_000520,calibration,
ISCX::5853,ISCX-URL2016 Phishing,0,iscx_group_007491,development,1.0
ISCX::5854,ISCX-URL2016 Phishing,0,iscx_group_005976,test,
ISCX::5855,ISCX-URL2016 Phishing,0,iscx_group_001190,development,4.0
ISCX::5856,ISCX-URL2016 Phishing,0,iscx_group_000480,development,4.0
ISCX::5857,ISCX-URL2016 Phishing,0,iscx_group_001376,test,
ISCX::5858,ISCX-URL2016 Phishing,0,iscx_group_013719,test,
ISCX::5859,ISCX-URL2016 Phishing,0,iscx_group_012399,development,2.0
ISCX::5860,ISCX-URL2016 Phishing,0,iscx_group_004338,development,1.0
ISCX::5861,ISCX-URL2016 Phishing,0,iscx_group_013065,calibration,
ISCX::5862,ISCX-URL2016 Phishing,0,iscx_group_001101,development,4.0
ISCX::5863,ISCX-URL2016 Phishing,0,iscx_group_012409,development,3.0
ISCX::5864,ISCX-URL2016 Phishing,0,iscx_group_001829,calibration,
ISCX::5865,ISCX-URL2016 Phishing,0,iscx_group_001558,development,5.0
ISCX::5866,ISCX-URL2016 Phishing,0,iscx_group_004699,development,4.0
ISCX::5867,ISCX-URL2016 Phishing,0,iscx_group_005580,test,
ISCX::5868,ISCX-URL2016 Phishing,0,iscx_group_007333,development,4.0
ISCX::5869,ISCX-URL2016 Phishing,0,iscx_group_013790,development,4.0
ISCX::5870,ISCX-URL2016 Phishing,0,iscx_group_006250,development,2.0
ISCX::5871,ISCX-URL2016 Phishing,0,iscx_group_004946,development,5.0
ISCX::5872,ISCX-URL2016 Phishing,0,iscx_group_012292,test,
ISCX::5873,ISCX-URL2016 Phishing,0,iscx_group_013996,development,3.0
ISCX::5874,ISCX-URL2016 Phishing,0,iscx_group_009130,calibration,
ISCX::5875,ISCX-URL2016 Phishing,0,iscx_group_002762,development,1.0
ISCX::5876,ISCX-URL2016 Phishing,0,iscx_group_012100,development,1.0
ISCX::5877,ISCX-URL2016 Phishing,0,iscx_group_004098,development,5.0
ISCX::5878,ISCX-URL2016 Phishing,0,iscx_group_013587,calibration,
ISCX::5879,ISCX-URL2016 Phishing,0,iscx_group_011596,development,1.0
ISCX::5880,ISCX-URL2016 Phishing,0,iscx_group_010306,development,5.0
ISCX::5881,ISCX-URL2016 Phishing,0,iscx_group_004904,development,5.0
ISCX::5882,ISCX-URL2016 Phishing,0,iscx_group_005945,development,1.0
ISCX::5883,ISCX-URL2016 Phishing,0,iscx_group_005743,calibration,
ISCX::5884,ISCX-URL2016 Phishing,0,iscx_group_000950,development,2.0
ISCX::5885,ISCX-URL2016 Phishing,0,iscx_group_007813,development,3.0
ISCX::5886,ISCX-URL2016 Phishing,0,iscx_group_010827,development,5.0
ISCX::5887,ISCX-URL2016 Phishing,0,iscx_group_005008,development,5.0
ISCX::5888,ISCX-URL2016 Phishing,0,iscx_group_002323,test,
ISCX::5889,ISCX-URL2016 Phishing,0,iscx_group_000260,development,2.0
ISCX::5890,ISCX-URL2016 Phishing,0,iscx_group_012309,development,2.0
ISCX::5891,ISCX-URL2016 Phishing,0,iscx_group_005703,development,1.0
ISCX::5892,ISCX-URL2016 Phishing,0,iscx_group_004917,test,
ISCX::5893,ISCX-URL2016 Phishing,0,iscx_group_010256,development,1.0
ISCX::5894,ISCX-URL2016 Phishing,0,iscx_group_000722,development,2.0
ISCX::5895,ISCX-URL2016 Phishing,0,iscx_group_008687,development,2.0
ISCX::5896,ISCX-URL2016 Phishing,0,iscx_group_012981,development,4.0
ISCX::5897,ISCX-URL2016 Phishing,0,iscx_group_007614,development,1.0
ISCX::5898,ISCX-URL2016 Phishing,0,iscx_group_000262,development,2.0
ISCX::5899,ISCX-URL2016 Phishing,0,iscx_group_004384,development,4.0
ISCX::5900,ISCX-URL2016 Phishing,0,iscx_group_011722,calibration,
ISCX::5901,ISCX-URL2016 Phishing,0,iscx_group_008808,development,2.0
ISCX::5902,ISCX-URL2016 Phishing,0,iscx_group_003843,calibration,
ISCX::5903,ISCX-URL2016 Phishing,0,iscx_group_004222,development,1.0
ISCX::5904,ISCX-URL2016 Phishing,0,iscx_group_001881,development,5.0
ISCX::5905,ISCX-URL2016 Phishing,0,iscx_group_002431,development,1.0
ISCX::5906,ISCX-URL2016 Phishing,0,iscx_group_013520,development,4.0
ISCX::5907,ISCX-URL2016 Phishing,0,iscx_group_002806,development,2.0
ISCX::5908,ISCX-URL2016 Phishing,0,iscx_group_005343,development,3.0
ISCX::5909,ISCX-URL2016 Phishing,0,iscx_group_003531,development,2.0
ISCX::5910,ISCX-URL2016 Phishing,0,iscx_group_009031,development,5.0
ISCX::5911,ISCX-URL2016 Phishing,0,iscx_group_002017,development,4.0
ISCX::5912,ISCX-URL2016 Phishing,0,iscx_group_008126,development,1.0
ISCX::5913,ISCX-URL2016 Phishing,0,iscx_group_011557,calibration,
ISCX::5914,ISCX-URL2016 Phishing,0,iscx_group_008640,development,2.0
ISCX::5915,ISCX-URL2016 Phishing,0,iscx_group_009737,development,2.0
ISCX::5916,ISCX-URL2016 Phishing,0,iscx_group_003480,development,1.0
ISCX::5917,ISCX-URL2016 Phishing,0,iscx_group_005594,development,4.0
ISCX::5918,ISCX-URL2016 Phishing,0,iscx_group_007497,development,4.0
ISCX::5919,ISCX-URL2016 Phishing,0,iscx_group_003217,development,1.0
ISCX::5920,ISCX-URL2016 Phishing,0,iscx_group_005684,development,1.0
ISCX::5921,ISCX-URL2016 Phishing,0,iscx_group_005626,calibration,
ISCX::5922,ISCX-URL2016 Phishing,0,iscx_group_014472,development,1.0
ISCX::5923,ISCX-URL2016 Phishing,0,iscx_group_008746,test,
ISCX::5924,ISCX-URL2016 Phishing,0,iscx_group_010782,development,1.0
ISCX::5925,ISCX-URL2016 Phishing,0,iscx_group_014249,calibration,
ISCX::5926,ISCX-URL2016 Phishing,0,iscx_group_006023,calibration,
ISCX::5927,ISCX-URL2016 Phishing,0,iscx_group_002745,development,4.0
ISCX::5928,ISCX-URL2016 Phishing,0,iscx_group_006320,development,5.0
ISCX::5929,ISCX-URL2016 Phishing,0,iscx_group_013206,development,2.0
ISCX::5930,ISCX-URL2016 Phishing,0,iscx_group_005105,development,5.0
ISCX::5931,ISCX-URL2016 Phishing,0,iscx_group_003195,calibration,
ISCX::5932,ISCX-URL2016 Phishing,0,iscx_group_002962,calibration,
ISCX::5933,ISCX-URL2016 Phishing,0,iscx_group_000967,calibration,
ISCX::5934,ISCX-URL2016 Phishing,0,iscx_group_004350,development,2.0
ISCX::5935,ISCX-URL2016 Phishing,0,iscx_group_007756,development,4.0
ISCX::5936,ISCX-URL2016 Phishing,0,iscx_group_005717,test,
ISCX::5937,ISCX-URL2016 Phishing,0,iscx_group_000368,development,4.0
ISCX::5938,ISCX-URL2016 Phishing,0,iscx_group_007105,development,2.0
ISCX::5939,ISCX-URL2016 Phishing,0,iscx_group_012711,development,2.0
ISCX::5940,ISCX-URL2016 Phishing,0,iscx_group_006609,development,4.0
ISCX::5941,ISCX-URL2016 Phishing,0,iscx_group_000380,development,1.0
ISCX::5942,ISCX-URL2016 Phishing,0,iscx_group_014689,development,4.0
ISCX::5943,ISCX-URL2016 Phishing,0,iscx_group_012341,development,2.0
ISCX::5944,ISCX-URL2016 Phishing,0,iscx_group_011914,calibration,
ISCX::5945,ISCX-URL2016 Phishing,0,iscx_group_002978,development,1.0
ISCX::5946,ISCX-URL2016 Phishing,0,iscx_group_013126,test,
ISCX::5947,ISCX-URL2016 Phishing,0,iscx_group_002663,test,
ISCX::5948,ISCX-URL2016 Phishing,0,iscx_group_000398,development,5.0
ISCX::5949,ISCX-URL2016 Phishing,0,iscx_group_014705,development,5.0
ISCX::5950,ISCX-URL2016 Phishing,0,iscx_group_005718,development,2.0
ISCX::5951,ISCX-URL2016 Phishing,0,iscx_group_007818,development,2.0
ISCX::5952,ISCX-URL2016 Phishing,0,iscx_group_000691,development,5.0
ISCX::5953,ISCX-URL2016 Phishing,0,iscx_group_013999,development,4.0
ISCX::5954,ISCX-URL2016 Phishing,0,iscx_group_003226,calibration,
ISCX::5955,ISCX-URL2016 Phishing,0,iscx_group_008121,development,4.0
ISCX::5956,ISCX-URL2016 Phishing,0,iscx_group_010785,development,5.0
ISCX::5957,ISCX-URL2016 Phishing,0,iscx_group_000523,development,3.0
ISCX::5958,ISCX-URL2016 Phishing,0,iscx_group_012133,development,1.0
ISCX::5959,ISCX-URL2016 Phishing,0,iscx_group_009626,development,4.0
ISCX::5960,ISCX-URL2016 Phishing,0,iscx_group_000019,development,4.0
ISCX::5961,ISCX-URL2016 Phishing,0,iscx_group_013537,calibration,
ISCX::5962,ISCX-URL2016 Phishing,0,iscx_group_002313,calibration,
ISCX::5963,ISCX-URL2016 Phishing,0,iscx_group_004683,development,5.0
ISCX::5964,ISCX-URL2016 Phishing,0,iscx_group_005809,development,1.0
ISCX::5965,ISCX-URL2016 Phishing,0,iscx_group_011996,development,1.0
ISCX::5966,ISCX-URL2016 Phishing,0,iscx_group_011523,development,5.0
ISCX::5967,ISCX-URL2016 Phishing,0,iscx_group_011864,development,4.0
ISCX::5968,ISCX-URL2016 Phishing,0,iscx_group_007708,development,4.0
ISCX::5969,ISCX-URL2016 Phishing,0,iscx_group_005696,development,3.0
ISCX::5970,ISCX-URL2016 Phishing,0,iscx_group_000741,development,3.0
ISCX::5971,ISCX-URL2016 Phishing,0,iscx_group_009283,development,2.0
ISCX::5972,ISCX-URL2016 Phishing,0,iscx_group_010347,development,3.0
ISCX::5973,ISCX-URL2016 Phishing,0,iscx_group_006857,test,
ISCX::5974,ISCX-URL2016 Phishing,0,iscx_group_005459,development,4.0
ISCX::5975,ISCX-URL2016 Phishing,0,iscx_group_008352,development,4.0
ISCX::5976,ISCX-URL2016 Phishing,0,iscx_group_009122,development,5.0
ISCX::5977,ISCX-URL2016 Phishing,0,iscx_group_004415,development,3.0
ISCX::5978,ISCX-URL2016 Phishing,0,iscx_group_002066,development,5.0
ISCX::5979,ISCX-URL2016 Phishing,0,iscx_group_009855,development,5.0
ISCX::5980,ISCX-URL2016 Phishing,0,iscx_group_003048,development,3.0
ISCX::5981,ISCX-URL2016 Phishing,0,iscx_group_013127,calibration,
ISCX::5982,ISCX-URL2016 Phishing,0,iscx_group_005922,calibration,
ISCX::5983,ISCX-URL2016 Phishing,0,iscx_group_012042,test,
ISCX::5984,ISCX-URL2016 Phishing,0,iscx_group_008336,calibration,
ISCX::5985,ISCX-URL2016 Phishing,0,iscx_group_009785,development,4.0
ISCX::5986,ISCX-URL2016 Phishing,0,iscx_group_004480,development,2.0
ISCX::5987,ISCX-URL2016 Phishing,0,iscx_group_006353,test,
ISCX::5988,ISCX-URL2016 Phishing,0,iscx_group_012732,development,2.0
ISCX::5989,ISCX-URL2016 Phishing,0,iscx_group_001429,development,4.0
ISCX::5990,ISCX-URL2016 Phishing,0,iscx_group_008826,development,1.0
ISCX::5991,ISCX-URL2016 Phishing,0,iscx_group_011493,calibration,
ISCX::5992,ISCX-URL2016 Phishing,0,iscx_group_011085,development,5.0
ISCX::5993,ISCX-URL2016 Phishing,0,iscx_group_012646,development,4.0
ISCX::5994,ISCX-URL2016 Phishing,0,iscx_group_000532,development,3.0
ISCX::5995,ISCX-URL2016 Phishing,0,iscx_group_011272,development,4.0
ISCX::5996,ISCX-URL2016 Phishing,0,iscx_group_010500,development,1.0
ISCX::5997,ISCX-URL2016 Phishing,0,iscx_group_003500,development,2.0
ISCX::5998,ISCX-URL2016 Phishing,0,iscx_group_002557,development,4.0
ISCX::5999,ISCX-URL2016 Phishing,0,iscx_group_009595,test,
ISCX::6000,ISCX-URL2016 Phishing,0,iscx_group_007628,development,5.0
ISCX::6001,ISCX-URL2016 Phishing,0,iscx_group_011879,development,1.0
ISCX::6002,ISCX-URL2016 Phishing,0,iscx_group_012159,test,
ISCX::6003,ISCX-URL2016 Phishing,0,iscx_group_013644,development,1.0
ISCX::6004,ISCX-URL2016 Phishing,0,iscx_group_002143,development,5.0
ISCX::6005,ISCX-URL2016 Phishing,0,iscx_group_006560,development,1.0
ISCX::6006,ISCX-URL2016 Phishing,0,iscx_group_013899,development,3.0
ISCX::6007,ISCX-URL2016 Phishing,0,iscx_group_005178,test,
ISCX::6008,ISCX-URL2016 Phishing,0,iscx_group_002986,development,2.0
ISCX::6009,ISCX-URL2016 Phishing,0,iscx_group_012245,development,3.0
ISCX::6010,ISCX-URL2016 Phishing,0,iscx_group_001390,development,3.0
ISCX::6011,ISCX-URL2016 Phishing,0,iscx_group_002290,development,2.0
ISCX::6012,ISCX-URL2016 Phishing,0,iscx_group_007892,development,1.0
ISCX::6013,ISCX-URL2016 Phishing,0,iscx_group_004878,development,4.0
ISCX::6014,ISCX-URL2016 Phishing,0,iscx_group_013594,test,
ISCX::6015,ISCX-URL2016 Phishing,0,iscx_group_003617,calibration,
ISCX::6016,ISCX-URL2016 Phishing,0,iscx_group_007593,development,3.0
ISCX::6017,ISCX-URL2016 Phishing,0,iscx_group_007215,development,3.0
ISCX::6018,ISCX-URL2016 Phishing,0,iscx_group_010554,development,2.0
ISCX::6019,ISCX-URL2016 Phishing,0,iscx_group_011123,calibration,
ISCX::6020,ISCX-URL2016 Phishing,0,iscx_group_010568,development,2.0
ISCX::6021,ISCX-URL2016 Phishing,0,iscx_group_006755,development,2.0
ISCX::6022,ISCX-URL2016 Phishing,0,iscx_group_004394,development,3.0
ISCX::6023,ISCX-URL2016 Phishing,0,iscx_group_006270,test,
ISCX::6024,ISCX-URL2016 Phishing,0,iscx_group_013602,development,5.0
ISCX::6025,ISCX-URL2016 Phishing,0,iscx_group_010250,development,1.0
ISCX::6026,ISCX-URL2016 Phishing,0,iscx_group_001776,development,5.0
ISCX::6027,ISCX-URL2016 Phishing,0,iscx_group_006471,development,4.0
ISCX::6028,ISCX-URL2016 Phishing,0,iscx_group_007591,test,
ISCX::6029,ISCX-URL2016 Phishing,0,iscx_group_011249,development,3.0
ISCX::6030,ISCX-URL2016 Phishing,0,iscx_group_014797,test,
ISCX::6031,ISCX-URL2016 Phishing,0,iscx_group_004577,test,
ISCX::6032,ISCX-URL2016 Phishing,0,iscx_group_009570,development,2.0
ISCX::6033,ISCX-URL2016 Phishing,0,iscx_group_011408,development,2.0
ISCX::6034,ISCX-URL2016 Phishing,0,iscx_group_011931,development,4.0
ISCX::6035,ISCX-URL2016 Phishing,0,iscx_group_013265,development,4.0
ISCX::6036,ISCX-URL2016 Phishing,0,iscx_group_009272,development,3.0
ISCX::6037,ISCX-URL2016 Phishing,0,iscx_group_008058,calibration,
ISCX::6038,ISCX-URL2016 Phishing,0,iscx_group_014733,development,5.0
ISCX::6039,ISCX-URL2016 Phishing,0,iscx_group_006300,test,
ISCX::6040,ISCX-URL2016 Phishing,0,iscx_group_007919,development,5.0
ISCX::6041,ISCX-URL2016 Phishing,0,iscx_group_003284,development,1.0
ISCX::6042,ISCX-URL2016 Phishing,0,iscx_group_007239,development,2.0
ISCX::6043,ISCX-URL2016 Phishing,0,iscx_group_009375,development,4.0
ISCX::6044,ISCX-URL2016 Phishing,0,iscx_group_007413,development,5.0
ISCX::6045,ISCX-URL2016 Phishing,0,iscx_group_010658,development,3.0
ISCX::6046,ISCX-URL2016 Phishing,0,iscx_group_004592,development,2.0
ISCX::6047,ISCX-URL2016 Phishing,0,iscx_group_013574,test,
ISCX::6048,ISCX-URL2016 Phishing,0,iscx_group_004082,development,5.0
ISCX::6049,ISCX-URL2016 Phishing,0,iscx_group_012158,development,4.0
ISCX::6050,ISCX-URL2016 Phishing,0,iscx_group_009786,development,5.0
ISCX::6051,ISCX-URL2016 Phishing,0,iscx_group_013360,development,2.0
ISCX::6052,ISCX-URL2016 Phishing,0,iscx_group_001419,development,5.0
ISCX::6053,ISCX-URL2016 Phishing,0,iscx_group_002021,calibration,
ISCX::6054,ISCX-URL2016 Phishing,0,iscx_group_004876,calibration,
ISCX::6055,ISCX-URL2016 Phishing,0,iscx_group_008506,development,2.0
ISCX::6056,ISCX-URL2016 Phishing,0,iscx_group_004505,calibration,
ISCX::6057,ISCX-URL2016 Phishing,0,iscx_group_005515,development,5.0
ISCX::6058,ISCX-URL2016 Phishing,0,iscx_group_005031,development,3.0
ISCX::6059,ISCX-URL2016 Phishing,0,iscx_group_003346,development,4.0
ISCX::6060,ISCX-URL2016 Phishing,0,iscx_group_010803,development,3.0
ISCX::6061,ISCX-URL2016 Phishing,0,iscx_group_004598,development,4.0
ISCX::6062,ISCX-URL2016 Phishing,0,iscx_group_014343,development,5.0
ISCX::6063,ISCX-URL2016 Phishing,0,iscx_group_008879,calibration,
ISCX::6064,ISCX-URL2016 Phishing,0,iscx_group_014288,development,4.0
ISCX::6065,ISCX-URL2016 Phishing,0,iscx_group_005269,development,4.0
ISCX::6066,ISCX-URL2016 Phishing,0,iscx_group_013243,test,
ISCX::6067,ISCX-URL2016 Phishing,0,iscx_group_008674,development,1.0
ISCX::6068,ISCX-URL2016 Phishing,0,iscx_group_005623,development,5.0
ISCX::6069,ISCX-URL2016 Phishing,0,iscx_group_014392,development,4.0
ISCX::6070,ISCX-URL2016 Phishing,0,iscx_group_000035,development,1.0
ISCX::6071,ISCX-URL2016 Phishing,0,iscx_group_014109,test,
ISCX::6072,ISCX-URL2016 Phishing,0,iscx_group_013651,development,4.0
ISCX::6073,ISCX-URL2016 Phishing,0,iscx_group_006065,development,3.0
ISCX::6074,ISCX-URL2016 Phishing,0,iscx_group_011978,development,1.0
ISCX::6075,ISCX-URL2016 Phishing,0,iscx_group_005865,calibration,
ISCX::6076,ISCX-URL2016 Phishing,0,iscx_group_004995,development,4.0
ISCX::6077,ISCX-URL2016 Phishing,0,iscx_group_005259,development,4.0
ISCX::6078,ISCX-URL2016 Phishing,0,iscx_group_011402,development,5.0
ISCX::6079,ISCX-URL2016 Phishing,0,iscx_group_005832,development,2.0
ISCX::6080,ISCX-URL2016 Phishing,0,iscx_group_000223,development,3.0
ISCX::6081,ISCX-URL2016 Phishing,0,iscx_group_001984,development,4.0
ISCX::6082,ISCX-URL2016 Phishing,0,iscx_group_007074,development,1.0
ISCX::6083,ISCX-URL2016 Phishing,0,iscx_group_010532,development,3.0
ISCX::6084,ISCX-URL2016 Phishing,0,iscx_group_009962,development,4.0
ISCX::6085,ISCX-URL2016 Phishing,0,iscx_group_007227,development,4.0
ISCX::6086,ISCX-URL2016 Phishing,0,iscx_group_001754,development,1.0
ISCX::6087,ISCX-URL2016 Phishing,0,iscx_group_004013,development,2.0
ISCX::6088,ISCX-URL2016 Phishing,0,iscx_group_014141,calibration,
ISCX::6089,ISCX-URL2016 Phishing,0,iscx_group_011135,development,4.0
ISCX::6090,ISCX-URL2016 Phishing,0,iscx_group_009016,development,5.0
ISCX::6091,ISCX-URL2016 Phishing,0,iscx_group_003820,development,4.0
ISCX::6092,ISCX-URL2016 Phishing,0,iscx_group_002593,test,
ISCX::6093,ISCX-URL2016 Phishing,0,iscx_group_009215,development,5.0
ISCX::6094,ISCX-URL2016 Phishing,0,iscx_group_000913,development,4.0
ISCX::6095,ISCX-URL2016 Phishing,0,iscx_group_011014,development,2.0
ISCX::6096,ISCX-URL2016 Phishing,0,iscx_group_006048,test,
ISCX::6097,ISCX-URL2016 Phishing,0,iscx_group_011303,development,4.0
ISCX::6098,ISCX-URL2016 Phishing,0,iscx_group_000105,calibration,
ISCX::6099,ISCX-URL2016 Phishing,0,iscx_group_010048,development,2.0
ISCX::6100,ISCX-URL2016 Phishing,0,iscx_group_000525,development,2.0
ISCX::6101,ISCX-URL2016 Phishing,0,iscx_group_004905,calibration,
ISCX::6102,ISCX-URL2016 Phishing,0,iscx_group_001272,development,2.0
ISCX::6103,ISCX-URL2016 Phishing,0,iscx_group_001680,development,5.0
ISCX::6104,ISCX-URL2016 Phishing,0,iscx_group_003585,test,
ISCX::6105,ISCX-URL2016 Phishing,0,iscx_group_003889,development,1.0
ISCX::6106,ISCX-URL2016 Phishing,0,iscx_group_013456,development,4.0
ISCX::6107,ISCX-URL2016 Phishing,0,iscx_group_011986,development,4.0
ISCX::6108,ISCX-URL2016 Phishing,0,iscx_group_012644,test,
ISCX::6109,ISCX-URL2016 Phishing,0,iscx_group_010757,development,2.0
ISCX::6110,ISCX-URL2016 Phishing,0,iscx_group_009688,development,4.0
ISCX::6111,ISCX-URL2016 Phishing,0,iscx_group_002204,development,2.0
ISCX::6112,ISCX-URL2016 Phishing,0,iscx_group_009547,development,5.0
ISCX::6113,ISCX-URL2016 Phishing,0,iscx_group_004383,development,3.0
ISCX::6114,ISCX-URL2016 Phishing,0,iscx_group_006158,development,4.0
ISCX::6115,ISCX-URL2016 Phishing,0,iscx_group_002361,development,1.0
ISCX::6116,ISCX-URL2016 Phishing,0,iscx_group_006037,development,1.0
ISCX::6117,ISCX-URL2016 Phishing,0,iscx_group_013401,development,1.0
ISCX::6118,ISCX-URL2016 Phishing,0,iscx_group_008802,development,4.0
ISCX::6119,ISCX-URL2016 Phishing,0,iscx_group_011688,development,4.0
ISCX::6120,ISCX-URL2016 Phishing,0,iscx_group_008140,development,2.0
ISCX::6121,ISCX-URL2016 Phishing,0,iscx_group_009926,test,
ISCX::6122,ISCX-URL2016 Phishing,0,iscx_group_007623,development,1.0
ISCX::6123,ISCX-URL2016 Phishing,0,iscx_group_003062,test,
ISCX::6124,ISCX-URL2016 Phishing,0,iscx_group_003297,test,
ISCX::6125,ISCX-URL2016 Phishing,0,iscx_group_002493,development,2.0
ISCX::6126,ISCX-URL2016 Phishing,0,iscx_group_001504,development,2.0
ISCX::6127,ISCX-URL2016 Phishing,0,iscx_group_012575,development,5.0
ISCX::6128,ISCX-URL2016 Phishing,0,iscx_group_014218,development,3.0
ISCX::6129,ISCX-URL2016 Phishing,0,iscx_group_004997,development,5.0
ISCX::6130,ISCX-URL2016 Phishing,0,iscx_group_005260,test,
ISCX::6131,ISCX-URL2016 Phishing,0,iscx_group_005754,development,4.0
ISCX::6132,ISCX-URL2016 Phishing,0,iscx_group_010166,test,
ISCX::6133,ISCX-URL2016 Phishing,0,iscx_group_004620,development,1.0
ISCX::6134,ISCX-URL2016 Phishing,0,iscx_group_006979,development,2.0
ISCX::6135,ISCX-URL2016 Phishing,0,iscx_group_000557,calibration,
ISCX::6136,ISCX-URL2016 Phishing,0,iscx_group_014195,test,
ISCX::6137,ISCX-URL2016 Phishing,0,iscx_group_010481,development,3.0
ISCX::6138,ISCX-URL2016 Phishing,0,iscx_group_014032,calibration,
ISCX::6139,ISCX-URL2016 Phishing,0,iscx_group_002073,development,4.0
ISCX::6140,ISCX-URL2016 Phishing,0,iscx_group_007412,development,2.0
ISCX::6141,ISCX-URL2016 Phishing,0,iscx_group_000202,development,4.0
ISCX::6142,ISCX-URL2016 Phishing,0,iscx_group_001064,development,1.0
ISCX::6143,ISCX-URL2016 Phishing,0,iscx_group_006506,development,1.0
ISCX::6144,ISCX-URL2016 Phishing,0,iscx_group_007958,development,4.0
ISCX::6145,ISCX-URL2016 Phishing,0,iscx_group_003507,development,1.0
ISCX::6146,ISCX-URL2016 Phishing,0,iscx_group_011452,development,5.0
ISCX::6147,ISCX-URL2016 Phishing,0,iscx_group_011356,development,3.0
ISCX::6148,ISCX-URL2016 Phishing,0,iscx_group_005214,development,5.0
ISCX::6149,ISCX-URL2016 Phishing,0,iscx_group_011031,development,3.0
ISCX::6150,ISCX-URL2016 Phishing,0,iscx_group_010000,development,3.0
ISCX::6151,ISCX-URL2016 Phishing,0,iscx_group_002565,test,
ISCX::6152,ISCX-URL2016 Phishing,0,iscx_group_005111,development,5.0
ISCX::6153,ISCX-URL2016 Phishing,0,iscx_group_006207,development,5.0
ISCX::6154,ISCX-URL2016 Phishing,0,iscx_group_005222,development,5.0
ISCX::6155,ISCX-URL2016 Phishing,0,iscx_group_013184,development,4.0
ISCX::6156,ISCX-URL2016 Phishing,0,iscx_group_010197,development,5.0
ISCX::6157,ISCX-URL2016 Phishing,0,iscx_group_002863,development,2.0
ISCX::6158,ISCX-URL2016 Phishing,0,iscx_group_003351,development,1.0
ISCX::6159,ISCX-URL2016 Phishing,0,iscx_group_002666,test,
ISCX::6160,ISCX-URL2016 Phishing,0,iscx_group_010305,test,
ISCX::6161,ISCX-URL2016 Phishing,0,iscx_group_012267,development,4.0
ISCX::6162,ISCX-URL2016 Phishing,0,iscx_group_005325,development,3.0
ISCX::6163,ISCX-URL2016 Phishing,0,iscx_group_014536,development,5.0
ISCX::6164,ISCX-URL2016 Phishing,0,iscx_group_007570,development,1.0
ISCX::6165,ISCX-URL2016 Phishing,0,iscx_group_007798,calibration,
ISCX::6166,ISCX-URL2016 Phishing,0,iscx_group_011151,development,2.0
ISCX::6167,ISCX-URL2016 Phishing,0,iscx_group_002830,development,5.0
ISCX::6168,ISCX-URL2016 Phishing,0,iscx_group_002932,development,4.0
ISCX::6169,ISCX-URL2016 Phishing,0,iscx_group_005773,development,2.0
ISCX::6170,ISCX-URL2016 Phishing,0,iscx_group_008726,development,1.0
ISCX::6171,ISCX-URL2016 Phishing,0,iscx_group_010240,development,5.0
ISCX::6172,ISCX-URL2016 Phishing,0,iscx_group_013378,test,
ISCX::6173,ISCX-URL2016 Phishing,0,iscx_group_007363,development,5.0
ISCX::6174,ISCX-URL2016 Phishing,0,iscx_group_000507,test,
ISCX::6175,ISCX-URL2016 Phishing,0,iscx_group_009905,development,1.0
ISCX::6176,ISCX-URL2016 Phishing,0,iscx_group_005542,development,5.0
ISCX::6177,ISCX-URL2016 Phishing,0,iscx_group_007386,test,
ISCX::6178,ISCX-URL2016 Phishing,0,iscx_group_012503,development,2.0
ISCX::6179,ISCX-URL2016 Phishing,0,iscx_group_008436,calibration,
ISCX::6180,ISCX-URL2016 Phishing,0,iscx_group_009357,development,5.0
ISCX::6181,ISCX-URL2016 Phishing,0,iscx_group_010578,development,3.0
ISCX::6182,ISCX-URL2016 Phishing,0,iscx_group_007988,development,4.0
ISCX::6183,ISCX-URL2016 Phishing,0,iscx_group_011061,development,2.0
ISCX::6184,ISCX-URL2016 Phishing,0,iscx_group_000409,development,5.0
ISCX::6185,ISCX-URL2016 Phishing,0,iscx_group_002994,calibration,
ISCX::6186,ISCX-URL2016 Phishing,0,iscx_group_007752,development,4.0
ISCX::6187,ISCX-URL2016 Phishing,0,iscx_group_005353,calibration,
ISCX::6188,ISCX-URL2016 Phishing,0,iscx_group_009660,development,3.0
ISCX::6189,ISCX-URL2016 Phishing,0,iscx_group_004859,development,1.0
ISCX::6190,ISCX-URL2016 Phishing,0,iscx_group_003831,development,5.0
ISCX::6191,ISCX-URL2016 Phishing,0,iscx_group_009100,development,3.0
ISCX::6192,ISCX-URL2016 Phishing,0,iscx_group_009238,development,5.0
ISCX::6193,ISCX-URL2016 Phishing,0,iscx_group_006510,development,2.0
ISCX::6194,ISCX-URL2016 Phishing,0,iscx_group_003783,development,5.0
ISCX::6195,ISCX-URL2016 Phishing,0,iscx_group_010728,development,5.0
ISCX::6196,ISCX-URL2016 Phishing,0,iscx_group_004567,development,4.0
ISCX::6197,ISCX-URL2016 Phishing,0,iscx_group_012312,development,3.0
ISCX::6198,ISCX-URL2016 Phishing,0,iscx_group_010992,development,5.0
ISCX::6199,ISCX-URL2016 Phishing,0,iscx_group_004822,development,1.0
ISCX::6200,ISCX-URL2016 Phishing,0,iscx_group_009265,test,
ISCX::6201,ISCX-URL2016 Phishing,0,iscx_group_012281,development,4.0
ISCX::6202,ISCX-URL2016 Phishing,0,iscx_group_014413,test,
ISCX::6203,ISCX-URL2016 Phishing,0,iscx_group_005421,development,5.0
ISCX::6204,ISCX-URL2016 Phishing,0,iscx_group_011333,development,3.0
ISCX::6205,ISCX-URL2016 Phishing,0,iscx_group_004153,development,4.0
ISCX::6206,ISCX-URL2016 Phishing,0,iscx_group_004072,calibration,
ISCX::6207,ISCX-URL2016 Phishing,0,iscx_group_006626,development,1.0
ISCX::6208,ISCX-URL2016 Phishing,0,iscx_group_009106,test,
ISCX::6209,ISCX-URL2016 Phishing,0,iscx_group_011155,development,5.0
ISCX::6210,ISCX-URL2016 Phishing,0,iscx_group_012866,calibration,
ISCX::6211,ISCX-URL2016 Phishing,0,iscx_group_010889,development,4.0
ISCX::6212,ISCX-URL2016 Phishing,0,iscx_group_001240,development,2.0
ISCX::6213,ISCX-URL2016 Phishing,0,iscx_group_005108,development,5.0
ISCX::6214,ISCX-URL2016 Phishing,0,iscx_group_013088,calibration,
ISCX::6215,ISCX-URL2016 Phishing,0,iscx_group_014761,development,4.0
ISCX::6216,ISCX-URL2016 Phishing,0,iscx_group_011645,development,3.0
ISCX::6217,ISCX-URL2016 Phishing,0,iscx_group_008042,development,3.0
ISCX::6218,ISCX-URL2016 Phishing,0,iscx_group_012577,test,
ISCX::6219,ISCX-URL2016 Phishing,0,iscx_group_006972,development,1.0
ISCX::6220,ISCX-URL2016 Phishing,0,iscx_group_011324,test,
ISCX::6221,ISCX-URL2016 Phishing,0,iscx_group_012521,development,3.0
ISCX::6222,ISCX-URL2016 Phishing,0,iscx_group_010261,development,1.0
ISCX::6223,ISCX-URL2016 Phishing,0,iscx_group_011349,development,1.0
ISCX::6224,ISCX-URL2016 Phishing,0,iscx_group_010693,development,2.0
ISCX::6225,ISCX-URL2016 Phishing,0,iscx_group_000883,development,3.0
ISCX::6226,ISCX-URL2016 Phishing,0,iscx_group_008644,development,3.0
ISCX::6227,ISCX-URL2016 Phishing,0,iscx_group_012777,development,2.0
ISCX::6228,ISCX-URL2016 Phishing,0,iscx_group_014559,development,3.0
ISCX::6229,ISCX-URL2016 Phishing,0,iscx_group_013409,test,
ISCX::6230,ISCX-URL2016 Phishing,0,iscx_group_004573,test,
ISCX::6231,ISCX-URL2016 Phishing,0,iscx_group_003278,development,1.0
ISCX::6232,ISCX-URL2016 Phishing,0,iscx_group_008526,development,1.0
ISCX::6233,ISCX-URL2016 Phishing,0,iscx_group_007290,development,2.0
ISCX::6234,ISCX-URL2016 Phishing,0,iscx_group_002031,calibration,
ISCX::6235,ISCX-URL2016 Phishing,0,iscx_group_004664,test,
ISCX::6236,ISCX-URL2016 Phishing,0,iscx_group_001977,calibration,
ISCX::6237,ISCX-URL2016 Phishing,0,iscx_group_013767,calibration,
ISCX::6238,ISCX-URL2016 Phishing,0,iscx_group_007962,development,1.0
ISCX::6239,ISCX-URL2016 Phishing,0,iscx_group_008841,development,3.0
ISCX::6240,ISCX-URL2016 Phishing,0,iscx_group_014647,test,
ISCX::6241,ISCX-URL2016 Phishing,0,iscx_group_012666,development,4.0
ISCX::6242,ISCX-URL2016 Phishing,0,iscx_group_001705,development,2.0
ISCX::6243,ISCX-URL2016 Phishing,0,iscx_group_009013,test,
ISCX::6244,ISCX-URL2016 Phishing,0,iscx_group_000276,development,1.0
ISCX::6245,ISCX-URL2016 Phishing,0,iscx_group_000806,development,1.0
ISCX::6246,ISCX-URL2016 Phishing,0,iscx_group_013685,development,2.0
ISCX::6247,ISCX-URL2016 Phishing,0,iscx_group_000846,development,4.0
ISCX::6248,ISCX-URL2016 Phishing,0,iscx_group_003461,development,2.0
ISCX::6249,ISCX-URL2016 Phishing,0,iscx_group_013720,test,
ISCX::6250,ISCX-URL2016 Phishing,0,iscx_group_005770,development,1.0
ISCX::6251,ISCX-URL2016 Phishing,0,iscx_group_006868,test,
ISCX::6252,ISCX-URL2016 Phishing,0,iscx_group_006410,development,3.0
ISCX::6253,ISCX-URL2016 Phishing,0,iscx_group_005697,test,
ISCX::6254,ISCX-URL2016 Phishing,0,iscx_group_014529,test,
ISCX::6255,ISCX-URL2016 Phishing,0,iscx_group_008276,development,4.0
ISCX::6256,ISCX-URL2016 Phishing,0,iscx_group_002189,calibration,
ISCX::6257,ISCX-URL2016 Phishing,0,iscx_group_001311,test,
ISCX::6258,ISCX-URL2016 Phishing,0,iscx_group_005727,test,
ISCX::6259,ISCX-URL2016 Phishing,0,iscx_group_003604,development,5.0
ISCX::6260,ISCX-URL2016 Phishing,0,iscx_group_011788,development,1.0
ISCX::6261,ISCX-URL2016 Phishing,0,iscx_group_013941,development,3.0
ISCX::6262,ISCX-URL2016 Phishing,0,iscx_group_010031,development,5.0
ISCX::6263,ISCX-URL2016 Phishing,0,iscx_group_000040,development,4.0
ISCX::6264,ISCX-URL2016 Phishing,0,iscx_group_007724,development,1.0
ISCX::6265,ISCX-URL2016 Phishing,0,iscx_group_005957,test,
ISCX::6266,ISCX-URL2016 Phishing,0,iscx_group_006351,development,5.0
ISCX::6267,ISCX-URL2016 Phishing,0,iscx_group_010381,test,
ISCX::6268,ISCX-URL2016 Phishing,0,iscx_group_000565,calibration,
ISCX::6269,ISCX-URL2016 Phishing,0,iscx_group_009020,calibration,
ISCX::6270,ISCX-URL2016 Phishing,0,iscx_group_008305,development,5.0
ISCX::6271,ISCX-URL2016 Phishing,0,iscx_group_007115,development,2.0
ISCX::6272,ISCX-URL2016 Phishing,0,iscx_group_001074,development,5.0
ISCX::6273,ISCX-URL2016 Phishing,0,iscx_group_012833,development,4.0
ISCX::6274,ISCX-URL2016 Phishing,0,iscx_group_005855,development,1.0
ISCX::6275,ISCX-URL2016 Phishing,0,iscx_group_000060,development,5.0
ISCX::6276,ISCX-URL2016 Phishing,0,iscx_group_006729,calibration,
ISCX::6277,ISCX-URL2016 Phishing,0,iscx_group_011840,test,
ISCX::6278,ISCX-URL2016 Phishing,0,iscx_group_005376,development,3.0
ISCX::6279,ISCX-URL2016 Phishing,0,iscx_group_012451,development,5.0
ISCX::6280,ISCX-URL2016 Phishing,0,iscx_group_013486,development,1.0
ISCX::6281,ISCX-URL2016 Phishing,0,iscx_group_001468,development,4.0
ISCX::6282,ISCX-URL2016 Phishing,0,iscx_group_003430,development,1.0
ISCX::6283,ISCX-URL2016 Phishing,0,iscx_group_011865,test,
ISCX::6284,ISCX-URL2016 Phishing,0,iscx_group_012915,development,5.0
ISCX::6285,ISCX-URL2016 Phishing,0,iscx_group_006263,development,5.0
ISCX::6286,ISCX-URL2016 Phishing,0,iscx_group_011506,development,1.0
ISCX::6287,ISCX-URL2016 Phishing,0,iscx_group_000172,test,
ISCX::6288,ISCX-URL2016 Phishing,0,iscx_group_011473,development,2.0
ISCX::6289,ISCX-URL2016 Phishing,0,iscx_group_005201,development,2.0
ISCX::6290,ISCX-URL2016 Phishing,0,iscx_group_003022,development,3.0
ISCX::6291,ISCX-URL2016 Phishing,0,iscx_group_006488,development,5.0
ISCX::6292,ISCX-URL2016 Phishing,0,iscx_group_014476,development,1.0
ISCX::6293,ISCX-URL2016 Phishing,0,iscx_group_003635,development,4.0
ISCX::6294,ISCX-URL2016 Phishing,0,iscx_group_001938,test,
ISCX::6295,ISCX-URL2016 Phishing,0,iscx_group_002850,development,3.0
ISCX::6296,ISCX-URL2016 Phishing,0,iscx_group_006448,development,3.0
ISCX::6297,ISCX-URL2016 Phishing,0,iscx_group_010301,development,4.0
ISCX::6298,ISCX-URL2016 Phishing,0,iscx_group_003885,development,4.0
ISCX::6299,ISCX-URL2016 Phishing,0,iscx_group_010596,development,2.0
ISCX::6300,ISCX-URL2016 Phishing,0,iscx_group_002902,test,
ISCX::6301,ISCX-URL2016 Phishing,0,iscx_group_004645,test,
ISCX::6302,ISCX-URL2016 Phishing,0,iscx_group_009098,development,1.0
ISCX::6303,ISCX-URL2016 Phishing,0,iscx_group_008294,development,3.0
ISCX::6304,ISCX-URL2016 Phishing,0,iscx_group_011059,development,1.0
ISCX::6305,ISCX-URL2016 Phishing,0,iscx_group_005949,test,
ISCX::6306,ISCX-URL2016 Phishing,0,iscx_group_013410,test,
ISCX::6307,ISCX-URL2016 Phishing,0,iscx_group_009268,development,1.0
ISCX::6308,ISCX-URL2016 Phishing,0,iscx_group_000213,calibration,
ISCX::6309,ISCX-URL2016 Phishing,0,iscx_group_001676,development,3.0
ISCX::6310,ISCX-URL2016 Phishing,0,iscx_group_013868,development,5.0
ISCX::6311,ISCX-URL2016 Phishing,0,iscx_group_005524,test,
ISCX::6312,ISCX-URL2016 Phishing,0,iscx_group_006558,development,5.0
ISCX::6313,ISCX-URL2016 Phishing,0,iscx_group_002469,development,1.0
ISCX::6314,ISCX-URL2016 Phishing,0,iscx_group_000859,development,5.0
ISCX::6315,ISCX-URL2016 Phishing,0,iscx_group_009326,development,3.0
ISCX::6316,ISCX-URL2016 Phishing,0,iscx_group_014724,test,
ISCX::6317,ISCX-URL2016 Phishing,0,iscx_group_008477,development,1.0
ISCX::6318,ISCX-URL2016 Phishing,0,iscx_group_010280,calibration,
ISCX::6319,ISCX-URL2016 Phishing,0,iscx_group_003508,development,5.0
ISCX::6320,ISCX-URL2016 Phishing,0,iscx_group_011348,development,4.0
ISCX::6321,ISCX-URL2016 Phishing,0,iscx_group_004461,development,1.0
ISCX::6322,ISCX-URL2016 Phishing,0,iscx_group_013964,development,5.0
ISCX::6323,ISCX-URL2016 Phishing,0,iscx_group_001235,development,5.0
ISCX::6324,ISCX-URL2016 Phishing,0,iscx_group_002108,calibration,
ISCX::6325,ISCX-URL2016 Phishing,0,iscx_group_014504,development,5.0
ISCX::6326,ISCX-URL2016 Phishing,0,iscx_group_003932,development,4.0
ISCX::6327,ISCX-URL2016 Phishing,0,iscx_group_000338,development,5.0
ISCX::6328,ISCX-URL2016 Phishing,0,iscx_group_006248,test,
ISCX::6329,ISCX-URL2016 Phishing,0,iscx_group_004581,test,
ISCX::6330,ISCX-URL2016 Phishing,0,iscx_group_010857,development,5.0
ISCX::6331,ISCX-URL2016 Phishing,0,iscx_group_000957,calibration,
ISCX::6332,ISCX-URL2016 Phishing,0,iscx_group_006784,test,
ISCX::6333,ISCX-URL2016 Phishing,0,iscx_group_001022,development,4.0
ISCX::6334,ISCX-URL2016 Phishing,0,iscx_group_009598,development,4.0
ISCX::6335,ISCX-URL2016 Phishing,0,iscx_group_002500,development,3.0
ISCX::6336,ISCX-URL2016 Phishing,0,iscx_group_007365,development,4.0
ISCX::6337,ISCX-URL2016 Phishing,0,iscx_group_006920,development,1.0
ISCX::6338,ISCX-URL2016 Phishing,0,iscx_group_007436,calibration,
ISCX::6339,ISCX-URL2016 Phishing,0,iscx_group_011878,development,5.0
ISCX::6340,ISCX-URL2016 Phishing,0,iscx_group_007009,test,
ISCX::6341,ISCX-URL2016 Phishing,0,iscx_group_013705,calibration,
ISCX::6342,ISCX-URL2016 Phishing,0,iscx_group_013555,development,1.0
ISCX::6343,ISCX-URL2016 Phishing,0,iscx_group_009979,development,3.0
ISCX::6344,ISCX-URL2016 Phishing,0,iscx_group_001948,test,
ISCX::6345,ISCX-URL2016 Phishing,0,iscx_group_014613,development,1.0
ISCX::6346,ISCX-URL2016 Phishing,0,iscx_group_000092,development,1.0
ISCX::6347,ISCX-URL2016 Phishing,0,iscx_group_009260,development,2.0
ISCX::6348,ISCX-URL2016 Phishing,0,iscx_group_012567,development,3.0
ISCX::6349,ISCX-URL2016 Phishing,0,iscx_group_003488,calibration,
ISCX::6350,ISCX-URL2016 Phishing,0,iscx_group_005246,development,5.0
ISCX::6351,ISCX-URL2016 Phishing,0,iscx_group_013801,development,4.0
ISCX::6352,ISCX-URL2016 Phishing,0,iscx_group_007038,development,4.0
ISCX::6353,ISCX-URL2016 Phishing,0,iscx_group_006145,development,5.0
ISCX::6354,ISCX-URL2016 Phishing,0,iscx_group_004771,test,
ISCX::6355,ISCX-URL2016 Phishing,0,iscx_group_011780,development,2.0
ISCX::6356,ISCX-URL2016 Phishing,0,iscx_group_006656,test,
ISCX::6357,ISCX-URL2016 Phishing,0,iscx_group_005410,development,2.0
ISCX::6358,ISCX-URL2016 Phishing,0,iscx_group_001624,calibration,
ISCX::6359,ISCX-URL2016 Phishing,0,iscx_group_005522,test,
ISCX::6360,ISCX-URL2016 Phishing,0,iscx_group_002570,development,1.0
ISCX::6361,ISCX-URL2016 Phishing,0,iscx_group_011692,test,
ISCX::6362,ISCX-URL2016 Phishing,0,iscx_group_001833,test,
ISCX::6363,ISCX-URL2016 Phishing,0,iscx_group_009285,development,2.0
ISCX::6364,ISCX-URL2016 Phishing,0,iscx_group_011485,calibration,
ISCX::6365,ISCX-URL2016 Phishing,0,iscx_group_012943,development,5.0
ISCX::6366,ISCX-URL2016 Phishing,0,iscx_group_007255,development,3.0
ISCX::6367,ISCX-URL2016 Phishing,0,iscx_group_011119,development,5.0
ISCX::6368,ISCX-URL2016 Phishing,0,iscx_group_009847,development,3.0
ISCX::6369,ISCX-URL2016 Phishing,0,iscx_group_010700,development,2.0
ISCX::6370,ISCX-URL2016 Phishing,0,iscx_group_004398,development,1.0
ISCX::6371,ISCX-URL2016 Phishing,0,iscx_group_003573,development,4.0
ISCX::6372,ISCX-URL2016 Phishing,0,iscx_group_009320,development,1.0
ISCX::6373,ISCX-URL2016 Phishing,0,iscx_group_013375,calibration,
ISCX::6374,ISCX-URL2016 Phishing,0,iscx_group_014642,test,
ISCX::6375,ISCX-URL2016 Phishing,0,iscx_group_002254,development,1.0
ISCX::6376,ISCX-URL2016 Phishing,0,iscx_group_005858,calibration,
ISCX::6377,ISCX-URL2016 Phishing,0,iscx_group_012844,calibration,
ISCX::6378,ISCX-URL2016 Phishing,0,iscx_group_008801,calibration,
ISCX::6379,ISCX-URL2016 Phishing,0,iscx_group_013990,development,1.0
ISCX::6380,ISCX-URL2016 Phishing,0,iscx_group_010997,development,4.0
ISCX::6381,ISCX-URL2016 Phishing,0,iscx_group_011782,calibration,
ISCX::6382,ISCX-URL2016 Phishing,0,iscx_group_009770,development,1.0
ISCX::6383,ISCX-URL2016 Phishing,0,iscx_group_013056,development,2.0
ISCX::6384,ISCX-URL2016 Phishing,0,iscx_group_012548,development,1.0
ISCX::6385,ISCX-URL2016 Phishing,0,iscx_group_011836,calibration,
ISCX::6386,ISCX-URL2016 Phishing,0,iscx_group_001847,development,3.0
ISCX::6387,ISCX-URL2016 Phishing,0,iscx_group_003414,calibration,
ISCX::6388,ISCX-URL2016 Phishing,0,iscx_group_009943,development,1.0
ISCX::6389,ISCX-URL2016 Phishing,0,iscx_group_011206,development,1.0
ISCX::6390,ISCX-URL2016 Phishing,0,iscx_group_000837,development,2.0
ISCX::6391,ISCX-URL2016 Phishing,0,iscx_group_002750,development,3.0
ISCX::6392,ISCX-URL2016 Phishing,0,iscx_group_005060,development,4.0
ISCX::6393,ISCX-URL2016 Phishing,0,iscx_group_014364,development,4.0
ISCX::6394,ISCX-URL2016 Phishing,0,iscx_group_006098,development,5.0
ISCX::6395,ISCX-URL2016 Phishing,0,iscx_group_008155,development,3.0
ISCX::6396,ISCX-URL2016 Phishing,0,iscx_group_006500,development,5.0
ISCX::6397,ISCX-URL2016 Phishing,0,iscx_group_012928,development,1.0
ISCX::6398,ISCX-URL2016 Phishing,0,iscx_group_010582,development,5.0
ISCX::6399,ISCX-URL2016 Phishing,0,iscx_group_004996,development,3.0
ISCX::6400,ISCX-URL2016 Phishing,0,iscx_group_012282,calibration,
ISCX::6401,ISCX-URL2016 Phishing,0,iscx_group_012626,development,3.0
ISCX::6402,ISCX-URL2016 Phishing,0,iscx_group_013359,development,5.0
ISCX::6403,ISCX-URL2016 Phishing,0,iscx_group_008663,calibration,
ISCX::6404,ISCX-URL2016 Phishing,0,iscx_group_012623,development,4.0
ISCX::6405,ISCX-URL2016 Phishing,0,iscx_group_002684,calibration,
ISCX::6406,ISCX-URL2016 Phishing,0,iscx_group_000146,test,
ISCX::6407,ISCX-URL2016 Phishing,0,iscx_group_002400,development,5.0
ISCX::6408,ISCX-URL2016 Phishing,0,iscx_group_008342,development,2.0
ISCX::6409,ISCX-URL2016 Phishing,0,iscx_group_012935,development,3.0
ISCX::6410,ISCX-URL2016 Phishing,0,iscx_group_001687,development,3.0
ISCX::6411,ISCX-URL2016 Phishing,0,iscx_group_000887,development,1.0
ISCX::6412,ISCX-URL2016 Phishing,0,iscx_group_006309,development,4.0
ISCX::6413,ISCX-URL2016 Phishing,0,iscx_group_008213,development,1.0
ISCX::6414,ISCX-URL2016 Phishing,0,iscx_group_011895,test,
ISCX::6415,ISCX-URL2016 Phishing,0,iscx_group_007519,calibration,
ISCX::6416,ISCX-URL2016 Phishing,0,iscx_group_013164,development,1.0
ISCX::6417,ISCX-URL2016 Phishing,0,iscx_group_005338,calibration,
ISCX::6418,ISCX-URL2016 Phishing,0,iscx_group_007012,test,
ISCX::6419,ISCX-URL2016 Phishing,0,iscx_group_005760,development,3.0
ISCX::6420,ISCX-URL2016 Phishing,0,iscx_group_000430,development,3.0
ISCX::6421,ISCX-URL2016 Phishing,0,iscx_group_002249,test,
ISCX::6422,ISCX-URL2016 Phishing,0,iscx_group_004427,calibration,
ISCX::6423,ISCX-URL2016 Phishing,0,iscx_group_006903,calibration,
ISCX::6424,ISCX-URL2016 Phishing,0,iscx_group_002704,development,2.0
ISCX::6425,ISCX-URL2016 Phishing,0,iscx_group_009397,development,4.0
ISCX::6426,ISCX-URL2016 Phishing,0,iscx_group_007622,development,3.0
ISCX::6427,ISCX-URL2016 Phishing,0,iscx_group_002371,development,5.0
ISCX::6428,ISCX-URL2016 Phishing,0,iscx_group_012225,calibration,
ISCX::6429,ISCX-URL2016 Phishing,0,iscx_group_003746,development,3.0
ISCX::6430,ISCX-URL2016 Phishing,0,iscx_group_009212,test,
ISCX::6431,ISCX-URL2016 Phishing,0,iscx_group_013466,calibration,
ISCX::6432,ISCX-URL2016 Phishing,0,iscx_group_005620,calibration,
ISCX::6433,ISCX-URL2016 Phishing,0,iscx_group_003791,development,1.0
ISCX::6434,ISCX-URL2016 Phishing,0,iscx_group_012714,development,5.0
ISCX::6435,ISCX-URL2016 Phishing,0,iscx_group_003738,test,
ISCX::6436,ISCX-URL2016 Phishing,0,iscx_group_004061,development,2.0
ISCX::6437,ISCX-URL2016 Phishing,0,iscx_group_005497,development,3.0
ISCX::6438,ISCX-URL2016 Phishing,0,iscx_group_010374,development,2.0
ISCX::6439,ISCX-URL2016 Phishing,0,iscx_group_005078,development,2.0
ISCX::6440,ISCX-URL2016 Phishing,0,iscx_group_004712,calibration,
ISCX::6441,ISCX-URL2016 Phishing,0,iscx_group_000059,development,3.0
ISCX::6442,ISCX-URL2016 Phishing,0,iscx_group_014358,development,5.0
ISCX::6443,ISCX-URL2016 Phishing,0,iscx_group_003620,development,1.0
ISCX::6444,ISCX-URL2016 Phishing,0,iscx_group_014820,development,3.0
ISCX::6445,ISCX-URL2016 Phishing,0,iscx_group_011481,calibration,
ISCX::6446,ISCX-URL2016 Phishing,0,iscx_group_002025,development,4.0
ISCX::6447,ISCX-URL2016 Phishing,0,iscx_group_014257,development,3.0
ISCX::6448,ISCX-URL2016 Phishing,0,iscx_group_001970,development,1.0
ISCX::6449,ISCX-URL2016 Phishing,0,iscx_group_014609,calibration,
ISCX::6450,ISCX-URL2016 Phishing,0,iscx_group_000169,development,1.0
ISCX::6451,ISCX-URL2016 Phishing,0,iscx_group_011336,development,3.0
ISCX::6452,ISCX-URL2016 Phishing,0,iscx_group_002847,development,4.0
ISCX::6453,ISCX-URL2016 Phishing,0,iscx_group_007023,development,3.0
ISCX::6454,ISCX-URL2016 Phishing,0,iscx_group_009697,calibration,
ISCX::6455,ISCX-URL2016 Phishing,0,iscx_group_010177,development,5.0
ISCX::6456,ISCX-URL2016 Phishing,0,iscx_group_012259,development,1.0
ISCX::6457,ISCX-URL2016 Phishing,0,iscx_group_005308,development,2.0
ISCX::6458,ISCX-URL2016 Phishing,0,iscx_group_013667,calibration,
ISCX::6459,ISCX-URL2016 Phishing,0,iscx_group_000632,test,
ISCX::6460,ISCX-URL2016 Phishing,0,iscx_group_000544,development,5.0
ISCX::6461,ISCX-URL2016 Phishing,0,iscx_group_011851,development,2.0
ISCX::6462,ISCX-URL2016 Phishing,0,iscx_group_009043,development,4.0
ISCX::6463,ISCX-URL2016 Phishing,0,iscx_group_010942,test,
ISCX::6464,ISCX-URL2016 Phishing,0,iscx_group_010285,calibration,
ISCX::6465,ISCX-URL2016 Phishing,0,iscx_group_003998,development,2.0
ISCX::6466,ISCX-URL2016 Phishing,0,iscx_group_011237,development,2.0
ISCX::6467,ISCX-URL2016 Phishing,0,iscx_group_006124,development,2.0
ISCX::6468,ISCX-URL2016 Phishing,0,iscx_group_009724,calibration,
ISCX::6469,ISCX-URL2016 Phishing,0,iscx_group_011347,development,3.0
ISCX::6470,ISCX-URL2016 Phishing,0,iscx_group_001552,calibration,
ISCX::6471,ISCX-URL2016 Phishing,0,iscx_group_001206,development,3.0
ISCX::6472,ISCX-URL2016 Phishing,0,iscx_group_011038,development,1.0
ISCX::6473,ISCX-URL2016 Phishing,0,iscx_group_007133,test,
ISCX::6474,ISCX-URL2016 Phishing,0,iscx_group_009505,development,3.0
ISCX::6475,ISCX-URL2016 Phishing,0,iscx_group_005554,development,2.0
ISCX::6476,ISCX-URL2016 Phishing,0,iscx_group_010577,test,
ISCX::6477,ISCX-URL2016 Phishing,0,iscx_group_005991,development,5.0
ISCX::6478,ISCX-URL2016 Phishing,0,iscx_group_005846,development,4.0
ISCX::6479,ISCX-URL2016 Phishing,0,iscx_group_002703,development,1.0
ISCX::6480,ISCX-URL2016 Phishing,0,iscx_group_011221,development,2.0
ISCX::6481,ISCX-URL2016 Phishing,0,iscx_group_014223,development,2.0
ISCX::6482,ISCX-URL2016 Phishing,0,iscx_group_010780,development,4.0
ISCX::6483,ISCX-URL2016 Phishing,0,iscx_group_003623,development,4.0
ISCX::6484,ISCX-URL2016 Phishing,0,iscx_group_006718,development,3.0
ISCX::6485,ISCX-URL2016 Phishing,0,iscx_group_012380,development,1.0
ISCX::6486,ISCX-URL2016 Phishing,0,iscx_group_009195,development,4.0
ISCX::6487,ISCX-URL2016 Phishing,0,iscx_group_012483,test,
ISCX::6488,ISCX-URL2016 Phishing,0,iscx_group_010331,calibration,
ISCX::6489,ISCX-URL2016 Phishing,0,iscx_group_010180,development,2.0
ISCX::6490,ISCX-URL2016 Phishing,0,iscx_group_006336,development,2.0
ISCX::6491,ISCX-URL2016 Phishing,0,iscx_group_009351,development,1.0
ISCX::6492,ISCX-URL2016 Phishing,0,iscx_group_000621,development,4.0
ISCX::6493,ISCX-URL2016 Phishing,0,iscx_group_013821,development,1.0
ISCX::6494,ISCX-URL2016 Phishing,0,iscx_group_002594,calibration,
ISCX::6495,ISCX-URL2016 Phishing,0,iscx_group_011894,test,
ISCX::6496,ISCX-URL2016 Phishing,0,iscx_group_010108,development,4.0
ISCX::6497,ISCX-URL2016 Phishing,0,iscx_group_014070,test,
ISCX::6498,ISCX-URL2016 Phishing,0,iscx_group_007045,test,
ISCX::6499,ISCX-URL2016 Phishing,0,iscx_group_013148,development,1.0
ISCX::6500,ISCX-URL2016 Phishing,0,iscx_group_009856,calibration,
ISCX::6501,ISCX-URL2016 Phishing,0,iscx_group_008896,development,1.0
ISCX::6502,ISCX-URL2016 Phishing,0,iscx_group_002334,development,3.0
ISCX::6503,ISCX-URL2016 Phishing,0,iscx_group_008101,development,3.0
ISCX::6504,ISCX-URL2016 Phishing,0,iscx_group_011779,development,4.0
ISCX::6505,ISCX-URL2016 Phishing,0,iscx_group_005776,calibration,
ISCX::6506,ISCX-URL2016 Phishing,0,iscx_group_014039,test,
ISCX::6507,ISCX-URL2016 Phishing,0,iscx_group_007918,development,3.0
ISCX::6508,ISCX-URL2016 Phishing,0,iscx_group_004262,development,5.0
ISCX::6509,ISCX-URL2016 Phishing,0,iscx_group_014626,development,1.0
ISCX::6510,ISCX-URL2016 Phishing,0,iscx_group_013419,development,4.0
ISCX::6511,ISCX-URL2016 Phishing,0,iscx_group_012342,development,4.0
ISCX::6512,ISCX-URL2016 Phishing,0,iscx_group_008854,test,
ISCX::6513,ISCX-URL2016 Phishing,0,iscx_group_002687,development,1.0
ISCX::6514,ISCX-URL2016 Phishing,0,iscx_group_001438,calibration,
ISCX::6515,ISCX-URL2016 Phishing,0,iscx_group_010126,development,2.0
ISCX::6516,ISCX-URL2016 Phishing,0,iscx_group_001502,calibration,
ISCX::6517,ISCX-URL2016 Phishing,0,iscx_group_004316,test,
ISCX::6518,ISCX-URL2016 Phishing,0,iscx_group_012468,development,5.0
ISCX::6519,ISCX-URL2016 Phishing,0,iscx_group_011126,test,
ISCX::6520,ISCX-URL2016 Phishing,0,iscx_group_004705,calibration,
ISCX::6521,ISCX-URL2016 Phishing,0,iscx_group_001757,development,3.0
ISCX::6522,ISCX-URL2016 Phishing,0,iscx_group_005206,development,1.0
ISCX::6523,ISCX-URL2016 Phishing,0,iscx_group_000991,development,2.0
ISCX::6524,ISCX-URL2016 Phishing,0,iscx_group_008069,development,2.0
ISCX::6525,ISCX-URL2016 Phishing,0,iscx_group_000964,development,5.0
ISCX::6526,ISCX-URL2016 Phishing,0,iscx_group_011796,development,4.0
ISCX::6527,ISCX-URL2016 Phishing,0,iscx_group_006019,calibration,
ISCX::6528,ISCX-URL2016 Phishing,0,iscx_group_003111,development,3.0
ISCX::6529,ISCX-URL2016 Phishing,0,iscx_group_002117,development,1.0
ISCX::6530,ISCX-URL2016 Phishing,0,iscx_group_009635,test,
ISCX::6531,ISCX-URL2016 Phishing,0,iscx_group_014513,development,4.0
ISCX::6532,ISCX-URL2016 Phishing,0,iscx_group_009014,development,5.0
ISCX::6533,ISCX-URL2016 Phishing,0,iscx_group_000771,test,
ISCX::6534,ISCX-URL2016 Phishing,0,iscx_group_009241,development,4.0
ISCX::6535,ISCX-URL2016 Phishing,0,iscx_group_008236,calibration,
ISCX::6536,ISCX-URL2016 Phishing,0,iscx_group_012248,development,4.0
ISCX::6537,ISCX-URL2016 Phishing,0,iscx_group_009687,development,4.0
ISCX::6538,ISCX-URL2016 Phishing,0,iscx_group_004088,development,1.0
ISCX::6539,ISCX-URL2016 Phishing,0,iscx_group_001533,development,2.0
ISCX::6540,ISCX-URL2016 Phishing,0,iscx_group_000660,development,2.0
ISCX::6541,ISCX-URL2016 Phishing,0,iscx_group_000701,development,5.0
ISCX::6542,ISCX-URL2016 Phishing,0,iscx_group_004763,test,
ISCX::6543,ISCX-URL2016 Phishing,0,iscx_group_010744,development,5.0
ISCX::6544,ISCX-URL2016 Phishing,0,iscx_group_010056,development,4.0
ISCX::6545,ISCX-URL2016 Phishing,0,iscx_group_007259,development,1.0
ISCX::6546,ISCX-URL2016 Phishing,0,iscx_group_012961,development,4.0
ISCX::6547,ISCX-URL2016 Phishing,0,iscx_group_010604,development,2.0
ISCX::6548,ISCX-URL2016 Phishing,0,iscx_group_012387,development,2.0
ISCX::6549,ISCX-URL2016 Phishing,0,iscx_group_004827,development,5.0
ISCX::6550,ISCX-URL2016 Phishing,0,iscx_group_006692,development,1.0
ISCX::6551,ISCX-URL2016 Phishing,0,iscx_group_002349,test,
ISCX::6552,ISCX-URL2016 Phishing,0,iscx_group_013580,development,1.0
ISCX::6553,ISCX-URL2016 Phishing,0,iscx_group_004143,test,
ISCX::6554,ISCX-URL2016 Phishing,0,iscx_group_012208,test,
ISCX::6555,ISCX-URL2016 Phishing,0,iscx_group_010026,test,
ISCX::6556,ISCX-URL2016 Phishing,0,iscx_group_009603,development,5.0
ISCX::6557,ISCX-URL2016 Phishing,0,iscx_group_003163,development,2.0
ISCX::6558,ISCX-URL2016 Phishing,0,iscx_group_006943,development,1.0
ISCX::6559,ISCX-URL2016 Phishing,0,iscx_group_007631,development,4.0
ISCX::6560,ISCX-URL2016 Phishing,0,iscx_group_013857,development,1.0
ISCX::6561,ISCX-URL2016 Phishing,0,iscx_group_012397,calibration,
ISCX::6562,ISCX-URL2016 Phishing,0,iscx_group_009873,development,3.0
ISCX::6563,ISCX-URL2016 Phishing,0,iscx_group_004873,development,2.0
ISCX::6564,ISCX-URL2016 Phishing,0,iscx_group_000255,development,5.0
ISCX::6565,ISCX-URL2016 Phishing,0,iscx_group_004444,development,2.0
ISCX::6566,ISCX-URL2016 Phishing,0,iscx_group_005719,development,2.0
ISCX::6567,ISCX-URL2016 Phishing,0,iscx_group_013825,calibration,
ISCX::6568,ISCX-URL2016 Phishing,0,iscx_group_013252,test,
ISCX::6569,ISCX-URL2016 Phishing,0,iscx_group_013929,development,4.0
ISCX::6570,ISCX-URL2016 Phishing,0,iscx_group_008376,calibration,
ISCX::6571,ISCX-URL2016 Phishing,0,iscx_group_008404,development,3.0
ISCX::6572,ISCX-URL2016 Phishing,0,iscx_group_002648,development,2.0
ISCX::6573,ISCX-URL2016 Phishing,0,iscx_group_014414,development,5.0
ISCX::6574,ISCX-URL2016 Phishing,0,iscx_group_004086,development,1.0
ISCX::6575,ISCX-URL2016 Phishing,0,iscx_group_014819,calibration,
ISCX::6576,ISCX-URL2016 Phishing,0,iscx_group_001620,development,1.0
ISCX::6577,ISCX-URL2016 Phishing,0,iscx_group_009304,development,3.0
ISCX::6578,ISCX-URL2016 Phishing,0,iscx_group_014023,development,4.0
ISCX::6579,ISCX-URL2016 Phishing,0,iscx_group_004116,development,5.0
ISCX::6580,ISCX-URL2016 Phishing,0,iscx_group_004971,development,1.0
ISCX::6581,ISCX-URL2016 Phishing,0,iscx_group_005956,development,2.0
ISCX::6582,ISCX-URL2016 Phishing,0,iscx_group_012825,development,5.0
ISCX::6583,ISCX-URL2016 Phishing,0,iscx_group_000500,calibration,
ISCX::6584,ISCX-URL2016 Phishing,0,iscx_group_005927,test,
ISCX::6585,ISCX-URL2016 Phishing,0,iscx_group_000451,development,5.0
ISCX::6586,ISCX-URL2016 Phishing,0,iscx_group_001522,development,3.0
ISCX::6587,ISCX-URL2016 Phishing,0,iscx_group_014164,calibration,
ISCX::6588,ISCX-URL2016 Phishing,0,iscx_group_000800,development,5.0
ISCX::6589,ISCX-URL2016 Phishing,0,iscx_group_013668,development,2.0
ISCX::6590,ISCX-URL2016 Phishing,0,iscx_group_010965,development,1.0
ISCX::6591,ISCX-URL2016 Phishing,0,iscx_group_011571,development,1.0
ISCX::6592,ISCX-URL2016 Phishing,0,iscx_group_003463,development,5.0
ISCX::6593,ISCX-URL2016 Phishing,0,iscx_group_000032,calibration,
ISCX::6594,ISCX-URL2016 Phishing,0,iscx_group_003100,calibration,
ISCX::6595,ISCX-URL2016 Phishing,0,iscx_group_004745,test,
ISCX::6596,ISCX-URL2016 Phishing,0,iscx_group_011998,development,4.0
ISCX::6597,ISCX-URL2016 Phishing,0,iscx_group_004281,test,
ISCX::6598,ISCX-URL2016 Phishing,0,iscx_group_011078,development,2.0
ISCX::6599,ISCX-URL2016 Phishing,0,iscx_group_013255,development,3.0
ISCX::6600,ISCX-URL2016 Phishing,0,iscx_group_002398,development,5.0
ISCX::6601,ISCX-URL2016 Phishing,0,iscx_group_003394,development,3.0
ISCX::6602,ISCX-URL2016 Phishing,0,iscx_group_001819,calibration,
ISCX::6603,ISCX-URL2016 Phishing,0,iscx_group_008816,development,2.0
ISCX::6604,ISCX-URL2016 Phishing,0,iscx_group_006719,development,1.0
ISCX::6605,ISCX-URL2016 Phishing,0,iscx_group_003776,development,3.0
ISCX::6606,ISCX-URL2016 Phishing,0,iscx_group_005102,test,
ISCX::6607,ISCX-URL2016 Phishing,0,iscx_group_001538,development,1.0
ISCX::6608,ISCX-URL2016 Phishing,0,iscx_group_013759,development,5.0
ISCX::6609,ISCX-URL2016 Phishing,0,iscx_group_010195,development,1.0
ISCX::6610,ISCX-URL2016 Phishing,0,iscx_group_009074,development,1.0
ISCX::6611,ISCX-URL2016 Phishing,0,iscx_group_007827,calibration,
ISCX::6612,ISCX-URL2016 Phishing,0,iscx_group_008363,development,5.0
ISCX::6613,ISCX-URL2016 Phishing,0,iscx_group_007991,development,2.0
ISCX::6614,ISCX-URL2016 Phishing,0,iscx_group_011733,test,
ISCX::6615,ISCX-URL2016 Phishing,0,iscx_group_013135,development,3.0
ISCX::6616,ISCX-URL2016 Phishing,0,iscx_group_010810,development,3.0
ISCX::6617,ISCX-URL2016 Phishing,0,iscx_group_001071,development,3.0
ISCX::6618,ISCX-URL2016 Phishing,0,iscx_group_007303,development,4.0
ISCX::6619,ISCX-URL2016 Phishing,0,iscx_group_011121,test,
ISCX::6620,ISCX-URL2016 Phishing,0,iscx_group_000803,development,2.0
ISCX::6621,ISCX-URL2016 Phishing,0,iscx_group_014148,test,
ISCX::6622,ISCX-URL2016 Phishing,0,iscx_group_002592,development,1.0
ISCX::6623,ISCX-URL2016 Phishing,0,iscx_group_008357,development,5.0
ISCX::6624,ISCX-URL2016 Phishing,0,iscx_group_003838,development,5.0
ISCX::6625,ISCX-URL2016 Phishing,0,iscx_group_005758,development,1.0
ISCX::6626,ISCX-URL2016 Phishing,0,iscx_group_007478,development,5.0
ISCX::6627,ISCX-URL2016 Phishing,0,iscx_group_014054,development,5.0
ISCX::6628,ISCX-URL2016 Phishing,0,iscx_group_003120,development,3.0
ISCX::6629,ISCX-URL2016 Phishing,0,iscx_group_004811,development,3.0
ISCX::6630,ISCX-URL2016 Phishing,0,iscx_group_006709,development,2.0
ISCX::6631,ISCX-URL2016 Phishing,0,iscx_group_014047,development,5.0
ISCX::6632,ISCX-URL2016 Phishing,0,iscx_group_008301,development,4.0
ISCX::6633,ISCX-URL2016 Phishing,0,iscx_group_000866,development,2.0
ISCX::6634,ISCX-URL2016 Phishing,0,iscx_group_005335,development,4.0
ISCX::6635,ISCX-URL2016 Phishing,0,iscx_group_003479,development,2.0
ISCX::6636,ISCX-URL2016 Phishing,0,iscx_group_013346,calibration,
ISCX::6637,ISCX-URL2016 Phishing,0,iscx_group_013622,development,1.0
ISCX::6638,ISCX-URL2016 Phishing,0,iscx_group_004423,development,1.0
ISCX::6639,ISCX-URL2016 Phishing,0,iscx_group_002457,development,5.0
ISCX::6640,ISCX-URL2016 Phishing,0,iscx_group_006922,test,
ISCX::6641,ISCX-URL2016 Phishing,0,iscx_group_007424,calibration,
ISCX::6642,ISCX-URL2016 Phishing,0,iscx_group_003614,test,
ISCX::6643,ISCX-URL2016 Phishing,0,iscx_group_000335,development,1.0
ISCX::6644,ISCX-URL2016 Phishing,0,iscx_group_014277,calibration,
ISCX::6645,ISCX-URL2016 Phishing,0,iscx_group_013324,development,5.0
ISCX::6646,ISCX-URL2016 Phishing,0,iscx_group_002316,development,3.0
ISCX::6647,ISCX-URL2016 Phishing,0,iscx_group_007301,development,3.0
ISCX::6648,ISCX-URL2016 Phishing,0,iscx_group_007354,development,2.0
ISCX::6649,ISCX-URL2016 Phishing,0,iscx_group_001249,development,3.0
ISCX::6650,ISCX-URL2016 Phishing,0,iscx_group_009183,development,5.0
ISCX::6651,ISCX-URL2016 Phishing,0,iscx_group_005893,development,1.0
ISCX::6652,ISCX-URL2016 Phishing,0,iscx_group_005239,development,5.0
ISCX::6653,ISCX-URL2016 Phishing,0,iscx_group_008905,development,4.0
ISCX::6654,ISCX-URL2016 Phishing,0,iscx_group_005599,calibration,
ISCX::6655,ISCX-URL2016 Phishing,0,iscx_group_001093,development,4.0
ISCX::6656,ISCX-URL2016 Phishing,0,iscx_group_012060,calibration,
ISCX::6657,ISCX-URL2016 Phishing,0,iscx_group_005434,development,2.0
ISCX::6658,ISCX-URL2016 Phishing,0,iscx_group_000925,development,2.0
ISCX::6659,ISCX-URL2016 Phishing,0,iscx_group_006799,test,
ISCX::6660,ISCX-URL2016 Phishing,0,iscx_group_009559,test,
ISCX::6661,ISCX-URL2016 Phishing,0,iscx_group_007835,development,5.0
ISCX::6662,ISCX-URL2016 Phishing,0,iscx_group_012898,calibration,
ISCX::6663,ISCX-URL2016 Phishing,0,iscx_group_012407,test,
ISCX::6664,ISCX-URL2016 Phishing,0,iscx_group_005669,development,1.0
ISCX::6665,ISCX-URL2016 Phishing,0,iscx_group_001870,calibration,
ISCX::6666,ISCX-URL2016 Phishing,0,iscx_group_007779,development,5.0
ISCX::6667,ISCX-URL2016 Phishing,0,iscx_group_005771,development,4.0
ISCX::6668,ISCX-URL2016 Phishing,0,iscx_group_003714,development,5.0
ISCX::6669,ISCX-URL2016 Phishing,0,iscx_group_005034,calibration,
ISCX::6670,ISCX-URL2016 Phishing,0,iscx_group_000098,calibration,
ISCX::6671,ISCX-URL2016 Phishing,0,iscx_group_010576,test,
ISCX::6672,ISCX-URL2016 Phishing,0,iscx_group_010778,calibration,
ISCX::6673,ISCX-URL2016 Phishing,0,iscx_group_002975,development,5.0
ISCX::6674,ISCX-URL2016 Phishing,0,iscx_group_000868,development,1.0
ISCX::6675,ISCX-URL2016 Phishing,0,iscx_group_012107,development,2.0
ISCX::6676,ISCX-URL2016 Phishing,0,iscx_group_006802,development,3.0
ISCX::6677,ISCX-URL2016 Phishing,0,iscx_group_005330,calibration,
ISCX::6678,ISCX-URL2016 Phishing,0,iscx_group_014001,development,4.0
ISCX::6679,ISCX-URL2016 Phishing,0,iscx_group_003412,development,2.0
ISCX::6680,ISCX-URL2016 Phishing,0,iscx_group_007441,development,1.0
ISCX::6681,ISCX-URL2016 Phishing,0,iscx_group_003057,development,2.0
ISCX::6682,ISCX-URL2016 Phishing,0,iscx_group_012557,test,
ISCX::6683,ISCX-URL2016 Phishing,0,iscx_group_001560,development,1.0
ISCX::6684,ISCX-URL2016 Phishing,0,iscx_group_002651,calibration,
ISCX::6685,ISCX-URL2016 Phishing,0,iscx_group_012070,development,4.0
ISCX::6686,ISCX-URL2016 Phishing,0,iscx_group_013917,development,5.0
ISCX::6687,ISCX-URL2016 Phishing,0,iscx_group_003142,development,2.0
ISCX::6688,ISCX-URL2016 Phishing,0,iscx_group_013747,development,1.0
ISCX::6689,ISCX-URL2016 Phishing,0,iscx_group_010564,development,3.0
ISCX::6690,ISCX-URL2016 Phishing,0,iscx_group_013212,development,5.0
ISCX::6691,ISCX-URL2016 Phishing,0,iscx_group_010274,development,2.0
ISCX::6692,ISCX-URL2016 Phishing,0,iscx_group_005539,development,1.0
ISCX::6693,ISCX-URL2016 Phishing,0,iscx_group_006086,development,4.0
ISCX::6694,ISCX-URL2016 Phishing,0,iscx_group_013424,development,1.0
ISCX::6695,ISCX-URL2016 Phishing,0,iscx_group_006371,development,1.0
ISCX::6696,ISCX-URL2016 Phishing,0,iscx_group_008116,development,1.0
ISCX::6697,ISCX-URL2016 Phishing,0,iscx_group_002794,development,3.0
ISCX::6698,ISCX-URL2016 Phishing,0,iscx_group_010073,development,5.0
ISCX::6699,ISCX-URL2016 Phishing,0,iscx_group_013217,development,1.0
ISCX::6700,ISCX-URL2016 Phishing,0,iscx_group_009923,development,4.0
ISCX::6701,ISCX-URL2016 Phishing,0,iscx_group_005678,development,2.0
ISCX::6702,ISCX-URL2016 Phishing,0,iscx_group_014728,development,1.0
ISCX::6703,ISCX-URL2016 Phishing,0,iscx_group_008068,development,1.0
ISCX::6704,ISCX-URL2016 Phishing,0,iscx_group_012177,calibration,
ISCX::6705,ISCX-URL2016 Phishing,0,iscx_group_000443,development,4.0
ISCX::6706,ISCX-URL2016 Phishing,0,iscx_group_003631,development,2.0
ISCX::6707,ISCX-URL2016 Phishing,0,iscx_group_014655,development,5.0
ISCX::6708,ISCX-URL2016 Phishing,0,iscx_group_008974,test,
ISCX::6709,ISCX-URL2016 Phishing,0,iscx_group_000815,development,3.0
ISCX::6710,ISCX-URL2016 Phishing,0,iscx_group_007998,test,
ISCX::6711,ISCX-URL2016 Phishing,0,iscx_group_005437,development,1.0
ISCX::6712,ISCX-URL2016 Phishing,0,iscx_group_014059,development,3.0
ISCX::6713,ISCX-URL2016 Phishing,0,iscx_group_004840,development,3.0
ISCX::6714,ISCX-URL2016 Phishing,0,iscx_group_008548,development,4.0
ISCX::6715,ISCX-URL2016 Phishing,0,iscx_group_011979,development,3.0
ISCX::6716,ISCX-URL2016 Phishing,0,iscx_group_012050,test,
ISCX::6717,ISCX-URL2016 Phishing,0,iscx_group_009705,development,2.0
ISCX::6718,ISCX-URL2016 Phishing,0,iscx_group_013304,development,3.0
ISCX::6719,ISCX-URL2016 Phishing,0,iscx_group_005990,calibration,
ISCX::6720,ISCX-URL2016 Phishing,0,iscx_group_003908,development,2.0
ISCX::6721,ISCX-URL2016 Phishing,0,iscx_group_004249,development,3.0
ISCX::6722,ISCX-URL2016 Phishing,0,iscx_group_008547,development,3.0
ISCX::6723,ISCX-URL2016 Phishing,0,iscx_group_000598,test,
ISCX::6724,ISCX-URL2016 Phishing,0,iscx_group_009153,development,2.0
ISCX::6725,ISCX-URL2016 Phishing,0,iscx_group_006413,development,2.0
ISCX::6726,ISCX-URL2016 Phishing,0,iscx_group_004601,development,4.0
ISCX::6727,ISCX-URL2016 Phishing,0,iscx_group_001011,development,5.0
ISCX::6728,ISCX-URL2016 Phishing,0,iscx_group_011703,development,2.0
ISCX::6729,ISCX-URL2016 Phishing,0,iscx_group_001222,development,4.0
ISCX::6730,ISCX-URL2016 Phishing,0,iscx_group_010363,development,3.0
ISCX::6731,ISCX-URL2016 Phishing,0,iscx_group_014755,development,5.0
ISCX::6732,ISCX-URL2016 Phishing,0,iscx_group_013058,development,2.0
ISCX::6733,ISCX-URL2016 Phishing,0,iscx_group_009783,calibration,
ISCX::6734,ISCX-URL2016 Phishing,0,iscx_group_002487,test,
ISCX::6735,ISCX-URL2016 Phishing,0,iscx_group_010043,development,4.0
ISCX::6736,ISCX-URL2016 Phishing,0,iscx_group_008918,test,
ISCX::6737,ISCX-URL2016 Phishing,0,iscx_group_014168,test,
ISCX::6738,ISCX-URL2016 Phishing,0,iscx_group_005398,development,1.0
ISCX::6739,ISCX-URL2016 Phishing,0,iscx_group_003668,development,2.0
ISCX::6740,ISCX-URL2016 Phishing,0,iscx_group_007838,development,1.0
ISCX::6741,ISCX-URL2016 Phishing,0,iscx_group_011641,test,
ISCX::6742,ISCX-URL2016 Phishing,0,iscx_group_009076,test,
ISCX::6743,ISCX-URL2016 Phishing,0,iscx_group_000573,development,5.0
ISCX::6744,ISCX-URL2016 Phishing,0,iscx_group_014562,development,3.0
ISCX::6745,ISCX-URL2016 Phishing,0,iscx_group_011165,development,1.0
ISCX::6746,ISCX-URL2016 Phishing,0,iscx_group_011504,development,1.0
ISCX::6747,ISCX-URL2016 Phishing,0,iscx_group_003396,development,3.0
ISCX::6748,ISCX-URL2016 Phishing,0,iscx_group_001692,development,2.0
ISCX::6749,ISCX-URL2016 Phishing,0,iscx_group_009754,calibration,
ISCX::6750,ISCX-URL2016 Phishing,0,iscx_group_006771,development,4.0
ISCX::6751,ISCX-URL2016 Phishing,0,iscx_group_010800,development,5.0
ISCX::6752,ISCX-URL2016 Phishing,0,iscx_group_004790,development,1.0
ISCX::6753,ISCX-URL2016 Phishing,0,iscx_group_002983,development,2.0
ISCX::6754,ISCX-URL2016 Phishing,0,iscx_group_006188,development,5.0
ISCX::6755,ISCX-URL2016 Phishing,0,iscx_group_011727,development,3.0
ISCX::6756,ISCX-URL2016 Phishing,0,iscx_group_011028,development,1.0
ISCX::6757,ISCX-URL2016 Phishing,0,iscx_group_012523,test,
ISCX::6758,ISCX-URL2016 Phishing,0,iscx_group_009420,development,5.0
ISCX::6759,ISCX-URL2016 Phishing,0,iscx_group_005609,development,2.0
ISCX::6760,ISCX-URL2016 Phishing,0,iscx_group_013494,development,1.0
ISCX::6761,ISCX-URL2016 Phishing,0,iscx_group_011786,development,4.0
ISCX::6762,ISCX-URL2016 Phishing,0,iscx_group_011157,development,4.0
ISCX::6763,ISCX-URL2016 Phishing,0,iscx_group_002933,development,1.0
ISCX::6764,ISCX-URL2016 Phishing,0,iscx_group_009259,calibration,
ISCX::6765,ISCX-URL2016 Phishing,0,iscx_group_004123,development,3.0
ISCX::6766,ISCX-URL2016 Phishing,0,iscx_group_005530,development,1.0
ISCX::6767,ISCX-URL2016 Phishing,0,iscx_group_003828,development,2.0
ISCX::6768,ISCX-URL2016 Phishing,0,iscx_group_007951,calibration,
ISCX::6769,ISCX-URL2016 Phishing,0,iscx_group_004055,development,3.0
ISCX::6770,ISCX-URL2016 Phishing,0,iscx_group_008487,development,2.0
ISCX::6771,ISCX-URL2016 Phishing,0,iscx_group_014398,calibration,
ISCX::6772,ISCX-URL2016 Phishing,0,iscx_group_007257,test,
ISCX::6773,ISCX-URL2016 Phishing,0,iscx_group_004851,test,
ISCX::6774,ISCX-URL2016 Phishing,0,iscx_group_011141,test,
ISCX::6775,ISCX-URL2016 Phishing,0,iscx_group_006804,test,
ISCX::6776,ISCX-URL2016 Phishing,0,iscx_group_003853,development,4.0
ISCX::6777,ISCX-URL2016 Phishing,0,iscx_group_012560,test,
ISCX::6778,ISCX-URL2016 Phishing,0,iscx_group_003915,test,
ISCX::6779,ISCX-URL2016 Phishing,0,iscx_group_000543,development,5.0
ISCX::6780,ISCX-URL2016 Phishing,0,iscx_group_005715,development,2.0
ISCX::6781,ISCX-URL2016 Phishing,0,iscx_group_011701,test,
ISCX::6782,ISCX-URL2016 Phishing,0,iscx_group_013200,development,4.0
ISCX::6783,ISCX-URL2016 Phishing,0,iscx_group_005394,calibration,
ISCX::6784,ISCX-URL2016 Phishing,0,iscx_group_004637,development,5.0
ISCX::6785,ISCX-URL2016 Phishing,0,iscx_group_011552,calibration,
ISCX::6786,ISCX-URL2016 Phishing,0,iscx_group_013597,development,5.0
ISCX::6787,ISCX-URL2016 Phishing,0,iscx_group_001303,development,5.0
ISCX::6788,ISCX-URL2016 Phishing,0,iscx_group_010495,development,3.0
ISCX::6789,ISCX-URL2016 Phishing,0,iscx_group_003503,development,2.0
ISCX::6790,ISCX-URL2016 Phishing,0,iscx_group_007670,test,
ISCX::6791,ISCX-URL2016 Phishing,0,iscx_group_013314,test,
ISCX::6792,ISCX-URL2016 Phishing,0,iscx_group_003941,development,3.0
ISCX::6793,ISCX-URL2016 Phishing,0,iscx_group_004631,development,5.0
ISCX::6794,ISCX-URL2016 Phishing,0,iscx_group_014428,calibration,
ISCX::6795,ISCX-URL2016 Phishing,0,iscx_group_002629,development,4.0
ISCX::6796,ISCX-URL2016 Phishing,0,iscx_group_002506,development,4.0
ISCX::6797,ISCX-URL2016 Phishing,0,iscx_group_014202,development,3.0
ISCX::6798,ISCX-URL2016 Phishing,0,iscx_group_012823,development,1.0
ISCX::6799,ISCX-URL2016 Phishing,0,iscx_group_001785,development,3.0
ISCX::6800,ISCX-URL2016 Phishing,0,iscx_group_005381,development,5.0
ISCX::6801,ISCX-URL2016 Phishing,0,iscx_group_008734,development,4.0
ISCX::6802,ISCX-URL2016 Phishing,0,iscx_group_001230,development,5.0
ISCX::6803,ISCX-URL2016 Phishing,0,iscx_group_008388,development,4.0
ISCX::6804,ISCX-URL2016 Phishing,0,iscx_group_006861,development,3.0
ISCX::6805,ISCX-URL2016 Phishing,0,iscx_group_001996,development,1.0
ISCX::6806,ISCX-URL2016 Phishing,0,iscx_group_002245,test,
ISCX::6807,ISCX-URL2016 Phishing,0,iscx_group_006736,test,
ISCX::6808,ISCX-URL2016 Phishing,0,iscx_group_005168,development,1.0
ISCX::6809,ISCX-URL2016 Phishing,0,iscx_group_007338,development,4.0
ISCX::6810,ISCX-URL2016 Phishing,0,iscx_group_001967,development,1.0
ISCX::6811,ISCX-URL2016 Phishing,0,iscx_group_013368,development,2.0
ISCX::6812,ISCX-URL2016 Phishing,0,iscx_group_001842,development,3.0
ISCX::6813,ISCX-URL2016 Phishing,0,iscx_group_004781,calibration,
ISCX::6814,ISCX-URL2016 Phishing,0,iscx_group_010451,development,2.0
ISCX::6815,ISCX-URL2016 Phishing,0,iscx_group_012420,development,3.0
ISCX::6816,ISCX-URL2016 Phishing,0,iscx_group_002810,test,
ISCX::6817,ISCX-URL2016 Phishing,0,iscx_group_013210,development,2.0
ISCX::6818,ISCX-URL2016 Phishing,0,iscx_group_008677,development,2.0
ISCX::6819,ISCX-URL2016 Phishing,0,iscx_group_011714,calibration,
ISCX::6820,ISCX-URL2016 Phishing,0,iscx_group_014470,development,4.0
ISCX::6821,ISCX-URL2016 Phishing,0,iscx_group_010161,development,2.0
ISCX::6822,ISCX-URL2016 Phishing,0,iscx_group_011024,test,
ISCX::6823,ISCX-URL2016 Phishing,0,iscx_group_003182,development,5.0
ISCX::6824,ISCX-URL2016 Phishing,0,iscx_group_000486,development,3.0
ISCX::6825,ISCX-URL2016 Phishing,0,iscx_group_012400,development,1.0
ISCX::6826,ISCX-URL2016 Phishing,0,iscx_group_011016,test,
ISCX::6827,ISCX-URL2016 Phishing,0,iscx_group_014098,calibration,
ISCX::6828,ISCX-URL2016 Phishing,0,iscx_group_005509,development,5.0
ISCX::6829,ISCX-URL2016 Phishing,0,iscx_group_004152,test,
ISCX::6830,ISCX-URL2016 Phishing,0,iscx_group_001636,test,
ISCX::6831,ISCX-URL2016 Phishing,0,iscx_group_010823,development,4.0
ISCX::6832,ISCX-URL2016 Phishing,0,iscx_group_009242,test,
ISCX::6833,ISCX-URL2016 Phishing,0,iscx_group_012832,development,5.0
ISCX::6834,ISCX-URL2016 Phishing,0,iscx_group_004039,development,3.0
ISCX::6835,ISCX-URL2016 Phishing,0,iscx_group_009863,development,4.0
ISCX::6836,ISCX-URL2016 Phishing,0,iscx_group_001258,development,3.0
ISCX::6837,ISCX-URL2016 Phishing,0,iscx_group_002892,calibration,
ISCX::6838,ISCX-URL2016 Phishing,0,iscx_group_012871,test,
ISCX::6839,ISCX-URL2016 Phishing,0,iscx_group_013138,development,4.0
ISCX::6840,ISCX-URL2016 Phishing,0,iscx_group_003415,calibration,
ISCX::6841,ISCX-URL2016 Phishing,0,iscx_group_008470,development,4.0
ISCX::6842,ISCX-URL2016 Phishing,0,iscx_group_000744,development,2.0
ISCX::6843,ISCX-URL2016 Phishing,0,iscx_group_012952,development,1.0
ISCX::6844,ISCX-URL2016 Phishing,0,iscx_group_009413,calibration,
ISCX::6845,ISCX-URL2016 Phishing,0,iscx_group_004695,development,5.0
ISCX::6846,ISCX-URL2016 Phishing,0,iscx_group_001914,test,
ISCX::6847,ISCX-URL2016 Phishing,0,iscx_group_014662,calibration,
ISCX::6848,ISCX-URL2016 Phishing,0,iscx_group_012211,development,3.0
ISCX::6849,ISCX-URL2016 Phishing,0,iscx_group_014136,test,
ISCX::6850,ISCX-URL2016 Phishing,0,iscx_group_013613,development,3.0
ISCX::6851,ISCX-URL2016 Phishing,0,iscx_group_006524,development,3.0
ISCX::6852,ISCX-URL2016 Phishing,0,iscx_group_000874,development,4.0
ISCX::6853,ISCX-URL2016 Phishing,0,iscx_group_007562,development,1.0
ISCX::6854,ISCX-URL2016 Phishing,0,iscx_group_000971,development,5.0
ISCX::6855,ISCX-URL2016 Phishing,0,iscx_group_014040,test,
ISCX::6856,ISCX-URL2016 Phishing,0,iscx_group_010415,development,5.0
ISCX::6857,ISCX-URL2016 Phishing,0,iscx_group_006673,test,
ISCX::6858,ISCX-URL2016 Phishing,0,iscx_group_003228,development,4.0
ISCX::6859,ISCX-URL2016 Phishing,0,iscx_group_001561,development,1.0
ISCX::6860,ISCX-URL2016 Phishing,0,iscx_group_000221,development,4.0
ISCX::6861,ISCX-URL2016 Phishing,0,iscx_group_012381,development,3.0
ISCX::6862,ISCX-URL2016 Phishing,0,iscx_group_006070,development,5.0
ISCX::6863,ISCX-URL2016 Phishing,0,iscx_group_007836,test,
ISCX::6864,ISCX-URL2016 Phishing,0,iscx_group_002497,test,
ISCX::6865,ISCX-URL2016 Phishing,0,iscx_group_009134,development,1.0
ISCX::6866,ISCX-URL2016 Phishing,0,iscx_group_001477,development,4.0
ISCX::6867,ISCX-URL2016 Phishing,0,iscx_group_014416,development,2.0
ISCX::6868,ISCX-URL2016 Phishing,0,iscx_group_005993,calibration,
ISCX::6869,ISCX-URL2016 Phishing,0,iscx_group_000533,development,5.0
ISCX::6870,ISCX-URL2016 Phishing,0,iscx_group_004129,development,3.0
ISCX::6871,ISCX-URL2016 Phishing,0,iscx_group_003074,development,5.0
ISCX::6872,ISCX-URL2016 Phishing,0,iscx_group_013591,test,
ISCX::6873,ISCX-URL2016 Phishing,0,iscx_group_000937,development,2.0
ISCX::6874,ISCX-URL2016 Phishing,0,iscx_group_007555,development,1.0
ISCX::6875,ISCX-URL2016 Phishing,0,iscx_group_008956,development,4.0
ISCX::6876,ISCX-URL2016 Phishing,0,iscx_group_006202,development,4.0
ISCX::6877,ISCX-URL2016 Phishing,0,iscx_group_007399,test,
ISCX::6878,ISCX-URL2016 Phishing,0,iscx_group_007094,development,3.0
ISCX::6879,ISCX-URL2016 Phishing,0,iscx_group_012564,development,2.0
ISCX::6880,ISCX-URL2016 Phishing,0,iscx_group_014502,development,4.0
ISCX::6881,ISCX-URL2016 Phishing,0,iscx_group_006517,development,5.0
ISCX::6882,ISCX-URL2016 Phishing,0,iscx_group_005307,calibration,
ISCX::6883,ISCX-URL2016 Phishing,0,iscx_group_003190,test,
ISCX::6884,ISCX-URL2016 Phishing,0,iscx_group_012963,development,5.0
ISCX::6885,ISCX-URL2016 Phishing,0,iscx_group_000884,development,2.0
ISCX::6886,ISCX-URL2016 Phishing,0,iscx_group_002329,development,2.0
ISCX::6887,ISCX-URL2016 Phishing,0,iscx_group_000814,test,
ISCX::6888,ISCX-URL2016 Phishing,0,iscx_group_003141,development,2.0
ISCX::6889,ISCX-URL2016 Phishing,0,iscx_group_013432,calibration,
ISCX::6890,ISCX-URL2016 Phishing,0,iscx_group_002137,calibration,
ISCX::6891,ISCX-URL2016 Phishing,0,iscx_group_004870,development,1.0
ISCX::6892,ISCX-URL2016 Phishing,0,iscx_group_000796,development,4.0
ISCX::6893,ISCX-URL2016 Phishing,0,iscx_group_009141,test,
ISCX::6894,ISCX-URL2016 Phishing,0,iscx_group_014518,development,4.0
ISCX::6895,ISCX-URL2016 Phishing,0,iscx_group_003597,test,
ISCX::6896,ISCX-URL2016 Phishing,0,iscx_group_008831,development,4.0
ISCX::6897,ISCX-URL2016 Phishing,0,iscx_group_014659,development,3.0
ISCX::6898,ISCX-URL2016 Phishing,0,iscx_group_009622,development,5.0
ISCX::6899,ISCX-URL2016 Phishing,0,iscx_group_009007,development,4.0
ISCX::6900,ISCX-URL2016 Phishing,0,iscx_group_005746,development,5.0
ISCX::6901,ISCX-URL2016 Phishing,0,iscx_group_006545,development,2.0
ISCX::6902,ISCX-URL2016 Phishing,0,iscx_group_005808,development,4.0
ISCX::6903,ISCX-URL2016 Phishing,0,iscx_group_007156,development,2.0
ISCX::6904,ISCX-URL2016 Phishing,0,iscx_group_007940,test,
ISCX::6905,ISCX-URL2016 Phishing,0,iscx_group_013150,calibration,
ISCX::6906,ISCX-URL2016 Phishing,0,iscx_group_010413,development,5.0
ISCX::6907,ISCX-URL2016 Phishing,0,iscx_group_000433,development,4.0
ISCX::6908,ISCX-URL2016 Phishing,0,iscx_group_013444,test,
ISCX::6909,ISCX-URL2016 Phishing,0,iscx_group_013382,development,4.0
ISCX::6910,ISCX-URL2016 Phishing,0,iscx_group_005714,calibration,
ISCX::6911,ISCX-URL2016 Phishing,0,iscx_group_006773,development,4.0
ISCX::6912,ISCX-URL2016 Phishing,0,iscx_group_009005,calibration,
ISCX::6913,ISCX-URL2016 Phishing,0,iscx_group_006860,development,1.0
ISCX::6914,ISCX-URL2016 Phishing,0,iscx_group_011244,development,5.0
ISCX::6915,ISCX-URL2016 Phishing,0,iscx_group_014469,development,1.0
ISCX::6916,ISCX-URL2016 Phishing,0,iscx_group_008780,calibration,
ISCX::6917,ISCX-URL2016 Phishing,0,iscx_group_014494,development,3.0
ISCX::6918,ISCX-URL2016 Phishing,0,iscx_group_013213,development,1.0
ISCX::6919,ISCX-URL2016 Phishing,0,iscx_group_004402,development,3.0
ISCX::6920,ISCX-URL2016 Phishing,0,iscx_group_012190,development,3.0
ISCX::6921,ISCX-URL2016 Phishing,0,iscx_group_005203,test,
ISCX::6922,ISCX-URL2016 Phishing,0,iscx_group_003802,development,1.0
ISCX::6923,ISCX-URL2016 Phishing,0,iscx_group_007876,development,1.0
ISCX::6924,ISCX-URL2016 Phishing,0,iscx_group_007093,test,
ISCX::6925,ISCX-URL2016 Phishing,0,iscx_group_001758,development,4.0
ISCX::6926,ISCX-URL2016 Phishing,0,iscx_group_004065,calibration,
ISCX::6927,ISCX-URL2016 Phishing,0,iscx_group_005892,test,
ISCX::6928,ISCX-URL2016 Phishing,0,iscx_group_006841,development,4.0
ISCX::6929,ISCX-URL2016 Phishing,0,iscx_group_012417,development,1.0
ISCX::6930,ISCX-URL2016 Phishing,0,iscx_group_010804,development,3.0
ISCX::6931,ISCX-URL2016 Phishing,0,iscx_group_000538,development,3.0
ISCX::6932,ISCX-URL2016 Phishing,0,iscx_group_010292,development,2.0
ISCX::6933,ISCX-URL2016 Phishing,0,iscx_group_010468,development,3.0
ISCX::6934,ISCX-URL2016 Phishing,0,iscx_group_013690,development,5.0
ISCX::6935,ISCX-URL2016 Phishing,0,iscx_group_007862,development,4.0
ISCX::6936,ISCX-URL2016 Phishing,0,iscx_group_002833,calibration,
ISCX::6937,ISCX-URL2016 Phishing,0,iscx_group_000332,development,5.0
ISCX::6938,ISCX-URL2016 Phishing,0,iscx_group_010228,development,4.0
ISCX::6939,ISCX-URL2016 Phishing,0,iscx_group_009627,calibration,
ISCX::6940,ISCX-URL2016 Phishing,0,iscx_group_000396,development,3.0
ISCX::6941,ISCX-URL2016 Phishing,0,iscx_group_004853,calibration,
ISCX::6942,ISCX-URL2016 Phishing,0,iscx_group_014487,development,3.0
ISCX::6943,ISCX-URL2016 Phishing,0,iscx_group_002618,test,
ISCX::6944,ISCX-URL2016 Phishing,0,iscx_group_011405,development,5.0
ISCX::6945,ISCX-URL2016 Phishing,0,iscx_group_007606,development,5.0
ISCX::6946,ISCX-URL2016 Phishing,0,iscx_group_013590,calibration,
ISCX::6947,ISCX-URL2016 Phishing,0,iscx_group_000902,development,3.0
ISCX::6948,ISCX-URL2016 Phishing,0,iscx_group_012216,development,1.0
ISCX::6949,ISCX-URL2016 Phishing,0,iscx_group_006103,development,4.0
ISCX::6950,ISCX-URL2016 Phishing,0,iscx_group_007803,development,3.0
ISCX::6951,ISCX-URL2016 Phishing,0,iscx_group_004101,calibration,
ISCX::6952,ISCX-URL2016 Phishing,0,iscx_group_013921,development,2.0
ISCX::6953,ISCX-URL2016 Phishing,0,iscx_group_002686,development,3.0
ISCX::6954,ISCX-URL2016 Phishing,0,iscx_group_013538,calibration,
ISCX::6955,ISCX-URL2016 Phishing,0,iscx_group_003318,development,1.0
ISCX::6956,ISCX-URL2016 Phishing,0,iscx_group_006995,development,5.0
ISCX::6957,ISCX-URL2016 Phishing,0,iscx_group_006503,development,3.0
ISCX::6958,ISCX-URL2016 Phishing,0,iscx_group_007877,development,5.0
ISCX::6959,ISCX-URL2016 Phishing,0,iscx_group_007205,test,
ISCX::6960,ISCX-URL2016 Phishing,0,iscx_group_006612,development,2.0
ISCX::6961,ISCX-URL2016 Phishing,0,iscx_group_004546,development,2.0
ISCX::6962,ISCX-URL2016 Phishing,0,iscx_group_002148,calibration,
ISCX::6963,ISCX-URL2016 Phishing,0,iscx_group_006690,test,
ISCX::6964,ISCX-URL2016 Phishing,0,iscx_group_010731,development,1.0
ISCX::6965,ISCX-URL2016 Phishing,0,iscx_group_012246,development,5.0
ISCX::6966,ISCX-URL2016 Phishing,0,iscx_group_013364,development,5.0
ISCX::6967,ISCX-URL2016 Phishing,0,iscx_group_002146,calibration,
ISCX::6968,ISCX-URL2016 Phishing,0,iscx_group_008821,test,
ISCX::6969,ISCX-URL2016 Phishing,0,iscx_group_008848,development,3.0
ISCX::6970,ISCX-URL2016 Phishing,0,iscx_group_008743,development,4.0
ISCX::6971,ISCX-URL2016 Phishing,0,iscx_group_010096,test,
ISCX::6972,ISCX-URL2016 Phishing,0,iscx_group_005103,development,1.0
ISCX::6973,ISCX-URL2016 Phishing,0,iscx_group_009971,test,
ISCX::6974,ISCX-URL2016 Phishing,0,iscx_group_008333,calibration,
ISCX::6975,ISCX-URL2016 Phishing,0,iscx_group_004232,development,2.0
ISCX::6976,ISCX-URL2016 Phishing,0,iscx_group_012827,test,
ISCX::6977,ISCX-URL2016 Phishing,0,iscx_group_005797,development,2.0
ISCX::6978,ISCX-URL2016 Phishing,0,iscx_group_011202,development,4.0
ISCX::6979,ISCX-URL2016 Phishing,0,iscx_group_005472,test,
ISCX::6980,ISCX-URL2016 Phishing,0,iscx_group_009408,development,2.0
ISCX::6981,ISCX-URL2016 Phishing,0,iscx_group_012526,development,2.0
ISCX::6982,ISCX-URL2016 Phishing,0,iscx_group_004836,test,
ISCX::6983,ISCX-URL2016 Phishing,0,iscx_group_005096,development,1.0
ISCX::6984,ISCX-URL2016 Phishing,0,iscx_group_009769,development,4.0
ISCX::6985,ISCX-URL2016 Phishing,0,iscx_group_002100,development,2.0
ISCX::6986,ISCX-URL2016 Phishing,0,iscx_group_013513,development,1.0
ISCX::6987,ISCX-URL2016 Phishing,0,iscx_group_008327,development,3.0
ISCX::6988,ISCX-URL2016 Phishing,0,iscx_group_011955,development,4.0
ISCX::6989,ISCX-URL2016 Phishing,0,iscx_group_007392,development,1.0
ISCX::6990,ISCX-URL2016 Phishing,0,iscx_group_012677,development,1.0
ISCX::6991,ISCX-URL2016 Phishing,0,iscx_group_013860,development,3.0
ISCX::6992,ISCX-URL2016 Phishing,0,iscx_group_012891,development,2.0
ISCX::6993,ISCX-URL2016 Phishing,0,iscx_group_009719,development,1.0
ISCX::6994,ISCX-URL2016 Phishing,0,iscx_group_011310,test,
ISCX::6995,ISCX-URL2016 Phishing,0,iscx_group_001386,development,4.0
ISCX::6996,ISCX-URL2016 Phishing,0,iscx_group_002516,development,3.0
ISCX::6997,ISCX-URL2016 Phishing,0,iscx_group_000226,calibration,
ISCX::6998,ISCX-URL2016 Phishing,0,iscx_group_009300,development,3.0
ISCX::6999,ISCX-URL2016 Phishing,0,iscx_group_007872,development,5.0
ISCX::7000,ISCX-URL2016 Phishing,0,iscx_group_006497,calibration,
ISCX::7001,ISCX-URL2016 Phishing,0,iscx_group_010229,development,1.0
ISCX::7002,ISCX-URL2016 Phishing,0,iscx_group_009443,development,5.0
ISCX::7003,ISCX-URL2016 Phishing,0,iscx_group_003616,development,4.0
ISCX::7004,ISCX-URL2016 Phishing,0,iscx_group_012384,calibration,
ISCX::7005,ISCX-URL2016 Phishing,0,iscx_group_001339,development,1.0
ISCX::7006,ISCX-URL2016 Phishing,0,iscx_group_010624,test,
ISCX::7007,ISCX-URL2016 Phishing,0,iscx_group_006486,development,2.0
ISCX::7008,ISCX-URL2016 Phishing,0,iscx_group_008745,test,
ISCX::7009,ISCX-URL2016 Phishing,0,iscx_group_008289,development,4.0
ISCX::7010,ISCX-URL2016 Phishing,0,iscx_group_007091,calibration,
ISCX::7011,ISCX-URL2016 Phishing,0,iscx_group_005495,development,5.0
ISCX::7012,ISCX-URL2016 Phishing,0,iscx_group_007646,calibration,
ISCX::7013,ISCX-URL2016 Phishing,0,iscx_group_000316,development,2.0
ISCX::7014,ISCX-URL2016 Phishing,0,iscx_group_001091,development,5.0
ISCX::7015,ISCX-URL2016 Phishing,0,iscx_group_008924,development,5.0
ISCX::7016,ISCX-URL2016 Phishing,0,iscx_group_011117,calibration,
ISCX::7017,ISCX-URL2016 Phishing,0,iscx_group_009537,test,
ISCX::7018,ISCX-URL2016 Phishing,0,iscx_group_007358,development,5.0
ISCX::7019,ISCX-URL2016 Phishing,0,iscx_group_002699,test,
ISCX::7020,ISCX-URL2016 Phishing,0,iscx_group_001601,development,1.0
ISCX::7021,ISCX-URL2016 Phishing,0,iscx_group_004167,development,5.0
ISCX::7022,ISCX-URL2016 Phishing,0,iscx_group_000719,development,3.0
ISCX::7023,ISCX-URL2016 Phishing,0,iscx_group_008368,development,5.0
ISCX::7024,ISCX-URL2016 Phishing,0,iscx_group_006474,test,
ISCX::7025,ISCX-URL2016 Phishing,0,iscx_group_004282,development,5.0
ISCX::7026,ISCX-URL2016 Phishing,0,iscx_group_013137,development,5.0
ISCX::7027,ISCX-URL2016 Phishing,0,iscx_group_005729,development,4.0
ISCX::7028,ISCX-URL2016 Phishing,0,iscx_group_007865,development,5.0
ISCX::7029,ISCX-URL2016 Phishing,0,iscx_group_005043,test,
ISCX::7030,ISCX-URL2016 Phishing,0,iscx_group_011423,development,5.0
ISCX::7031,ISCX-URL2016 Phishing,0,iscx_group_006211,test,
ISCX::7032,ISCX-URL2016 Phishing,0,iscx_group_008427,development,5.0
ISCX::7033,ISCX-URL2016 Phishing,0,iscx_group_012980,development,3.0
ISCX::7034,ISCX-URL2016 Phishing,0,iscx_group_009661,development,5.0
ISCX::7035,ISCX-URL2016 Phishing,0,iscx_group_013736,test,
ISCX::7036,ISCX-URL2016 Phishing,0,iscx_group_002817,development,5.0
ISCX::7037,ISCX-URL2016 Phishing,0,iscx_group_001005,development,1.0
ISCX::7038,ISCX-URL2016 Phishing,0,iscx_group_003644,test,
ISCX::7039,ISCX-URL2016 Phishing,0,iscx_group_013872,calibration,
ISCX::7040,ISCX-URL2016 Phishing,0,iscx_group_012510,development,2.0
ISCX::7041,ISCX-URL2016 Phishing,0,iscx_group_001061,development,5.0
ISCX::7042,ISCX-URL2016 Phishing,0,iscx_group_010539,calibration,
ISCX::7043,ISCX-URL2016 Phishing,0,iscx_group_002624,calibration,
ISCX::7044,ISCX-URL2016 Phishing,0,iscx_group_005953,development,5.0
ISCX::7045,ISCX-URL2016 Phishing,0,iscx_group_012372,development,2.0
ISCX::7046,ISCX-URL2016 Phishing,0,iscx_group_003367,development,3.0
ISCX::7047,ISCX-URL2016 Phishing,0,iscx_group_000751,development,5.0
ISCX::7048,ISCX-URL2016 Phishing,0,iscx_group_005088,calibration,
ISCX::7049,ISCX-URL2016 Phishing,0,iscx_group_001926,test,
ISCX::7050,ISCX-URL2016 Phishing,0,iscx_group_011040,development,5.0
ISCX::7051,ISCX-URL2016 Phishing,0,iscx_group_007512,development,2.0
ISCX::7052,ISCX-URL2016 Phishing,0,iscx_group_006684,development,1.0
ISCX::7053,ISCX-URL2016 Phishing,0,iscx_group_012124,development,3.0
ISCX::7054,ISCX-URL2016 Phishing,0,iscx_group_010340,development,2.0
ISCX::7055,ISCX-URL2016 Phishing,0,iscx_group_003579,test,
ISCX::7056,ISCX-URL2016 Phishing,0,iscx_group_006793,development,3.0
ISCX::7057,ISCX-URL2016 Phishing,0,iscx_group_011651,calibration,
ISCX::7058,ISCX-URL2016 Phishing,0,iscx_group_003109,development,3.0
ISCX::7059,ISCX-URL2016 Phishing,0,iscx_group_008664,development,2.0
ISCX::7060,ISCX-URL2016 Phishing,0,iscx_group_005474,development,1.0
ISCX::7061,ISCX-URL2016 Phishing,0,iscx_group_010401,development,4.0
ISCX::7062,ISCX-URL2016 Phishing,0,iscx_group_009830,calibration,
ISCX::7063,ISCX-URL2016 Phishing,0,iscx_group_003519,development,5.0
ISCX::7064,ISCX-URL2016 Phishing,0,iscx_group_014600,development,3.0
ISCX::7065,ISCX-URL2016 Phishing,0,iscx_group_001559,development,1.0
ISCX::7066,ISCX-URL2016 Phishing,0,iscx_group_005794,development,5.0
ISCX::7067,ISCX-URL2016 Phishing,0,iscx_group_014276,test,
ISCX::7068,ISCX-URL2016 Phishing,0,iscx_group_004107,development,4.0
ISCX::7069,ISCX-URL2016 Phishing,0,iscx_group_012679,development,5.0
ISCX::7070,ISCX-URL2016 Phishing,0,iscx_group_012166,development,5.0
ISCX::7071,ISCX-URL2016 Phishing,0,iscx_group_001517,development,2.0
ISCX::7072,ISCX-URL2016 Phishing,0,iscx_group_007807,development,1.0
ISCX::7073,ISCX-URL2016 Phishing,0,iscx_group_013853,development,2.0
ISCX::7074,ISCX-URL2016 Phishing,0,iscx_group_011383,test,
ISCX::7075,ISCX-URL2016 Phishing,0,iscx_group_001931,development,1.0
ISCX::7076,ISCX-URL2016 Phishing,0,iscx_group_012595,development,1.0
ISCX::7077,ISCX-URL2016 Phishing,0,iscx_group_002365,development,2.0
ISCX::7078,ISCX-URL2016 Phishing,0,iscx_group_013156,development,1.0
ISCX::7079,ISCX-URL2016 Phishing,0,iscx_group_006573,test,
ISCX::7080,ISCX-URL2016 Phishing,0,iscx_group_003921,development,5.0
ISCX::7081,ISCX-URL2016 Phishing,0,iscx_group_014365,development,3.0
ISCX::7082,ISCX-URL2016 Phishing,0,iscx_group_003254,test,
ISCX::7083,ISCX-URL2016 Phishing,0,iscx_group_003081,development,4.0
ISCX::7084,ISCX-URL2016 Phishing,0,iscx_group_005241,test,
ISCX::7085,ISCX-URL2016 Phishing,0,iscx_group_010128,calibration,
ISCX::7086,ISCX-URL2016 Phishing,0,iscx_group_003744,test,
ISCX::7087,ISCX-URL2016 Phishing,0,iscx_group_008787,development,5.0
ISCX::7088,ISCX-URL2016 Phishing,0,iscx_group_000586,test,
ISCX::7089,ISCX-URL2016 Phishing,0,iscx_group_012140,calibration,
ISCX::7090,ISCX-URL2016 Phishing,0,iscx_group_008049,development,2.0
ISCX::7091,ISCX-URL2016 Phishing,0,iscx_group_003672,development,1.0
ISCX::7092,ISCX-URL2016 Phishing,0,iscx_group_006883,test,
ISCX::7093,ISCX-URL2016 Phishing,0,iscx_group_009682,development,4.0
ISCX::7094,ISCX-URL2016 Phishing,0,iscx_group_005803,development,4.0
ISCX::7095,ISCX-URL2016 Phishing,0,iscx_group_009886,development,2.0
ISCX::7096,ISCX-URL2016 Phishing,0,iscx_group_009426,development,5.0
ISCX::7097,ISCX-URL2016 Phishing,0,iscx_group_009816,development,1.0
ISCX::7098,ISCX-URL2016 Phishing,0,iscx_group_005785,test,
ISCX::7099,ISCX-URL2016 Phishing,0,iscx_group_001987,development,4.0
ISCX::7100,ISCX-URL2016 Phishing,0,iscx_group_004468,calibration,
ISCX::7101,ISCX-URL2016 Phishing,0,iscx_group_012087,calibration,
ISCX::7102,ISCX-URL2016 Phishing,0,iscx_group_012914,calibration,
ISCX::7103,ISCX-URL2016 Phishing,0,iscx_group_013465,development,2.0
ISCX::7104,ISCX-URL2016 Phishing,0,iscx_group_011373,development,3.0
ISCX::7105,ISCX-URL2016 Phishing,0,iscx_group_000592,calibration,
ISCX::7106,ISCX-URL2016 Phishing,0,iscx_group_008747,development,1.0
ISCX::7107,ISCX-URL2016 Phishing,0,iscx_group_012926,development,5.0
ISCX::7108,ISCX-URL2016 Phishing,0,iscx_group_007806,development,4.0
ISCX::7109,ISCX-URL2016 Phishing,0,iscx_group_000081,calibration,
ISCX::7110,ISCX-URL2016 Phishing,0,iscx_group_009510,development,3.0
ISCX::7111,ISCX-URL2016 Phishing,0,iscx_group_013576,development,4.0
ISCX::7112,ISCX-URL2016 Phishing,0,iscx_group_000310,calibration,
ISCX::7113,ISCX-URL2016 Phishing,0,iscx_group_005463,development,2.0
ISCX::7114,ISCX-URL2016 Phishing,0,iscx_group_011064,development,2.0
ISCX::7115,ISCX-URL2016 Phishing,0,iscx_group_002991,calibration,
ISCX::7116,ISCX-URL2016 Phishing,0,iscx_group_012907,test,
ISCX::7117,ISCX-URL2016 Phishing,0,iscx_group_007784,development,1.0
ISCX::7118,ISCX-URL2016 Phishing,0,iscx_group_001151,calibration,
ISCX::7119,ISCX-URL2016 Phishing,0,iscx_group_004144,development,3.0
ISCX::7120,ISCX-URL2016 Phishing,0,iscx_group_011001,development,3.0
ISCX::7121,ISCX-URL2016 Phishing,0,iscx_group_012035,test,
ISCX::7122,ISCX-URL2016 Phishing,0,iscx_group_001888,test,
ISCX::7123,ISCX-URL2016 Phishing,0,iscx_group_001105,test,
ISCX::7124,ISCX-URL2016 Phishing,0,iscx_group_006380,development,1.0
ISCX::7125,ISCX-URL2016 Phishing,0,iscx_group_001252,test,
ISCX::7126,ISCX-URL2016 Phishing,0,iscx_group_006627,development,3.0
ISCX::7127,ISCX-URL2016 Phishing,0,iscx_group_007432,development,4.0
ISCX::7128,ISCX-URL2016 Phishing,0,iscx_group_001675,development,4.0
ISCX::7129,ISCX-URL2016 Phishing,0,iscx_group_005898,development,1.0
ISCX::7130,ISCX-URL2016 Phishing,0,iscx_group_013834,test,
ISCX::7131,ISCX-URL2016 Phishing,0,iscx_group_010371,calibration,
ISCX::7132,ISCX-URL2016 Phishing,0,iscx_group_009704,development,5.0
ISCX::7133,ISCX-URL2016 Phishing,0,iscx_group_000345,test,
ISCX::7134,ISCX-URL2016 Phishing,0,iscx_group_011201,development,3.0
ISCX::7135,ISCX-URL2016 Phishing,0,iscx_group_001476,development,4.0
ISCX::7136,ISCX-URL2016 Phishing,0,iscx_group_009331,development,3.0
ISCX::7137,ISCX-URL2016 Phishing,0,iscx_group_002423,calibration,
ISCX::7138,ISCX-URL2016 Phishing,0,iscx_group_004163,test,
ISCX::7139,ISCX-URL2016 Phishing,0,iscx_group_005294,development,4.0
ISCX::7140,ISCX-URL2016 Phishing,0,iscx_group_011143,test,
ISCX::7141,ISCX-URL2016 Phishing,0,iscx_group_010979,calibration,
ISCX::7142,ISCX-URL2016 Phishing,0,iscx_group_001939,development,3.0
ISCX::7143,ISCX-URL2016 Phishing,0,iscx_group_003003,test,
ISCX::7144,ISCX-URL2016 Phishing,0,iscx_group_003252,calibration,
ISCX::7145,ISCX-URL2016 Phishing,0,iscx_group_007006,development,1.0
ISCX::7146,ISCX-URL2016 Phishing,0,iscx_group_005493,development,4.0
ISCX::7147,ISCX-URL2016 Phishing,0,iscx_group_007179,calibration,
ISCX::7148,ISCX-URL2016 Phishing,0,iscx_group_014382,development,5.0
ISCX::7149,ISCX-URL2016 Phishing,0,iscx_group_006453,test,
ISCX::7150,ISCX-URL2016 Phishing,0,iscx_group_013652,development,1.0
ISCX::7151,ISCX-URL2016 Phishing,0,iscx_group_003176,test,
ISCX::7152,ISCX-URL2016 Phishing,0,iscx_group_004936,development,2.0
ISCX::7153,ISCX-URL2016 Phishing,0,iscx_group_003521,development,2.0
ISCX::7154,ISCX-URL2016 Phishing,0,iscx_group_013886,development,5.0
ISCX::7155,ISCX-URL2016 Phishing,0,iscx_group_009147,development,4.0
ISCX::7156,ISCX-URL2016 Phishing,0,iscx_group_008494,development,5.0
ISCX::7157,ISCX-URL2016 Phishing,0,iscx_group_010402,development,4.0
ISCX::7158,ISCX-URL2016 Phishing,0,iscx_group_000759,development,2.0
ISCX::7159,ISCX-URL2016 Phishing,0,iscx_group_003990,development,3.0
ISCX::7160,ISCX-URL2016 Phishing,0,iscx_group_005295,development,2.0
ISCX::7161,ISCX-URL2016 Phishing,0,iscx_group_007054,development,2.0
ISCX::7162,ISCX-URL2016 Phishing,0,iscx_group_002195,test,
ISCX::7163,ISCX-URL2016 Phishing,0,iscx_group_001457,test,
ISCX::7164,ISCX-URL2016 Phishing,0,iscx_group_008259,test,
ISCX::7165,ISCX-URL2016 Phishing,0,iscx_group_003991,development,5.0
ISCX::7166,ISCX-URL2016 Phishing,0,iscx_group_005029,development,4.0
ISCX::7167,ISCX-URL2016 Phishing,0,iscx_group_005907,development,4.0
ISCX::7168,ISCX-URL2016 Phishing,0,iscx_group_000437,development,1.0
ISCX::7169,ISCX-URL2016 Phishing,0,iscx_group_011334,development,3.0
ISCX::7170,ISCX-URL2016 Phishing,0,iscx_group_001092,development,3.0
ISCX::7171,ISCX-URL2016 Phishing,0,iscx_group_001084,test,
ISCX::7172,ISCX-URL2016 Phishing,0,iscx_group_008300,development,5.0
ISCX::7173,ISCX-URL2016 Phishing,0,iscx_group_003555,calibration,
ISCX::7174,ISCX-URL2016 Phishing,0,iscx_group_010258,development,2.0
ISCX::7175,ISCX-URL2016 Phishing,0,iscx_group_000070,test,
ISCX::7176,ISCX-URL2016 Phishing,0,iscx_group_010524,calibration,
ISCX::7177,ISCX-URL2016 Phishing,0,iscx_group_011982,development,2.0
ISCX::7178,ISCX-URL2016 Phishing,0,iscx_group_002026,development,1.0
ISCX::7179,ISCX-URL2016 Phishing,0,iscx_group_008902,development,1.0
ISCX::7180,ISCX-URL2016 Phishing,0,iscx_group_014454,development,3.0
ISCX::7181,ISCX-URL2016 Phishing,0,iscx_group_000571,development,1.0
ISCX::7182,ISCX-URL2016 Phishing,0,iscx_group_009328,test,
ISCX::7183,ISCX-URL2016 Phishing,0,iscx_group_001718,development,3.0
ISCX::7184,ISCX-URL2016 Phishing,0,iscx_group_008626,calibration,
ISCX::7185,ISCX-URL2016 Phishing,0,iscx_group_006110,development,2.0
ISCX::7186,ISCX-URL2016 Phishing,0,iscx_group_013493,development,1.0
ISCX::7187,ISCX-URL2016 Phishing,0,iscx_group_001689,test,
ISCX::7188,ISCX-URL2016 Phishing,0,iscx_group_010153,calibration,
ISCX::7189,ISCX-URL2016 Phishing,0,iscx_group_008797,calibration,
ISCX::7190,ISCX-URL2016 Phishing,0,iscx_group_000764,development,3.0
ISCX::7191,ISCX-URL2016 Phishing,0,iscx_group_000681,calibration,
ISCX::7192,ISCX-URL2016 Phishing,0,iscx_group_005821,test,
ISCX::7193,ISCX-URL2016 Phishing,0,iscx_group_001356,calibration,
ISCX::7194,ISCX-URL2016 Phishing,0,iscx_group_008277,development,5.0
ISCX::7195,ISCX-URL2016 Phishing,0,iscx_group_014585,calibration,
ISCX::7196,ISCX-URL2016 Phishing,0,iscx_group_012078,test,
ISCX::7197,ISCX-URL2016 Phishing,0,iscx_group_003215,development,3.0
ISCX::7198,ISCX-URL2016 Phishing,0,iscx_group_005042,development,4.0
ISCX::7199,ISCX-URL2016 Phishing,0,iscx_group_010914,development,4.0
ISCX::7200,ISCX-URL2016 Phishing,0,iscx_group_001857,development,5.0
ISCX::7201,ISCX-URL2016 Phishing,0,iscx_group_009140,test,
ISCX::7202,ISCX-URL2016 Phishing,0,iscx_group_008757,development,5.0
ISCX::7203,ISCX-URL2016 Phishing,0,iscx_group_004599,development,5.0
ISCX::7204,ISCX-URL2016 Phishing,0,iscx_group_004949,development,4.0
ISCX::7205,ISCX-URL2016 Phishing,0,iscx_group_003601,development,1.0
ISCX::7206,ISCX-URL2016 Phishing,0,iscx_group_009475,development,4.0
ISCX::7207,ISCX-URL2016 Phishing,0,iscx_group_000322,development,5.0
ISCX::7208,ISCX-URL2016 Phishing,0,iscx_group_001930,calibration,
ISCX::7209,ISCX-URL2016 Phishing,0,iscx_group_009674,development,4.0
ISCX::7210,ISCX-URL2016 Phishing,0,iscx_group_001556,development,1.0
ISCX::7211,ISCX-URL2016 Phishing,0,iscx_group_014492,development,3.0
ISCX::7212,ISCX-URL2016 Phishing,0,iscx_group_012638,development,4.0
ISCX::7213,ISCX-URL2016 Phishing,0,iscx_group_013099,development,3.0
ISCX::7214,ISCX-URL2016 Phishing,0,iscx_group_003085,development,5.0
ISCX::7215,ISCX-URL2016 Phishing,0,iscx_group_005916,calibration,
ISCX::7216,ISCX-URL2016 Phishing,0,iscx_group_002664,development,2.0
ISCX::7217,ISCX-URL2016 Phishing,0,iscx_group_009550,development,4.0
ISCX::7218,ISCX-URL2016 Phishing,0,iscx_group_011052,test,
ISCX::7219,ISCX-URL2016 Phishing,0,iscx_group_011785,development,4.0
ISCX::7220,ISCX-URL2016 Phishing,0,iscx_group_010748,development,1.0
ISCX::7221,ISCX-URL2016 Phishing,0,iscx_group_005391,development,5.0
ISCX::7222,ISCX-URL2016 Phishing,0,iscx_group_004115,development,3.0
ISCX::7223,ISCX-URL2016 Phishing,0,iscx_group_006496,test,
ISCX::7224,ISCX-URL2016 Phishing,0,iscx_group_005487,development,3.0
ISCX::7225,ISCX-URL2016 Phishing,0,iscx_group_013251,development,3.0
ISCX::7226,ISCX-URL2016 Phishing,0,iscx_group_010436,development,5.0
ISCX::7227,ISCX-URL2016 Phishing,0,iscx_group_001563,development,5.0
ISCX::7228,ISCX-URL2016 Phishing,0,iscx_group_008982,development,3.0
ISCX::7229,ISCX-URL2016 Phishing,0,iscx_group_008948,development,3.0
ISCX::7230,ISCX-URL2016 Phishing,0,iscx_group_014214,development,3.0
ISCX::7231,ISCX-URL2016 Phishing,0,iscx_group_006644,development,1.0
ISCX::7232,ISCX-URL2016 Phishing,0,iscx_group_000881,calibration,
ISCX::7233,ISCX-URL2016 Phishing,0,iscx_group_004324,calibration,
ISCX::7234,ISCX-URL2016 Phishing,0,iscx_group_007375,test,
ISCX::7235,ISCX-URL2016 Phishing,0,iscx_group_007715,development,2.0
ISCX::7236,ISCX-URL2016 Phishing,0,iscx_group_007703,development,3.0
ISCX::7237,ISCX-URL2016 Phishing,0,iscx_group_001518,development,2.0
ISCX::7238,ISCX-URL2016 Phishing,0,iscx_group_000229,development,2.0
ISCX::7239,ISCX-URL2016 Phishing,0,iscx_group_010329,development,1.0
ISCX::7240,ISCX-URL2016 Phishing,0,iscx_group_003388,calibration,
ISCX::7241,ISCX-URL2016 Phishing,0,iscx_group_006930,development,1.0
ISCX::7242,ISCX-URL2016 Phishing,0,iscx_group_009998,development,2.0
ISCX::7243,ISCX-URL2016 Phishing,0,iscx_group_010141,test,
ISCX::7244,ISCX-URL2016 Phishing,0,iscx_group_003909,development,2.0
ISCX::7245,ISCX-URL2016 Phishing,0,iscx_group_011967,development,4.0
ISCX::7246,ISCX-URL2016 Phishing,0,iscx_group_007335,development,3.0
ISCX::7247,ISCX-URL2016 Phishing,0,iscx_group_000106,development,1.0
ISCX::7248,ISCX-URL2016 Phishing,0,iscx_group_013472,development,4.0
ISCX::7249,ISCX-URL2016 Phishing,0,iscx_group_008122,development,4.0
ISCX::7250,ISCX-URL2016 Phishing,0,iscx_group_001988,development,3.0
ISCX::7251,ISCX-URL2016 Phishing,0,iscx_group_007481,development,4.0
ISCX::7252,ISCX-URL2016 Phishing,0,iscx_group_010627,development,4.0
ISCX::7253,ISCX-URL2016 Phishing,0,iscx_group_002086,development,4.0
ISCX::7254,ISCX-URL2016 Phishing,0,iscx_group_013595,development,2.0
ISCX::7255,ISCX-URL2016 Phishing,0,iscx_group_010404,development,3.0
ISCX::7256,ISCX-URL2016 Phishing,0,iscx_group_014330,development,5.0
ISCX::7257,ISCX-URL2016 Phishing,0,iscx_group_001745,development,5.0
ISCX::7258,ISCX-URL2016 Phishing,0,iscx_group_011647,development,1.0
ISCX::7259,ISCX-URL2016 Phishing,0,iscx_group_001814,development,1.0
ISCX::7260,ISCX-URL2016 Phishing,0,iscx_group_004779,development,5.0
ISCX::7261,ISCX-URL2016 Phishing,0,iscx_group_011066,test,
ISCX::7262,ISCX-URL2016 Phishing,0,iscx_group_005047,development,5.0
ISCX::7263,ISCX-URL2016 Phishing,0,iscx_group_001313,development,3.0
ISCX::7264,ISCX-URL2016 Phishing,0,iscx_group_008585,development,2.0
ISCX::7265,ISCX-URL2016 Phishing,0,iscx_group_013700,development,4.0
ISCX::7266,ISCX-URL2016 Phishing,0,iscx_group_010483,development,5.0
ISCX::7267,ISCX-URL2016 Phishing,0,iscx_group_000877,development,4.0
ISCX::7268,ISCX-URL2016 Phishing,0,iscx_group_009972,development,2.0
ISCX::7269,ISCX-URL2016 Phishing,0,iscx_group_013035,development,2.0
ISCX::7270,ISCX-URL2016 Phishing,0,iscx_group_014068,development,4.0
ISCX::7271,ISCX-URL2016 Phishing,0,iscx_group_013338,development,2.0
ISCX::7272,ISCX-URL2016 Phishing,0,iscx_group_001020,development,2.0
ISCX::7273,ISCX-URL2016 Phishing,0,iscx_group_004694,development,2.0
ISCX::7274,ISCX-URL2016 Phishing,0,iscx_group_007809,development,3.0
ISCX::7275,ISCX-URL2016 Phishing,0,iscx_group_002709,development,1.0
ISCX::7276,ISCX-URL2016 Phishing,0,iscx_group_000683,development,1.0
ISCX::7277,ISCX-URL2016 Phishing,0,iscx_group_003919,calibration,
ISCX::7278,ISCX-URL2016 Phishing,0,iscx_group_001046,calibration,
ISCX::7279,ISCX-URL2016 Phishing,0,iscx_group_002185,development,3.0
ISCX::7280,ISCX-URL2016 Phishing,0,iscx_group_008922,test,
ISCX::7281,ISCX-URL2016 Phishing,0,iscx_group_009103,test,
ISCX::7282,ISCX-URL2016 Phishing,0,iscx_group_011560,development,2.0
ISCX::7283,ISCX-URL2016 Phishing,0,iscx_group_004130,development,3.0
ISCX::7284,ISCX-URL2016 Phishing,0,iscx_group_001544,calibration,
ISCX::7285,ISCX-URL2016 Phishing,0,iscx_group_013713,development,1.0
ISCX::7286,ISCX-URL2016 Phishing,0,iscx_group_004487,development,1.0
ISCX::7287,ISCX-URL2016 Phishing,0,iscx_group_009996,development,4.0
ISCX::7288,ISCX-URL2016 Phishing,0,iscx_group_012925,development,5.0
ISCX::7289,ISCX-URL2016 Phishing,0,iscx_group_014685,development,2.0
ISCX::7290,ISCX-URL2016 Phishing,0,iscx_group_007538,calibration,
ISCX::7291,ISCX-URL2016 Phishing,0,iscx_group_011853,development,3.0
ISCX::7292,ISCX-URL2016 Phishing,0,iscx_group_005705,development,1.0
ISCX::7293,ISCX-URL2016 Phishing,0,iscx_group_006449,calibration,
ISCX::7294,ISCX-URL2016 Phishing,0,iscx_group_010302,development,4.0
ISCX::7295,ISCX-URL2016 Phishing,0,iscx_group_013500,development,4.0
ISCX::7296,ISCX-URL2016 Phishing,0,iscx_group_006797,development,2.0
ISCX::7297,ISCX-URL2016 Phishing,0,iscx_group_004524,development,4.0
ISCX::7298,ISCX-URL2016 Phishing,0,iscx_group_009810,calibration,
ISCX::7299,ISCX-URL2016 Phishing,0,iscx_group_011368,development,1.0
ISCX::7300,ISCX-URL2016 Phishing,0,iscx_group_002435,development,1.0
ISCX::7301,ISCX-URL2016 Phishing,0,iscx_group_004797,development,5.0
ISCX::7302,ISCX-URL2016 Phishing,0,iscx_group_006953,development,2.0
ISCX::7303,ISCX-URL2016 Phishing,0,iscx_group_004633,development,1.0
ISCX::7304,ISCX-URL2016 Phishing,0,iscx_group_003393,development,2.0
ISCX::7305,ISCX-URL2016 Phishing,0,iscx_group_001755,test,
ISCX::7306,ISCX-URL2016 Phishing,0,iscx_group_008527,development,1.0
ISCX::7307,ISCX-URL2016 Phishing,0,iscx_group_014550,development,1.0
ISCX::7308,ISCX-URL2016 Phishing,0,iscx_group_010188,calibration,
ISCX::7309,ISCX-URL2016 Phishing,0,iscx_group_007437,development,5.0
ISCX::7310,ISCX-URL2016 Phishing,0,iscx_group_000696,test,
ISCX::7311,ISCX-URL2016 Phishing,0,iscx_group_014439,development,3.0
ISCX::7312,ISCX-URL2016 Phishing,0,iscx_group_008303,development,3.0
ISCX::7313,ISCX-URL2016 Phishing,0,iscx_group_013388,development,5.0
ISCX::7314,ISCX-URL2016 Phishing,0,iscx_group_013620,development,2.0
ISCX::7315,ISCX-URL2016 Phishing,0,iscx_group_014565,development,4.0
ISCX::7316,ISCX-URL2016 Phishing,0,iscx_group_007368,development,2.0
ISCX::7317,ISCX-URL2016 Phishing,0,iscx_group_009430,development,5.0
ISCX::7318,ISCX-URL2016 Phishing,0,iscx_group_007744,test,
ISCX::7319,ISCX-URL2016 Phishing,0,iscx_group_011816,development,4.0
ISCX::7320,ISCX-URL2016 Phishing,0,iscx_group_002450,development,5.0
ISCX::7321,ISCX-URL2016 Phishing,0,iscx_group_004295,development,4.0
ISCX::7322,ISCX-URL2016 Phishing,0,iscx_group_011407,development,1.0
ISCX::7323,ISCX-URL2016 Phishing,0,iscx_group_003115,test,
ISCX::7324,ISCX-URL2016 Phishing,0,iscx_group_001894,test,
ISCX::7325,ISCX-URL2016 Phishing,0,iscx_group_010919,development,4.0
ISCX::7326,ISCX-URL2016 Phishing,0,iscx_group_010262,development,5.0
ISCX::7327,ISCX-URL2016 Phishing,0,iscx_group_006091,test,
ISCX::7328,ISCX-URL2016 Phishing,0,iscx_group_014673,development,5.0
ISCX::7329,ISCX-URL2016 Phishing,0,iscx_group_004568,calibration,
ISCX::7330,ISCX-URL2016 Phishing,0,iscx_group_008222,calibration,
ISCX::7331,ISCX-URL2016 Phishing,0,iscx_group_002181,development,4.0
ISCX::7332,ISCX-URL2016 Phishing,0,iscx_group_005605,development,4.0
ISCX::7333,ISCX-URL2016 Phishing,0,iscx_group_012410,test,
ISCX::7334,ISCX-URL2016 Phishing,0,iscx_group_008064,test,
ISCX::7335,ISCX-URL2016 Phishing,0,iscx_group_007310,development,5.0
ISCX::7336,ISCX-URL2016 Phishing,0,iscx_group_003125,test,
ISCX::7337,ISCX-URL2016 Phishing,0,iscx_group_010295,test,
ISCX::7338,ISCX-URL2016 Phishing,0,iscx_group_001741,development,3.0
ISCX::7339,ISCX-URL2016 Phishing,0,iscx_group_002478,development,1.0
ISCX::7340,ISCX-URL2016 Phishing,0,iscx_group_006548,development,3.0
ISCX::7341,ISCX-URL2016 Phishing,0,iscx_group_007587,development,1.0
ISCX::7342,ISCX-URL2016 Phishing,0,iscx_group_010046,development,2.0
ISCX::7343,ISCX-URL2016 Phishing,0,iscx_group_005816,calibration,
ISCX::7344,ISCX-URL2016 Phishing,0,iscx_group_010085,calibration,
ISCX::7345,ISCX-URL2016 Phishing,0,iscx_group_004962,development,5.0
ISCX::7346,ISCX-URL2016 Phishing,0,iscx_group_014314,test,
ISCX::7347,ISCX-URL2016 Phishing,0,iscx_group_011621,development,3.0
ISCX::7348,ISCX-URL2016 Phishing,0,iscx_group_000628,development,3.0
ISCX::7349,ISCX-URL2016 Phishing,0,iscx_group_009520,development,2.0
ISCX::7350,ISCX-URL2016 Phishing,0,iscx_group_002635,test,
ISCX::7351,ISCX-URL2016 Phishing,0,iscx_group_013057,development,5.0
ISCX::7352,ISCX-URL2016 Phishing,0,iscx_group_011613,development,3.0
ISCX::7353,ISCX-URL2016 Phishing,0,iscx_group_013916,development,3.0
ISCX::7354,ISCX-URL2016 Phishing,0,iscx_group_009959,calibration,
ISCX::7355,ISCX-URL2016 Phishing,0,iscx_group_001661,development,5.0
ISCX::7356,ISCX-URL2016 Phishing,0,iscx_group_011532,development,3.0
ISCX::7357,ISCX-URL2016 Phishing,0,iscx_group_009896,test,
ISCX::7358,ISCX-URL2016 Phishing,0,iscx_group_002646,development,5.0
ISCX::7359,ISCX-URL2016 Phishing,0,iscx_group_005856,test,
ISCX::7360,ISCX-URL2016 Phishing,0,iscx_group_009143,test,
ISCX::7361,ISCX-URL2016 Phishing,0,iscx_group_007577,development,1.0
ISCX::7362,ISCX-URL2016 Phishing,0,iscx_group_002549,development,3.0
ISCX::7363,ISCX-URL2016 Phishing,0,iscx_group_004502,development,3.0
ISCX::7364,ISCX-URL2016 Phishing,0,iscx_group_006714,calibration,
ISCX::7365,ISCX-URL2016 Phishing,0,iscx_group_010238,test,
ISCX::7366,ISCX-URL2016 Phishing,0,iscx_group_013280,development,4.0
ISCX::7367,ISCX-URL2016 Phishing,0,iscx_group_006171,development,5.0
ISCX::7368,ISCX-URL2016 Phishing,0,iscx_group_012552,development,2.0
ISCX::7369,ISCX-URL2016 Phishing,0,iscx_group_014593,development,1.0
ISCX::7370,ISCX-URL2016 Phishing,0,iscx_group_013461,development,3.0
ISCX::7371,ISCX-URL2016 Phishing,0,iscx_group_014247,test,
ISCX::7372,ISCX-URL2016 Phishing,0,iscx_group_009656,development,1.0
ISCX::7373,ISCX-URL2016 Phishing,0,iscx_group_008491,development,1.0
ISCX::7374,ISCX-URL2016 Phishing,0,iscx_group_003790,development,4.0
ISCX::7375,ISCX-URL2016 Phishing,0,iscx_group_007826,development,1.0
ISCX::7376,ISCX-URL2016 Phishing,0,iscx_group_005582,development,5.0
ISCX::7377,ISCX-URL2016 Phishing,0,iscx_group_013810,development,3.0
ISCX::7378,ISCX-URL2016 Phishing,0,iscx_group_009812,test,
ISCX::7379,ISCX-URL2016 Phishing,0,iscx_group_009572,development,2.0
ISCX::7380,ISCX-URL2016 Phishing,0,iscx_group_001839,development,1.0
ISCX::7381,ISCX-URL2016 Phishing,0,iscx_group_012880,calibration,
ISCX::7382,ISCX-URL2016 Phishing,0,iscx_group_005936,development,5.0
ISCX::7383,ISCX-URL2016 Phishing,0,iscx_group_005018,development,4.0
ISCX::7384,ISCX-URL2016 Phishing,0,iscx_group_012946,development,1.0
ISCX::7385,ISCX-URL2016 Phishing,0,iscx_group_000469,development,3.0
ISCX::7386,ISCX-URL2016 Phishing,0,iscx_group_006215,development,5.0
ISCX::7387,ISCX-URL2016 Phishing,0,iscx_group_008933,development,2.0
ISCX::7388,ISCX-URL2016 Phishing,0,iscx_group_008311,test,
ISCX::7389,ISCX-URL2016 Phishing,0,iscx_group_003564,development,4.0
ISCX::7390,ISCX-URL2016 Phishing,0,iscx_group_001028,development,3.0
ISCX::7391,ISCX-URL2016 Phishing,0,iscx_group_006477,test,
ISCX::7392,ISCX-URL2016 Phishing,0,iscx_group_001342,development,2.0
ISCX::7393,ISCX-URL2016 Phishing,0,iscx_group_013402,development,5.0
ISCX::7394,ISCX-URL2016 Phishing,0,iscx_group_006728,development,3.0
ISCX::7395,ISCX-URL2016 Phishing,0,iscx_group_001945,development,4.0
ISCX::7396,ISCX-URL2016 Phishing,0,iscx_group_002002,development,5.0
ISCX::7397,ISCX-URL2016 Phishing,0,iscx_group_003270,development,2.0
ISCX::7398,ISCX-URL2016 Phishing,0,iscx_group_012186,development,2.0
ISCX::7399,ISCX-URL2016 Phishing,0,iscx_group_004311,development,5.0
ISCX::7400,ISCX-URL2016 Phishing,0,iscx_group_007852,test,
ISCX::7401,ISCX-URL2016 Phishing,0,iscx_group_012927,development,5.0
ISCX::7402,ISCX-URL2016 Phishing,0,iscx_group_001542,test,
ISCX::7403,ISCX-URL2016 Phishing,0,iscx_group_007430,development,1.0
ISCX::7404,ISCX-URL2016 Phishing,0,iscx_group_011147,development,1.0
ISCX::7405,ISCX-URL2016 Phishing,0,iscx_group_011463,development,3.0
ISCX::7406,ISCX-URL2016 Phishing,0,iscx_group_001220,development,2.0
ISCX::7407,ISCX-URL2016 Phishing,0,iscx_group_001349,development,1.0
ISCX::7408,ISCX-URL2016 Phishing,0,iscx_group_007839,test,
ISCX::7409,ISCX-URL2016 Phishing,0,iscx_group_006833,development,2.0
ISCX::7410,ISCX-URL2016 Phishing,0,iscx_group_008231,calibration,
ISCX::7411,ISCX-URL2016 Phishing,0,iscx_group_003677,development,5.0
ISCX::7412,ISCX-URL2016 Phishing,0,iscx_group_006219,development,1.0
ISCX::7413,ISCX-URL2016 Phishing,0,iscx_group_014497,development,3.0
ISCX::7414,ISCX-URL2016 Phishing,0,iscx_group_011364,development,5.0
ISCX::7415,ISCX-URL2016 Phishing,0,iscx_group_003041,calibration,
ISCX::7416,ISCX-URL2016 Phishing,0,iscx_group_002690,development,1.0
ISCX::7417,ISCX-URL2016 Phishing,0,iscx_group_001176,development,4.0
ISCX::7418,ISCX-URL2016 Phishing,0,iscx_group_012909,development,5.0
ISCX::7419,ISCX-URL2016 Phishing,0,iscx_group_011300,development,4.0
ISCX::7420,ISCX-URL2016 Phishing,0,iscx_group_009630,development,5.0
ISCX::7421,ISCX-URL2016 Phishing,0,iscx_group_014245,development,2.0
ISCX::7422,ISCX-URL2016 Phishing,0,iscx_group_014758,development,4.0
ISCX::7423,ISCX-URL2016 Phishing,0,iscx_group_002196,development,4.0
ISCX::7424,ISCX-URL2016 Phishing,0,iscx_group_003206,development,3.0
ISCX::7425,ISCX-URL2016 Phishing,0,iscx_group_001424,development,2.0
ISCX::7426,ISCX-URL2016 Phishing,0,iscx_group_012284,development,3.0
ISCX::7427,ISCX-URL2016 Phishing,0,iscx_group_013691,test,
ISCX::7428,ISCX-URL2016 Phishing,0,iscx_group_013983,development,1.0
ISCX::7429,ISCX-URL2016 Phishing,0,iscx_group_005091,development,2.0
ISCX::7430,ISCX-URL2016 Phishing,0,iscx_group_006360,development,5.0
ISCX::7431,ISCX-URL2016 Phishing,0,iscx_group_008755,calibration,
ISCX::7432,ISCX-URL2016 Phishing,0,iscx_group_011749,development,5.0
ISCX::7433,ISCX-URL2016 Phishing,0,iscx_group_011989,calibration,
ISCX::7434,ISCX-URL2016 Phishing,0,iscx_group_001524,development,1.0
ISCX::7435,ISCX-URL2016 Phishing,0,iscx_group_005994,calibration,
ISCX::7436,ISCX-URL2016 Phishing,0,iscx_group_005169,development,4.0
ISCX::7437,ISCX-URL2016 Phishing,0,iscx_group_006592,development,1.0
ISCX::7438,ISCX-URL2016 Phishing,0,iscx_group_011597,development,2.0
ISCX::7439,ISCX-URL2016 Phishing,0,iscx_group_011573,development,1.0
ISCX::7440,ISCX-URL2016 Phishing,0,iscx_group_006900,development,1.0
ISCX::7441,ISCX-URL2016 Phishing,0,iscx_group_002157,development,5.0
ISCX::7442,ISCX-URL2016 Phishing,0,iscx_group_010366,development,2.0
ISCX::7443,ISCX-URL2016 Phishing,0,iscx_group_008411,development,4.0
ISCX::7444,ISCX-URL2016 Phishing,0,iscx_group_007647,calibration,
ISCX::7445,ISCX-URL2016 Phishing,0,iscx_group_009129,test,
ISCX::7446,ISCX-URL2016 Phishing,0,iscx_group_003317,development,3.0
ISCX::7447,ISCX-URL2016 Phishing,0,iscx_group_010670,calibration,
ISCX::7448,ISCX-URL2016 Phishing,0,iscx_group_003474,development,5.0
ISCX::7449,ISCX-URL2016 Phishing,0,iscx_group_007929,development,3.0
ISCX::7450,ISCX-URL2016 Phishing,0,iscx_group_006007,development,5.0
ISCX::7451,ISCX-URL2016 Phishing,0,iscx_group_013938,test,
ISCX::7452,ISCX-URL2016 Phishing,0,iscx_group_005724,development,1.0
ISCX::7453,ISCX-URL2016 Phishing,0,iscx_group_004052,development,3.0
ISCX::7454,ISCX-URL2016 Phishing,0,iscx_group_001135,development,2.0
ISCX::7455,ISCX-URL2016 Phishing,0,iscx_group_009677,development,1.0
ISCX::7456,ISCX-URL2016 Phishing,0,iscx_group_014514,development,5.0
ISCX::7457,ISCX-URL2016 Phishing,0,iscx_group_008243,development,4.0
ISCX::7458,ISCX-URL2016 Phishing,0,iscx_group_007087,development,4.0
ISCX::7459,ISCX-URL2016 Phishing,0,iscx_group_006665,development,5.0
ISCX::7460,ISCX-URL2016 Phishing,0,iscx_group_013511,development,5.0
ISCX::7461,ISCX-URL2016 Phishing,0,iscx_group_005175,development,5.0
ISCX::7462,ISCX-URL2016 Phishing,0,iscx_group_005667,test,
ISCX::7463,ISCX-URL2016 Phishing,0,iscx_group_009177,development,2.0
ISCX::7464,ISCX-URL2016 Phishing,1,iscx_group_000083,development,3.0
ISCX::7465,ISCX-URL2016 Phishing,1,iscx_group_008672,calibration,
ISCX::7466,ISCX-URL2016 Phishing,1,iscx_group_002411,calibration,
ISCX::7467,ISCX-URL2016 Phishing,1,iscx_group_006084,development,5.0
ISCX::7468,ISCX-URL2016 Phishing,1,iscx_group_011455,test,
ISCX::7469,ISCX-URL2016 Phishing,1,iscx_group_008750,development,4.0
ISCX::7470,ISCX-URL2016 Phishing,1,iscx_group_002187,test,
ISCX::7471,ISCX-URL2016 Phishing,1,iscx_group_006039,development,2.0
ISCX::7472,ISCX-URL2016 Phishing,1,iscx_group_008748,development,3.0
ISCX::7473,ISCX-URL2016 Phishing,1,iscx_group_008374,development,3.0
ISCX::7474,ISCX-URL2016 Phishing,1,iscx_group_008258,development,3.0
ISCX::7475,ISCX-URL2016 Phishing,1,iscx_group_010639,development,1.0
ISCX::7476,ISCX-URL2016 Phishing,1,iscx_group_009762,development,3.0
ISCX::7477,ISCX-URL2016 Phishing,1,iscx_group_012010,development,4.0
ISCX::7478,ISCX-URL2016 Phishing,1,iscx_group_012593,development,2.0
ISCX::7479,ISCX-URL2016 Phishing,1,iscx_group_012604,development,4.0
ISCX::7480,ISCX-URL2016 Phishing,1,iscx_group_012641,development,1.0
ISCX::7481,ISCX-URL2016 Phishing,1,iscx_group_014682,development,3.0
ISCX::7482,ISCX-URL2016 Phishing,1,iscx_group_013105,development,4.0
ISCX::7483,ISCX-URL2016 Phishing,1,iscx_group_003590,development,4.0
ISCX::7484,ISCX-URL2016 Phishing,1,iscx_group_011708,development,5.0
ISCX::7485,ISCX-URL2016 Phishing,1,iscx_group_008650,calibration,
ISCX::7486,ISCX-URL2016 Phishing,1,iscx_group_012491,calibration,
ISCX::7487,ISCX-URL2016 Phishing,1,iscx_group_000071,development,2.0
ISCX::7488,ISCX-URL2016 Phishing,1,iscx_group_012551,test,
ISCX::7489,ISCX-URL2016 Phishing,1,iscx_group_001463,development,3.0
ISCX::7490,ISCX-URL2016 Phishing,1,iscx_group_009841,development,4.0
ISCX::7491,ISCX-URL2016 Phishing,1,iscx_group_001882,development,1.0
ISCX::7492,ISCX-URL2016 Phishing,1,iscx_group_004529,calibration,
ISCX::7493,ISCX-URL2016 Phishing,1,iscx_group_007767,development,3.0
ISCX::7494,ISCX-URL2016 Phishing,1,iscx_group_003434,test,
ISCX::7495,ISCX-URL2016 Phishing,1,iscx_group_012104,calibration,
ISCX::7496,ISCX-URL2016 Phishing,1,iscx_group_007515,development,3.0
ISCX::7497,ISCX-URL2016 Phishing,1,iscx_group_008868,development,3.0
ISCX::7498,ISCX-URL2016 Phishing,1,iscx_group_012571,development,3.0
ISCX::7499,ISCX-URL2016 Phishing,1,iscx_group_005644,development,5.0
ISCX::7500,ISCX-URL2016 Phishing,1,iscx_group_010875,development,3.0
ISCX::7501,ISCX-URL2016 Phishing,1,iscx_group_006521,test,
ISCX::7502,ISCX-URL2016 Phishing,1,iscx_group_011607,development,5.0
ISCX::7503,ISCX-URL2016 Phishing,1,iscx_group_006167,calibration,
ISCX::7504,ISCX-URL2016 Phishing,1,iscx_group_011960,development,1.0
ISCX::7505,ISCX-URL2016 Phishing,1,iscx_group_003453,test,
ISCX::7506,ISCX-URL2016 Phishing,1,iscx_group_009820,development,2.0
ISCX::7507,ISCX-URL2016 Phishing,1,iscx_group_003860,test,
ISCX::7508,ISCX-URL2016 Phishing,1,iscx_group_003940,calibration,
ISCX::7509,ISCX-URL2016 Phishing,1,iscx_group_005151,development,4.0
ISCX::7510,ISCX-URL2016 Phishing,1,iscx_group_008401,development,5.0
ISCX::7511,ISCX-URL2016 Phishing,1,iscx_group_000413,development,5.0
ISCX::7512,ISCX-URL2016 Phishing,1,iscx_group_001447,development,3.0
ISCX::7513,ISCX-URL2016 Phishing,1,iscx_group_005221,development,3.0
ISCX::7514,ISCX-URL2016 Phishing,1,iscx_group_002813,development,3.0
ISCX::7515,ISCX-URL2016 Phishing,1,iscx_group_014041,development,2.0
ISCX::7516,ISCX-URL2016 Phishing,1,iscx_group_003247,development,2.0
ISCX::7517,ISCX-URL2016 Phishing,1,iscx_group_003224,development,5.0
ISCX::7518,ISCX-URL2016 Phishing,1,iscx_group_003355,development,3.0
ISCX::7519,ISCX-URL2016 Phishing,1,iscx_group_014087,development,1.0
ISCX::7520,ISCX-URL2016 Phishing,1,iscx_group_003926,development,3.0
ISCX::7521,ISCX-URL2016 Phishing,1,iscx_group_000547,calibration,
ISCX::7522,ISCX-URL2016 Phishing,1,iscx_group_012686,development,2.0
ISCX::7523,ISCX-URL2016 Phishing,1,iscx_group_013289,test,
ISCX::7524,ISCX-URL2016 Phishing,1,iscx_group_007757,test,
ISCX::7525,ISCX-URL2016 Phishing,1,iscx_group_011214,calibration,
ISCX::7526,ISCX-URL2016 Phishing,1,iscx_group_007609,development,4.0
ISCX::7527,ISCX-URL2016 Phishing,1,iscx_group_012221,development,3.0
ISCX::7528,ISCX-URL2016 Phishing,1,iscx_group_005144,development,3.0
ISCX::7529,ISCX-URL2016 Phishing,1,iscx_group_001911,development,5.0
ISCX::7530,ISCX-URL2016 Phishing,1,iscx_group_009403,test,
ISCX::7531,ISCX-URL2016 Phishing,1,iscx_group_011548,development,3.0
ISCX::7532,ISCX-URL2016 Phishing,1,iscx_group_012375,calibration,
ISCX::7533,ISCX-URL2016 Phishing,1,iscx_group_012002,development,4.0
ISCX::7534,ISCX-URL2016 Phishing,1,iscx_group_008508,test,
ISCX::7535,ISCX-URL2016 Phishing,1,iscx_group_009291,development,3.0
ISCX::7536,ISCX-URL2016 Phishing,1,iscx_group_006406,development,4.0
ISCX::7537,ISCX-URL2016 Phishing,1,iscx_group_002081,development,5.0
ISCX::7538,ISCX-URL2016 Phishing,1,iscx_group_006209,development,5.0
ISCX::7539,ISCX-URL2016 Phishing,1,iscx_group_001123,development,5.0
ISCX::7540,ISCX-URL2016 Phishing,1,iscx_group_010676,development,4.0
ISCX::7541,ISCX-URL2016 Phishing,1,iscx_group_000046,development,2.0
ISCX::7542,ISCX-URL2016 Phishing,1,iscx_group_001679,development,1.0
ISCX::7543,ISCX-URL2016 Phishing,1,iscx_group_008794,calibration,
ISCX::7544,ISCX-URL2016 Phishing,1,iscx_group_013278,development,1.0
ISCX::7545,ISCX-URL2016 Phishing,1,iscx_group_006950,development,4.0
ISCX::7546,ISCX-URL2016 Phishing,1,iscx_group_012101,development,3.0
ISCX::7547,ISCX-URL2016 Phishing,1,iscx_group_011812,calibration,
ISCX::7548,ISCX-URL2016 Phishing,1,iscx_group_004170,development,3.0
ISCX::7549,ISCX-URL2016 Phishing,1,iscx_group_007348,development,3.0
ISCX::7550,ISCX-URL2016 Phishing,1,iscx_group_001094,development,4.0
ISCX::7551,ISCX-URL2016 Phishing,1,iscx_group_004375,development,1.0
ISCX::7552,ISCX-URL2016 Phishing,1,iscx_group_002957,development,5.0
ISCX::7553,ISCX-URL2016 Phishing,1,iscx_group_010157,development,1.0
ISCX::7554,ISCX-URL2016 Phishing,1,iscx_group_010858,development,4.0
ISCX::7555,ISCX-URL2016 Phishing,1,iscx_group_007061,development,1.0
ISCX::7556,ISCX-URL2016 Phishing,1,iscx_group_006948,development,4.0
ISCX::7557,ISCX-URL2016 Phishing,1,iscx_group_011516,development,1.0
ISCX::7558,ISCX-URL2016 Phishing,1,iscx_group_009563,calibration,
ISCX::7559,ISCX-URL2016 Phishing,1,iscx_group_003872,calibration,
ISCX::7560,ISCX-URL2016 Phishing,1,iscx_group_000453,calibration,
ISCX::7561,ISCX-URL2016 Phishing,1,iscx_group_011019,test,
ISCX::7562,ISCX-URL2016 Phishing,1,iscx_group_011568,development,5.0
ISCX::7563,ISCX-URL2016 Phishing,1,iscx_group_006569,test,
ISCX::7564,ISCX-URL2016 Phishing,1,iscx_group_007621,development,1.0
ISCX::7565,ISCX-URL2016 Phishing,1,iscx_group_006561,test,
ISCX::7566,ISCX-URL2016 Phishing,1,iscx_group_008272,test,
ISCX::7567,ISCX-URL2016 Phishing,1,iscx_group_005929,development,4.0
ISCX::7568,ISCX-URL2016 Phishing,1,iscx_group_009994,development,2.0
ISCX::7569,ISCX-URL2016 Phishing,1,iscx_group_004230,calibration,
ISCX::7570,ISCX-URL2016 Phishing,1,iscx_group_007584,development,2.0
ISCX::7571,ISCX-URL2016 Phishing,1,iscx_group_013633,development,4.0
ISCX::7572,ISCX-URL2016 Phishing,1,iscx_group_010407,development,4.0
ISCX::7573,ISCX-URL2016 Phishing,1,iscx_group_014289,development,1.0
ISCX::7574,ISCX-URL2016 Phishing,1,iscx_group_010972,development,1.0
ISCX::7575,ISCX-URL2016 Phishing,1,iscx_group_004839,development,5.0
ISCX::7576,ISCX-URL2016 Phishing,1,iscx_group_004476,development,2.0
ISCX::7577,ISCX-URL2016 Phishing,1,iscx_group_004880,development,1.0
ISCX::7578,ISCX-URL2016 Phishing,1,iscx_group_011326,test,
ISCX::7579,ISCX-URL2016 Phishing,1,iscx_group_004959,calibration,
ISCX::7580,ISCX-URL2016 Phishing,1,iscx_group_004945,development,4.0
ISCX::7581,ISCX-URL2016 Phishing,1,iscx_group_012364,development,1.0
ISCX::7582,ISCX-URL2016 Phishing,1,iscx_group_008454,development,4.0
ISCX::7583,ISCX-URL2016 Phishing,1,iscx_group_003308,development,4.0
ISCX::7584,ISCX-URL2016 Phishing,1,iscx_group_000374,development,2.0
ISCX::7585,ISCX-URL2016 Phishing,1,iscx_group_006844,development,3.0
ISCX::7586,ISCX-URL2016 Phishing,1,iscx_group_001605,development,4.0
ISCX::7587,ISCX-URL2016 Phishing,1,iscx_group_007081,development,1.0
ISCX::7588,ISCX-URL2016 Phishing,1,iscx_group_005712,development,2.0
ISCX::7589,ISCX-URL2016 Phishing,1,iscx_group_012043,calibration,
ISCX::7590,ISCX-URL2016 Phishing,1,iscx_group_007689,development,4.0
ISCX::7591,ISCX-URL2016 Phishing,1,iscx_group_005584,development,1.0
ISCX::7592,ISCX-URL2016 Phishing,1,iscx_group_003023,development,1.0
ISCX::7593,ISCX-URL2016 Phishing,1,iscx_group_012716,development,3.0
ISCX::7594,ISCX-URL2016 Phishing,1,iscx_group_010759,test,
ISCX::7595,ISCX-URL2016 Phishing,1,iscx_group_002453,development,3.0
ISCX::7596,ISCX-URL2016 Phishing,1,iscx_group_000508,development,5.0
ISCX::7597,ISCX-URL2016 Phishing,1,iscx_group_005613,development,3.0
ISCX::7598,ISCX-URL2016 Phishing,1,iscx_group_011495,development,1.0
ISCX::7599,ISCX-URL2016 Phishing,1,iscx_group_013780,calibration,
ISCX::7600,ISCX-URL2016 Phishing,1,iscx_group_006341,development,3.0
ISCX::7601,ISCX-URL2016 Phishing,1,iscx_group_004323,development,5.0
ISCX::7602,ISCX-URL2016 Phishing,1,iscx_group_013389,development,3.0
ISCX::7603,ISCX-URL2016 Phishing,1,iscx_group_003731,calibration,
ISCX::7604,ISCX-URL2016 Phishing,1,iscx_group_012829,development,2.0
ISCX::7605,ISCX-URL2016 Phishing,1,iscx_group_013563,development,2.0
ISCX::7606,ISCX-URL2016 Phishing,1,iscx_group_006791,development,1.0
ISCX::7607,ISCX-URL2016 Phishing,1,iscx_group_008752,calibration,
ISCX::7608,ISCX-URL2016 Phishing,1,iscx_group_000034,development,3.0
ISCX::7609,ISCX-URL2016 Phishing,1,iscx_group_003964,development,5.0
ISCX::7610,ISCX-URL2016 Phishing,1,iscx_group_013293,development,1.0
ISCX::7611,ISCX-URL2016 Phishing,1,iscx_group_001095,development,3.0
ISCX::7612,ISCX-URL2016 Phishing,1,iscx_group_003973,development,5.0
ISCX::7613,ISCX-URL2016 Phishing,1,iscx_group_003867,development,1.0
ISCX::7614,ISCX-URL2016 Phishing,1,iscx_group_010418,development,4.0
ISCX::7615,ISCX-URL2016 Phishing,1,iscx_group_014660,development,3.0
ISCX::7616,ISCX-URL2016 Phishing,1,iscx_group_009096,development,3.0
ISCX::7617,ISCX-URL2016 Phishing,1,iscx_group_003052,development,3.0
ISCX::7618,ISCX-URL2016 Phishing,1,iscx_group_009400,calibration,
ISCX::7619,ISCX-URL2016 Phishing,1,iscx_group_006778,development,3.0
ISCX::7620,ISCX-URL2016 Phishing,1,iscx_group_003929,calibration,
ISCX::7621,ISCX-URL2016 Phishing,1,iscx_group_003975,development,5.0
ISCX::7622,ISCX-URL2016 Phishing,1,iscx_group_005673,development,2.0
ISCX::7623,ISCX-URL2016 Phishing,1,iscx_group_000763,development,5.0
ISCX::7624,ISCX-URL2016 Phishing,1,iscx_group_001659,development,5.0
ISCX::7625,ISCX-URL2016 Phishing,1,iscx_group_013851,development,3.0
ISCX::7626,ISCX-URL2016 Phishing,1,iscx_group_000807,development,5.0
ISCX::7627,ISCX-URL2016 Phishing,1,iscx_group_009085,development,1.0
ISCX::7628,ISCX-URL2016 Phishing,1,iscx_group_012334,development,2.0
ISCX::7629,ISCX-URL2016 Phishing,1,iscx_group_013846,development,4.0
ISCX::7630,ISCX-URL2016 Phishing,1,iscx_group_009112,development,3.0
ISCX::7631,ISCX-URL2016 Phishing,1,iscx_group_004563,development,2.0
ISCX::7632,ISCX-URL2016 Phishing,1,iscx_group_001416,calibration,
ISCX::7633,ISCX-URL2016 Phishing,1,iscx_group_012681,test,
ISCX::7634,ISCX-URL2016 Phishing,1,iscx_group_000652,development,2.0
ISCX::7635,ISCX-URL2016 Phishing,1,iscx_group_010244,development,3.0
ISCX::7636,ISCX-URL2016 Phishing,1,iscx_group_011323,development,2.0
ISCX::7637,ISCX-URL2016 Phishing,1,iscx_group_003896,development,5.0
ISCX::7638,ISCX-URL2016 Phishing,1,iscx_group_000612,calibration,
ISCX::7639,ISCX-URL2016 Phishing,1,iscx_group_011829,development,3.0
ISCX::7640,ISCX-URL2016 Phishing,1,iscx_group_011929,development,2.0
ISCX::7641,ISCX-URL2016 Phishing,1,iscx_group_013606,calibration,
ISCX::7642,ISCX-URL2016 Phishing,1,iscx_group_010649,development,4.0
ISCX::7643,ISCX-URL2016 Phishing,1,iscx_group_011178,test,
ISCX::7644,ISCX-URL2016 Phishing,1,iscx_group_001410,development,4.0
ISCX::7645,ISCX-URL2016 Phishing,1,iscx_group_013250,development,4.0
ISCX::7646,ISCX-URL2016 Phishing,1,iscx_group_010014,development,4.0
ISCX::7647,ISCX-URL2016 Phishing,1,iscx_group_010236,development,2.0
ISCX::7648,ISCX-URL2016 Phishing,1,iscx_group_014227,development,3.0
ISCX::7649,ISCX-URL2016 Phishing,1,iscx_group_011765,calibration,
ISCX::7650,ISCX-URL2016 Phishing,1,iscx_group_009732,calibration,
ISCX::7651,ISCX-URL2016 Phishing,1,iscx_group_010547,development,1.0
ISCX::7652,ISCX-URL2016 Phishing,1,iscx_group_003982,development,1.0
ISCX::7653,ISCX-URL2016 Phishing,1,iscx_group_005280,calibration,
ISCX::7654,ISCX-URL2016 Phishing,1,iscx_group_007870,development,2.0
ISCX::7655,ISCX-URL2016 Phishing,1,iscx_group_005825,development,3.0
ISCX::7656,ISCX-URL2016 Phishing,1,iscx_group_005141,calibration,
ISCX::7657,ISCX-URL2016 Phishing,1,iscx_group_004747,calibration,
ISCX::7658,ISCX-URL2016 Phishing,1,iscx_group_000165,development,1.0
ISCX::7659,ISCX-URL2016 Phishing,1,iscx_group_013998,development,5.0
ISCX::7660,ISCX-URL2016 Phishing,1,iscx_group_006393,development,5.0
ISCX::7661,ISCX-URL2016 Phishing,1,iscx_group_007774,development,4.0
ISCX::7662,ISCX-URL2016 Phishing,1,iscx_group_014752,test,
ISCX::7663,ISCX-URL2016 Phishing,1,iscx_group_001707,development,4.0
ISCX::7664,ISCX-URL2016 Phishing,1,iscx_group_012821,test,
ISCX::7665,ISCX-URL2016 Phishing,1,iscx_group_007036,development,1.0
ISCX::7666,ISCX-URL2016 Phishing,1,iscx_group_014058,test,
ISCX::7667,ISCX-URL2016 Phishing,1,iscx_group_002786,development,3.0
ISCX::7668,ISCX-URL2016 Phishing,1,iscx_group_004448,development,2.0
ISCX::7669,ISCX-URL2016 Phishing,1,iscx_group_014035,development,1.0
ISCX::7670,ISCX-URL2016 Phishing,1,iscx_group_006635,development,1.0
ISCX::7671,ISCX-URL2016 Phishing,1,iscx_group_001315,development,1.0
ISCX::7672,ISCX-URL2016 Phishing,1,iscx_group_005303,development,3.0
ISCX::7673,ISCX-URL2016 Phishing,1,iscx_group_006743,development,3.0
ISCX::7674,ISCX-URL2016 Phishing,1,iscx_group_006000,development,4.0
ISCX::7675,ISCX-URL2016 Phishing,1,iscx_group_008220,development,1.0
ISCX::7676,ISCX-URL2016 Phishing,1,iscx_group_007421,development,3.0
ISCX::7677,ISCX-URL2016 Phishing,1,iscx_group_001372,development,2.0
ISCX::7678,ISCX-URL2016 Phishing,1,iscx_group_008180,development,1.0
ISCX::7679,ISCX-URL2016 Phishing,1,iscx_group_006789,test,
ISCX::7680,ISCX-URL2016 Phishing,1,iscx_group_006518,development,5.0
ISCX::7681,ISCX-URL2016 Phishing,1,iscx_group_006854,development,3.0
ISCX::7682,ISCX-URL2016 Phishing,1,iscx_group_009006,development,2.0
ISCX::7683,ISCX-URL2016 Phishing,1,iscx_group_004825,development,1.0
ISCX::7684,ISCX-URL2016 Phishing,1,iscx_group_002135,test,
ISCX::7685,ISCX-URL2016 Phishing,1,iscx_group_009065,calibration,
ISCX::7686,ISCX-URL2016 Phishing,1,iscx_group_001266,development,4.0
ISCX::7687,ISCX-URL2016 Phishing,1,iscx_group_005489,development,4.0
ISCX::7688,ISCX-URL2016 Phishing,1,iscx_group_002158,calibration,
ISCX::7689,ISCX-URL2016 Phishing,1,iscx_group_008191,development,2.0
ISCX::7690,ISCX-URL2016 Phishing,1,iscx_group_011337,development,1.0
ISCX::7691,ISCX-URL2016 Phishing,1,iscx_group_007586,development,5.0
ISCX::7692,ISCX-URL2016 Phishing,1,iscx_group_011032,development,1.0
ISCX::7693,ISCX-URL2016 Phishing,1,iscx_group_006735,test,
ISCX::7694,ISCX-URL2016 Phishing,1,iscx_group_013320,calibration,
ISCX::7695,ISCX-URL2016 Phishing,1,iscx_group_010358,calibration,
ISCX::7696,ISCX-URL2016 Phishing,1,iscx_group_001588,development,2.0
ISCX::7697,ISCX-URL2016 Phishing,1,iscx_group_007025,development,4.0
ISCX::7698,ISCX-URL2016 Phishing,1,iscx_group_000305,development,3.0
ISCX::7699,ISCX-URL2016 Phishing,1,iscx_group_013543,development,4.0
ISCX::7700,ISCX-URL2016 Phishing,1,iscx_group_009318,development,4.0
ISCX::7701,ISCX-URL2016 Phishing,1,iscx_group_003904,development,5.0
ISCX::7702,ISCX-URL2016 Phishing,1,iscx_group_007336,development,5.0
ISCX::7703,ISCX-URL2016 Phishing,1,iscx_group_013906,development,3.0
ISCX::7704,ISCX-URL2016 Phishing,1,iscx_group_009142,development,5.0
ISCX::7705,ISCX-URL2016 Phishing,1,iscx_group_010662,development,5.0
ISCX::7706,ISCX-URL2016 Phishing,1,iscx_group_001617,development,3.0
ISCX::7707,ISCX-URL2016 Phishing,1,iscx_group_013532,development,4.0
ISCX::7708,ISCX-URL2016 Phishing,1,iscx_group_007287,development,4.0
ISCX::7709,ISCX-URL2016 Phishing,1,iscx_group_013539,development,2.0
ISCX::7710,ISCX-URL2016 Phishing,1,iscx_group_006166,development,3.0
ISCX::7711,ISCX-URL2016 Phishing,1,iscx_group_002585,development,4.0
ISCX::7712,ISCX-URL2016 Phishing,1,iscx_group_005961,development,2.0
ISCX::7713,ISCX-URL2016 Phishing,1,iscx_group_009742,development,2.0
ISCX::7714,ISCX-URL2016 Phishing,1,iscx_group_006479,development,2.0
ISCX::7715,ISCX-URL2016 Phishing,1,iscx_group_013927,development,3.0
ISCX::7716,ISCX-URL2016 Phishing,1,iscx_group_013370,development,3.0
ISCX::7717,ISCX-URL2016 Phishing,1,iscx_group_000355,development,1.0
ISCX::7718,ISCX-URL2016 Phishing,1,iscx_group_010438,development,4.0
ISCX::7719,ISCX-URL2016 Phishing,1,iscx_group_009502,calibration,
ISCX::7720,ISCX-URL2016 Phishing,1,iscx_group_004731,development,1.0
ISCX::7721,ISCX-URL2016 Phishing,1,iscx_group_006934,test,
ISCX::7722,ISCX-URL2016 Phishing,1,iscx_group_009121,development,5.0
ISCX::7723,ISCX-URL2016 Phishing,1,iscx_group_007480,development,2.0
ISCX::7724,ISCX-URL2016 Phishing,1,iscx_group_013646,development,3.0
ISCX::7725,ISCX-URL2016 Phishing,1,iscx_group_000920,development,2.0
ISCX::7726,ISCX-URL2016 Phishing,1,iscx_group_004729,test,
ISCX::7727,ISCX-URL2016 Phishing,1,iscx_group_002657,test,
ISCX::7728,ISCX-URL2016 Phishing,1,iscx_group_004185,development,1.0
ISCX::7729,ISCX-URL2016 Phishing,1,iscx_group_011198,development,3.0
ISCX::7730,ISCX-URL2016 Phishing,1,iscx_group_004515,development,3.0
ISCX::7731,ISCX-URL2016 Phishing,1,iscx_group_012847,development,2.0
ISCX::7732,ISCX-URL2016 Phishing,1,iscx_group_011684,development,1.0
ISCX::7733,ISCX-URL2016 Phishing,1,iscx_group_006249,test,
ISCX::7734,ISCX-URL2016 Phishing,1,iscx_group_011794,development,4.0
ISCX::7735,ISCX-URL2016 Phishing,1,iscx_group_003893,development,1.0
ISCX::7736,ISCX-URL2016 Phishing,1,iscx_group_011270,development,1.0
ISCX::7737,ISCX-URL2016 Phishing,1,iscx_group_001118,development,5.0
ISCX::7738,ISCX-URL2016 Phishing,1,iscx_group_012999,development,5.0
ISCX::7739,ISCX-URL2016 Phishing,1,iscx_group_008103,test,
ISCX::7740,ISCX-URL2016 Phishing,1,iscx_group_006597,test,
ISCX::7741,ISCX-URL2016 Phishing,1,iscx_group_003116,calibration,
ISCX::7742,ISCX-URL2016 Phishing,1,iscx_group_013381,test,
ISCX::7743,ISCX-URL2016 Phishing,1,iscx_group_010170,development,5.0
ISCX::7744,ISCX-URL2016 Phishing,1,iscx_group_003337,development,1.0
ISCX::7745,ISCX-URL2016 Phishing,1,iscx_group_005541,development,5.0
ISCX::7746,ISCX-URL2016 Phishing,1,iscx_group_002759,development,5.0
ISCX::7747,ISCX-URL2016 Phishing,1,iscx_group_001668,calibration,
ISCX::7748,ISCX-URL2016 Phishing,1,iscx_group_007128,development,5.0
ISCX::7749,ISCX-URL2016 Phishing,1,iscx_group_007337,development,2.0
ISCX::7750,ISCX-URL2016 Phishing,1,iscx_group_004534,development,2.0
ISCX::7751,ISCX-URL2016 Phishing,1,iscx_group_002382,development,4.0
ISCX::7752,ISCX-URL2016 Phishing,1,iscx_group_002130,development,1.0
ISCX::7753,ISCX-URL2016 Phishing,1,iscx_group_014669,development,3.0
ISCX::7754,ISCX-URL2016 Phishing,1,iscx_group_003666,development,4.0
ISCX::7755,ISCX-URL2016 Phishing,1,iscx_group_002099,development,1.0
ISCX::7756,ISCX-URL2016 Phishing,1,iscx_group_010705,development,4.0
ISCX::7757,ISCX-URL2016 Phishing,1,iscx_group_014707,development,3.0
ISCX::7758,ISCX-URL2016 Phishing,1,iscx_group_003028,development,3.0
ISCX::7759,ISCX-URL2016 Phishing,1,iscx_group_003861,development,5.0
ISCX::7760,ISCX-URL2016 Phishing,1,iscx_group_012391,development,5.0
ISCX::7761,ISCX-URL2016 Phishing,1,iscx_group_010146,development,3.0
ISCX::7762,ISCX-URL2016 Phishing,1,iscx_group_007630,test,
ISCX::7763,ISCX-URL2016 Phishing,1,iscx_group_006052,calibration,
ISCX::7764,ISCX-URL2016 Phishing,1,iscx_group_002132,calibration,
ISCX::7765,ISCX-URL2016 Phishing,1,iscx_group_009756,development,5.0
ISCX::7766,ISCX-URL2016 Phishing,1,iscx_group_005174,development,4.0
ISCX::7767,ISCX-URL2016 Phishing,1,iscx_group_013958,development,4.0
ISCX::7768,ISCX-URL2016 Phishing,1,iscx_group_002149,development,1.0
ISCX::7769,ISCX-URL2016 Phishing,1,iscx_group_010772,development,4.0
ISCX::7770,ISCX-URL2016 Phishing,1,iscx_group_004957,test,
ISCX::7771,ISCX-URL2016 Phishing,1,iscx_group_007218,development,3.0
ISCX::7772,ISCX-URL2016 Phishing,1,iscx_group_001289,development,2.0
ISCX::7773,ISCX-URL2016 Phishing,1,iscx_group_014300,calibration,
ISCX::7774,ISCX-URL2016 Phishing,1,iscx_group_011947,development,1.0
ISCX::7775,ISCX-URL2016 Phishing,1,iscx_group_006331,calibration,
ISCX::7776,ISCX-URL2016 Phishing,1,iscx_group_012727,development,4.0
ISCX::7777,ISCX-URL2016 Phishing,1,iscx_group_002230,test,
ISCX::7778,ISCX-URL2016 Phishing,1,iscx_group_001076,test,
ISCX::7779,ISCX-URL2016 Phishing,1,iscx_group_001373,development,5.0
ISCX::7780,ISCX-URL2016 Phishing,1,iscx_group_000768,development,1.0
ISCX::7781,ISCX-URL2016 Phishing,1,iscx_group_006478,test,
ISCX::7782,ISCX-URL2016 Phishing,1,iscx_group_008263,calibration,
ISCX::7783,ISCX-URL2016 Phishing,1,iscx_group_002574,development,5.0
ISCX::7784,ISCX-URL2016 Phishing,1,iscx_group_009798,development,5.0
ISCX::7785,ISCX-URL2016 Phishing,1,iscx_group_013898,calibration,
ISCX::7786,ISCX-URL2016 Phishing,1,iscx_group_008849,calibration,
ISCX::7787,ISCX-URL2016 Phishing,1,iscx_group_013074,test,
ISCX::7788,ISCX-URL2016 Phishing,1,iscx_group_011461,development,2.0
ISCX::7789,ISCX-URL2016 Phishing,1,iscx_group_005433,development,2.0
ISCX::7790,ISCX-URL2016 Phishing,1,iscx_group_008583,development,3.0
ISCX::7791,ISCX-URL2016 Phishing,1,iscx_group_009575,development,2.0
ISCX::7792,ISCX-URL2016 Phishing,1,iscx_group_009433,development,4.0
ISCX::7793,ISCX-URL2016 Phishing,1,iscx_group_014541,development,5.0
ISCX::7794,ISCX-URL2016 Phishing,1,iscx_group_000039,development,2.0
ISCX::7795,ISCX-URL2016 Phishing,1,iscx_group_013042,development,5.0
ISCX::7796,ISCX-URL2016 Phishing,1,iscx_group_007076,test,
ISCX::7797,ISCX-URL2016 Phishing,1,iscx_group_011311,test,
ISCX::7798,ISCX-URL2016 Phishing,1,iscx_group_013694,test,
ISCX::7799,ISCX-URL2016 Phishing,1,iscx_group_013248,calibration,
ISCX::7800,ISCX-URL2016 Phishing,1,iscx_group_001802,development,2.0
ISCX::7801,ISCX-URL2016 Phishing,1,iscx_group_010442,development,5.0
ISCX::7802,ISCX-URL2016 Phishing,1,iscx_group_001570,development,2.0
ISCX::7803,ISCX-URL2016 Phishing,1,iscx_group_011965,development,1.0
ISCX::7804,ISCX-URL2016 Phishing,1,iscx_group_006357,development,5.0
ISCX::7805,ISCX-URL2016 Phishing,1,iscx_group_011663,test,
ISCX::7806,ISCX-URL2016 Phishing,1,iscx_group_014199,development,3.0
ISCX::7807,ISCX-URL2016 Phishing,1,iscx_group_009382,calibration,
ISCX::7808,ISCX-URL2016 Phishing,1,iscx_group_009819,development,5.0
ISCX::7809,ISCX-URL2016 Phishing,1,iscx_group_013333,calibration,
ISCX::7810,ISCX-URL2016 Phishing,1,iscx_group_014170,development,5.0
ISCX::7811,ISCX-URL2016 Phishing,1,iscx_group_006887,development,5.0
ISCX::7812,ISCX-URL2016 Phishing,1,iscx_group_010369,development,4.0
ISCX::7813,ISCX-URL2016 Phishing,1,iscx_group_008344,test,
ISCX::7814,ISCX-URL2016 Phishing,1,iscx_group_003256,development,4.0
ISCX::7815,ISCX-URL2016 Phishing,1,iscx_group_007699,development,5.0
ISCX::7816,ISCX-URL2016 Phishing,1,iscx_group_012502,development,5.0
ISCX::7817,ISCX-URL2016 Phishing,1,iscx_group_002645,calibration,
ISCX::7818,ISCX-URL2016 Phishing,1,iscx_group_014716,development,5.0
ISCX::7819,ISCX-URL2016 Phishing,1,iscx_group_003649,development,2.0
ISCX::7820,ISCX-URL2016 Phishing,1,iscx_group_013632,development,5.0
ISCX::7821,ISCX-URL2016 Phishing,1,iscx_group_005537,development,1.0
ISCX::7822,ISCX-URL2016 Phishing,1,iscx_group_000658,calibration,
ISCX::7823,ISCX-URL2016 Phishing,1,iscx_group_014226,development,5.0
ISCX::7824,ISCX-URL2016 Phishing,1,iscx_group_014010,calibration,
ISCX::7825,ISCX-URL2016 Phishing,1,iscx_group_000074,development,1.0
ISCX::7826,ISCX-URL2016 Phishing,1,iscx_group_013911,development,3.0
ISCX::7827,ISCX-URL2016 Phishing,1,iscx_group_014184,development,4.0
ISCX::7828,ISCX-URL2016 Phishing,1,iscx_group_003103,calibration,
ISCX::7829,ISCX-URL2016 Phishing,1,iscx_group_000010,calibration,
ISCX::7830,ISCX-URL2016 Phishing,1,iscx_group_001525,development,3.0
ISCX::7831,ISCX-URL2016 Phishing,1,iscx_group_006062,development,5.0
ISCX::7832,ISCX-URL2016 Phishing,1,iscx_group_007001,development,4.0
ISCX::7833,ISCX-URL2016 Phishing,1,iscx_group_012120,development,4.0
ISCX::7834,ISCX-URL2016 Phishing,1,iscx_group_011118,development,4.0
ISCX::7835,ISCX-URL2016 Phishing,1,iscx_group_000293,development,3.0
ISCX::7836,ISCX-URL2016 Phishing,1,iscx_group_009176,development,4.0
ISCX::7837,ISCX-URL2016 Phishing,1,iscx_group_006809,test,
ISCX::7838,ISCX-URL2016 Phishing,1,iscx_group_012181,calibration,
ISCX::7839,ISCX-URL2016 Phishing,1,iscx_group_009804,test,
ISCX::7840,ISCX-URL2016 Phishing,1,iscx_group_003565,test,
ISCX::7841,ISCX-URL2016 Phishing,1,iscx_group_000956,development,1.0
ISCX::7842,ISCX-URL2016 Phishing,1,iscx_group_012099,development,5.0
ISCX::7843,ISCX-URL2016 Phishing,1,iscx_group_000860,development,2.0
ISCX::7844,ISCX-URL2016 Phishing,1,iscx_group_003749,test,
ISCX::7845,ISCX-URL2016 Phishing,1,iscx_group_013420,development,1.0
ISCX::7846,ISCX-URL2016 Phishing,1,iscx_group_006818,calibration,
ISCX::7847,ISCX-URL2016 Phishing,1,iscx_group_008795,development,3.0
ISCX::7848,ISCX-URL2016 Phishing,1,iscx_group_005989,development,5.0
ISCX::7849,ISCX-URL2016 Phishing,1,iscx_group_007569,development,3.0
ISCX::7850,ISCX-URL2016 Phishing,1,iscx_group_010755,development,1.0
ISCX::7851,ISCX-URL2016 Phishing,1,iscx_group_001250,development,4.0
ISCX::7852,ISCX-URL2016 Phishing,1,iscx_group_005836,test,
ISCX::7853,ISCX-URL2016 Phishing,1,iscx_group_004730,development,5.0
ISCX::7854,ISCX-URL2016 Phishing,1,iscx_group_011899,development,1.0
ISCX::7855,ISCX-URL2016 Phishing,1,iscx_group_011129,calibration,
ISCX::7856,ISCX-URL2016 Phishing,1,iscx_group_001959,development,2.0
ISCX::7857,ISCX-URL2016 Phishing,1,iscx_group_008592,calibration,
ISCX::7858,ISCX-URL2016 Phishing,1,iscx_group_006273,calibration,
ISCX::7859,ISCX-URL2016 Phishing,1,iscx_group_014505,test,
ISCX::7860,ISCX-URL2016 Phishing,1,iscx_group_014708,test,
ISCX::7861,ISCX-URL2016 Phishing,1,iscx_group_011844,development,2.0
ISCX::7862,ISCX-URL2016 Phishing,1,iscx_group_005878,development,4.0
ISCX::7863,ISCX-URL2016 Phishing,1,iscx_group_005490,test,
ISCX::7864,ISCX-URL2016 Phishing,1,iscx_group_009470,development,3.0
ISCX::7865,ISCX-URL2016 Phishing,1,iscx_group_008701,test,
ISCX::7866,ISCX-URL2016 Phishing,1,iscx_group_003688,test,
ISCX::7867,ISCX-URL2016 Phishing,1,iscx_group_000227,development,3.0
ISCX::7868,ISCX-URL2016 Phishing,1,iscx_group_009308,development,1.0
ISCX::7869,ISCX-URL2016 Phishing,1,iscx_group_006265,test,
ISCX::7870,ISCX-URL2016 Phishing,1,iscx_group_001654,development,5.0
ISCX::7871,ISCX-URL2016 Phishing,1,iscx_group_007043,test,
ISCX::7872,ISCX-URL2016 Phishing,1,iscx_group_014530,development,3.0
ISCX::7873,ISCX-URL2016 Phishing,1,iscx_group_013696,test,
ISCX::7874,ISCX-URL2016 Phishing,1,iscx_group_000633,test,
ISCX::7875,ISCX-URL2016 Phishing,1,iscx_group_013534,calibration,
ISCX::7876,ISCX-URL2016 Phishing,1,iscx_group_009701,development,5.0
ISCX::7877,ISCX-URL2016 Phishing,1,iscx_group_004516,development,4.0
ISCX::7878,ISCX-URL2016 Phishing,1,iscx_group_014025,calibration,
ISCX::7879,ISCX-URL2016 Phishing,1,iscx_group_010338,development,5.0
ISCX::7880,ISCX-URL2016 Phishing,1,iscx_group_008040,calibration,
ISCX::7881,ISCX-URL2016 Phishing,1,iscx_group_000680,test,
ISCX::7882,ISCX-URL2016 Phishing,1,iscx_group_003608,development,1.0
ISCX::7883,ISCX-URL2016 Phishing,1,iscx_group_000109,development,5.0
ISCX::7884,ISCX-URL2016 Phishing,1,iscx_group_004542,test,
ISCX::7885,ISCX-URL2016 Phishing,1,iscx_group_005006,development,3.0
ISCX::7886,ISCX-URL2016 Phishing,1,iscx_group_005145,calibration,
ISCX::7887,ISCX-URL2016 Phishing,1,iscx_group_013940,development,3.0
ISCX::7888,ISCX-URL2016 Phishing,1,iscx_group_007135,development,2.0
ISCX::7889,ISCX-URL2016 Phishing,1,iscx_group_010420,development,1.0
ISCX::7890,ISCX-URL2016 Phishing,1,iscx_group_007860,development,3.0
ISCX::7891,ISCX-URL2016 Phishing,1,iscx_group_003326,development,1.0
ISCX::7892,ISCX-URL2016 Phishing,1,iscx_group_004948,development,1.0
ISCX::7893,ISCX-URL2016 Phishing,1,iscx_group_011772,development,4.0
ISCX::7894,ISCX-URL2016 Phishing,1,iscx_group_003280,development,2.0
ISCX::7895,ISCX-URL2016 Phishing,1,iscx_group_009845,development,3.0
ISCX::7896,ISCX-URL2016 Phishing,1,iscx_group_009539,calibration,
ISCX::7897,ISCX-URL2016 Phishing,1,iscx_group_008899,test,
ISCX::7898,ISCX-URL2016 Phishing,1,iscx_group_008398,development,1.0
ISCX::7899,ISCX-URL2016 Phishing,1,iscx_group_006628,calibration,
ISCX::7900,ISCX-URL2016 Phishing,1,iscx_group_009416,development,4.0
ISCX::7901,ISCX-URL2016 Phishing,1,iscx_group_013450,calibration,
ISCX::7902,ISCX-URL2016 Phishing,1,iscx_group_002868,development,2.0
ISCX::7903,ISCX-URL2016 Phishing,1,iscx_group_009583,development,3.0
ISCX::7904,ISCX-URL2016 Phishing,1,iscx_group_001027,development,3.0
ISCX::7905,ISCX-URL2016 Phishing,1,iscx_group_009711,calibration,
ISCX::7906,ISCX-URL2016 Phishing,1,iscx_group_012239,development,1.0
ISCX::7907,ISCX-URL2016 Phishing,1,iscx_group_002350,development,2.0
ISCX::7908,ISCX-URL2016 Phishing,1,iscx_group_008118,development,2.0
ISCX::7909,ISCX-URL2016 Phishing,1,iscx_group_007370,development,3.0
ISCX::7910,ISCX-URL2016 Phishing,1,iscx_group_010227,development,2.0
ISCX::7911,ISCX-URL2016 Phishing,1,iscx_group_008175,development,3.0
ISCX::7912,ISCX-URL2016 Phishing,1,iscx_group_012816,test,
ISCX::7913,ISCX-URL2016 Phishing,1,iscx_group_000257,calibration,
ISCX::7914,ISCX-URL2016 Phishing,1,iscx_group_000607,development,1.0
ISCX::7915,ISCX-URL2016 Phishing,1,iscx_group_002373,calibration,
ISCX::7916,ISCX-URL2016 Phishing,1,iscx_group_000428,development,4.0
ISCX::7917,ISCX-URL2016 Phishing,1,iscx_group_004253,development,3.0
ISCX::7918,ISCX-URL2016 Phishing,1,iscx_group_008073,test,
ISCX::7919,ISCX-URL2016 Phishing,1,iscx_group_006141,calibration,
ISCX::7920,ISCX-URL2016 Phishing,1,iscx_group_007658,development,2.0
ISCX::7921,ISCX-URL2016 Phishing,1,iscx_group_014691,calibration,
ISCX::7922,ISCX-URL2016 Phishing,1,iscx_group_011328,development,5.0
ISCX::7923,ISCX-URL2016 Phishing,1,iscx_group_003516,development,5.0
ISCX::7924,ISCX-URL2016 Phishing,1,iscx_group_000711,test,
ISCX::7925,ISCX-URL2016 Phishing,1,iscx_group_014156,test,
ISCX::7926,ISCX-URL2016 Phishing,1,iscx_group_009261,calibration,
ISCX::7927,ISCX-URL2016 Phishing,1,iscx_group_012339,development,4.0
ISCX::7928,ISCX-URL2016 Phishing,1,iscx_group_013716,calibration,
ISCX::7929,ISCX-URL2016 Phishing,1,iscx_group_010025,development,1.0
ISCX::7930,ISCX-URL2016 Phishing,1,iscx_group_010139,development,4.0
ISCX::7931,ISCX-URL2016 Phishing,1,iscx_group_014355,development,2.0
ISCX::7932,ISCX-URL2016 Phishing,1,iscx_group_013545,development,4.0
ISCX::7933,ISCX-URL2016 Phishing,1,iscx_group_011515,calibration,
ISCX::7934,ISCX-URL2016 Phishing,1,iscx_group_001048,development,1.0
ISCX::7935,ISCX-URL2016 Phishing,1,iscx_group_007848,development,2.0
ISCX::7936,ISCX-URL2016 Phishing,1,iscx_group_005140,development,3.0
ISCX::7937,ISCX-URL2016 Phishing,1,iscx_group_009778,test,
ISCX::7938,ISCX-URL2016 Phishing,1,iscx_group_001732,calibration,
ISCX::7939,ISCX-URL2016 Phishing,1,iscx_group_004982,development,2.0
ISCX::7940,ISCX-URL2016 Phishing,1,iscx_group_005545,development,4.0
ISCX::7941,ISCX-URL2016 Phishing,1,iscx_group_002765,calibration,
ISCX::7942,ISCX-URL2016 Phishing,1,iscx_group_011611,development,3.0
ISCX::7943,ISCX-URL2016 Phishing,1,iscx_group_006396,development,2.0
ISCX::7944,ISCX-URL2016 Phishing,1,iscx_group_004716,development,5.0
ISCX::7945,ISCX-URL2016 Phishing,1,iscx_group_002192,test,
ISCX::7946,ISCX-URL2016 Phishing,1,iscx_group_005306,development,2.0
ISCX::7947,ISCX-URL2016 Phishing,1,iscx_group_004077,development,2.0
ISCX::7948,ISCX-URL2016 Phishing,1,iscx_group_009424,development,4.0
ISCX::7949,ISCX-URL2016 Phishing,1,iscx_group_012568,development,3.0
ISCX::7950,ISCX-URL2016 Phishing,1,iscx_group_008108,development,5.0
ISCX::7951,ISCX-URL2016 Phishing,1,iscx_group_003547,development,3.0
ISCX::7952,ISCX-URL2016 Phishing,1,iscx_group_008493,development,3.0
ISCX::7953,ISCX-URL2016 Phishing,1,iscx_group_003448,test,
ISCX::7954,ISCX-URL2016 Phishing,1,iscx_group_014800,development,4.0
ISCX::7955,ISCX-URL2016 Phishing,1,iscx_group_003607,development,5.0
ISCX::7956,ISCX-URL2016 Phishing,1,iscx_group_008597,development,1.0
ISCX::7957,ISCX-URL2016 Phishing,1,iscx_group_013136,development,4.0
ISCX::7958,ISCX-URL2016 Phishing,1,iscx_group_014225,development,1.0
ISCX::7959,ISCX-URL2016 Phishing,1,iscx_group_012086,development,3.0
ISCX::7960,ISCX-URL2016 Phishing,1,iscx_group_007158,test,
ISCX::7961,ISCX-URL2016 Phishing,1,iscx_group_001367,development,4.0
ISCX::7962,ISCX-URL2016 Phishing,1,iscx_group_003673,calibration,
ISCX::7963,ISCX-URL2016 Phishing,1,iscx_group_004390,development,3.0
ISCX::7964,ISCX-URL2016 Phishing,1,iscx_group_014081,calibration,
ISCX::7965,ISCX-URL2016 Phishing,1,iscx_group_007549,development,5.0
ISCX::7966,ISCX-URL2016 Phishing,1,iscx_group_005840,development,4.0
ISCX::7967,ISCX-URL2016 Phishing,1,iscx_group_008861,test,
ISCX::7968,ISCX-URL2016 Phishing,1,iscx_group_003036,calibration,
ISCX::7969,ISCX-URL2016 Phishing,1,iscx_group_004523,development,2.0
ISCX::7970,ISCX-URL2016 Phishing,1,iscx_group_011681,development,1.0
ISCX::7971,ISCX-URL2016 Phishing,1,iscx_group_002234,development,1.0
ISCX::7972,ISCX-URL2016 Phishing,1,iscx_group_013396,development,1.0
ISCX::7973,ISCX-URL2016 Phishing,1,iscx_group_002522,test,
ISCX::7974,ISCX-URL2016 Phishing,1,iscx_group_012637,development,2.0
ISCX::7975,ISCX-URL2016 Phishing,1,iscx_group_002239,development,5.0
ISCX::7976,ISCX-URL2016 Phishing,1,iscx_group_001173,development,4.0
ISCX::7977,ISCX-URL2016 Phishing,1,iscx_group_012324,development,2.0
ISCX::7978,ISCX-URL2016 Phishing,1,iscx_group_006904,development,2.0
ISCX::7979,ISCX-URL2016 Phishing,1,iscx_group_009641,calibration,
ISCX::7980,ISCX-URL2016 Phishing,1,iscx_group_008146,development,3.0
ISCX::7981,ISCX-URL2016 Phishing,1,iscx_group_010665,development,4.0
ISCX::7982,ISCX-URL2016 Phishing,1,iscx_group_004134,development,5.0
ISCX::7983,ISCX-URL2016 Phishing,1,iscx_group_010508,development,4.0
ISCX::7984,ISCX-URL2016 Phishing,1,iscx_group_008406,development,4.0
ISCX::7985,ISCX-URL2016 Phishing,1,iscx_group_014467,development,4.0
ISCX::7986,ISCX-URL2016 Phishing,1,iscx_group_013238,development,4.0
ISCX::7987,ISCX-URL2016 Phishing,1,iscx_group_007225,test,
ISCX::7988,ISCX-URL2016 Phishing,1,iscx_group_008693,development,3.0
ISCX::7989,ISCX-URL2016 Phishing,1,iscx_group_004280,calibration,
ISCX::7990,ISCX-URL2016 Phishing,1,iscx_group_000541,calibration,
ISCX::7991,ISCX-URL2016 Phishing,1,iscx_group_007881,development,1.0
ISCX::7992,ISCX-URL2016 Phishing,1,iscx_group_009590,test,
ISCX::7993,ISCX-URL2016 Phishing,1,iscx_group_004499,calibration,
ISCX::7994,ISCX-URL2016 Phishing,1,iscx_group_002353,test,
ISCX::7995,ISCX-URL2016 Phishing,1,iscx_group_002121,development,5.0
ISCX::7996,ISCX-URL2016 Phishing,1,iscx_group_010732,test,
ISCX::7997,ISCX-URL2016 Phishing,1,iscx_group_005393,development,4.0
ISCX::7998,ISCX-URL2016 Phishing,1,iscx_group_000934,test,
ISCX::7999,ISCX-URL2016 Phishing,1,iscx_group_012939,development,1.0
ISCX::8000,ISCX-URL2016 Phishing,1,iscx_group_002789,calibration,
ISCX::8001,ISCX-URL2016 Phishing,1,iscx_group_006780,development,1.0
ISCX::8002,ISCX-URL2016 Phishing,1,iscx_group_005442,development,4.0
ISCX::8003,ISCX-URL2016 Phishing,1,iscx_group_006490,development,1.0
ISCX::8004,ISCX-URL2016 Phishing,1,iscx_group_005874,test,
ISCX::8005,ISCX-URL2016 Phishing,1,iscx_group_003778,development,1.0
ISCX::8006,ISCX-URL2016 Phishing,1,iscx_group_011753,test,
ISCX::8007,ISCX-URL2016 Phishing,1,iscx_group_010133,development,2.0
ISCX::8008,ISCX-URL2016 Phishing,1,iscx_group_011319,development,4.0
ISCX::8009,ISCX-URL2016 Phishing,1,iscx_group_005200,development,1.0
ISCX::8010,ISCX-URL2016 Phishing,1,iscx_group_004508,test,
ISCX::8011,ISCX-URL2016 Phishing,1,iscx_group_013757,development,1.0
ISCX::8012,ISCX-URL2016 Phishing,1,iscx_group_012831,calibration,
ISCX::8013,ISCX-URL2016 Phishing,1,iscx_group_014240,development,2.0
ISCX::8014,ISCX-URL2016 Phishing,1,iscx_group_005351,development,2.0
ISCX::8015,ISCX-URL2016 Phishing,1,iscx_group_003773,development,1.0
ISCX::8016,ISCX-URL2016 Phishing,1,iscx_group_013703,development,4.0
ISCX::8017,ISCX-URL2016 Phishing,1,iscx_group_002287,development,3.0
ISCX::8018,ISCX-URL2016 Phishing,1,iscx_group_006196,development,1.0
ISCX::8019,ISCX-URL2016 Phishing,1,iscx_group_007664,development,5.0
ISCX::8020,ISCX-URL2016 Phishing,1,iscx_group_005601,test,
ISCX::8021,ISCX-URL2016 Phishing,1,iscx_group_009419,development,1.0
ISCX::8022,ISCX-URL2016 Phishing,1,iscx_group_002335,development,3.0
ISCX::8023,ISCX-URL2016 Phishing,1,iscx_group_013556,development,2.0
ISCX::8024,ISCX-URL2016 Phishing,1,iscx_group_007079,development,5.0
ISCX::8025,ISCX-URL2016 Phishing,1,iscx_group_012655,test,
ISCX::8026,ISCX-URL2016 Phishing,1,iscx_group_007090,calibration,
ISCX::8027,ISCX-URL2016 Phishing,1,iscx_group_007101,development,3.0
ISCX::8028,ISCX-URL2016 Phishing,1,iscx_group_000043,development,3.0
ISCX::8029,ISCX-URL2016 Phishing,1,iscx_group_008439,calibration,
ISCX::8030,ISCX-URL2016 Phishing,1,iscx_group_012715,development,3.0
ISCX::8031,ISCX-URL2016 Phishing,1,iscx_group_005243,development,1.0
ISCX::8032,ISCX-URL2016 Phishing,1,iscx_group_014451,development,3.0
ISCX::8033,ISCX-URL2016 Phishing,1,iscx_group_005412,development,4.0
ISCX::8034,ISCX-URL2016 Phishing,1,iscx_group_007191,test,
ISCX::8035,ISCX-URL2016 Phishing,1,iscx_group_010113,development,1.0
ISCX::8036,ISCX-URL2016 Phishing,1,iscx_group_007914,calibration,
ISCX::8037,ISCX-URL2016 Phishing,1,iscx_group_013570,development,2.0
ISCX::8038,ISCX-URL2016 Phishing,1,iscx_group_013037,development,1.0
ISCX::8039,ISCX-URL2016 Phishing,1,iscx_group_011194,development,4.0
ISCX::8040,ISCX-URL2016 Phishing,1,iscx_group_010787,development,4.0
ISCX::8041,ISCX-URL2016 Phishing,1,iscx_group_005025,development,4.0
ISCX::8042,ISCX-URL2016 Phishing,1,iscx_group_003592,development,2.0
ISCX::8043,ISCX-URL2016 Phishing,1,iscx_group_010663,test,
ISCX::8044,ISCX-URL2016 Phishing,1,iscx_group_010222,test,
ISCX::8045,ISCX-URL2016 Phishing,1,iscx_group_002881,development,4.0
ISCX::8046,ISCX-URL2016 Phishing,1,iscx_group_012229,calibration,
ISCX::8047,ISCX-URL2016 Phishing,1,iscx_group_012717,development,1.0
ISCX::8048,ISCX-URL2016 Phishing,1,iscx_group_009360,development,4.0
ISCX::8049,ISCX-URL2016 Phishing,1,iscx_group_006710,development,2.0
ISCX::8050,ISCX-URL2016 Phishing,1,iscx_group_008858,development,4.0
ISCX::8051,ISCX-URL2016 Phishing,1,iscx_group_004310,development,4.0
ISCX::8052,ISCX-URL2016 Phishing,1,iscx_group_008210,development,1.0
ISCX::8053,ISCX-URL2016 Phishing,1,iscx_group_013992,development,4.0
ISCX::8054,ISCX-URL2016 Phishing,1,iscx_group_002507,test,
ISCX::8055,ISCX-URL2016 Phishing,1,iscx_group_003033,development,5.0
ISCX::8056,ISCX-URL2016 Phishing,1,iscx_group_004166,calibration,
ISCX::8057,ISCX-URL2016 Phishing,1,iscx_group_003634,development,4.0
ISCX::8058,ISCX-URL2016 Phishing,1,iscx_group_004191,calibration,
ISCX::8059,ISCX-URL2016 Phishing,1,iscx_group_007295,development,2.0
ISCX::8060,ISCX-URL2016 Phishing,1,iscx_group_008485,development,1.0
ISCX::8061,ISCX-URL2016 Phishing,1,iscx_group_010517,development,1.0
ISCX::8062,ISCX-URL2016 Phishing,1,iscx_group_012722,development,4.0
ISCX::8063,ISCX-URL2016 Phishing,1,iscx_group_006877,development,3.0
ISCX::8064,ISCX-URL2016 Phishing,1,iscx_group_010555,test,
ISCX::8065,ISCX-URL2016 Phishing,1,iscx_group_006117,calibration,
ISCX::8066,ISCX-URL2016 Phishing,1,iscx_group_005258,test,
ISCX::8067,ISCX-URL2016 Phishing,1,iscx_group_002283,development,4.0
ISCX::8068,ISCX-URL2016 Phishing,1,iscx_group_006391,development,5.0
ISCX::8069,ISCX-URL2016 Phishing,1,iscx_group_012609,development,3.0
ISCX::8070,ISCX-URL2016 Phishing,1,iscx_group_009200,development,1.0
ISCX::8071,ISCX-URL2016 Phishing,1,iscx_group_014449,development,4.0
ISCX::8072,ISCX-URL2016 Phishing,1,iscx_group_002680,test,
ISCX::8073,ISCX-URL2016 Phishing,1,iscx_group_009921,calibration,
ISCX::8074,ISCX-URL2016 Phishing,1,iscx_group_010970,test,
ISCX::8075,ISCX-URL2016 Phishing,1,iscx_group_002669,development,1.0
ISCX::8076,ISCX-URL2016 Phishing,1,iscx_group_010727,calibration,
ISCX::8077,ISCX-URL2016 Phishing,1,iscx_group_011594,development,5.0
ISCX::8078,ISCX-URL2016 Phishing,1,iscx_group_013467,development,3.0
ISCX::8079,ISCX-URL2016 Phishing,1,iscx_group_005796,calibration,
ISCX::8080,ISCX-URL2016 Phishing,1,iscx_group_014103,test,
ISCX::8081,ISCX-URL2016 Phishing,1,iscx_group_001448,development,3.0
ISCX::8082,ISCX-URL2016 Phishing,1,iscx_group_006580,development,5.0
ISCX::8083,ISCX-URL2016 Phishing,1,iscx_group_005332,development,4.0
ISCX::8084,ISCX-URL2016 Phishing,1,iscx_group_005195,development,1.0
ISCX::8085,ISCX-URL2016 Phishing,1,iscx_group_009405,development,5.0
ISCX::8086,ISCX-URL2016 Phishing,1,iscx_group_009507,development,2.0
ISCX::8087,ISCX-URL2016 Phishing,1,iscx_group_008513,development,1.0
ISCX::8088,ISCX-URL2016 Phishing,1,iscx_group_007192,development,1.0
ISCX::8089,ISCX-URL2016 Phishing,1,iscx_group_009646,development,3.0
ISCX::8090,ISCX-URL2016 Phishing,1,iscx_group_007545,development,3.0
ISCX::8091,ISCX-URL2016 Phishing,1,iscx_group_009922,development,2.0
ISCX::8092,ISCX-URL2016 Phishing,1,iscx_group_013245,development,5.0
ISCX::8093,ISCX-URL2016 Phishing,1,iscx_group_002011,development,2.0
ISCX::8094,ISCX-URL2016 Phishing,1,iscx_group_000189,test,
ISCX::8095,ISCX-URL2016 Phishing,1,iscx_group_013117,development,3.0
ISCX::8096,ISCX-URL2016 Phishing,1,iscx_group_005500,development,3.0
ISCX::8097,ISCX-URL2016 Phishing,1,iscx_group_004844,development,2.0
ISCX::8098,ISCX-URL2016 Phishing,1,iscx_group_007735,calibration,
ISCX::8099,ISCX-URL2016 Phishing,1,iscx_group_013905,calibration,
ISCX::8100,ISCX-URL2016 Phishing,1,iscx_group_000449,development,1.0
ISCX::8101,ISCX-URL2016 Phishing,1,iscx_group_003223,development,1.0
ISCX::8102,ISCX-URL2016 Phishing,1,iscx_group_009160,calibration,
ISCX::8103,ISCX-URL2016 Phishing,1,iscx_group_003809,test,
ISCX::8104,ISCX-URL2016 Phishing,1,iscx_group_011993,development,1.0
ISCX::8105,ISCX-URL2016 Phishing,1,iscx_group_004151,calibration,
ISCX::8106,ISCX-URL2016 Phishing,1,iscx_group_006867,calibration,
ISCX::8107,ISCX-URL2016 Phishing,1,iscx_group_013469,development,4.0
ISCX::8108,ISCX-URL2016 Phishing,1,iscx_group_014404,development,3.0
ISCX::8109,ISCX-URL2016 Phishing,1,iscx_group_011858,development,2.0
ISCX::8110,ISCX-URL2016 Phishing,1,iscx_group_013233,development,2.0
ISCX::8111,ISCX-URL2016 Phishing,1,iscx_group_000655,development,5.0
ISCX::8112,ISCX-URL2016 Phishing,1,iscx_group_002126,test,
ISCX::8113,ISCX-URL2016 Phishing,1,iscx_group_012310,development,1.0
ISCX::8114,ISCX-URL2016 Phishing,1,iscx_group_010144,development,1.0
ISCX::8115,ISCX-URL2016 Phishing,1,iscx_group_007275,test,
ISCX::8116,ISCX-URL2016 Phishing,1,iscx_group_012349,development,5.0
ISCX::8117,ISCX-URL2016 Phishing,1,iscx_group_004893,development,5.0
ISCX::8118,ISCX-URL2016 Phishing,1,iscx_group_006041,development,1.0
ISCX::8119,ISCX-URL2016 Phishing,1,iscx_group_005588,calibration,
ISCX::8120,ISCX-URL2016 Phishing,1,iscx_group_001762,calibration,
ISCX::8121,ISCX-URL2016 Phishing,1,iscx_group_000261,development,4.0
ISCX::8122,ISCX-URL2016 Phishing,1,iscx_group_012250,development,4.0
ISCX::8123,ISCX-URL2016 Phishing,1,iscx_group_005538,development,3.0
ISCX::8124,ISCX-URL2016 Phishing,1,iscx_group_011739,development,2.0
ISCX::8125,ISCX-URL2016 Phishing,1,iscx_group_001044,development,4.0
ISCX::8126,ISCX-URL2016 Phishing,1,iscx_group_000831,test,
ISCX::8127,ISCX-URL2016 Phishing,1,iscx_group_014667,development,3.0
ISCX::8128,ISCX-URL2016 Phishing,1,iscx_group_005730,development,1.0
ISCX::8129,ISCX-URL2016 Phishing,1,iscx_group_002513,development,5.0
ISCX::8130,ISCX-URL2016 Phishing,1,iscx_group_006606,development,4.0
ISCX::8131,ISCX-URL2016 Phishing,1,iscx_group_013334,development,4.0
ISCX::8132,ISCX-URL2016 Phishing,1,iscx_group_004624,development,5.0
ISCX::8133,ISCX-URL2016 Phishing,1,iscx_group_002179,calibration,
ISCX::8134,ISCX-URL2016 Phishing,1,iscx_group_012335,development,4.0
ISCX::8135,ISCX-URL2016 Phishing,1,iscx_group_010328,development,5.0
ISCX::8136,ISCX-URL2016 Phishing,1,iscx_group_007753,calibration,
ISCX::8137,ISCX-URL2016 Phishing,1,iscx_group_011988,development,1.0
ISCX::8138,ISCX-URL2016 Phishing,1,iscx_group_012143,development,5.0
ISCX::8139,ISCX-URL2016 Phishing,1,iscx_group_004680,development,5.0
ISCX::8140,ISCX-URL2016 Phishing,1,iscx_group_009912,development,4.0
ISCX::8141,ISCX-URL2016 Phishing,1,iscx_group_001973,test,
ISCX::8142,ISCX-URL2016 Phishing,1,iscx_group_001812,calibration,
ISCX::8143,ISCX-URL2016 Phishing,1,iscx_group_005419,calibration,
ISCX::8144,ISCX-URL2016 Phishing,1,iscx_group_008859,test,
ISCX::8145,ISCX-URL2016 Phishing,1,iscx_group_012525,development,3.0
ISCX::8146,ISCX-URL2016 Phishing,1,iscx_group_010599,development,1.0
ISCX::8147,ISCX-URL2016 Phishing,1,iscx_group_005852,development,4.0
ISCX::8148,ISCX-URL2016 Phishing,1,iscx_group_014235,development,5.0
ISCX::8149,ISCX-URL2016 Phishing,1,iscx_group_010766,development,4.0
ISCX::8150,ISCX-URL2016 Phishing,1,iscx_group_003139,development,2.0
ISCX::8151,ISCX-URL2016 Phishing,1,iscx_group_004539,calibration,
ISCX::8152,ISCX-URL2016 Phishing,1,iscx_group_012008,development,4.0
ISCX::8153,ISCX-URL2016 Phishing,1,iscx_group_004738,development,1.0
ISCX::8154,ISCX-URL2016 Phishing,1,iscx_group_011453,test,
ISCX::8155,ISCX-URL2016 Phishing,1,iscx_group_008296,test,
ISCX::8156,ISCX-URL2016 Phishing,1,iscx_group_008484,test,
ISCX::8157,ISCX-URL2016 Phishing,1,iscx_group_007278,development,4.0
ISCX::8158,ISCX-URL2016 Phishing,1,iscx_group_005400,development,5.0
ISCX::8159,ISCX-URL2016 Phishing,1,iscx_group_009120,test,
ISCX::8160,ISCX-URL2016 Phishing,1,iscx_group_014196,development,1.0
ISCX::8161,ISCX-URL2016 Phishing,1,iscx_group_001645,development,5.0
ISCX::8162,ISCX-URL2016 Phishing,1,iscx_group_003789,development,1.0
ISCX::8163,ISCX-URL2016 Phishing,1,iscx_group_012075,test,
ISCX::8164,ISCX-URL2016 Phishing,1,iscx_group_003306,calibration,
ISCX::8165,ISCX-URL2016 Phishing,1,iscx_group_013608,development,5.0
ISCX::8166,ISCX-URL2016 Phishing,1,iscx_group_012045,development,3.0
ISCX::8167,ISCX-URL2016 Phishing,1,iscx_group_003136,development,3.0
ISCX::8168,ISCX-URL2016 Phishing,1,iscx_group_010828,development,4.0
ISCX::8169,ISCX-URL2016 Phishing,1,iscx_group_001162,test,
ISCX::8170,ISCX-URL2016 Phishing,1,iscx_group_006319,development,5.0
ISCX::8171,ISCX-URL2016 Phishing,1,iscx_group_006154,development,5.0
ISCX::8172,ISCX-URL2016 Phishing,1,iscx_group_009647,development,4.0
ISCX::8173,ISCX-URL2016 Phishing,1,iscx_group_013400,development,5.0
ISCX::8174,ISCX-URL2016 Phishing,1,iscx_group_000211,test,
ISCX::8175,ISCX-URL2016 Phishing,1,iscx_group_006501,development,4.0
ISCX::8176,ISCX-URL2016 Phishing,1,iscx_group_000643,test,
ISCX::8177,ISCX-URL2016 Phishing,1,iscx_group_002696,development,2.0
ISCX::8178,ISCX-URL2016 Phishing,1,iscx_group_008736,development,2.0
ISCX::8179,ISCX-URL2016 Phishing,1,iscx_group_002319,development,4.0
ISCX::8180,ISCX-URL2016 Phishing,1,iscx_group_013949,development,2.0
ISCX::8181,ISCX-URL2016 Phishing,1,iscx_group_005999,development,5.0
ISCX::8182,ISCX-URL2016 Phishing,1,iscx_group_002736,development,5.0
ISCX::8183,ISCX-URL2016 Phishing,1,iscx_group_012985,development,1.0
ISCX::8184,ISCX-URL2016 Phishing,1,iscx_group_004988,calibration,
ISCX::8185,ISCX-URL2016 Phishing,1,iscx_group_013418,calibration,
ISCX::8186,ISCX-URL2016 Phishing,1,iscx_group_004924,test,
ISCX::8187,ISCX-URL2016 Phishing,1,iscx_group_006642,calibration,
ISCX::8188,ISCX-URL2016 Phishing,1,iscx_group_002967,development,2.0
ISCX::8189,ISCX-URL2016 Phishing,1,iscx_group_005321,calibration,
ISCX::8190,ISCX-URL2016 Phishing,1,iscx_group_014078,calibration,
ISCX::8191,ISCX-URL2016 Phishing,1,iscx_group_002656,test,
ISCX::8192,ISCX-URL2016 Phishing,1,iscx_group_005190,test,
ISCX::8193,ISCX-URL2016 Phishing,1,iscx_group_006798,development,2.0
ISCX::8194,ISCX-URL2016 Phishing,1,iscx_group_010246,calibration,
ISCX::8195,ISCX-URL2016 Phishing,1,iscx_group_003770,development,5.0
ISCX::8196,ISCX-URL2016 Phishing,1,iscx_group_008269,development,2.0
ISCX::8197,ISCX-URL2016 Phishing,1,iscx_group_006408,development,4.0
ISCX::8198,ISCX-URL2016 Phishing,1,iscx_group_010425,development,2.0
ISCX::8199,ISCX-URL2016 Phishing,1,iscx_group_004789,calibration,
ISCX::8200,ISCX-URL2016 Phishing,1,iscx_group_001734,development,3.0
ISCX::8201,ISCX-URL2016 Phishing,1,iscx_group_008820,development,2.0
ISCX::8202,ISCX-URL2016 Phishing,1,iscx_group_014493,test,
ISCX::8203,ISCX-URL2016 Phishing,1,iscx_group_002520,development,4.0
ISCX::8204,ISCX-URL2016 Phishing,1,iscx_group_001405,development,2.0
ISCX::8205,ISCX-URL2016 Phishing,1,iscx_group_004363,development,5.0
ISCX::8206,ISCX-URL2016 Phishing,1,iscx_group_014176,development,3.0
ISCX::8207,ISCX-URL2016 Phishing,1,iscx_group_001575,development,4.0
ISCX::8208,ISCX-URL2016 Phishing,1,iscx_group_011451,calibration,
ISCX::8209,ISCX-URL2016 Phishing,1,iscx_group_003798,test,
ISCX::8210,ISCX-URL2016 Phishing,1,iscx_group_010084,development,4.0
ISCX::8211,ISCX-URL2016 Phishing,1,iscx_group_010948,development,2.0
ISCX::8212,ISCX-URL2016 Phishing,1,iscx_group_010398,development,3.0
ISCX::8213,ISCX-URL2016 Phishing,1,iscx_group_009061,test,
ISCX::8214,ISCX-URL2016 Phishing,1,iscx_group_014735,development,5.0
ISCX::8215,ISCX-URL2016 Phishing,1,iscx_group_001214,development,4.0
ISCX::8216,ISCX-URL2016 Phishing,1,iscx_group_013356,calibration,
ISCX::8217,ISCX-URL2016 Phishing,1,iscx_group_007846,development,5.0
ISCX::8218,ISCX-URL2016 Phishing,1,iscx_group_006672,development,2.0
ISCX::8219,ISCX-URL2016 Phishing,1,iscx_group_000517,test,
ISCX::8220,ISCX-URL2016 Phishing,1,iscx_group_001799,development,1.0
ISCX::8221,ISCX-URL2016 Phishing,1,iscx_group_014510,development,4.0
ISCX::8222,ISCX-URL2016 Phishing,1,iscx_group_011595,development,3.0
ISCX::8223,ISCX-URL2016 Phishing,1,iscx_group_008976,development,3.0
ISCX::8224,ISCX-URL2016 Phishing,1,iscx_group_003970,test,
ISCX::8225,ISCX-URL2016 Phishing,1,iscx_group_006332,development,5.0
ISCX::8226,ISCX-URL2016 Phishing,1,iscx_group_010074,development,5.0
ISCX::8227,ISCX-URL2016 Phishing,1,iscx_group_001806,development,4.0
ISCX::8228,ISCX-URL2016 Phishing,1,iscx_group_000994,development,5.0
ISCX::8229,ISCX-URL2016 Phishing,1,iscx_group_012450,development,1.0
ISCX::8230,ISCX-URL2016 Phishing,1,iscx_group_008993,development,4.0
ISCX::8231,ISCX-URL2016 Phishing,1,iscx_group_002711,calibration,
ISCX::8232,ISCX-URL2016 Phishing,1,iscx_group_000597,test,
ISCX::8233,ISCX-URL2016 Phishing,1,iscx_group_012408,development,1.0
ISCX::8234,ISCX-URL2016 Phishing,1,iscx_group_012244,development,1.0
ISCX::8235,ISCX-URL2016 Phishing,1,iscx_group_009327,test,
ISCX::8236,ISCX-URL2016 Phishing,1,iscx_group_008964,development,3.0
ISCX::8237,ISCX-URL2016 Phishing,1,iscx_group_003795,calibration,
ISCX::8238,ISCX-URL2016 Phishing,1,iscx_group_001353,development,4.0
ISCX::8239,ISCX-URL2016 Phishing,1,iscx_group_002351,development,1.0
ISCX::8240,ISCX-URL2016 Phishing,1,iscx_group_004509,development,3.0
ISCX::8241,ISCX-URL2016 Phishing,1,iscx_group_006884,development,5.0
ISCX::8242,ISCX-URL2016 Phishing,1,iscx_group_006244,calibration,
ISCX::8243,ISCX-URL2016 Phishing,1,iscx_group_000401,development,4.0
ISCX::8244,ISCX-URL2016 Phishing,1,iscx_group_014571,development,2.0
ISCX::8245,ISCX-URL2016 Phishing,1,iscx_group_003054,test,
ISCX::8246,ISCX-URL2016 Phishing,1,iscx_group_011887,development,1.0
ISCX::8247,ISCX-URL2016 Phishing,1,iscx_group_003911,calibration,
ISCX::8248,ISCX-URL2016 Phishing,1,iscx_group_007723,development,3.0
ISCX::8249,ISCX-URL2016 Phishing,1,iscx_group_007210,calibration,
ISCX::8250,ISCX-URL2016 Phishing,1,iscx_group_001295,calibration,
ISCX::8251,ISCX-URL2016 Phishing,1,iscx_group_011873,calibration,
ISCX::8252,ISCX-URL2016 Phishing,1,iscx_group_007254,development,4.0
ISCX::8253,ISCX-URL2016 Phishing,1,iscx_group_011646,development,5.0
ISCX::8254,ISCX-URL2016 Phishing,1,iscx_group_012040,development,3.0
ISCX::8255,ISCX-URL2016 Phishing,1,iscx_group_002097,calibration,
ISCX::8256,ISCX-URL2016 Phishing,1,iscx_group_003913,calibration,
ISCX::8257,ISCX-URL2016 Phishing,1,iscx_group_009381,test,
ISCX::8258,ISCX-URL2016 Phishing,1,iscx_group_003410,calibration,
ISCX::8259,ISCX-URL2016 Phishing,1,iscx_group_011614,calibration,
ISCX::8260,ISCX-URL2016 Phishing,1,iscx_group_005649,test,
ISCX::8261,ISCX-URL2016 Phishing,1,iscx_group_012401,development,2.0
ISCX::8262,ISCX-URL2016 Phishing,1,iscx_group_008037,development,1.0
ISCX::8263,ISCX-URL2016 Phishing,1,iscx_group_009827,development,3.0
ISCX::8264,ISCX-URL2016 Phishing,1,iscx_group_003901,calibration,
ISCX::8265,ISCX-URL2016 Phishing,1,iscx_group_006537,calibration,
ISCX::8266,ISCX-URL2016 Phishing,1,iscx_group_011271,development,4.0
ISCX::8267,ISCX-URL2016 Phishing,1,iscx_group_004059,development,3.0
ISCX::8268,ISCX-URL2016 Phishing,1,iscx_group_007034,development,5.0
ISCX::8269,ISCX-URL2016 Phishing,1,iscx_group_001433,development,1.0
ISCX::8270,ISCX-URL2016 Phishing,1,iscx_group_006109,development,2.0
ISCX::8271,ISCX-URL2016 Phishing,1,iscx_group_011530,development,2.0
ISCX::8272,ISCX-URL2016 Phishing,1,iscx_group_000767,development,3.0
ISCX::8273,ISCX-URL2016 Phishing,1,iscx_group_009454,development,5.0
ISCX::8274,ISCX-URL2016 Phishing,1,iscx_group_010672,test,
ISCX::8275,ISCX-URL2016 Phishing,1,iscx_group_002401,development,2.0
ISCX::8276,ISCX-URL2016 Phishing,1,iscx_group_008309,development,1.0
ISCX::8277,ISCX-URL2016 Phishing,1,iscx_group_006129,development,1.0
ISCX::8278,ISCX-URL2016 Phishing,1,iscx_group_013115,development,4.0
ISCX::8279,ISCX-URL2016 Phishing,1,iscx_group_014131,development,3.0
ISCX::8280,ISCX-URL2016 Phishing,1,iscx_group_002862,development,3.0
ISCX::8281,ISCX-URL2016 Phishing,1,iscx_group_012322,development,5.0
ISCX::8282,ISCX-URL2016 Phishing,1,iscx_group_008136,calibration,
ISCX::8283,ISCX-URL2016 Phishing,1,iscx_group_000876,development,1.0
ISCX::8284,ISCX-URL2016 Phishing,1,iscx_group_008823,calibration,
ISCX::8285,ISCX-URL2016 Phishing,1,iscx_group_008593,development,3.0
ISCX::8286,ISCX-URL2016 Phishing,1,iscx_group_000234,development,4.0
ISCX::8287,ISCX-URL2016 Phishing,1,iscx_group_013335,development,4.0
ISCX::8288,ISCX-URL2016 Phishing,1,iscx_group_011956,calibration,
ISCX::8289,ISCX-URL2016 Phishing,1,iscx_group_000647,calibration,
ISCX::8290,ISCX-URL2016 Phishing,1,iscx_group_002710,development,3.0
ISCX::8291,ISCX-URL2016 Phishing,1,iscx_group_007564,calibration,
ISCX::8292,ISCX-URL2016 Phishing,1,iscx_group_011559,development,3.0
ISCX::8293,ISCX-URL2016 Phishing,1,iscx_group_007575,development,1.0
ISCX::8294,ISCX-URL2016 Phishing,1,iscx_group_009204,development,2.0
ISCX::8295,ISCX-URL2016 Phishing,1,iscx_group_003993,development,5.0
ISCX::8296,ISCX-URL2016 Phishing,1,iscx_group_002791,development,5.0
ISCX::8297,ISCX-URL2016 Phishing,1,iscx_group_006546,calibration,
ISCX::8298,ISCX-URL2016 Phishing,1,iscx_group_003868,test,
ISCX::8299,ISCX-URL2016 Phishing,1,iscx_group_000993,development,3.0
ISCX::8300,ISCX-URL2016 Phishing,1,iscx_group_002089,calibration,
ISCX::8301,ISCX-URL2016 Phishing,1,iscx_group_006097,development,5.0
ISCX::8302,ISCX-URL2016 Phishing,1,iscx_group_001322,development,3.0
ISCX::8303,ISCX-URL2016 Phishing,1,iscx_group_005501,development,4.0
ISCX::8304,ISCX-URL2016 Phishing,1,iscx_group_012200,development,2.0
ISCX::8305,ISCX-URL2016 Phishing,1,iscx_group_000774,development,2.0
ISCX::8306,ISCX-URL2016 Phishing,1,iscx_group_005161,test,
ISCX::8307,ISCX-URL2016 Phishing,1,iscx_group_013544,development,5.0
ISCX::8308,ISCX-URL2016 Phishing,1,iscx_group_008698,development,2.0
ISCX::8309,ISCX-URL2016 Phishing,1,iscx_group_011790,development,2.0
ISCX::8310,ISCX-URL2016 Phishing,1,iscx_group_012765,test,
ISCX::8311,ISCX-URL2016 Phishing,1,iscx_group_004622,calibration,
ISCX::8312,ISCX-URL2016 Phishing,1,iscx_group_005389,development,5.0
ISCX::8313,ISCX-URL2016 Phishing,1,iscx_group_005677,test,
ISCX::8314,ISCX-URL2016 Phishing,1,iscx_group_008192,development,4.0
ISCX::8315,ISCX-URL2016 Phishing,1,iscx_group_001950,development,3.0
ISCX::8316,ISCX-URL2016 Phishing,1,iscx_group_011685,development,1.0
ISCX::8317,ISCX-URL2016 Phishing,1,iscx_group_008330,development,4.0
ISCX::8318,ISCX-URL2016 Phishing,1,iscx_group_009509,test,
ISCX::8319,ISCX-URL2016 Phishing,1,iscx_group_003336,test,
ISCX::8320,ISCX-URL2016 Phishing,1,iscx_group_006651,test,
ISCX::8321,ISCX-URL2016 Phishing,1,iscx_group_008809,development,5.0
ISCX::8322,ISCX-URL2016 Phishing,1,iscx_group_000446,development,3.0
ISCX::8323,ISCX-URL2016 Phishing,1,iscx_group_002770,development,3.0
ISCX::8324,ISCX-URL2016 Phishing,1,iscx_group_008087,calibration,
ISCX::8325,ISCX-URL2016 Phishing,1,iscx_group_012643,test,
ISCX::8326,ISCX-URL2016 Phishing,1,iscx_group_010784,development,3.0
ISCX::8327,ISCX-URL2016 Phishing,1,iscx_group_008206,development,3.0
ISCX::8328,ISCX-URL2016 Phishing,1,iscx_group_014644,calibration,
ISCX::8329,ISCX-URL2016 Phishing,1,iscx_group_008408,development,2.0
ISCX::8330,ISCX-URL2016 Phishing,1,iscx_group_011682,test,
ISCX::8331,ISCX-URL2016 Phishing,1,iscx_group_006579,calibration,
ISCX::8332,ISCX-URL2016 Phishing,1,iscx_group_011694,development,5.0
ISCX::8333,ISCX-URL2016 Phishing,1,iscx_group_007246,test,
ISCX::8334,ISCX-URL2016 Phishing,1,iscx_group_001562,development,1.0
ISCX::8335,ISCX-URL2016 Phishing,1,iscx_group_007075,development,4.0
ISCX::8336,ISCX-URL2016 Phishing,1,iscx_group_006277,development,2.0
ISCX::8337,ISCX-URL2016 Phishing,1,iscx_group_011475,test,
ISCX::8338,ISCX-URL2016 Phishing,1,iscx_group_007738,test,
ISCX::8339,ISCX-URL2016 Phishing,1,iscx_group_014657,test,
ISCX::8340,ISCX-URL2016 Phishing,1,iscx_group_004587,development,4.0
ISCX::8341,ISCX-URL2016 Phishing,1,iscx_group_000545,development,1.0
ISCX::8342,ISCX-URL2016 Phishing,1,iscx_group_009746,development,1.0
ISCX::8343,ISCX-URL2016 Phishing,1,iscx_group_012232,test,
ISCX::8344,ISCX-URL2016 Phishing,1,iscx_group_005931,development,5.0
ISCX::8345,ISCX-URL2016 Phishing,1,iscx_group_012351,calibration,
ISCX::8346,ISCX-URL2016 Phishing,1,iscx_group_008340,development,3.0
ISCX::8347,ISCX-URL2016 Phishing,1,iscx_group_004241,calibration,
ISCX::8348,ISCX-URL2016 Phishing,1,iscx_group_005774,development,2.0
ISCX::8349,ISCX-URL2016 Phishing,1,iscx_group_011803,development,2.0
ISCX::8350,ISCX-URL2016 Phishing,1,iscx_group_000715,development,1.0
ISCX::8351,ISCX-URL2016 Phishing,1,iscx_group_008720,test,
ISCX::8352,ISCX-URL2016 Phishing,1,iscx_group_007162,test,
ISCX::8353,ISCX-URL2016 Phishing,1,iscx_group_009960,development,1.0
ISCX::8354,ISCX-URL2016 Phishing,1,iscx_group_012625,development,1.0
ISCX::8355,ISCX-URL2016 Phishing,1,iscx_group_001934,calibration,
ISCX::8356,ISCX-URL2016 Phishing,1,iscx_group_010189,development,4.0
ISCX::8357,ISCX-URL2016 Phishing,1,iscx_group_013230,test,
ISCX::8358,ISCX-URL2016 Phishing,1,iscx_group_006595,development,3.0
ISCX::8359,ISCX-URL2016 Phishing,1,iscx_group_000821,calibration,
ISCX::8360,ISCX-URL2016 Phishing,1,iscx_group_004507,development,5.0
ISCX::8361,ISCX-URL2016 Phishing,1,iscx_group_003147,test,
ISCX::8362,ISCX-URL2016 Phishing,1,iscx_group_014313,development,5.0
ISCX::8363,ISCX-URL2016 Phishing,1,iscx_group_014663,development,3.0
ISCX::8364,ISCX-URL2016 Phishing,1,iscx_group_010271,test,
ISCX::8365,ISCX-URL2016 Phishing,1,iscx_group_012704,test,
ISCX::8366,ISCX-URL2016 Phishing,1,iscx_group_012475,calibration,
ISCX::8367,ISCX-URL2016 Phishing,1,iscx_group_014618,test,
ISCX::8368,ISCX-URL2016 Phishing,1,iscx_group_008308,development,3.0
ISCX::8369,ISCX-URL2016 Phishing,1,iscx_group_005204,development,5.0
ISCX::8370,ISCX-URL2016 Phishing,1,iscx_group_000053,development,2.0
ISCX::8371,ISCX-URL2016 Phishing,1,iscx_group_004367,development,1.0
ISCX::8372,ISCX-URL2016 Phishing,1,iscx_group_006323,test,
ISCX::8373,ISCX-URL2016 Phishing,1,iscx_group_010739,development,2.0
ISCX::8374,ISCX-URL2016 Phishing,1,iscx_group_010844,development,1.0
ISCX::8375,ISCX-URL2016 Phishing,1,iscx_group_008152,calibration,
ISCX::8376,ISCX-URL2016 Phishing,1,iscx_group_008832,development,1.0
ISCX::8377,ISCX-URL2016 Phishing,1,iscx_group_007711,development,4.0
ISCX::8378,ISCX-URL2016 Phishing,1,iscx_group_005013,development,2.0
ISCX::8379,ISCX-URL2016 Phishing,1,iscx_group_002202,calibration,
ISCX::8380,ISCX-URL2016 Phishing,1,iscx_group_010562,development,5.0
ISCX::8381,ISCX-URL2016 Phishing,1,iscx_group_012453,development,3.0
ISCX::8382,ISCX-URL2016 Phishing,1,iscx_group_012753,development,5.0
ISCX::8383,ISCX-URL2016 Phishing,1,iscx_group_004198,development,3.0
ISCX::8384,ISCX-URL2016 Phishing,1,iscx_group_014352,development,3.0
ISCX::8385,ISCX-URL2016 Phishing,1,iscx_group_001483,development,4.0
ISCX::8386,ISCX-URL2016 Phishing,1,iscx_group_002841,development,4.0
ISCX::8387,ISCX-URL2016 Phishing,1,iscx_group_008165,calibration,
ISCX::8388,ISCX-URL2016 Phishing,1,iscx_group_009924,development,1.0
ISCX::8389,ISCX-URL2016 Phishing,1,iscx_group_005645,development,4.0
ISCX::8390,ISCX-URL2016 Phishing,1,iscx_group_014408,development,1.0
ISCX::8391,ISCX-URL2016 Phishing,1,iscx_group_007878,development,1.0
ISCX::8392,ISCX-URL2016 Phishing,1,iscx_group_007883,development,4.0
ISCX::8393,ISCX-URL2016 Phishing,1,iscx_group_014206,test,
ISCX::8394,ISCX-URL2016 Phishing,1,iscx_group_007089,development,5.0
ISCX::8395,ISCX-URL2016 Phishing,1,iscx_group_004551,development,5.0
ISCX::8396,ISCX-URL2016 Phishing,1,iscx_group_002300,calibration,
ISCX::8397,ISCX-URL2016 Phishing,1,iscx_group_013751,development,4.0
ISCX::8398,ISCX-URL2016 Phishing,1,iscx_group_005826,calibration,
ISCX::8399,ISCX-URL2016 Phishing,1,iscx_group_011563,development,5.0
ISCX::8400,ISCX-URL2016 Phishing,1,iscx_group_000536,calibration,
ISCX::8401,ISCX-URL2016 Phishing,1,iscx_group_014533,development,5.0
ISCX::8402,ISCX-URL2016 Phishing,1,iscx_group_011766,development,1.0
ISCX::8403,ISCX-URL2016 Phishing,1,iscx_group_007613,test,
ISCX::8404,ISCX-URL2016 Phishing,1,iscx_group_009540,development,2.0
ISCX::8405,ISCX-URL2016 Phishing,1,iscx_group_014122,development,2.0
ISCX::8406,ISCX-URL2016 Phishing,1,iscx_group_010540,development,1.0
ISCX::8407,ISCX-URL2016 Phishing,1,iscx_group_014002,development,5.0
ISCX::8408,ISCX-URL2016 Phishing,1,iscx_group_006928,development,4.0
ISCX::8409,ISCX-URL2016 Phishing,1,iscx_group_013036,development,1.0
ISCX::8410,ISCX-URL2016 Phishing,1,iscx_group_014275,development,1.0
ISCX::8411,ISCX-URL2016 Phishing,1,iscx_group_014069,development,2.0
ISCX::8412,ISCX-URL2016 Phishing,1,iscx_group_007143,development,2.0
ISCX::8413,ISCX-URL2016 Phishing,1,iscx_group_007627,test,
ISCX::8414,ISCX-URL2016 Phishing,1,iscx_group_007993,development,5.0
ISCX::8415,ISCX-URL2016 Phishing,1,iscx_group_004058,development,5.0
ISCX::8416,ISCX-URL2016 Phishing,1,iscx_group_005732,calibration,
ISCX::8417,ISCX-URL2016 Phishing,1,iscx_group_007950,development,4.0
ISCX::8418,ISCX-URL2016 Phishing,1,iscx_group_002504,development,2.0
ISCX::8419,ISCX-URL2016 Phishing,1,iscx_group_013059,test,
ISCX::8420,ISCX-URL2016 Phishing,1,iscx_group_013735,development,3.0
ISCX::8421,ISCX-URL2016 Phishing,1,iscx_group_010647,test,
ISCX::8422,ISCX-URL2016 Phishing,1,iscx_group_012924,test,
ISCX::8423,ISCX-URL2016 Phishing,1,iscx_group_006232,development,1.0
ISCX::8424,ISCX-URL2016 Phishing,1,iscx_group_013761,development,2.0
ISCX::8425,ISCX-URL2016 Phishing,1,iscx_group_011211,development,5.0
ISCX::8426,ISCX-URL2016 Phishing,1,iscx_group_012369,test,
ISCX::8427,ISCX-URL2016 Phishing,1,iscx_group_009584,development,4.0
ISCX::8428,ISCX-URL2016 Phishing,1,iscx_group_004211,development,1.0
ISCX::8429,ISCX-URL2016 Phishing,1,iscx_group_013221,development,3.0
ISCX::8430,ISCX-URL2016 Phishing,1,iscx_group_001169,development,5.0
ISCX::8431,ISCX-URL2016 Phishing,1,iscx_group_008424,calibration,
ISCX::8432,ISCX-URL2016 Phishing,1,iscx_group_010879,development,2.0
ISCX::8433,ISCX-URL2016 Phishing,1,iscx_group_013966,development,4.0
ISCX::8434,ISCX-URL2016 Phishing,1,iscx_group_002924,development,3.0
ISCX::8435,ISCX-URL2016 Phishing,1,iscx_group_012444,development,2.0
ISCX::8436,ISCX-URL2016 Phishing,1,iscx_group_000781,test,
ISCX::8437,ISCX-URL2016 Phishing,1,iscx_group_006905,development,4.0
ISCX::8438,ISCX-URL2016 Phishing,1,iscx_group_003529,development,3.0
ISCX::8439,ISCX-URL2016 Phishing,1,iscx_group_013598,development,3.0
ISCX::8440,ISCX-URL2016 Phishing,1,iscx_group_007501,development,2.0
ISCX::8441,ISCX-URL2016 Phishing,1,iscx_group_009317,test,
ISCX::8442,ISCX-URL2016 Phishing,1,iscx_group_011263,development,3.0
ISCX::8443,ISCX-URL2016 Phishing,1,iscx_group_009947,calibration,
ISCX::8444,ISCX-URL2016 Phishing,1,iscx_group_005485,development,4.0
ISCX::8445,ISCX-URL2016 Phishing,1,iscx_group_011258,calibration,
ISCX::8446,ISCX-URL2016 Phishing,1,iscx_group_011518,calibration,
ISCX::8447,ISCX-URL2016 Phishing,1,iscx_group_003321,development,3.0
ISCX::8448,ISCX-URL2016 Phishing,1,iscx_group_006722,development,5.0
ISCX::8449,ISCX-URL2016 Phishing,1,iscx_group_000302,development,3.0
ISCX::8450,ISCX-URL2016 Phishing,1,iscx_group_007899,calibration,
ISCX::8451,ISCX-URL2016 Phishing,1,iscx_group_005710,development,3.0
ISCX::8452,ISCX-URL2016 Phishing,1,iscx_group_005910,development,2.0
ISCX::8453,ISCX-URL2016 Phishing,1,iscx_group_004050,development,4.0
ISCX::8454,ISCX-URL2016 Phishing,1,iscx_group_013340,test,
ISCX::8455,ISCX-URL2016 Phishing,1,iscx_group_003350,development,2.0
ISCX::8456,ISCX-URL2016 Phishing,1,iscx_group_014678,development,2.0
ISCX::8457,ISCX-URL2016 Phishing,1,iscx_group_007085,development,4.0
ISCX::8458,ISCX-URL2016 Phishing,1,iscx_group_006451,calibration,
ISCX::8459,ISCX-URL2016 Phishing,1,iscx_group_007997,development,3.0
ISCX::8460,ISCX-URL2016 Phishing,1,iscx_group_013474,development,2.0
ISCX::8461,ISCX-URL2016 Phishing,1,iscx_group_004236,development,1.0
ISCX::8462,ISCX-URL2016 Phishing,1,iscx_group_000181,test,
ISCX::8463,ISCX-URL2016 Phishing,1,iscx_group_001464,development,2.0
ISCX::8464,ISCX-URL2016 Phishing,1,iscx_group_001919,test,
ISCX::8465,ISCX-URL2016 Phishing,1,iscx_group_010412,development,3.0
ISCX::8466,ISCX-URL2016 Phishing,1,iscx_group_000421,development,2.0
ISCX::8467,ISCX-URL2016 Phishing,1,iscx_group_014003,test,
ISCX::8468,ISCX-URL2016 Phishing,1,iscx_group_011856,calibration,
ISCX::8469,ISCX-URL2016 Phishing,1,iscx_group_014552,development,2.0
ISCX::8470,ISCX-URL2016 Phishing,1,iscx_group_013910,development,5.0
ISCX::8471,ISCX-URL2016 Phishing,1,iscx_group_013310,development,3.0
ISCX::8472,ISCX-URL2016 Phishing,1,iscx_group_009796,development,4.0
ISCX::8473,ISCX-URL2016 Phishing,1,iscx_group_013354,development,5.0
ISCX::8474,ISCX-URL2016 Phishing,1,iscx_group_000167,development,4.0
ISCX::8475,ISCX-URL2016 Phishing,1,iscx_group_013638,development,4.0
ISCX::8476,ISCX-URL2016 Phishing,1,iscx_group_005210,development,2.0
ISCX::8477,ISCX-URL2016 Phishing,1,iscx_group_006267,development,5.0
ISCX::8478,ISCX-URL2016 Phishing,1,iscx_group_008604,development,2.0
ISCX::8479,ISCX-URL2016 Phishing,1,iscx_group_009459,development,1.0
ISCX::8480,ISCX-URL2016 Phishing,1,iscx_group_005212,test,
ISCX::8481,ISCX-URL2016 Phishing,1,iscx_group_000580,development,2.0
ISCX::8482,ISCX-URL2016 Phishing,1,iscx_group_014019,development,1.0
ISCX::8483,ISCX-URL2016 Phishing,1,iscx_group_009860,development,4.0
ISCX::8484,ISCX-URL2016 Phishing,1,iscx_group_011661,development,5.0
ISCX::8485,ISCX-URL2016 Phishing,1,iscx_group_006278,calibration,
ISCX::8486,ISCX-URL2016 Phishing,1,iscx_group_002858,development,1.0
ISCX::8487,ISCX-URL2016 Phishing,1,iscx_group_003138,development,1.0
ISCX::8488,ISCX-URL2016 Phishing,1,iscx_group_011380,test,
ISCX::8489,ISCX-URL2016 Phishing,1,iscx_group_002733,development,2.0
ISCX::8490,ISCX-URL2016 Phishing,1,iscx_group_011546,development,4.0
ISCX::8491,ISCX-URL2016 Phishing,1,iscx_group_003780,development,2.0
ISCX::8492,ISCX-URL2016 Phishing,1,iscx_group_006584,development,5.0
ISCX::8493,ISCX-URL2016 Phishing,1,iscx_group_011644,calibration,
ISCX::8494,ISCX-URL2016 Phishing,1,iscx_group_012378,test,
ISCX::8495,ISCX-URL2016 Phishing,1,iscx_group_010052,development,3.0
ISCX::8496,ISCX-URL2016 Phishing,1,iscx_group_007706,development,3.0
ISCX::8497,ISCX-URL2016 Phishing,1,iscx_group_001058,development,3.0
ISCX::8498,ISCX-URL2016 Phishing,1,iscx_group_008473,development,3.0
ISCX::8499,ISCX-URL2016 Phishing,1,iscx_group_014821,development,3.0
ISCX::8500,ISCX-URL2016 Phishing,1,iscx_group_010344,calibration,
ISCX::8501,ISCX-URL2016 Phishing,1,iscx_group_002083,development,1.0
ISCX::8502,ISCX-URL2016 Phishing,1,iscx_group_005242,test,
ISCX::8503,ISCX-URL2016 Phishing,1,iscx_group_007651,development,5.0
ISCX::8504,ISCX-URL2016 Phishing,1,iscx_group_009893,development,3.0
ISCX::8505,ISCX-URL2016 Phishing,1,iscx_group_006796,development,5.0
ISCX::8506,ISCX-URL2016 Phishing,1,iscx_group_008610,development,5.0
ISCX::8507,ISCX-URL2016 Phishing,1,iscx_group_000024,test,
ISCX::8508,ISCX-URL2016 Phishing,1,iscx_group_003682,calibration,
ISCX::8509,ISCX-URL2016 Phishing,1,iscx_group_005386,development,3.0
ISCX::8510,ISCX-URL2016 Phishing,1,iscx_group_013154,test,
ISCX::8511,ISCX-URL2016 Phishing,1,iscx_group_002034,calibration,
ISCX::8512,ISCX-URL2016 Phishing,1,iscx_group_012583,development,5.0
ISCX::8513,ISCX-URL2016 Phishing,1,iscx_group_002726,calibration,
ISCX::8514,ISCX-URL2016 Phishing,1,iscx_group_005650,development,2.0
ISCX::8515,ISCX-URL2016 Phishing,1,iscx_group_006813,development,2.0
ISCX::8516,ISCX-URL2016 Phishing,1,iscx_group_008725,development,5.0
ISCX::8517,ISCX-URL2016 Phishing,1,iscx_group_001215,development,2.0
ISCX::8518,ISCX-URL2016 Phishing,1,iscx_group_014620,development,2.0
ISCX::8519,ISCX-URL2016 Phishing,1,iscx_group_007328,development,1.0
ISCX::8520,ISCX-URL2016 Phishing,1,iscx_group_003506,development,4.0
ISCX::8521,ISCX-URL2016 Phishing,1,iscx_group_004195,development,1.0
ISCX::8522,ISCX-URL2016 Phishing,1,iscx_group_000944,development,4.0
ISCX::8523,ISCX-URL2016 Phishing,1,iscx_group_004113,test,
ISCX::8524,ISCX-URL2016 Phishing,1,iscx_group_002876,development,1.0
ISCX::8525,ISCX-URL2016 Phishing,1,iscx_group_014271,development,5.0
ISCX::8526,ISCX-URL2016 Phishing,1,iscx_group_009747,development,2.0
ISCX::8527,ISCX-URL2016 Phishing,1,iscx_group_010024,development,1.0
ISCX::8528,ISCX-URL2016 Phishing,1,iscx_group_003095,development,4.0
ISCX::8529,ISCX-URL2016 Phishing,1,iscx_group_007063,development,5.0
ISCX::8530,ISCX-URL2016 Phishing,1,iscx_group_002901,development,2.0
ISCX::8531,ISCX-URL2016 Phishing,1,iscx_group_009763,development,4.0
ISCX::8532,ISCX-URL2016 Phishing,1,iscx_group_004939,development,1.0
ISCX::8533,ISCX-URL2016 Phishing,1,iscx_group_003037,development,5.0
ISCX::8534,ISCX-URL2016 Phishing,1,iscx_group_013902,development,1.0
ISCX::8535,ISCX-URL2016 Phishing,1,iscx_group_009450,calibration,
ISCX::8536,ISCX-URL2016 Phishing,1,iscx_group_013114,development,3.0
ISCX::8537,ISCX-URL2016 Phishing,1,iscx_group_010971,calibration,
ISCX::8538,ISCX-URL2016 Phishing,1,iscx_group_004582,test,
ISCX::8539,ISCX-URL2016 Phishing,1,iscx_group_001621,test,
ISCX::8540,ISCX-URL2016 Phishing,1,iscx_group_006112,test,
ISCX::8541,ISCX-URL2016 Phishing,1,iscx_group_011357,development,2.0
ISCX::8542,ISCX-URL2016 Phishing,1,iscx_group_000581,development,4.0
ISCX::8543,ISCX-URL2016 Phishing,1,iscx_group_006372,development,4.0
ISCX::8544,ISCX-URL2016 Phishing,1,iscx_group_007898,development,1.0
ISCX::8545,ISCX-URL2016 Phishing,1,iscx_group_014372,development,3.0
ISCX::8546,ISCX-URL2016 Phishing,1,iscx_group_003870,development,2.0
ISCX::8547,ISCX-URL2016 Phishing,1,iscx_group_005550,test,
ISCX::8548,ISCX-URL2016 Phishing,1,iscx_group_008472,development,3.0
ISCX::8549,ISCX-URL2016 Phishing,1,iscx_group_002308,development,5.0
ISCX::8550,ISCX-URL2016 Phishing,1,iscx_group_007140,test,
ISCX::8551,ISCX-URL2016 Phishing,1,iscx_group_004273,test,
ISCX::8552,ISCX-URL2016 Phishing,1,iscx_group_004846,development,2.0
ISCX::8553,ISCX-URL2016 Phishing,1,iscx_group_014208,development,5.0
ISCX::8554,ISCX-URL2016 Phishing,1,iscx_group_000983,development,2.0
ISCX::8555,ISCX-URL2016 Phishing,1,iscx_group_013653,development,2.0
ISCX::8556,ISCX-URL2016 Phishing,1,iscx_group_003627,development,5.0
ISCX::8557,ISCX-URL2016 Phishing,1,iscx_group_005659,development,2.0
ISCX::8558,ISCX-URL2016 Phishing,1,iscx_group_014048,development,5.0
ISCX::8559,ISCX-URL2016 Phishing,1,iscx_group_013199,calibration,
ISCX::8560,ISCX-URL2016 Phishing,1,iscx_group_001771,development,3.0
ISCX::8561,ISCX-URL2016 Phishing,1,iscx_group_009784,test,
ISCX::8562,ISCX-URL2016 Phishing,1,iscx_group_004701,development,5.0
ISCX::8563,ISCX-URL2016 Phishing,1,iscx_group_002974,development,5.0
ISCX::8564,ISCX-URL2016 Phishing,1,iscx_group_014730,development,3.0
ISCX::8565,ISCX-URL2016 Phishing,1,iscx_group_014405,development,1.0
ISCX::8566,ISCX-URL2016 Phishing,1,iscx_group_012362,development,5.0
ISCX::8567,ISCX-URL2016 Phishing,1,iscx_group_014489,test,
ISCX::8568,ISCX-URL2016 Phishing,1,iscx_group_000855,development,2.0
ISCX::8569,ISCX-URL2016 Phishing,1,iscx_group_001898,test,
ISCX::8570,ISCX-URL2016 Phishing,1,iscx_group_007691,development,3.0
ISCX::8571,ISCX-URL2016 Phishing,1,iscx_group_014694,development,3.0
ISCX::8572,ISCX-URL2016 Phishing,1,iscx_group_000324,test,
ISCX::8573,ISCX-URL2016 Phishing,1,iscx_group_004234,development,2.0
ISCX::8574,ISCX-URL2016 Phishing,1,iscx_group_004406,development,1.0
ISCX::8575,ISCX-URL2016 Phishing,1,iscx_group_013829,development,3.0
ISCX::8576,ISCX-URL2016 Phishing,1,iscx_group_008525,calibration,
ISCX::8577,ISCX-URL2016 Phishing,1,iscx_group_001671,development,2.0
ISCX::8578,ISCX-URL2016 Phishing,1,iscx_group_014441,development,2.0
ISCX::8579,ISCX-URL2016 Phishing,1,iscx_group_014764,test,
ISCX::8580,ISCX-URL2016 Phishing,1,iscx_group_004034,development,1.0
ISCX::8581,ISCX-URL2016 Phishing,1,iscx_group_011082,development,2.0
ISCX::8582,ISCX-URL2016 Phishing,1,iscx_group_007066,development,4.0
ISCX::8583,ISCX-URL2016 Phishing,1,iscx_group_013004,development,3.0
ISCX::8584,ISCX-URL2016 Phishing,1,iscx_group_000672,development,4.0
ISCX::8585,ISCX-URL2016 Phishing,1,iscx_group_002106,development,4.0
ISCX::8586,ISCX-URL2016 Phishing,1,iscx_group_011251,calibration,
ISCX::8587,ISCX-URL2016 Phishing,1,iscx_group_008022,development,2.0
ISCX::8588,ISCX-URL2016 Phishing,1,iscx_group_012464,calibration,
ISCX::8589,ISCX-URL2016 Phishing,1,iscx_group_000608,development,4.0
ISCX::8590,ISCX-URL2016 Phishing,1,iscx_group_005352,development,3.0
ISCX::8591,ISCX-URL2016 Phishing,1,iscx_group_011746,development,3.0
ISCX::8592,ISCX-URL2016 Phishing,1,iscx_group_000878,development,3.0
ISCX::8593,ISCX-URL2016 Phishing,1,iscx_group_006987,development,4.0
ISCX::8594,ISCX-URL2016 Phishing,1,iscx_group_005365,development,2.0
ISCX::8595,ISCX-URL2016 Phishing,1,iscx_group_008533,development,3.0
ISCX::8596,ISCX-URL2016 Phishing,1,iscx_group_009367,development,3.0
ISCX::8597,ISCX-URL2016 Phishing,1,iscx_group_013051,test,
ISCX::8598,ISCX-URL2016 Phishing,1,iscx_group_012015,development,3.0
ISCX::8599,ISCX-URL2016 Phishing,1,iscx_group_011838,calibration,
ISCX::8600,ISCX-URL2016 Phishing,1,iscx_group_011487,development,1.0
ISCX::8601,ISCX-URL2016 Phishing,1,iscx_group_003045,development,3.0
ISCX::8602,ISCX-URL2016 Phishing,1,iscx_group_003687,development,1.0
ISCX::8603,ISCX-URL2016 Phishing,1,iscx_group_002621,test,
ISCX::8604,ISCX-URL2016 Phishing,1,iscx_group_001247,development,2.0
ISCX::8605,ISCX-URL2016 Phishing,1,iscx_group_014238,development,3.0
ISCX::8606,ISCX-URL2016 Phishing,1,iscx_group_003583,development,1.0
ISCX::8607,ISCX-URL2016 Phishing,1,iscx_group_013614,development,2.0
ISCX::8608,ISCX-URL2016 Phishing,1,iscx_group_012959,development,4.0
ISCX::8609,ISCX-URL2016 Phishing,1,iscx_group_007502,development,2.0
ISCX::8610,ISCX-URL2016 Phishing,1,iscx_group_000560,development,3.0
ISCX::8611,ISCX-URL2016 Phishing,1,iscx_group_001769,development,4.0
ISCX::8612,ISCX-URL2016 Phishing,1,iscx_group_008371,development,2.0
ISCX::8613,ISCX-URL2016 Phishing,1,iscx_group_002698,development,1.0
ISCX::8614,ISCX-URL2016 Phishing,1,iscx_group_002177,development,4.0
ISCX::8615,ISCX-URL2016 Phishing,1,iscx_group_012371,development,2.0
ISCX::8616,ISCX-URL2016 Phishing,1,iscx_group_003056,development,4.0
ISCX::8617,ISCX-URL2016 Phishing,1,iscx_group_014599,development,5.0
ISCX::8618,ISCX-URL2016 Phishing,1,iscx_group_011819,development,1.0
ISCX::8619,ISCX-URL2016 Phishing,1,iscx_group_001592,test,
ISCX::8620,ISCX-URL2016 Phishing,1,iscx_group_010152,development,5.0
ISCX::8621,ISCX-URL2016 Phishing,1,iscx_group_002061,development,5.0
ISCX::8622,ISCX-URL2016 Phishing,1,iscx_group_011076,calibration,
ISCX::8623,ISCX-URL2016 Phishing,1,iscx_group_006085,development,3.0
ISCX::8624,ISCX-URL2016 Phishing,1,iscx_group_013724,test,
ISCX::8625,ISCX-URL2016 Phishing,1,iscx_group_009733,development,5.0
ISCX::8626,ISCX-URL2016 Phishing,1,iscx_group_008997,development,5.0
ISCX::8627,ISCX-URL2016 Phishing,1,iscx_group_008329,development,3.0
ISCX::8628,ISCX-URL2016 Phishing,1,iscx_group_010064,calibration,
ISCX::8629,ISCX-URL2016 Phishing,1,iscx_group_004604,test,
ISCX::8630,ISCX-URL2016 Phishing,1,iscx_group_013680,development,1.0
ISCX::8631,ISCX-URL2016 Phishing,1,iscx_group_001596,development,1.0
ISCX::8632,ISCX-URL2016 Phishing,1,iscx_group_000339,development,4.0
ISCX::8633,ISCX-URL2016 Phishing,1,iscx_group_007568,development,5.0
ISCX::8634,ISCX-URL2016 Phishing,1,iscx_group_014542,calibration,
ISCX::8635,ISCX-URL2016 Phishing,1,iscx_group_014795,development,5.0
ISCX::8636,ISCX-URL2016 Phishing,1,iscx_group_009293,calibration,
ISCX::8637,ISCX-URL2016 Phishing,1,iscx_group_013890,calibration,
ISCX::8638,ISCX-URL2016 Phishing,1,iscx_group_003647,development,3.0
ISCX::8639,ISCX-URL2016 Phishing,1,iscx_group_000945,development,1.0
ISCX::8640,ISCX-URL2016 Phishing,1,iscx_group_008104,calibration,
ISCX::8641,ISCX-URL2016 Phishing,1,iscx_group_000949,development,5.0
ISCX::8642,ISCX-URL2016 Phishing,1,iscx_group_001056,development,3.0
ISCX::8643,ISCX-URL2016 Phishing,1,iscx_group_011521,development,5.0
ISCX::8644,ISCX-URL2016 Phishing,1,iscx_group_002253,test,
ISCX::8645,ISCX-URL2016 Phishing,1,iscx_group_009750,development,1.0
ISCX::8646,ISCX-URL2016 Phishing,1,iscx_group_002140,development,1.0
ISCX::8647,ISCX-URL2016 Phishing,1,iscx_group_007452,development,5.0
ISCX::8648,ISCX-URL2016 Phishing,1,iscx_group_004584,test,
ISCX::8649,ISCX-URL2016 Phishing,1,iscx_group_012737,calibration,
ISCX::8650,ISCX-URL2016 Phishing,1,iscx_group_011428,development,2.0
ISCX::8651,ISCX-URL2016 Phishing,1,iscx_group_005125,calibration,
ISCX::8652,ISCX-URL2016 Phishing,1,iscx_group_006539,calibration,
ISCX::8653,ISCX-URL2016 Phishing,1,iscx_group_010770,development,2.0
ISCX::8654,ISCX-URL2016 Phishing,1,iscx_group_012195,development,5.0
ISCX::8655,ISCX-URL2016 Phishing,1,iscx_group_000930,development,1.0
ISCX::8656,ISCX-URL2016 Phishing,1,iscx_group_002954,development,1.0
ISCX::8657,ISCX-URL2016 Phishing,1,iscx_group_013915,development,5.0
ISCX::8658,ISCX-URL2016 Phishing,1,iscx_group_000160,development,4.0
ISCX::8659,ISCX-URL2016 Phishing,1,iscx_group_005636,development,5.0
ISCX::8660,ISCX-URL2016 Phishing,1,iscx_group_010234,calibration,
ISCX::8661,ISCX-URL2016 Phishing,1,iscx_group_003002,development,1.0
ISCX::8662,ISCX-URL2016 Phishing,1,iscx_group_006551,development,4.0
ISCX::8663,ISCX-URL2016 Phishing,1,iscx_group_008829,development,2.0
ISCX::8664,ISCX-URL2016 Phishing,1,iscx_group_005431,test,
ISCX::8665,ISCX-URL2016 Phishing,1,iscx_group_007266,test,
ISCX::8666,ISCX-URL2016 Phishing,1,iscx_group_011957,calibration,
ISCX::8667,ISCX-URL2016 Phishing,1,iscx_group_002372,calibration,
ISCX::8668,ISCX-URL2016 Phishing,1,iscx_group_006187,development,4.0
ISCX::8669,ISCX-URL2016 Phishing,1,iscx_group_014531,development,5.0
ISCX::8670,ISCX-URL2016 Phishing,1,iscx_group_005897,test,
ISCX::8671,ISCX-URL2016 Phishing,1,iscx_group_010423,development,4.0
ISCX::8672,ISCX-URL2016 Phishing,1,iscx_group_002524,calibration,
ISCX::8673,ISCX-URL2016 Phishing,1,iscx_group_007468,development,3.0
ISCX::8674,ISCX-URL2016 Phishing,1,iscx_group_002625,development,1.0
ISCX::8675,ISCX-URL2016 Phishing,1,iscx_group_002916,calibration,
ISCX::8676,ISCX-URL2016 Phishing,1,iscx_group_009028,development,3.0
ISCX::8677,ISCX-URL2016 Phishing,1,iscx_group_011648,development,3.0
ISCX::8678,ISCX-URL2016 Phishing,1,iscx_group_004571,development,5.0
ISCX::8679,ISCX-URL2016 Phishing,1,iscx_group_002440,development,4.0
ISCX::8680,ISCX-URL2016 Phishing,1,iscx_group_006281,calibration,
ISCX::8681,ISCX-URL2016 Phishing,1,iscx_group_013134,calibration,
ISCX::8682,ISCX-URL2016 Phishing,1,iscx_group_002586,development,3.0
ISCX::8683,ISCX-URL2016 Phishing,1,iscx_group_008549,development,3.0
ISCX::8684,ISCX-URL2016 Phishing,1,iscx_group_001750,test,
ISCX::8685,ISCX-URL2016 Phishing,1,iscx_group_005003,development,2.0
ISCX::8686,ISCX-URL2016 Phishing,1,iscx_group_009722,calibration,
ISCX::8687,ISCX-URL2016 Phishing,1,iscx_group_009670,calibration,
ISCX::8688,ISCX-URL2016 Phishing,1,iscx_group_001157,development,5.0
ISCX::8689,ISCX-URL2016 Phishing,1,iscx_group_006148,test,
ISCX::8690,ISCX-URL2016 Phishing,1,iscx_group_006006,calibration,
ISCX::8691,ISCX-URL2016 Phishing,1,iscx_group_005285,test,
ISCX::8692,ISCX-URL2016 Phishing,1,iscx_group_014216,calibration,
ISCX::8693,ISCX-URL2016 Phishing,1,iscx_group_010487,development,4.0
ISCX::8694,ISCX-URL2016 Phishing,1,iscx_group_009023,development,3.0
ISCX::8695,ISCX-URL2016 Phishing,1,iscx_group_013547,development,1.0
ISCX::8696,ISCX-URL2016 Phishing,1,iscx_group_011075,calibration,
ISCX::8697,ISCX-URL2016 Phishing,1,iscx_group_000816,test,
ISCX::8698,ISCX-URL2016 Phishing,1,iscx_group_009168,development,5.0
ISCX::8699,ISCX-URL2016 Phishing,1,iscx_group_003191,development,3.0
ISCX::8700,ISCX-URL2016 Phishing,1,iscx_group_012845,development,1.0
ISCX::8701,ISCX-URL2016 Phishing,1,iscx_group_005110,development,2.0
ISCX::8702,ISCX-URL2016 Phishing,1,iscx_group_014511,calibration,
ISCX::8703,ISCX-URL2016 Phishing,1,iscx_group_012842,development,4.0
ISCX::8704,ISCX-URL2016 Phishing,1,iscx_group_010276,test,
ISCX::8705,ISCX-URL2016 Phishing,1,iscx_group_009292,development,1.0
ISCX::8706,ISCX-URL2016 Phishing,1,iscx_group_005368,test,
ISCX::8707,ISCX-URL2016 Phishing,1,iscx_group_003060,development,4.0
ISCX::8708,ISCX-URL2016 Phishing,1,iscx_group_007050,development,1.0
ISCX::8709,ISCX-URL2016 Phishing,1,iscx_group_014221,test,
ISCX::8710,ISCX-URL2016 Phishing,1,iscx_group_003407,development,4.0
ISCX::8711,ISCX-URL2016 Phishing,1,iscx_group_010880,development,1.0
ISCX::8712,ISCX-URL2016 Phishing,1,iscx_group_014720,development,2.0
ISCX::8713,ISCX-URL2016 Phishing,1,iscx_group_011045,development,2.0
ISCX::8714,ISCX-URL2016 Phishing,1,iscx_group_011813,development,5.0
ISCX::8715,ISCX-URL2016 Phishing,1,iscx_group_010316,test,
ISCX::8716,ISCX-URL2016 Phishing,1,iscx_group_001209,development,3.0
ISCX::8717,ISCX-URL2016 Phishing,1,iscx_group_003760,development,4.0
ISCX::8718,ISCX-URL2016 Phishing,1,iscx_group_011240,development,5.0
ISCX::8719,ISCX-URL2016 Phishing,1,iscx_group_001459,development,3.0
ISCX::8720,ISCX-URL2016 Phishing,1,iscx_group_012316,development,4.0
ISCX::8721,ISCX-URL2016 Phishing,1,iscx_group_006682,test,
ISCX::8722,ISCX-URL2016 Phishing,1,iscx_group_011747,development,1.0
ISCX::8723,ISCX-URL2016 Phishing,1,iscx_group_003854,calibration,
ISCX::8724,ISCX-URL2016 Phishing,1,iscx_group_009049,development,1.0
ISCX::8725,ISCX-URL2016 Phishing,1,iscx_group_010697,test,
ISCX::8726,ISCX-URL2016 Phishing,1,iscx_group_005438,development,5.0
ISCX::8727,ISCX-URL2016 Phishing,1,iscx_group_009822,calibration,
ISCX::8728,ISCX-URL2016 Phishing,1,iscx_group_000556,calibration,
ISCX::8729,ISCX-URL2016 Phishing,1,iscx_group_011635,calibration,
ISCX::8730,ISCX-URL2016 Phishing,1,iscx_group_005236,development,3.0
ISCX::8731,ISCX-URL2016 Phishing,1,iscx_group_012024,development,3.0
ISCX::8732,ISCX-URL2016 Phishing,1,iscx_group_003692,development,4.0
ISCX::8733,ISCX-URL2016 Phishing,1,iscx_group_006165,development,1.0
ISCX::8734,ISCX-URL2016 Phishing,1,iscx_group_005521,development,3.0
ISCX::8735,ISCX-URL2016 Phishing,1,iscx_group_009378,development,4.0
ISCX::8736,ISCX-URL2016 Phishing,1,iscx_group_010462,development,1.0
ISCX::8737,ISCX-URL2016 Phishing,1,iscx_group_002737,calibration,
ISCX::8738,ISCX-URL2016 Phishing,1,iscx_group_010900,development,1.0
ISCX::8739,ISCX-URL2016 Phishing,1,iscx_group_009352,calibration,
ISCX::8740,ISCX-URL2016 Phishing,1,iscx_group_012495,development,1.0
ISCX::8741,ISCX-URL2016 Phishing,1,iscx_group_002080,development,5.0
ISCX::8742,ISCX-URL2016 Phishing,1,iscx_group_009227,development,5.0
ISCX::8743,ISCX-URL2016 Phishing,1,iscx_group_000370,development,5.0
ISCX::8744,ISCX-URL2016 Phishing,1,iscx_group_009365,calibration,
ISCX::8745,ISCX-URL2016 Phishing,1,iscx_group_014336,test,
ISCX::8746,ISCX-URL2016 Phishing,1,iscx_group_000886,development,4.0
ISCX::8747,ISCX-URL2016 Phishing,1,iscx_group_013174,calibration,
ISCX::8748,ISCX-URL2016 Phishing,1,iscx_group_005477,development,3.0
ISCX::8749,ISCX-URL2016 Phishing,1,iscx_group_010091,test,
ISCX::8750,ISCX-URL2016 Phishing,1,iscx_group_001130,test,
ISCX::8751,ISCX-URL2016 Phishing,1,iscx_group_004572,development,3.0
ISCX::8752,ISCX-URL2016 Phishing,1,iscx_group_010475,development,4.0
ISCX::8753,ISCX-URL2016 Phishing,1,iscx_group_003331,test,
ISCX::8754,ISCX-URL2016 Phishing,1,iscx_group_010724,calibration,
ISCX::8755,ISCX-URL2016 Phishing,1,iscx_group_000171,development,5.0
ISCX::8756,ISCX-URL2016 Phishing,1,iscx_group_010233,development,3.0
ISCX::8757,ISCX-URL2016 Phishing,1,iscx_group_013663,development,4.0
ISCX::8758,ISCX-URL2016 Phishing,1,iscx_group_007578,development,3.0
ISCX::8759,ISCX-URL2016 Phishing,1,iscx_group_013311,calibration,
ISCX::8760,ISCX-URL2016 Phishing,1,iscx_group_000077,development,5.0
ISCX::8761,ISCX-URL2016 Phishing,1,iscx_group_004238,development,3.0
ISCX::8762,ISCX-URL2016 Phishing,1,iscx_group_013883,development,4.0
ISCX::8763,ISCX-URL2016 Phishing,1,iscx_group_010066,calibration,
ISCX::8764,ISCX-URL2016 Phishing,1,iscx_group_013029,test,
ISCX::8765,ISCX-URL2016 Phishing,1,iscx_group_005558,development,5.0
ISCX::8766,ISCX-URL2016 Phishing,1,iscx_group_005301,development,1.0
ISCX::8767,ISCX-URL2016 Phishing,1,iscx_group_003862,development,1.0
ISCX::8768,ISCX-URL2016 Phishing,1,iscx_group_008186,test,
ISCX::8769,ISCX-URL2016 Phishing,1,iscx_group_005405,calibration,
ISCX::8770,ISCX-URL2016 Phishing,1,iscx_group_004676,development,3.0
ISCX::8771,ISCX-URL2016 Phishing,1,iscx_group_010674,development,5.0
ISCX::8772,ISCX-URL2016 Phishing,1,iscx_group_006764,development,1.0
ISCX::8773,ISCX-URL2016 Phishing,1,iscx_group_004805,development,5.0
ISCX::8774,ISCX-URL2016 Phishing,1,iscx_group_010154,development,4.0
ISCX::8775,ISCX-URL2016 Phishing,1,iscx_group_014742,development,5.0
ISCX::8776,ISCX-URL2016 Phishing,1,iscx_group_014646,development,2.0
ISCX::8777,ISCX-URL2016 Phishing,1,iscx_group_011399,development,1.0
ISCX::8778,ISCX-URL2016 Phishing,1,iscx_group_000269,development,4.0
ISCX::8779,ISCX-URL2016 Phishing,1,iscx_group_003730,test,
ISCX::8780,ISCX-URL2016 Phishing,1,iscx_group_002079,development,5.0
ISCX::8781,ISCX-URL2016 Phishing,1,iscx_group_001554,calibration,
ISCX::8782,ISCX-URL2016 Phishing,1,iscx_group_008410,test,
ISCX::8783,ISCX-URL2016 Phishing,1,iscx_group_008661,test,
ISCX::8784,ISCX-URL2016 Phishing,1,iscx_group_012499,development,1.0
ISCX::8785,ISCX-URL2016 Phishing,1,iscx_group_001787,calibration,
ISCX::8786,ISCX-URL2016 Phishing,1,iscx_group_014215,development,4.0
ISCX::8787,ISCX-URL2016 Phishing,1,iscx_group_008384,development,5.0
ISCX::8788,ISCX-URL2016 Phishing,1,iscx_group_005937,development,3.0
ISCX::8789,ISCX-URL2016 Phishing,1,iscx_group_009730,test,
ISCX::8790,ISCX-URL2016 Phishing,1,iscx_group_011631,development,3.0
ISCX::8791,ISCX-URL2016 Phishing,1,iscx_group_008018,development,1.0
ISCX::8792,ISCX-URL2016 Phishing,1,iscx_group_003124,test,
ISCX::8793,ISCX-URL2016 Phishing,1,iscx_group_009879,development,5.0
ISCX::8794,ISCX-URL2016 Phishing,1,iscx_group_010210,development,3.0
ISCX::8795,ISCX-URL2016 Phishing,1,iscx_group_003117,development,1.0
ISCX::8796,ISCX-URL2016 Phishing,1,iscx_group_008052,development,5.0
ISCX::8797,ISCX-URL2016 Phishing,1,iscx_group_004799,development,4.0
ISCX::8798,ISCX-URL2016 Phishing,1,iscx_group_001348,development,1.0
ISCX::8799,ISCX-URL2016 Phishing,1,iscx_group_012029,development,4.0
ISCX::8800,ISCX-URL2016 Phishing,1,iscx_group_007019,calibration,
ISCX::8801,ISCX-URL2016 Phishing,1,iscx_group_003717,development,3.0
ISCX::8802,ISCX-URL2016 Phishing,1,iscx_group_007895,calibration,
ISCX::8803,ISCX-URL2016 Phishing,1,iscx_group_002040,development,3.0
ISCX::8804,ISCX-URL2016 Phishing,1,iscx_group_014498,development,2.0
ISCX::8805,ISCX-URL2016 Phishing,1,iscx_group_007637,development,3.0
ISCX::8806,ISCX-URL2016 Phishing,1,iscx_group_012630,development,3.0
ISCX::8807,ISCX-URL2016 Phishing,1,iscx_group_014525,calibration,
ISCX::8808,ISCX-URL2016 Phishing,1,iscx_group_000706,development,3.0
ISCX::8809,ISCX-URL2016 Phishing,1,iscx_group_004068,test,
ISCX::8810,ISCX-URL2016 Phishing,1,iscx_group_014369,development,1.0
ISCX::8811,ISCX-URL2016 Phishing,1,iscx_group_013861,development,1.0
ISCX::8812,ISCX-URL2016 Phishing,1,iscx_group_010960,test,
ISCX::8813,ISCX-URL2016 Phishing,1,iscx_group_001899,test,
ISCX::8814,ISCX-URL2016 Phishing,1,iscx_group_009986,development,4.0
ISCX::8815,ISCX-URL2016 Phishing,1,iscx_group_010933,development,2.0
ISCX::8816,ISCX-URL2016 Phishing,1,iscx_group_010320,calibration,
ISCX::8817,ISCX-URL2016 Phishing,1,iscx_group_002670,development,1.0
ISCX::8818,ISCX-URL2016 Phishing,1,iscx_group_008428,development,3.0
ISCX::8819,ISCX-URL2016 Phishing,1,iscx_group_000145,test,
ISCX::8820,ISCX-URL2016 Phishing,1,iscx_group_002182,development,3.0
ISCX::8821,ISCX-URL2016 Phishing,1,iscx_group_011103,development,3.0
ISCX::8822,ISCX-URL2016 Phishing,1,iscx_group_004149,development,1.0
ISCX::8823,ISCX-URL2016 Phishing,1,iscx_group_002984,calibration,
ISCX::8824,ISCX-URL2016 Phishing,1,iscx_group_013155,development,3.0
ISCX::8825,ISCX-URL2016 Phishing,1,iscx_group_010826,development,1.0
ISCX::8826,ISCX-URL2016 Phishing,1,iscx_group_008875,development,2.0
ISCX::8827,ISCX-URL2016 Phishing,1,iscx_group_005039,development,3.0
ISCX::8828,ISCX-URL2016 Phishing,1,iscx_group_013517,test,
ISCX::8829,ISCX-URL2016 Phishing,1,iscx_group_001608,development,4.0
ISCX::8830,ISCX-URL2016 Phishing,1,iscx_group_004708,test,
ISCX::8831,ISCX-URL2016 Phishing,1,iscx_group_002422,calibration,
ISCX::8832,ISCX-URL2016 Phishing,1,iscx_group_014150,test,
ISCX::8833,ISCX-URL2016 Phishing,1,iscx_group_002667,development,1.0
ISCX::8834,ISCX-URL2016 Phishing,1,iscx_group_008230,test,
ISCX::8835,ISCX-URL2016 Phishing,1,iscx_group_000835,development,2.0
ISCX::8836,ISCX-URL2016 Phishing,1,iscx_group_004667,development,4.0
ISCX::8837,ISCX-URL2016 Phishing,1,iscx_group_013254,test,
ISCX::8838,ISCX-URL2016 Phishing,1,iscx_group_000810,development,4.0
ISCX::8839,ISCX-URL2016 Phishing,1,iscx_group_009263,development,1.0
ISCX::8840,ISCX-URL2016 Phishing,1,iscx_group_013490,development,1.0
ISCX::8841,ISCX-URL2016 Phishing,1,iscx_group_006421,development,3.0
ISCX::8842,ISCX-URL2016 Phishing,1,iscx_group_010558,development,3.0
ISCX::8843,ISCX-URL2016 Phishing,1,iscx_group_009973,calibration,
ISCX::8844,ISCX-URL2016 Phishing,1,iscx_group_001652,calibration,
ISCX::8845,ISCX-URL2016 Phishing,1,iscx_group_012651,development,4.0
ISCX::8846,ISCX-URL2016 Phishing,1,iscx_group_000729,test,
ISCX::8847,ISCX-URL2016 Phishing,1,iscx_group_003096,test,
ISCX::8848,ISCX-URL2016 Phishing,1,iscx_group_013657,test,
ISCX::8849,ISCX-URL2016 Phishing,1,iscx_group_000640,development,4.0
ISCX::8850,ISCX-URL2016 Phishing,1,iscx_group_014633,development,1.0
ISCX::8851,ISCX-URL2016 Phishing,1,iscx_group_000535,development,5.0
ISCX::8852,ISCX-URL2016 Phishing,1,iscx_group_002320,development,1.0
ISCX::8853,ISCX-URL2016 Phishing,1,iscx_group_004016,development,4.0
ISCX::8854,ISCX-URL2016 Phishing,1,iscx_group_003258,development,4.0
ISCX::8855,ISCX-URL2016 Phishing,1,iscx_group_001964,development,4.0
ISCX::8856,ISCX-URL2016 Phishing,1,iscx_group_013994,development,1.0
ISCX::8857,ISCX-URL2016 Phishing,1,iscx_group_009386,development,5.0
ISCX::8858,ISCX-URL2016 Phishing,1,iscx_group_003319,development,2.0
ISCX::8859,ISCX-URL2016 Phishing,1,iscx_group_013383,test,
ISCX::8860,ISCX-URL2016 Phishing,1,iscx_group_013855,test,
ISCX::8861,ISCX-URL2016 Phishing,1,iscx_group_005388,development,1.0
ISCX::8862,ISCX-URL2016 Phishing,1,iscx_group_013664,calibration,
ISCX::8863,ISCX-URL2016 Phishing,1,iscx_group_010925,test,
ISCX::8864,ISCX-URL2016 Phishing,1,iscx_group_013091,calibration,
ISCX::8865,ISCX-URL2016 Phishing,1,iscx_group_011148,development,5.0
ISCX::8866,ISCX-URL2016 Phishing,1,iscx_group_009091,development,4.0
ISCX::8867,ISCX-URL2016 Phishing,1,iscx_group_004495,development,4.0
ISCX::8868,ISCX-URL2016 Phishing,1,iscx_group_000579,development,1.0
ISCX::8869,ISCX-URL2016 Phishing,1,iscx_group_001389,test,
ISCX::8870,ISCX-URL2016 Phishing,1,iscx_group_002804,development,4.0
ISCX::8871,ISCX-URL2016 Phishing,1,iscx_group_010864,calibration,
ISCX::8872,ISCX-URL2016 Phishing,1,iscx_group_003303,development,4.0
ISCX::8873,ISCX-URL2016 Phishing,1,iscx_group_007203,calibration,
ISCX::8874,ISCX-URL2016 Phishing,1,iscx_group_008842,test,
ISCX::8875,ISCX-URL2016 Phishing,1,iscx_group_001798,test,
ISCX::8876,ISCX-URL2016 Phishing,1,iscx_group_004463,development,3.0
ISCX::8877,ISCX-URL2016 Phishing,1,iscx_group_005676,development,1.0
ISCX::8878,ISCX-URL2016 Phishing,1,iscx_group_010249,development,1.0
ISCX::8879,ISCX-URL2016 Phishing,1,iscx_group_005152,development,5.0
ISCX::8880,ISCX-URL2016 Phishing,1,iscx_group_003403,development,4.0
ISCX::8881,ISCX-URL2016 Phishing,1,iscx_group_002672,test,
ISCX::8882,ISCX-URL2016 Phishing,1,iscx_group_005106,development,3.0
ISCX::8883,ISCX-URL2016 Phishing,1,iscx_group_010499,development,5.0
ISCX::8884,ISCX-URL2016 Phishing,1,iscx_group_009010,development,2.0
ISCX::8885,ISCX-URL2016 Phishing,1,iscx_group_005767,calibration,
ISCX::8886,ISCX-URL2016 Phishing,1,iscx_group_010482,development,4.0
ISCX::8887,ISCX-URL2016 Phishing,1,iscx_group_001426,development,4.0
ISCX::8888,ISCX-URL2016 Phishing,1,iscx_group_003059,development,1.0
ISCX::8889,ISCX-URL2016 Phishing,1,iscx_group_005869,development,3.0
ISCX::8890,ISCX-URL2016 Phishing,1,iscx_group_013687,test,
ISCX::8891,ISCX-URL2016 Phishing,1,iscx_group_000140,calibration,
ISCX::8892,ISCX-URL2016 Phishing,1,iscx_group_002980,development,2.0
ISCX::8893,ISCX-URL2016 Phishing,1,iscx_group_006042,development,1.0
ISCX::8894,ISCX-URL2016 Phishing,1,iscx_group_003484,development,1.0
ISCX::8895,ISCX-URL2016 Phishing,1,iscx_group_005981,calibration,
ISCX::8896,ISCX-URL2016 Phishing,1,iscx_group_006769,calibration,
ISCX::8897,ISCX-URL2016 Phishing,1,iscx_group_005333,development,4.0
ISCX::8898,ISCX-URL2016 Phishing,1,iscx_group_010102,development,2.0
ISCX::8899,ISCX-URL2016 Phishing,1,iscx_group_004615,development,4.0
ISCX::8900,ISCX-URL2016 Phishing,1,iscx_group_013568,development,1.0
ISCX::8901,ISCX-URL2016 Phishing,1,iscx_group_002747,development,2.0
ISCX::8902,ISCX-URL2016 Phishing,1,iscx_group_005061,development,5.0
ISCX::8903,ISCX-URL2016 Phishing,1,iscx_group_009015,calibration,
ISCX::8904,ISCX-URL2016 Phishing,1,iscx_group_007167,development,1.0
ISCX::8905,ISCX-URL2016 Phishing,1,iscx_group_000334,development,4.0
ISCX::8906,ISCX-URL2016 Phishing,1,iscx_group_010360,development,4.0
ISCX::8907,ISCX-URL2016 Phishing,1,iscx_group_004331,development,2.0
ISCX::8908,ISCX-URL2016 Phishing,1,iscx_group_004346,development,4.0
ISCX::8909,ISCX-URL2016 Phishing,1,iscx_group_010691,calibration,
ISCX::8910,ISCX-URL2016 Phishing,1,iscx_group_011669,test,
ISCX::8911,ISCX-URL2016 Phishing,1,iscx_group_012528,calibration,
ISCX::8912,ISCX-URL2016 Phishing,1,iscx_group_000604,development,2.0
ISCX::8913,ISCX-URL2016 Phishing,1,iscx_group_000718,test,
ISCX::8914,ISCX-URL2016 Phishing,1,iscx_group_006417,development,5.0
ISCX::8915,ISCX-URL2016 Phishing,1,iscx_group_003464,development,5.0
ISCX::8916,ISCX-URL2016 Phishing,1,iscx_group_006575,development,2.0
ISCX::8917,ISCX-URL2016 Phishing,1,iscx_group_012056,development,3.0
ISCX::8918,ISCX-URL2016 Phishing,1,iscx_group_013092,development,1.0
ISCX::8919,ISCX-URL2016 Phishing,1,iscx_group_006403,test,
ISCX::8920,ISCX-URL2016 Phishing,1,iscx_group_006104,development,4.0
ISCX::8921,ISCX-URL2016 Phishing,1,iscx_group_004488,development,4.0
ISCX::8922,ISCX-URL2016 Phishing,1,iscx_group_000850,test,
ISCX::8923,ISCX-URL2016 Phishing,1,iscx_group_008017,calibration,
ISCX::8924,ISCX-URL2016 Phishing,1,iscx_group_000709,development,4.0
ISCX::8925,ISCX-URL2016 Phishing,1,iscx_group_008237,development,2.0
ISCX::8926,ISCX-URL2016 Phishing,1,iscx_group_013417,development,1.0
ISCX::8927,ISCX-URL2016 Phishing,1,iscx_group_007618,development,1.0
ISCX::8928,ISCX-URL2016 Phishing,1,iscx_group_011889,test,
ISCX::8929,ISCX-URL2016 Phishing,1,iscx_group_013246,development,5.0
ISCX::8930,ISCX-URL2016 Phishing,1,iscx_group_002778,development,5.0
ISCX::8931,ISCX-URL2016 Phishing,1,iscx_group_012642,development,1.0
ISCX::8932,ISCX-URL2016 Phishing,1,iscx_group_011750,development,3.0
ISCX::8933,ISCX-URL2016 Phishing,1,iscx_group_002087,development,2.0
ISCX::8934,ISCX-URL2016 Phishing,1,iscx_group_014065,development,3.0
ISCX::8935,ISCX-URL2016 Phishing,1,iscx_group_011491,calibration,
ISCX::8936,ISCX-URL2016 Phishing,1,iscx_group_003728,development,3.0
ISCX::8937,ISCX-URL2016 Phishing,1,iscx_group_004287,development,4.0
ISCX::8938,ISCX-URL2016 Phishing,1,iscx_group_011278,development,3.0
ISCX::8939,ISCX-URL2016 Phishing,1,iscx_group_000375,development,2.0
ISCX::8940,ISCX-URL2016 Phishing,1,iscx_group_013840,development,3.0
ISCX::8941,ISCX-URL2016 Phishing,1,iscx_group_011181,development,5.0
ISCX::8942,ISCX-URL2016 Phishing,1,iscx_group_009445,development,1.0
ISCX::8943,ISCX-URL2016 Phishing,1,iscx_group_001761,development,5.0
ISCX::8944,ISCX-URL2016 Phishing,1,iscx_group_002494,development,4.0
ISCX::8945,ISCX-URL2016 Phishing,1,iscx_group_011285,development,4.0
ISCX::8946,ISCX-URL2016 Phishing,1,iscx_group_004136,development,2.0
ISCX::8947,ISCX-URL2016 Phishing,1,iscx_group_005965,calibration,
ISCX::8948,ISCX-URL2016 Phishing,1,iscx_group_011777,development,2.0
ISCX::8949,ISCX-URL2016 Phishing,1,iscx_group_007402,test,
ISCX::8950,ISCX-URL2016 Phishing,1,iscx_group_000615,development,1.0
ISCX::8951,ISCX-URL2016 Phishing,1,iscx_group_002107,calibration,
ISCX::8952,ISCX-URL2016 Phishing,1,iscx_group_009458,development,2.0
ISCX::8953,ISCX-URL2016 Phishing,1,iscx_group_004985,test,
ISCX::8954,ISCX-URL2016 Phishing,1,iscx_group_011835,development,4.0
ISCX::8955,ISCX-URL2016 Phishing,1,iscx_group_003446,development,5.0
ISCX::8956,ISCX-URL2016 Phishing,1,iscx_group_006459,development,2.0
ISCX::8957,ISCX-URL2016 Phishing,1,iscx_group_014572,development,2.0
ISCX::8958,ISCX-URL2016 Phishing,1,iscx_group_003432,test,
ISCX::8959,ISCX-URL2016 Phishing,1,iscx_group_007695,development,1.0
ISCX::8960,ISCX-URL2016 Phishing,1,iscx_group_003855,development,1.0
ISCX::8961,ISCX-URL2016 Phishing,1,iscx_group_011882,development,5.0
ISCX::8962,ISCX-URL2016 Phishing,1,iscx_group_006226,development,4.0
ISCX::8963,ISCX-URL2016 Phishing,1,iscx_group_002818,development,3.0
ISCX::8964,ISCX-URL2016 Phishing,1,iscx_group_000602,development,5.0
ISCX::8965,ISCX-URL2016 Phishing,1,iscx_group_008692,development,3.0
ISCX::8966,ISCX-URL2016 Phishing,1,iscx_group_004740,calibration,
ISCX::8967,ISCX-URL2016 Phishing,1,iscx_group_000016,calibration,
ISCX::8968,ISCX-URL2016 Phishing,1,iscx_group_000159,development,3.0
ISCX::8969,ISCX-URL2016 Phishing,1,iscx_group_000529,development,2.0
ISCX::8970,ISCX-URL2016 Phishing,1,iscx_group_005646,development,4.0
ISCX::8971,ISCX-URL2016 Phishing,1,iscx_group_004035,development,4.0
ISCX::8972,ISCX-URL2016 Phishing,1,iscx_group_005839,development,2.0
ISCX::8973,ISCX-URL2016 Phishing,1,iscx_group_009516,test,
ISCX::8974,ISCX-URL2016 Phishing,1,iscx_group_007289,calibration,
ISCX::8975,ISCX-URL2016 Phishing,1,iscx_group_014407,development,5.0
ISCX::8976,ISCX-URL2016 Phishing,1,iscx_group_007508,calibration,
ISCX::8977,ISCX-URL2016 Phishing,1,iscx_group_008351,calibration,
ISCX::8978,ISCX-URL2016 Phishing,1,iscx_group_007897,test,
ISCX::8979,ISCX-URL2016 Phishing,1,iscx_group_014011,development,2.0
ISCX::8980,ISCX-URL2016 Phishing,1,iscx_group_011599,development,1.0
ISCX::8981,ISCX-URL2016 Phishing,1,iscx_group_005709,development,1.0
ISCX::8982,ISCX-URL2016 Phishing,1,iscx_group_011342,test,
ISCX::8983,ISCX-URL2016 Phishing,1,iscx_group_000127,test,
ISCX::8984,ISCX-URL2016 Phishing,1,iscx_group_009278,development,1.0
ISCX::8985,ISCX-URL2016 Phishing,1,iscx_group_007443,development,5.0
ISCX::8986,ISCX-URL2016 Phishing,1,iscx_group_001848,test,
ISCX::8987,ISCX-URL2016 Phishing,1,iscx_group_001545,test,
ISCX::8988,ISCX-URL2016 Phishing,1,iscx_group_011413,development,2.0
ISCX::8989,ISCX-URL2016 Phishing,1,iscx_group_002724,development,3.0
ISCX::8990,ISCX-URL2016 Phishing,1,iscx_group_001630,development,3.0
ISCX::8991,ISCX-URL2016 Phishing,1,iscx_group_004940,development,4.0
ISCX::8992,ISCX-URL2016 Phishing,1,iscx_group_008057,development,4.0
ISCX::8993,ISCX-URL2016 Phishing,1,iscx_group_010116,development,4.0
ISCX::8994,ISCX-URL2016 Phishing,1,iscx_group_006701,development,3.0
ISCX::8995,ISCX-URL2016 Phishing,1,iscx_group_013325,development,3.0
ISCX::8996,ISCX-URL2016 Phishing,1,iscx_group_001445,development,2.0
ISCX::8997,ISCX-URL2016 Phishing,1,iscx_group_014279,development,3.0
ISCX::8998,ISCX-URL2016 Phishing,1,iscx_group_008438,development,3.0
ISCX::8999,ISCX-URL2016 Phishing,1,iscx_group_006664,test,
ISCX::9000,ISCX-URL2016 Phishing,1,iscx_group_006092,development,2.0
ISCX::9001,ISCX-URL2016 Phishing,1,iscx_group_007982,development,2.0
ISCX::9002,ISCX-URL2016 Phishing,1,iscx_group_011013,development,5.0
ISCX::9003,ISCX-URL2016 Phishing,1,iscx_group_014020,development,1.0
ISCX::9004,ISCX-URL2016 Phishing,1,iscx_group_006830,calibration,
ISCX::9005,ISCX-URL2016 Phishing,1,iscx_group_013476,development,4.0
ISCX::9006,ISCX-URL2016 Phishing,1,iscx_group_003382,development,5.0
ISCX::9007,ISCX-URL2016 Phishing,1,iscx_group_002210,development,3.0
ISCX::9008,ISCX-URL2016 Phishing,1,iscx_group_002521,development,5.0
ISCX::9009,ISCX-URL2016 Phishing,1,iscx_group_003812,calibration,
ISCX::9010,ISCX-URL2016 Phishing,1,iscx_group_003873,development,2.0
ISCX::9011,ISCX-URL2016 Phishing,1,iscx_group_006363,development,4.0
ISCX::9012,ISCX-URL2016 Phishing,1,iscx_group_005036,development,2.0
ISCX::9013,ISCX-URL2016 Phishing,1,iscx_group_010456,development,4.0
ISCX::9014,ISCX-URL2016 Phishing,1,iscx_group_002802,calibration,
ISCX::9015,ISCX-URL2016 Phishing,1,iscx_group_010391,test,
ISCX::9016,ISCX-URL2016 Phishing,1,iscx_group_007635,calibration,
ISCX::9017,ISCX-URL2016 Phishing,1,iscx_group_013223,development,1.0
ISCX::9018,ISCX-URL2016 Phishing,1,iscx_group_009903,development,1.0
ISCX::9019,ISCX-URL2016 Phishing,1,iscx_group_012238,development,2.0
ISCX::9020,ISCX-URL2016 Phishing,1,iscx_group_003640,development,1.0
ISCX::9021,ISCX-URL2016 Phishing,1,iscx_group_004060,development,1.0
ISCX::9022,ISCX-URL2016 Phishing,1,iscx_group_006308,calibration,
ISCX::9023,ISCX-URL2016 Phishing,1,iscx_group_002169,development,5.0
ISCX::9024,ISCX-URL2016 Phishing,1,iscx_group_008218,development,4.0
ISCX::9025,ISCX-URL2016 Phishing,1,iscx_group_004024,development,4.0
ISCX::9026,ISCX-URL2016 Phishing,1,iscx_group_007381,development,1.0
ISCX::9027,ISCX-URL2016 Phishing,1,iscx_group_009313,development,1.0
ISCX::9028,ISCX-URL2016 Phishing,1,iscx_group_002845,calibration,
ISCX::9029,ISCX-URL2016 Phishing,1,iscx_group_004422,development,3.0
ISCX::9030,ISCX-URL2016 Phishing,1,iscx_group_000644,development,4.0
ISCX::9031,ISCX-URL2016 Phishing,1,iscx_group_009388,development,5.0
ISCX::9032,ISCX-URL2016 Phishing,1,iscx_group_013807,development,1.0
ISCX::9033,ISCX-URL2016 Phishing,1,iscx_group_006159,calibration,
ISCX::9034,ISCX-URL2016 Phishing,1,iscx_group_007571,calibration,
ISCX::9035,ISCX-URL2016 Phishing,1,iscx_group_009358,development,3.0
ISCX::9036,ISCX-URL2016 Phishing,1,iscx_group_014018,development,5.0
ISCX::9037,ISCX-URL2016 Phishing,1,iscx_group_002787,development,3.0
ISCX::9038,ISCX-URL2016 Phishing,1,iscx_group_008389,development,2.0
ISCX::9039,ISCX-URL2016 Phishing,1,iscx_group_009691,development,4.0
ISCX::9040,ISCX-URL2016 Phishing,1,iscx_group_000390,development,3.0
ISCX::9041,ISCX-URL2016 Phishing,1,iscx_group_000263,development,3.0
ISCX::9042,ISCX-URL2016 Phishing,1,iscx_group_014710,development,3.0
ISCX::9043,ISCX-URL2016 Phishing,1,iscx_group_003712,development,5.0
ISCX::9044,ISCX-URL2016 Phishing,1,iscx_group_012236,test,
ISCX::9045,ISCX-URL2016 Phishing,1,iscx_group_008096,development,1.0
ISCX::9046,ISCX-URL2016 Phishing,1,iscx_group_003980,development,1.0
ISCX::9047,ISCX-URL2016 Phishing,1,iscx_group_007825,development,2.0
ISCX::9048,ISCX-URL2016 Phishing,1,iscx_group_009585,development,1.0
ISCX::9049,ISCX-URL2016 Phishing,1,iscx_group_013298,development,1.0
ISCX::9050,ISCX-URL2016 Phishing,1,iscx_group_006726,development,2.0
ISCX::9051,ISCX-URL2016 Phishing,1,iscx_group_002717,development,3.0
ISCX::9052,ISCX-URL2016 Phishing,1,iscx_group_013268,calibration,
ISCX::9053,ISCX-URL2016 Phishing,1,iscx_group_012511,development,4.0
ISCX::9054,ISCX-URL2016 Phishing,1,iscx_group_001283,development,2.0
ISCX::9055,ISCX-URL2016 Phishing,1,iscx_group_011726,development,1.0
ISCX::9056,ISCX-URL2016 Phishing,1,iscx_group_010733,calibration,
ISCX::9057,ISCX-URL2016 Phishing,1,iscx_group_002870,calibration,
ISCX::9058,ISCX-URL2016 Phishing,1,iscx_group_010714,test,
ISCX::9059,ISCX-URL2016 Phishing,1,iscx_group_012600,development,4.0
ISCX::9060,ISCX-URL2016 Phishing,1,iscx_group_014686,development,3.0
ISCX::9061,ISCX-URL2016 Phishing,1,iscx_group_012863,development,5.0
ISCX::9062,ISCX-URL2016 Phishing,1,iscx_group_007552,test,
ISCX::9063,ISCX-URL2016 Phishing,1,iscx_group_001435,development,2.0
ISCX::9064,ISCX-URL2016 Phishing,1,iscx_group_010307,test,
ISCX::9065,ISCX-URL2016 Phishing,1,iscx_group_002279,development,3.0
ISCX::9066,ISCX-URL2016 Phishing,1,iscx_group_010874,development,1.0
ISCX::9067,ISCX-URL2016 Phishing,1,iscx_group_012138,development,4.0
ISCX::9068,ISCX-URL2016 Phishing,1,iscx_group_011784,development,5.0
ISCX::9069,ISCX-URL2016 Phishing,1,iscx_group_012903,development,2.0
ISCX::9070,ISCX-URL2016 Phishing,1,iscx_group_014491,test,
ISCX::9071,ISCX-URL2016 Phishing,1,iscx_group_001309,calibration,
ISCX::9072,ISCX-URL2016 Phishing,1,iscx_group_013366,development,5.0
ISCX::9073,ISCX-URL2016 Phishing,1,iscx_group_012803,development,2.0
ISCX::9074,ISCX-URL2016 Phishing,1,iscx_group_011821,development,3.0
ISCX::9075,ISCX-URL2016 Phishing,1,iscx_group_010094,test,
ISCX::9076,ISCX-URL2016 Phishing,1,iscx_group_007447,development,1.0
ISCX::9077,ISCX-URL2016 Phishing,1,iscx_group_004194,test,
ISCX::9078,ISCX-URL2016 Phishing,1,iscx_group_006445,test,
ISCX::9079,ISCX-URL2016 Phishing,1,iscx_group_000875,calibration,
ISCX::9080,ISCX-URL2016 Phishing,1,iscx_group_007104,development,2.0
ISCX::9081,ISCX-URL2016 Phishing,1,iscx_group_012125,development,1.0
ISCX::9082,ISCX-URL2016 Phishing,1,iscx_group_002330,development,3.0
ISCX::9083,ISCX-URL2016 Phishing,1,iscx_group_001513,calibration,
ISCX::9084,ISCX-URL2016 Phishing,1,iscx_group_003020,development,2.0
ISCX::9085,ISCX-URL2016 Phishing,1,iscx_group_005349,development,4.0
ISCX::9086,ISCX-URL2016 Phishing,1,iscx_group_008873,development,2.0
ISCX::9087,ISCX-URL2016 Phishing,1,iscx_group_008123,test,
ISCX::9088,ISCX-URL2016 Phishing,1,iscx_group_008853,development,5.0
ISCX::9089,ISCX-URL2016 Phishing,1,iscx_group_008950,development,2.0
ISCX::9090,ISCX-URL2016 Phishing,1,iscx_group_010224,development,2.0
ISCX::9091,ISCX-URL2016 Phishing,1,iscx_group_008595,development,3.0
ISCX::9092,ISCX-URL2016 Phishing,1,iscx_group_001875,calibration,
ISCX::9093,ISCX-URL2016 Phishing,1,iscx_group_006217,development,2.0
ISCX::9094,ISCX-URL2016 Phishing,1,iscx_group_000188,development,5.0
ISCX::9095,ISCX-URL2016 Phishing,1,iscx_group_007411,development,5.0
ISCX::9096,ISCX-URL2016 Phishing,1,iscx_group_005382,development,4.0
ISCX::9097,ISCX-URL2016 Phishing,1,iscx_group_000404,development,5.0
ISCX::9098,ISCX-URL2016 Phishing,1,iscx_group_005072,development,3.0
ISCX::9099,ISCX-URL2016 Phishing,1,iscx_group_011806,calibration,
ISCX::9100,ISCX-URL2016 Phishing,1,iscx_group_005053,development,4.0
ISCX::9101,ISCX-URL2016 Phishing,1,iscx_group_001213,development,3.0
ISCX::9102,ISCX-URL2016 Phishing,1,iscx_group_011964,development,1.0
ISCX::9103,ISCX-URL2016 Phishing,1,iscx_group_001923,development,5.0
ISCX::9104,ISCX-URL2016 Phishing,1,iscx_group_006540,development,2.0
ISCX::9105,ISCX-URL2016 Phishing,1,iscx_group_004397,development,2.0
ISCX::9106,ISCX-URL2016 Phishing,1,iscx_group_004590,development,2.0
ISCX::9107,ISCX-URL2016 Phishing,1,iscx_group_007196,development,3.0
ISCX::9108,ISCX-URL2016 Phishing,1,iscx_group_001816,development,4.0
ISCX::9109,ISCX-URL2016 Phishing,1,iscx_group_006457,development,2.0
ISCX::9110,ISCX-URL2016 Phishing,1,iscx_group_007106,development,4.0
ISCX::9111,ISCX-URL2016 Phishing,1,iscx_group_012692,test,
ISCX::9112,ISCX-URL2016 Phishing,1,iscx_group_007151,development,4.0
ISCX::9113,ISCX-URL2016 Phishing,1,iscx_group_003264,development,1.0
ISCX::9114,ISCX-URL2016 Phishing,1,iscx_group_008077,test,
ISCX::9115,ISCX-URL2016 Phishing,1,iscx_group_002104,development,5.0
ISCX::9116,ISCX-URL2016 Phishing,1,iscx_group_005124,development,3.0
ISCX::9117,ISCX-URL2016 Phishing,1,iscx_group_001321,development,1.0
ISCX::9118,ISCX-URL2016 Phishing,1,iscx_group_003026,development,3.0
ISCX::9119,ISCX-URL2016 Phishing,1,iscx_group_012438,test,
ISCX::9120,ISCX-URL2016 Phishing,1,iscx_group_014697,development,4.0
ISCX::9121,ISCX-URL2016 Phishing,1,iscx_group_011508,development,1.0
ISCX::9122,ISCX-URL2016 Phishing,1,iscx_group_000414,development,4.0
ISCX::9123,ISCX-URL2016 Phishing,1,iscx_group_001399,development,2.0
ISCX::9124,ISCX-URL2016 Phishing,1,iscx_group_007802,calibration,
ISCX::9125,ISCX-URL2016 Phishing,1,iscx_group_006456,development,1.0
ISCX::9126,ISCX-URL2016 Phishing,1,iscx_group_013506,calibration,
ISCX::9127,ISCX-URL2016 Phishing,1,iscx_group_013260,calibration,
ISCX::9128,ISCX-URL2016 Phishing,1,iscx_group_005658,calibration,
ISCX::9129,ISCX-URL2016 Phishing,1,iscx_group_005962,development,3.0
ISCX::9130,ISCX-URL2016 Phishing,1,iscx_group_002542,development,3.0
ISCX::9131,ISCX-URL2016 Phishing,1,iscx_group_012199,test,
ISCX::9132,ISCX-URL2016 Phishing,1,iscx_group_007716,development,1.0
ISCX::9133,ISCX-URL2016 Phishing,1,iscx_group_001773,calibration,
ISCX::9134,ISCX-URL2016 Phishing,1,iscx_group_005695,development,3.0
ISCX::9135,ISCX-URL2016 Phishing,1,iscx_group_002811,test,
ISCX::9136,ISCX-URL2016 Phishing,1,iscx_group_004993,development,5.0
ISCX::9137,ISCX-URL2016 Phishing,1,iscx_group_012558,test,
ISCX::9138,ISCX-URL2016 Phishing,1,iscx_group_008539,development,5.0
ISCX::9139,ISCX-URL2016 Phishing,1,iscx_group_004526,test,
ISCX::9140,ISCX-URL2016 Phishing,1,iscx_group_001133,test,
ISCX::9141,ISCX-URL2016 Phishing,1,iscx_group_013355,development,1.0
ISCX::9142,ISCX-URL2016 Phishing,1,iscx_group_013270,development,3.0
ISCX::9143,ISCX-URL2016 Phishing,1,iscx_group_009053,development,1.0
ISCX::9144,ISCX-URL2016 Phishing,1,iscx_group_000587,test,
ISCX::9145,ISCX-URL2016 Phishing,1,iscx_group_006168,development,4.0
ISCX::9146,ISCX-URL2016 Phishing,1,iscx_group_010614,test,
ISCX::9147,ISCX-URL2016 Phishing,1,iscx_group_007961,development,4.0
ISCX::9148,ISCX-URL2016 Phishing,1,iscx_group_002555,development,1.0
ISCX::9149,ISCX-URL2016 Phishing,1,iscx_group_000243,development,2.0
ISCX::9150,ISCX-URL2016 Phishing,1,iscx_group_002231,calibration,
ISCX::9151,ISCX-URL2016 Phishing,1,iscx_group_003662,calibration,
ISCX::9152,ISCX-URL2016 Phishing,1,iscx_group_013146,development,3.0
ISCX::9153,ISCX-URL2016 Phishing,1,iscx_group_003891,calibration,
ISCX::9154,ISCX-URL2016 Phishing,1,iscx_group_006730,development,2.0
ISCX::9155,ISCX-URL2016 Phishing,1,iscx_group_013895,development,1.0
ISCX::9156,ISCX-URL2016 Phishing,1,iscx_group_003765,development,2.0
ISCX::9157,ISCX-URL2016 Phishing,1,iscx_group_006376,development,3.0
ISCX::9158,ISCX-URL2016 Phishing,1,iscx_group_013754,development,3.0
ISCX::9159,ISCX-URL2016 Phishing,1,iscx_group_010182,development,1.0
ISCX::9160,ISCX-URL2016 Phishing,1,iscx_group_009897,development,2.0
ISCX::9161,ISCX-URL2016 Phishing,1,iscx_group_002764,development,5.0
ISCX::9162,ISCX-URL2016 Phishing,1,iscx_group_000088,development,3.0
ISCX::9163,ISCX-URL2016 Phishing,1,iscx_group_014287,calibration,
ISCX::9164,ISCX-URL2016 Phishing,1,iscx_group_001264,development,3.0
ISCX::9165,ISCX-URL2016 Phishing,1,iscx_group_011274,development,3.0
ISCX::9166,ISCX-URL2016 Phishing,1,iscx_group_006557,development,5.0
ISCX::9167,ISCX-URL2016 Phishing,1,iscx_group_001141,development,3.0
ISCX::9168,ISCX-URL2016 Phishing,1,iscx_group_011081,development,4.0
ISCX::9169,ISCX-URL2016 Phishing,1,iscx_group_003533,development,1.0
ISCX::9170,ISCX-URL2016 Phishing,1,iscx_group_007667,development,5.0
ISCX::9171,ISCX-URL2016 Phishing,1,iscx_group_003243,development,4.0
ISCX::9172,ISCX-URL2016 Phishing,1,iscx_group_003213,development,5.0
ISCX::9173,ISCX-URL2016 Phishing,1,iscx_group_003078,development,3.0
ISCX::9174,ISCX-URL2016 Phishing,1,iscx_group_003043,development,4.0
ISCX::9175,ISCX-URL2016 Phishing,1,iscx_group_013864,development,2.0
ISCX::9176,ISCX-URL2016 Phishing,1,iscx_group_006997,development,4.0
ISCX::9177,ISCX-URL2016 Phishing,1,iscx_group_010938,development,1.0
ISCX::9178,ISCX-URL2016 Phishing,1,iscx_group_006542,test,
ISCX::9179,ISCX-URL2016 Phishing,1,iscx_group_011936,development,1.0
ISCX::9180,ISCX-URL2016 Phishing,1,iscx_group_014612,development,2.0
ISCX::9181,ISCX-URL2016 Phishing,1,iscx_group_013196,calibration,
ISCX::9182,ISCX-URL2016 Phishing,1,iscx_group_010252,development,3.0
ISCX::9183,ISCX-URL2016 Phishing,1,iscx_group_014616,development,5.0
ISCX::9184,ISCX-URL2016 Phishing,1,iscx_group_003577,development,5.0
ISCX::9185,ISCX-URL2016 Phishing,1,iscx_group_006999,development,2.0
ISCX::9186,ISCX-URL2016 Phishing,1,iscx_group_012591,development,2.0
ISCX::9187,ISCX-URL2016 Phishing,1,iscx_group_008480,test,
ISCX::9188,ISCX-URL2016 Phishing,1,iscx_group_013701,development,4.0
ISCX::9189,ISCX-URL2016 Phishing,1,iscx_group_004535,test,
ISCX::9190,ISCX-URL2016 Phishing,1,iscx_group_006483,development,2.0
ISCX::9191,ISCX-URL2016 Phishing,1,iscx_group_011184,development,4.0
ISCX::9192,ISCX-URL2016 Phishing,1,iscx_group_000308,development,3.0
ISCX::9193,ISCX-URL2016 Phishing,1,iscx_group_005876,development,4.0
ISCX::9194,ISCX-URL2016 Phishing,1,iscx_group_006031,development,2.0
ISCX::9195,ISCX-URL2016 Phishing,1,iscx_group_000012,development,5.0
ISCX::9196,ISCX-URL2016 Phishing,1,iscx_group_014384,development,4.0
ISCX::9197,ISCX-URL2016 Phishing,1,iscx_group_012766,development,1.0
ISCX::9198,ISCX-URL2016 Phishing,1,iscx_group_007226,development,5.0
ISCX::9199,ISCX-URL2016 Phishing,1,iscx_group_009919,development,5.0
ISCX::9200,ISCX-URL2016 Phishing,1,iscx_group_011743,development,3.0
ISCX::9201,ISCX-URL2016 Phishing,1,iscx_group_010682,development,2.0
ISCX::9202,ISCX-URL2016 Phishing,1,iscx_group_003312,development,1.0
ISCX::9203,ISCX-URL2016 Phishing,1,iscx_group_006645,development,5.0
ISCX::9204,ISCX-URL2016 Phishing,1,iscx_group_003352,development,2.0
ISCX::9205,ISCX-URL2016 Phishing,1,iscx_group_005963,calibration,
ISCX::9206,ISCX-URL2016 Phishing,1,iscx_group_007164,development,5.0
ISCX::9207,ISCX-URL2016 Phishing,1,iscx_group_011307,calibration,
ISCX::9208,ISCX-URL2016 Phishing,1,iscx_group_007238,development,2.0
ISCX::9209,ISCX-URL2016 Phishing,1,iscx_group_003538,test,
ISCX::9210,ISCX-URL2016 Phishing,1,iscx_group_009069,development,3.0
ISCX::9211,ISCX-URL2016 Phishing,1,iscx_group_004864,development,2.0
ISCX::9212,ISCX-URL2016 Phishing,1,iscx_group_004032,development,2.0
ISCX::9213,ISCX-URL2016 Phishing,1,iscx_group_006446,calibration,
ISCX::9214,ISCX-URL2016 Phishing,1,iscx_group_013529,development,3.0
ISCX::9215,ISCX-URL2016 Phishing,1,iscx_group_012684,development,2.0
ISCX::9216,ISCX-URL2016 Phishing,1,iscx_group_010083,development,4.0
ISCX::9217,ISCX-URL2016 Phishing,1,iscx_group_009203,development,2.0
ISCX::9218,ISCX-URL2016 Phishing,1,iscx_group_002199,test,
ISCX::9219,ISCX-URL2016 Phishing,1,iscx_group_010193,development,1.0
ISCX::9220,ISCX-URL2016 Phishing,1,iscx_group_008784,calibration,
ISCX::9221,ISCX-URL2016 Phishing,1,iscx_group_010012,development,1.0
ISCX::9222,ISCX-URL2016 Phishing,1,iscx_group_000620,development,2.0
ISCX::9223,ISCX-URL2016 Phishing,1,iscx_group_005886,development,1.0
ISCX::9224,ISCX-URL2016 Phishing,1,iscx_group_001985,development,2.0
ISCX::9225,ISCX-URL2016 Phishing,1,iscx_group_007493,development,3.0
ISCX::9226,ISCX-URL2016 Phishing,1,iscx_group_003713,development,3.0
ISCX::9227,ISCX-URL2016 Phishing,1,iscx_group_012673,test,
ISCX::9228,ISCX-URL2016 Phishing,1,iscx_group_001326,development,5.0
ISCX::9229,ISCX-URL2016 Phishing,1,iscx_group_008113,test,
ISCX::9230,ISCX-URL2016 Phishing,1,iscx_group_004879,development,5.0
ISCX::9231,ISCX-URL2016 Phishing,1,iscx_group_013934,test,
ISCX::9232,ISCX-URL2016 Phishing,1,iscx_group_000312,test,
ISCX::9233,ISCX-URL2016 Phishing,1,iscx_group_009213,development,3.0
ISCX::9234,ISCX-URL2016 Phishing,1,iscx_group_002442,test,
ISCX::9235,ISCX-URL2016 Phishing,1,iscx_group_006717,development,2.0
ISCX::9236,ISCX-URL2016 Phishing,1,iscx_group_002419,development,2.0
ISCX::9237,ISCX-URL2016 Phishing,1,iscx_group_004549,test,
ISCX::9238,ISCX-URL2016 Phishing,1,iscx_group_012818,development,4.0
ISCX::9239,ISCX-URL2016 Phishing,1,iscx_group_011919,development,5.0
ISCX::9240,ISCX-URL2016 Phishing,1,iscx_group_010131,development,4.0
ISCX::9241,ISCX-URL2016 Phishing,1,iscx_group_012226,development,3.0
ISCX::9242,ISCX-URL2016 Phishing,1,iscx_group_002449,development,4.0
ISCX::9243,ISCX-URL2016 Phishing,1,iscx_group_003106,development,3.0
ISCX::9244,ISCX-URL2016 Phishing,1,iscx_group_005247,development,2.0
ISCX::9245,ISCX-URL2016 Phishing,1,iscx_group_006689,calibration,
ISCX::9246,ISCX-URL2016 Phishing,1,iscx_group_007248,development,3.0
ISCX::9247,ISCX-URL2016 Phishing,1,iscx_group_004980,development,1.0
ISCX::9248,ISCX-URL2016 Phishing,1,iscx_group_007161,development,3.0
ISCX::9249,ISCX-URL2016 Phishing,1,iscx_group_009247,test,
ISCX::9250,ISCX-URL2016 Phishing,1,iscx_group_008156,development,1.0
ISCX::9251,ISCX-URL2016 Phishing,1,iscx_group_004412,development,5.0
ISCX::9252,ISCX-URL2016 Phishing,1,iscx_group_003905,development,3.0
ISCX::9253,ISCX-URL2016 Phishing,1,iscx_group_012168,calibration,
ISCX::9254,ISCX-URL2016 Phishing,1,iscx_group_013643,development,5.0
ISCX::9255,ISCX-URL2016 Phishing,1,iscx_group_014327,calibration,
ISCX::9256,ISCX-URL2016 Phishing,1,iscx_group_011361,development,5.0
ISCX::9257,ISCX-URL2016 Phishing,1,iscx_group_005642,test,
ISCX::9258,ISCX-URL2016 Phishing,1,iscx_group_006694,development,5.0
ISCX::9259,ISCX-URL2016 Phishing,1,iscx_group_000154,test,
ISCX::9260,ISCX-URL2016 Phishing,1,iscx_group_011069,development,4.0
ISCX::9261,ISCX-URL2016 Phishing,1,iscx_group_004501,test,
ISCX::9262,ISCX-URL2016 Phishing,1,iscx_group_012675,calibration,
ISCX::9263,ISCX-URL2016 Phishing,1,iscx_group_002925,development,2.0
ISCX::9264,ISCX-URL2016 Phishing,1,iscx_group_006334,calibration,
ISCX::9265,ISCX-URL2016 Phishing,1,iscx_group_001072,calibration,
ISCX::9266,ISCX-URL2016 Phishing,1,iscx_group_004692,development,3.0
ISCX::9267,ISCX-URL2016 Phishing,1,iscx_group_012547,development,3.0
ISCX::9268,ISCX-URL2016 Phishing,1,iscx_group_013328,development,5.0
ISCX::9269,ISCX-URL2016 Phishing,1,iscx_group_013121,development,5.0
ISCX::9270,ISCX-URL2016 Phishing,1,iscx_group_003539,test,
ISCX::9271,ISCX-URL2016 Phishing,1,iscx_group_000510,development,3.0
ISCX::9272,ISCX-URL2016 Phishing,1,iscx_group_003766,calibration,
ISCX::9273,ISCX-URL2016 Phishing,1,iscx_group_004634,calibration,
ISCX::9274,ISCX-URL2016 Phishing,1,iscx_group_010922,calibration,
ISCX::9275,ISCX-URL2016 Phishing,1,iscx_group_012976,development,4.0
ISCX::9276,ISCX-URL2016 Phishing,1,iscx_group_003269,development,4.0
ISCX::9277,ISCX-URL2016 Phishing,1,iscx_group_013626,development,5.0
ISCX::9278,ISCX-URL2016 Phishing,1,iscx_group_008051,development,2.0
ISCX::9279,ISCX-URL2016 Phishing,1,iscx_group_012119,development,3.0
ISCX::9280,ISCX-URL2016 Phishing,1,iscx_group_006001,development,2.0
ISCX::9281,ISCX-URL2016 Phishing,1,iscx_group_014350,calibration,
ISCX::9282,ISCX-URL2016 Phishing,1,iscx_group_004067,development,5.0
ISCX::9283,ISCX-URL2016 Phishing,1,iscx_group_008179,development,2.0
ISCX::9284,ISCX-URL2016 Phishing,1,iscx_group_012347,test,
ISCX::9285,ISCX-URL2016 Phishing,1,iscx_group_014004,test,
ISCX::9286,ISCX-URL2016 Phishing,1,iscx_group_012430,development,1.0
ISCX::9287,ISCX-URL2016 Phishing,1,iscx_group_012298,calibration,
ISCX::9288,ISCX-URL2016 Phishing,1,iscx_group_012572,development,2.0
ISCX::9289,ISCX-URL2016 Phishing,1,iscx_group_000041,development,4.0
ISCX::9290,ISCX-URL2016 Phishing,1,iscx_group_003310,calibration,
ISCX::9291,ISCX-URL2016 Phishing,1,iscx_group_001887,development,4.0
ISCX::9292,ISCX-URL2016 Phishing,1,iscx_group_013776,development,1.0
ISCX::9293,ISCX-URL2016 Phishing,1,iscx_group_011220,development,2.0
ISCX::9294,ISCX-URL2016 Phishing,1,iscx_group_013639,development,2.0
ISCX::9295,ISCX-URL2016 Phishing,1,iscx_group_009009,calibration,
ISCX::9296,ISCX-URL2016 Phishing,1,iscx_group_006619,calibration,
ISCX::9297,ISCX-URL2016 Phishing,1,iscx_group_005510,development,3.0
ISCX::9298,ISCX-URL2016 Phishing,1,iscx_group_000775,development,3.0
ISCX::9299,ISCX-URL2016 Phishing,1,iscx_group_002951,development,3.0
ISCX::9300,ISCX-URL2016 Phishing,1,iscx_group_011843,development,1.0
ISCX::9301,ISCX-URL2016 Phishing,1,iscx_group_007528,test,
ISCX::9302,ISCX-URL2016 Phishing,1,iscx_group_001783,test,
ISCX::9303,ISCX-URL2016 Phishing,1,iscx_group_010847,development,3.0
ISCX::9304,ISCX-URL2016 Phishing,1,iscx_group_002028,calibration,
ISCX::9305,ISCX-URL2016 Phishing,1,iscx_group_011228,development,4.0
ISCX::9306,ISCX-URL2016 Phishing,1,iscx_group_006061,development,4.0
ISCX::9307,ISCX-URL2016 Phishing,1,iscx_group_014331,development,4.0
ISCX::9308,ISCX-URL2016 Phishing,1,iscx_group_003167,development,2.0
ISCX::9309,ISCX-URL2016 Phishing,1,iscx_group_010821,development,1.0
ISCX::9310,ISCX-URL2016 Phishing,1,iscx_group_005747,development,5.0
ISCX::9311,ISCX-URL2016 Phishing,1,iscx_group_011433,development,4.0
ISCX::9312,ISCX-URL2016 Phishing,1,iscx_group_007822,development,2.0
ISCX::9313,ISCX-URL2016 Phishing,1,iscx_group_008431,development,3.0
ISCX::9314,ISCX-URL2016 Phishing,1,iscx_group_001543,development,3.0
ISCX::9315,ISCX-URL2016 Phishing,1,iscx_group_008944,development,2.0
ISCX::9316,ISCX-URL2016 Phishing,1,iscx_group_013742,test,
ISCX::9317,ISCX-URL2016 Phishing,1,iscx_group_011418,development,2.0
ISCX::9318,ISCX-URL2016 Phishing,1,iscx_group_004543,development,4.0
ISCX::9319,ISCX-URL2016 Phishing,1,iscx_group_002298,development,3.0
ISCX::9320,ISCX-URL2016 Phishing,1,iscx_group_012733,development,4.0
ISCX::9321,ISCX-URL2016 Phishing,1,iscx_group_005516,development,4.0
ISCX::9322,ISCX-URL2016 Phishing,1,iscx_group_011983,development,3.0
ISCX::9323,ISCX-URL2016 Phishing,1,iscx_group_001730,development,2.0
ISCX::9324,ISCX-URL2016 Phishing,1,iscx_group_001236,calibration,
ISCX::9325,ISCX-URL2016 Phishing,1,iscx_group_009794,development,1.0
ISCX::9326,ISCX-URL2016 Phishing,1,iscx_group_009216,development,3.0
ISCX::9327,ISCX-URL2016 Phishing,1,iscx_group_005682,development,2.0
ISCX::9328,ISCX-URL2016 Phishing,1,iscx_group_012759,development,5.0
ISCX::9329,ISCX-URL2016 Phishing,1,iscx_group_003169,development,4.0
ISCX::9330,ISCX-URL2016 Phishing,1,iscx_group_006389,development,4.0
ISCX::9331,ISCX-URL2016 Phishing,1,iscx_group_004532,development,4.0
ISCX::9332,ISCX-URL2016 Phishing,1,iscx_group_011199,development,1.0
ISCX::9333,ISCX-URL2016 Phishing,1,iscx_group_002307,calibration,
ISCX::9334,ISCX-URL2016 Phishing,1,iscx_group_002406,development,5.0
ISCX::9335,ISCX-URL2016 Phishing,1,iscx_group_000713,test,
ISCX::9336,ISCX-URL2016 Phishing,1,iscx_group_006847,development,1.0
ISCX::9337,ISCX-URL2016 Phishing,1,iscx_group_007206,development,2.0
ISCX::9338,ISCX-URL2016 Phishing,1,iscx_group_003648,test,
ISCX::9339,ISCX-URL2016 Phishing,1,iscx_group_009721,development,3.0
ISCX::9340,ISCX-URL2016 Phishing,1,iscx_group_003281,calibration,
ISCX::9341,ISCX-URL2016 Phishing,1,iscx_group_005641,development,1.0
ISCX::9342,ISCX-URL2016 Phishing,1,iscx_group_010339,test,
ISCX::9343,ISCX-URL2016 Phishing,1,iscx_group_004965,development,2.0
ISCX::9344,ISCX-URL2016 Phishing,1,iscx_group_013445,development,2.0
ISCX::9345,ISCX-URL2016 Phishing,1,iscx_group_011579,development,1.0
ISCX::9346,ISCX-URL2016 Phishing,1,iscx_group_004889,test,
ISCX::9347,ISCX-URL2016 Phishing,1,iscx_group_003930,calibration,
ISCX::9348,ISCX-URL2016 Phishing,1,iscx_group_002722,development,3.0
ISCX::9349,ISCX-URL2016 Phishing,1,iscx_group_006782,development,3.0
ISCX::9350,ISCX-URL2016 Phishing,1,iscx_group_003878,development,2.0
ISCX::9351,ISCX-URL2016 Phishing,1,iscx_group_002939,calibration,
ISCX::9352,ISCX-URL2016 Phishing,1,iscx_group_002036,development,1.0
ISCX::9353,ISCX-URL2016 Phishing,1,iscx_group_003518,development,1.0
ISCX::9354,ISCX-URL2016 Phishing,1,iscx_group_000363,test,
ISCX::9355,ISCX-URL2016 Phishing,1,iscx_group_003916,development,5.0
ISCX::9356,ISCX-URL2016 Phishing,1,iscx_group_009909,test,
ISCX::9357,ISCX-URL2016 Phishing,1,iscx_group_002906,development,2.0
ISCX::9358,ISCX-URL2016 Phishing,1,iscx_group_009842,test,
ISCX::9359,ISCX-URL2016 Phishing,1,iscx_group_012864,development,2.0
ISCX::9360,ISCX-URL2016 Phishing,1,iscx_group_012478,development,3.0
ISCX::9361,ISCX-URL2016 Phishing,1,iscx_group_014379,development,4.0
ISCX::9362,ISCX-URL2016 Phishing,1,iscx_group_003879,development,4.0
ISCX::9363,ISCX-URL2016 Phishing,1,iscx_group_002248,development,1.0
ISCX::9364,ISCX-URL2016 Phishing,1,iscx_group_013480,calibration,
ISCX::9365,ISCX-URL2016 Phishing,1,iscx_group_005811,development,5.0
ISCX::9366,ISCX-URL2016 Phishing,1,iscx_group_004168,test,
ISCX::9367,ISCX-URL2016 Phishing,1,iscx_group_002614,development,1.0
ISCX::9368,ISCX-URL2016 Phishing,1,iscx_group_006888,development,2.0
ISCX::9369,ISCX-URL2016 Phishing,1,iscx_group_003524,calibration,
ISCX::9370,ISCX-URL2016 Phishing,1,iscx_group_001530,development,1.0
ISCX::9371,ISCX-URL2016 Phishing,1,iscx_group_007219,development,5.0
ISCX::9372,ISCX-URL2016 Phishing,1,iscx_group_005416,calibration,
ISCX::9373,ISCX-URL2016 Phishing,1,iscx_group_009084,development,3.0
ISCX::9374,ISCX-URL2016 Phishing,1,iscx_group_000650,development,4.0
ISCX::9375,ISCX-URL2016 Phishing,1,iscx_group_003764,development,2.0
ISCX::9376,ISCX-URL2016 Phishing,1,iscx_group_001218,development,2.0
ISCX::9377,ISCX-URL2016 Phishing,1,iscx_group_006838,calibration,
ISCX::9378,ISCX-URL2016 Phishing,1,iscx_group_013162,development,5.0
ISCX::9379,ISCX-URL2016 Phishing,1,iscx_group_002128,development,1.0
ISCX::9380,ISCX-URL2016 Phishing,1,iscx_group_001738,test,
ISCX::9381,ISCX-URL2016 Phishing,1,iscx_group_013025,development,4.0
ISCX::9382,ISCX-URL2016 Phishing,1,iscx_group_000057,development,5.0
ISCX::9383,ISCX-URL2016 Phishing,1,iscx_group_006819,development,1.0
ISCX::9384,ISCX-URL2016 Phishing,1,iscx_group_004521,development,4.0
ISCX::9385,ISCX-URL2016 Phishing,1,iscx_group_000756,calibration,
ISCX::9386,ISCX-URL2016 Phishing,1,iscx_group_013979,development,3.0
ISCX::9387,ISCX-URL2016 Phishing,1,iscx_group_001226,calibration,
ISCX::9388,ISCX-URL2016 Phishing,1,iscx_group_006616,test,
ISCX::9389,ISCX-URL2016 Phishing,1,iscx_group_002376,calibration,
ISCX::9390,ISCX-URL2016 Phishing,1,iscx_group_006533,calibration,
ISCX::9391,ISCX-URL2016 Phishing,1,iscx_group_006871,development,4.0
ISCX::9392,ISCX-URL2016 Phishing,1,iscx_group_006862,development,3.0
ISCX::9393,ISCX-URL2016 Phishing,1,iscx_group_007231,development,5.0
ISCX::9394,ISCX-URL2016 Phishing,1,iscx_group_005680,development,2.0
ISCX::9395,ISCX-URL2016 Phishing,1,iscx_group_000164,test,
ISCX::9396,ISCX-URL2016 Phishing,1,iscx_group_001591,development,4.0
ISCX::9397,ISCX-URL2016 Phishing,1,iscx_group_001200,development,5.0
ISCX::9398,ISCX-URL2016 Phishing,1,iscx_group_000220,development,1.0
ISCX::9399,ISCX-URL2016 Phishing,1,iscx_group_002819,development,3.0
ISCX::9400,ISCX-URL2016 Phishing,1,iscx_group_006005,development,3.0
ISCX::9401,ISCX-URL2016 Phishing,1,iscx_group_002867,test,
ISCX::9402,ISCX-URL2016 Phishing,1,iscx_group_007014,development,5.0
ISCX::9403,ISCX-URL2016 Phishing,1,iscx_group_010915,development,2.0
ISCX::9404,ISCX-URL2016 Phishing,1,iscx_group_006364,development,3.0
ISCX::9405,ISCX-URL2016 Phishing,1,iscx_group_012964,development,4.0
ISCX::9406,ISCX-URL2016 Phishing,1,iscx_group_000385,development,3.0
ISCX::9407,ISCX-URL2016 Phishing,1,iscx_group_004842,development,3.0
ISCX::9408,ISCX-URL2016 Phishing,1,iscx_group_002540,development,2.0
ISCX::9409,ISCX-URL2016 Phishing,1,iscx_group_003797,test,
ISCX::9410,ISCX-URL2016 Phishing,1,iscx_group_000417,test,
ISCX::9411,ISCX-URL2016 Phishing,1,iscx_group_010211,test,
ISCX::9412,ISCX-URL2016 Phishing,1,iscx_group_006974,calibration,
ISCX::9413,ISCX-URL2016 Phishing,1,iscx_group_008030,development,2.0
ISCX::9414,ISCX-URL2016 Phishing,1,iscx_group_009345,test,
ISCX::9415,ISCX-URL2016 Phishing,1,iscx_group_000893,calibration,
ISCX::9416,ISCX-URL2016 Phishing,1,iscx_group_013048,development,3.0
ISCX::9417,ISCX-URL2016 Phishing,1,iscx_group_004042,development,4.0
ISCX::9418,ISCX-URL2016 Phishing,1,iscx_group_005209,development,3.0
ISCX::9419,ISCX-URL2016 Phishing,1,iscx_group_004348,calibration,
ISCX::9420,ISCX-URL2016 Phishing,1,iscx_group_000880,calibration,
ISCX::9421,ISCX-URL2016 Phishing,1,iscx_group_008016,development,1.0
ISCX::9422,ISCX-URL2016 Phishing,1,iscx_group_012826,development,1.0
ISCX::9423,ISCX-URL2016 Phishing,1,iscx_group_000317,development,3.0
ISCX::9424,ISCX-URL2016 Phishing,1,iscx_group_008194,development,4.0
ISCX::9425,ISCX-URL2016 Phishing,1,iscx_group_008776,development,3.0
ISCX::9426,ISCX-URL2016 Phishing,1,iscx_group_009107,development,2.0
ISCX::9427,ISCX-URL2016 Phishing,1,iscx_group_013096,development,3.0
ISCX::9428,ISCX-URL2016 Phishing,1,iscx_group_003365,development,5.0
ISCX::9429,ISCX-URL2016 Phishing,1,iscx_group_000391,development,1.0
ISCX::9430,ISCX-URL2016 Phishing,1,iscx_group_002076,development,4.0
ISCX::9431,ISCX-URL2016 Phishing,1,iscx_group_009782,development,5.0
ISCX::9432,ISCX-URL2016 Phishing,1,iscx_group_003985,test,
ISCX::9433,ISCX-URL2016 Phishing,1,iscx_group_011362,calibration,
ISCX::9434,ISCX-URL2016 Phishing,1,iscx_group_007374,development,5.0
ISCX::9435,ISCX-URL2016 Phishing,1,iscx_group_011427,development,3.0
ISCX::9436,ISCX-URL2016 Phishing,1,iscx_group_003166,development,1.0
ISCX::9437,ISCX-URL2016 Phishing,1,iscx_group_010156,development,3.0
ISCX::9438,ISCX-URL2016 Phishing,1,iscx_group_000986,development,3.0
ISCX::9439,ISCX-URL2016 Phishing,1,iscx_group_014534,test,
ISCX::9440,ISCX-URL2016 Phishing,1,iscx_group_002548,test,
ISCX::9441,ISCX-URL2016 Phishing,1,iscx_group_004981,development,4.0
ISCX::9442,ISCX-URL2016 Phishing,1,iscx_group_000349,development,1.0
ISCX::9443,ISCX-URL2016 Phishing,1,iscx_group_010648,development,4.0
ISCX::9444,ISCX-URL2016 Phishing,1,iscx_group_012382,development,5.0
ISCX::9445,ISCX-URL2016 Phishing,1,iscx_group_013319,test,
ISCX::9446,ISCX-URL2016 Phishing,1,iscx_group_014145,development,1.0
ISCX::9447,ISCX-URL2016 Phishing,1,iscx_group_003205,test,
ISCX::9448,ISCX-URL2016 Phishing,1,iscx_group_014395,test,
ISCX::9449,ISCX-URL2016 Phishing,1,iscx_group_001878,test,
ISCX::9450,ISCX-URL2016 Phishing,1,iscx_group_011374,development,5.0
ISCX::9451,ISCX-URL2016 Phishing,1,iscx_group_001903,development,3.0
ISCX::9452,ISCX-URL2016 Phishing,1,iscx_group_014649,development,5.0
ISCX::9453,ISCX-URL2016 Phishing,1,iscx_group_002145,development,4.0
ISCX::9454,ISCX-URL2016 Phishing,1,iscx_group_001089,calibration,
ISCX::9455,ISCX-URL2016 Phishing,1,iscx_group_013159,development,1.0
ISCX::9456,ISCX-URL2016 Phishing,1,iscx_group_001969,development,4.0
ISCX::9457,ISCX-URL2016 Phishing,1,iscx_group_006650,development,4.0
ISCX::9458,ISCX-URL2016 Phishing,1,iscx_group_000746,development,5.0
ISCX::9459,ISCX-URL2016 Phishing,1,iscx_group_004147,calibration,
ISCX::9460,ISCX-URL2016 Phishing,1,iscx_group_006530,calibration,
ISCX::9461,ISCX-URL2016 Phishing,1,iscx_group_007817,development,3.0
ISCX::9462,ISCX-URL2016 Phishing,1,iscx_group_013655,development,5.0
ISCX::9463,ISCX-URL2016 Phishing,1,iscx_group_012481,development,1.0
ISCX::9464,ISCX-URL2016 Phishing,1,iscx_group_003458,development,2.0
ISCX::9465,ISCX-URL2016 Phishing,1,iscx_group_003664,development,4.0
ISCX::9466,ISCX-URL2016 Phishing,1,iscx_group_005328,development,4.0
ISCX::9467,ISCX-URL2016 Phishing,1,iscx_group_003823,development,4.0
ISCX::9468,ISCX-URL2016 Phishing,1,iscx_group_002255,calibration,
ISCX::9469,ISCX-URL2016 Phishing,1,iscx_group_008577,test,
ISCX::9470,ISCX-URL2016 Phishing,1,iscx_group_004564,development,4.0
ISCX::9471,ISCX-URL2016 Phishing,1,iscx_group_002271,calibration,
ISCX::9472,ISCX-URL2016 Phishing,1,iscx_group_002775,development,5.0
ISCX::9473,ISCX-URL2016 Phishing,1,iscx_group_006916,development,3.0
ISCX::9474,ISCX-URL2016 Phishing,1,iscx_group_009279,test,
ISCX::9475,ISCX-URL2016 Phishing,1,iscx_group_001198,development,2.0
ISCX::9476,ISCX-URL2016 Phishing,1,iscx_group_004700,development,2.0
ISCX::9477,ISCX-URL2016 Phishing,1,iscx_group_003496,development,1.0
ISCX::9478,ISCX-URL2016 Phishing,1,iscx_group_008943,development,1.0
ISCX::9479,ISCX-URL2016 Phishing,1,iscx_group_003902,development,1.0
ISCX::9480,ISCX-URL2016 Phishing,1,iscx_group_013686,development,4.0
ISCX::9481,ISCX-URL2016 Phishing,1,iscx_group_002937,development,4.0
ISCX::9482,ISCX-URL2016 Phishing,1,iscx_group_004451,development,5.0
ISCX::9483,ISCX-URL2016 Phishing,1,iscx_group_004466,development,5.0
ISCX::9484,ISCX-URL2016 Phishing,1,iscx_group_003282,development,1.0
ISCX::9485,ISCX-URL2016 Phishing,1,iscx_group_011650,test,
ISCX::9486,ISCX-URL2016 Phishing,1,iscx_group_007967,development,2.0
ISCX::9487,ISCX-URL2016 Phishing,1,iscx_group_010080,development,5.0
ISCX::9488,ISCX-URL2016 Phishing,1,iscx_group_000318,development,1.0
ISCX::9489,ISCX-URL2016 Phishing,1,iscx_group_012374,development,4.0
ISCX::9490,ISCX-URL2016 Phishing,1,iscx_group_012220,calibration,
ISCX::9491,ISCX-URL2016 Phishing,1,iscx_group_000259,development,2.0
ISCX::9492,ISCX-URL2016 Phishing,1,iscx_group_008975,calibration,
ISCX::9493,ISCX-URL2016 Phishing,1,iscx_group_013477,development,5.0
ISCX::9494,ISCX-URL2016 Phishing,1,iscx_group_012241,development,3.0
ISCX::9495,ISCX-URL2016 Phishing,1,iscx_group_012005,development,5.0
ISCX::9496,ISCX-URL2016 Phishing,1,iscx_group_008216,development,3.0
ISCX::9497,ISCX-URL2016 Phishing,1,iscx_group_003305,test,
ISCX::9498,ISCX-URL2016 Phishing,1,iscx_group_005979,development,5.0
ISCX::9499,ISCX-URL2016 Phishing,1,iscx_group_013618,development,1.0
ISCX::9500,ISCX-URL2016 Phishing,1,iscx_group_011717,calibration,
ISCX::9501,ISCX-URL2016 Phishing,1,iscx_group_014016,calibration,
ISCX::9502,ISCX-URL2016 Phishing,1,iscx_group_013800,development,2.0
ISCX::9503,ISCX-URL2016 Phishing,1,iscx_group_008297,development,4.0
ISCX::9504,ISCX-URL2016 Phishing,1,iscx_group_003971,development,1.0
ISCX::9505,ISCX-URL2016 Phishing,1,iscx_group_004891,development,4.0
ISCX::9506,ISCX-URL2016 Phishing,1,iscx_group_014337,calibration,
ISCX::9507,ISCX-URL2016 Phishing,1,iscx_group_003262,development,4.0
ISCX::9508,ISCX-URL2016 Phishing,1,iscx_group_002828,calibration,
ISCX::9509,ISCX-URL2016 Phishing,1,iscx_group_003850,development,3.0
ISCX::9510,ISCX-URL2016 Phishing,1,iscx_group_006201,development,4.0
ISCX::9511,ISCX-URL2016 Phishing,1,iscx_group_010659,development,3.0
ISCX::9512,ISCX-URL2016 Phishing,1,iscx_group_001329,development,3.0
ISCX::9513,ISCX-URL2016 Phishing,1,iscx_group_005711,development,5.0
ISCX::9514,ISCX-URL2016 Phishing,1,iscx_group_013893,development,1.0
ISCX::9515,ISCX-URL2016 Phishing,1,iscx_group_003865,calibration,
ISCX::9516,ISCX-URL2016 Phishing,1,iscx_group_000905,development,5.0
ISCX::9517,ISCX-URL2016 Phishing,1,iscx_group_005133,development,1.0
ISCX::9518,ISCX-URL2016 Phishing,1,iscx_group_008119,development,1.0
ISCX::9519,ISCX-URL2016 Phishing,1,iscx_group_004247,calibration,
ISCX::9520,ISCX-URL2016 Phishing,1,iscx_group_002037,test,
ISCX::9521,ISCX-URL2016 Phishing,1,iscx_group_003433,calibration,
ISCX::9522,ISCX-URL2016 Phishing,1,iscx_group_008457,development,2.0
ISCX::9523,ISCX-URL2016 Phishing,1,iscx_group_003769,test,
ISCX::9524,ISCX-URL2016 Phishing,1,iscx_group_013808,development,3.0
ISCX::9525,ISCX-URL2016 Phishing,1,iscx_group_003387,development,2.0
ISCX::9526,ISCX-URL2016 Phishing,1,iscx_group_011204,test,
ISCX::9527,ISCX-URL2016 Phishing,1,iscx_group_001551,development,5.0
ISCX::9528,ISCX-URL2016 Phishing,1,iscx_group_008657,development,2.0
ISCX::9529,ISCX-URL2016 Phishing,1,iscx_group_007530,test,
ISCX::9530,ISCX-URL2016 Phishing,1,iscx_group_000649,development,4.0
ISCX::9531,ISCX-URL2016 Phishing,1,iscx_group_001865,calibration,
ISCX::9532,ISCX-URL2016 Phishing,1,iscx_group_003800,development,5.0
ISCX::9533,ISCX-URL2016 Phishing,1,iscx_group_010795,calibration,
ISCX::9534,ISCX-URL2016 Phishing,1,iscx_group_007343,test,
ISCX::9535,ISCX-URL2016 Phishing,1,iscx_group_005014,development,1.0
ISCX::9536,ISCX-URL2016 Phishing,1,iscx_group_012427,development,5.0
ISCX::9537,ISCX-URL2016 Phishing,1,iscx_group_009466,calibration,
ISCX::9538,ISCX-URL2016 Phishing,1,iscx_group_006386,development,2.0
ISCX::9539,ISCX-URL2016 Phishing,1,iscx_group_006662,calibration,
ISCX::9540,ISCX-URL2016 Phishing,1,iscx_group_003917,development,1.0
ISCX::9541,ISCX-URL2016 Phishing,1,iscx_group_009116,test,
ISCX::9542,ISCX-URL2016 Phishing,1,iscx_group_000980,development,4.0
ISCX::9543,ISCX-URL2016 Phishing,1,iscx_group_005361,development,5.0
ISCX::9544,ISCX-URL2016 Phishing,1,iscx_group_007800,development,2.0
ISCX::9545,ISCX-URL2016 Phishing,1,iscx_group_004783,development,2.0
ISCX::9546,ISCX-URL2016 Phishing,1,iscx_group_013176,development,5.0
ISCX::9547,ISCX-URL2016 Phishing,1,iscx_group_008764,development,2.0
ISCX::9548,ISCX-URL2016 Phishing,1,iscx_group_000247,calibration,
ISCX::9549,ISCX-URL2016 Phishing,1,iscx_group_009299,calibration,
ISCX::9550,ISCX-URL2016 Phishing,1,iscx_group_006885,development,5.0
ISCX::9551,ISCX-URL2016 Phishing,1,iscx_group_012084,calibration,
ISCX::9552,ISCX-URL2016 Phishing,1,iscx_group_008378,development,3.0
ISCX::9553,ISCX-URL2016 Phishing,1,iscx_group_006657,development,3.0
ISCX::9554,ISCX-URL2016 Phishing,1,iscx_group_007490,development,1.0
ISCX::9555,ISCX-URL2016 Phishing,1,iscx_group_009395,development,2.0
ISCX::9556,ISCX-URL2016 Phishing,1,iscx_group_004603,calibration,
ISCX::9557,ISCX-URL2016 Phishing,1,iscx_group_014345,development,2.0
ISCX::9558,ISCX-URL2016 Phishing,1,iscx_group_013612,calibration,
ISCX::9559,ISCX-URL2016 Phishing,1,iscx_group_004296,test,
ISCX::9560,ISCX-URL2016 Phishing,1,iscx_group_014066,development,1.0
ISCX::9561,ISCX-URL2016 Phishing,1,iscx_group_003923,development,2.0
ISCX::9562,ISCX-URL2016 Phishing,1,iscx_group_013362,development,3.0
ISCX::9563,ISCX-URL2016 Phishing,1,iscx_group_005585,development,5.0
ISCX::9564,ISCX-URL2016 Phishing,1,iscx_group_008032,development,2.0
ISCX::9565,ISCX-URL2016 Phishing,1,iscx_group_002753,development,4.0
ISCX::9566,ISCX-URL2016 Phishing,1,iscx_group_000755,development,1.0
ISCX::9567,ISCX-URL2016 Phishing,1,iscx_group_009577,development,5.0
ISCX::9568,ISCX-URL2016 Phishing,1,iscx_group_011825,development,4.0
ISCX::9569,ISCX-URL2016 Phishing,1,iscx_group_005396,development,3.0
ISCX::9570,ISCX-URL2016 Phishing,1,iscx_group_002111,test,
ISCX::9571,ISCX-URL2016 Phishing,1,iscx_group_003451,development,3.0
ISCX::9572,ISCX-URL2016 Phishing,1,iscx_group_011281,test,
ISCX::9573,ISCX-URL2016 Phishing,1,iscx_group_009514,development,2.0
ISCX::9574,ISCX-URL2016 Phishing,1,iscx_group_005955,development,2.0
ISCX::9575,ISCX-URL2016 Phishing,1,iscx_group_012266,development,3.0
ISCX::9576,ISCX-URL2016 Phishing,1,iscx_group_003200,test,
ISCX::9577,ISCX-URL2016 Phishing,1,iscx_group_012878,development,3.0
ISCX::9578,ISCX-URL2016 Phishing,1,iscx_group_000890,development,1.0
ISCX::9579,ISCX-URL2016 Phishing,1,iscx_group_013991,development,5.0
ISCX::9580,ISCX-URL2016 Phishing,1,iscx_group_005689,development,5.0
ISCX::9581,ISCX-URL2016 Phishing,1,iscx_group_002191,development,4.0
ISCX::9582,ISCX-URL2016 Phishing,1,iscx_group_000456,development,1.0
ISCX::9583,ISCX-URL2016 Phishing,1,iscx_group_013103,calibration,
ISCX::9584,ISCX-URL2016 Phishing,1,iscx_group_006383,development,4.0
ISCX::9585,ISCX-URL2016 Phishing,1,iscx_group_002175,development,3.0
ISCX::9586,ISCX-URL2016 Phishing,1,iscx_group_008642,calibration,
ISCX::9587,ISCX-URL2016 Phishing,1,iscx_group_004715,development,1.0
ISCX::9588,ISCX-URL2016 Phishing,1,iscx_group_003021,development,1.0
ISCX::9589,ISCX-URL2016 Phishing,1,iscx_group_008223,development,1.0
ISCX::9590,ISCX-URL2016 Phishing,1,iscx_group_007168,calibration,
ISCX::9591,ISCX-URL2016 Phishing,1,iscx_group_013625,test,
ISCX::9592,ISCX-URL2016 Phishing,1,iscx_group_001165,calibration,
ISCX::9593,ISCX-URL2016 Phishing,1,iscx_group_009504,test,
ISCX::9594,ISCX-URL2016 Phishing,1,iscx_group_004519,development,3.0
ISCX::9595,ISCX-URL2016 Phishing,1,iscx_group_001229,development,3.0
ISCX::9596,ISCX-URL2016 Phishing,1,iscx_group_002014,development,3.0
ISCX::9597,ISCX-URL2016 Phishing,1,iscx_group_006174,development,2.0
ISCX::9598,ISCX-URL2016 Phishing,1,iscx_group_007634,development,3.0
ISCX::9599,ISCX-URL2016 Phishing,1,iscx_group_004179,development,3.0
ISCX::9600,ISCX-URL2016 Phishing,1,iscx_group_001854,development,4.0
ISCX::9601,ISCX-URL2016 Phishing,1,iscx_group_013390,development,3.0
ISCX::9602,ISCX-URL2016 Phishing,1,iscx_group_004286,development,1.0
ISCX::9603,ISCX-URL2016 Phishing,1,iscx_group_008360,test,
ISCX::9604,ISCX-URL2016 Phishing,1,iscx_group_007567,calibration,
ISCX::9605,ISCX-URL2016 Phishing,1,iscx_group_003952,development,4.0
ISCX::9606,ISCX-URL2016 Phishing,1,iscx_group_009637,development,3.0
ISCX::9607,ISCX-URL2016 Phishing,1,iscx_group_000467,development,5.0
ISCX::9608,ISCX-URL2016 Phishing,1,iscx_group_007905,development,1.0
ISCX::9609,ISCX-URL2016 Phishing,1,iscx_group_000090,development,1.0
ISCX::9610,ISCX-URL2016 Phishing,1,iscx_group_003833,development,2.0
ISCX::9611,ISCX-URL2016 Phishing,1,iscx_group_010501,development,4.0
ISCX::9612,ISCX-URL2016 Phishing,1,iscx_group_008995,development,4.0
ISCX::9613,ISCX-URL2016 Phishing,1,iscx_group_013854,development,5.0
ISCX::9614,ISCX-URL2016 Phishing,1,iscx_group_000636,development,4.0
ISCX::9615,ISCX-URL2016 Phishing,1,iscx_group_002891,development,5.0
ISCX::9616,ISCX-URL2016 Phishing,1,iscx_group_004474,development,2.0
ISCX::9617,ISCX-URL2016 Phishing,1,iscx_group_009127,calibration,
ISCX::9618,ISCX-URL2016 Phishing,1,iscx_group_000419,development,5.0
ISCX::9619,ISCX-URL2016 Phishing,1,iscx_group_010007,development,4.0
ISCX::9620,ISCX-URL2016 Phishing,1,iscx_group_003475,development,3.0
ISCX::9621,ISCX-URL2016 Phishing,1,iscx_group_004958,development,2.0
ISCX::9622,ISCX-URL2016 Phishing,1,iscx_group_010877,development,4.0
ISCX::9623,ISCX-URL2016 Phishing,1,iscx_group_002780,calibration,
ISCX::9624,ISCX-URL2016 Phishing,1,iscx_group_002573,development,5.0
ISCX::9625,ISCX-URL2016 Phishing,1,iscx_group_007176,development,2.0
ISCX::9626,ISCX-URL2016 Phishing,1,iscx_group_011953,development,5.0
ISCX::9627,ISCX-URL2016 Phishing,1,iscx_group_012311,development,5.0
ISCX::9628,ISCX-URL2016 Phishing,1,iscx_group_002569,development,3.0
ISCX::9629,ISCX-URL2016 Phishing,1,iscx_group_012986,development,5.0
ISCX::9630,ISCX-URL2016 Phishing,1,iscx_group_010172,test,
ISCX::9631,ISCX-URL2016 Phishing,1,iscx_group_012496,development,3.0
ISCX::9632,ISCX-URL2016 Phishing,1,iscx_group_007455,development,4.0
ISCX::9633,ISCX-URL2016 Phishing,1,iscx_group_008688,development,1.0
ISCX::9634,ISCX-URL2016 Phishing,1,iscx_group_004510,calibration,
ISCX::9635,ISCX-URL2016 Phishing,1,iscx_group_014268,development,4.0
ISCX::9636,ISCX-URL2016 Phishing,1,iscx_group_001137,development,3.0
ISCX::9637,ISCX-URL2016 Phishing,1,iscx_group_010860,development,2.0
ISCX::9638,ISCX-URL2016 Phishing,1,iscx_group_004038,test,
ISCX::9639,ISCX-URL2016 Phishing,1,iscx_group_005317,development,4.0
ISCX::9640,ISCX-URL2016 Phishing,1,iscx_group_013291,test,
ISCX::9641,ISCX-URL2016 Phishing,1,iscx_group_003509,development,2.0
ISCX::9642,ISCX-URL2016 Phishing,1,iscx_group_003001,test,
ISCX::9643,ISCX-URL2016 Phishing,1,iscx_group_005128,development,4.0
ISCX::9644,ISCX-URL2016 Phishing,1,iscx_group_012936,test,
ISCX::9645,ISCX-URL2016 Phishing,1,iscx_group_008173,development,1.0
ISCX::9646,ISCX-URL2016 Phishing,1,iscx_group_010683,development,1.0
ISCX::9647,ISCX-URL2016 Phishing,1,iscx_group_008149,development,3.0
ISCX::9648,ISCX-URL2016 Phishing,1,iscx_group_012193,development,4.0
ISCX::9649,ISCX-URL2016 Phishing,1,iscx_group_005446,test,
ISCX::9650,ISCX-URL2016 Phishing,1,iscx_group_003398,test,
ISCX::9651,ISCX-URL2016 Phishing,1,iscx_group_001103,test,
ISCX::9652,ISCX-URL2016 Phishing,1,iscx_group_014034,development,1.0
ISCX::9653,ISCX-URL2016 Phishing,1,iscx_group_003847,development,5.0
ISCX::9654,ISCX-URL2016 Phishing,1,iscx_group_000864,calibration,
ISCX::9655,ISCX-URL2016 Phishing,1,iscx_group_012165,test,
ISCX::9656,ISCX-URL2016 Phishing,1,iscx_group_000731,development,1.0
ISCX::9657,ISCX-URL2016 Phishing,1,iscx_group_007311,development,1.0
ISCX::9658,ISCX-URL2016 Phishing,1,iscx_group_007059,development,1.0
ISCX::9659,ISCX-URL2016 Phishing,1,iscx_group_014420,calibration,
ISCX::9660,ISCX-URL2016 Phishing,1,iscx_group_010348,development,2.0
ISCX::9661,ISCX-URL2016 Phishing,1,iscx_group_012265,test,
ISCX::9662,ISCX-URL2016 Phishing,1,iscx_group_012683,development,1.0
ISCX::9663,ISCX-URL2016 Phishing,1,iscx_group_007252,development,5.0
ISCX::9664,ISCX-URL2016 Phishing,1,iscx_group_001271,test,
ISCX::9665,ISCX-URL2016 Phishing,1,iscx_group_007676,development,3.0
ISCX::9666,ISCX-URL2016 Phishing,1,iscx_group_006620,development,2.0
ISCX::9667,ISCX-URL2016 Phishing,1,iscx_group_003801,development,2.0
ISCX::9668,ISCX-URL2016 Phishing,1,iscx_group_010090,test,
ISCX::9669,ISCX-URL2016 Phishing,1,iscx_group_004094,development,4.0
ISCX::9670,ISCX-URL2016 Phishing,1,iscx_group_005782,development,4.0
ISCX::9671,ISCX-URL2016 Phishing,1,iscx_group_004579,development,3.0
ISCX::9672,ISCX-URL2016 Phishing,1,iscx_group_003951,development,1.0
ISCX::9673,ISCX-URL2016 Phishing,1,iscx_group_001486,test,
ISCX::9674,ISCX-URL2016 Phishing,1,iscx_group_007595,development,4.0
ISCX::9675,ISCX-URL2016 Phishing,1,iscx_group_000249,development,4.0
ISCX::9676,ISCX-URL2016 Phishing,1,iscx_group_004847,development,1.0
ISCX::9677,ISCX-URL2016 Phishing,1,iscx_group_000699,test,
ISCX::9678,ISCX-URL2016 Phishing,1,iscx_group_000577,test,
ISCX::9679,ISCX-URL2016 Phishing,1,iscx_group_011543,development,5.0
ISCX::9680,ISCX-URL2016 Phishing,1,iscx_group_014232,test,
ISCX::9681,ISCX-URL2016 Phishing,1,iscx_group_001019,development,3.0
ISCX::9682,ISCX-URL2016 Phishing,1,iscx_group_006024,calibration,
ISCX::9683,ISCX-URL2016 Phishing,1,iscx_group_002914,development,5.0
ISCX::9684,ISCX-URL2016 Phishing,1,iscx_group_004657,development,4.0
ISCX::9685,ISCX-URL2016 Phishing,1,iscx_group_010010,calibration,
ISCX::9686,ISCX-URL2016 Phishing,1,iscx_group_014538,test,
ISCX::9687,ISCX-URL2016 Phishing,1,iscx_group_008202,development,3.0
ISCX::9688,ISCX-URL2016 Phishing,1,iscx_group_014421,development,3.0
ISCX::9689,ISCX-URL2016 Phishing,1,iscx_group_012800,development,1.0
ISCX::9690,ISCX-URL2016 Phishing,1,iscx_group_009205,development,1.0
ISCX::9691,ISCX-URL2016 Phishing,1,iscx_group_013269,test,
ISCX::9692,ISCX-URL2016 Phishing,1,iscx_group_006700,development,3.0
ISCX::9693,ISCX-URL2016 Phishing,1,iscx_group_006748,development,1.0
ISCX::9694,ISCX-URL2016 Phishing,1,iscx_group_007277,development,5.0
ISCX::9695,ISCX-URL2016 Phishing,1,iscx_group_012993,development,3.0
ISCX::9696,ISCX-URL2016 Phishing,1,iscx_group_011502,test,
ISCX::9697,ISCX-URL2016 Phishing,1,iscx_group_008994,development,3.0
ISCX::9698,ISCX-URL2016 Phishing,1,iscx_group_008715,development,5.0
ISCX::9699,ISCX-URL2016 Phishing,1,iscx_group_012069,development,2.0
ISCX::9700,ISCX-URL2016 Phishing,1,iscx_group_014424,development,2.0
ISCX::9701,ISCX-URL2016 Phishing,1,iscx_group_012020,development,3.0
ISCX::9702,ISCX-URL2016 Phishing,1,iscx_group_004260,development,2.0
ISCX::9703,ISCX-URL2016 Phishing,1,iscx_group_011737,development,3.0
ISCX::9704,ISCX-URL2016 Phishing,1,iscx_group_004430,calibration,
ISCX::9705,ISCX-URL2016 Phishing,1,iscx_group_013635,development,5.0
ISCX::9706,ISCX-URL2016 Phishing,1,iscx_group_002491,calibration,
ISCX::9707,ISCX-URL2016 Phishing,1,iscx_group_009814,development,5.0
ISCX::9708,ISCX-URL2016 Phishing,1,iscx_group_006727,calibration,
ISCX::9709,ISCX-URL2016 Phishing,1,iscx_group_005666,development,3.0
ISCX::9710,ISCX-URL2016 Phishing,1,iscx_group_005602,development,4.0
ISCX::9711,ISCX-URL2016 Phishing,1,iscx_group_007810,development,2.0
ISCX::9712,ISCX-URL2016 Phishing,1,iscx_group_001154,development,3.0
ISCX::9713,ISCX-URL2016 Phishing,1,iscx_group_014812,test,
ISCX::9714,ISCX-URL2016 Phishing,1,iscx_group_003069,development,2.0
ISCX::9715,ISCX-URL2016 Phishing,1,iscx_group_009620,development,3.0
ISCX::9716,ISCX-URL2016 Phishing,1,iscx_group_001065,development,1.0
ISCX::9717,ISCX-URL2016 Phishing,1,iscx_group_010794,development,3.0
ISCX::9718,ISCX-URL2016 Phishing,1,iscx_group_000867,development,5.0
ISCX::9719,ISCX-URL2016 Phishing,1,iscx_group_001097,development,2.0
ISCX::9720,ISCX-URL2016 Phishing,1,iscx_group_012066,development,2.0
ISCX::9721,ISCX-URL2016 Phishing,1,iscx_group_012068,development,3.0
ISCX::9722,ISCX-URL2016 Phishing,1,iscx_group_013295,development,1.0
ISCX::9723,ISCX-URL2016 Phishing,1,iscx_group_013169,calibration,
ISCX::9724,ISCX-URL2016 Phishing,1,iscx_group_006815,calibration,
ISCX::9725,ISCX-URL2016 Phishing,1,iscx_group_001974,development,4.0
ISCX::9726,ISCX-URL2016 Phishing,1,iscx_group_008021,development,5.0
ISCX::9727,ISCX-URL2016 Phishing,1,iscx_group_013972,test,
ISCX::9728,ISCX-URL2016 Phishing,1,iscx_group_014049,development,2.0
ISCX::9729,ISCX-URL2016 Phishing,1,iscx_group_007147,calibration,
ISCX::9730,ISCX-URL2016 Phishing,1,iscx_group_008911,development,3.0
ISCX::9731,ISCX-URL2016 Phishing,1,iscx_group_010791,development,5.0
ISCX::9732,ISCX-URL2016 Phishing,1,iscx_group_003272,development,1.0
ISCX::9733,ISCX-URL2016 Phishing,1,iscx_group_003032,development,3.0
ISCX::9734,ISCX-URL2016 Phishing,1,iscx_group_011116,development,2.0
ISCX::9735,ISCX-URL2016 Phishing,1,iscx_group_003545,development,4.0
ISCX::9736,ISCX-URL2016 Phishing,1,iscx_group_006198,test,
ISCX::9737,ISCX-URL2016 Phishing,1,iscx_group_010580,calibration,
ISCX::9738,ISCX-URL2016 Phishing,1,iscx_group_006792,development,5.0
ISCX::9739,ISCX-URL2016 Phishing,1,iscx_group_006825,development,3.0
ISCX::9740,ISCX-URL2016 Phishing,1,iscx_group_001498,development,5.0
ISCX::9741,ISCX-URL2016 Phishing,1,iscx_group_000356,development,4.0
ISCX::9742,ISCX-URL2016 Phishing,1,iscx_group_010977,test,
ISCX::9743,ISCX-URL2016 Phishing,1,iscx_group_009984,calibration,
ISCX::9744,ISCX-URL2016 Phishing,1,iscx_group_011009,development,1.0
ISCX::9745,ISCX-URL2016 Phishing,1,iscx_group_012947,development,3.0
ISCX::9746,ISCX-URL2016 Phishing,1,iscx_group_013837,development,3.0
ISCX::9747,ISCX-URL2016 Phishing,1,iscx_group_003093,development,2.0
ISCX::9748,ISCX-URL2016 Phishing,1,iscx_group_007186,development,2.0
ISCX::9749,ISCX-URL2016 Phishing,1,iscx_group_006392,development,3.0
ISCX::9750,ISCX-URL2016 Phishing,1,iscx_group_012979,development,5.0
ISCX::9751,ISCX-URL2016 Phishing,1,iscx_group_013935,development,4.0
ISCX::9752,ISCX-URL2016 Phishing,1,iscx_group_014319,development,3.0
ISCX::9753,ISCX-URL2016 Phishing,1,iscx_group_003841,development,5.0
ISCX::9754,ISCX-URL2016 Phishing,1,iscx_group_003289,calibration,
ISCX::9755,ISCX-URL2016 Phishing,1,iscx_group_014076,calibration,
ISCX::9756,ISCX-URL2016 Phishing,1,iscx_group_010881,development,1.0
ISCX::9757,ISCX-URL2016 Phishing,1,iscx_group_001354,development,5.0
ISCX::9758,ISCX-URL2016 Phishing,1,iscx_group_004186,calibration,
ISCX::9759,ISCX-URL2016 Phishing,1,iscx_group_012128,development,2.0
ISCX::9760,ISCX-URL2016 Phishing,1,iscx_group_012354,development,4.0
ISCX::9761,ISCX-URL2016 Phishing,1,iscx_group_003689,development,5.0
ISCX::9762,ISCX-URL2016 Phishing,1,iscx_group_002578,calibration,
ISCX::9763,ISCX-URL2016 Phishing,1,iscx_group_012315,calibration,
ISCX::9764,ISCX-URL2016 Phishing,1,iscx_group_012682,development,2.0
ISCX::9765,ISCX-URL2016 Phishing,1,iscx_group_003194,development,5.0
ISCX::9766,ISCX-URL2016 Phishing,1,iscx_group_011266,development,5.0
ISCX::9767,ISCX-URL2016 Phishing,1,iscx_group_007624,development,1.0
ISCX::9768,ISCX-URL2016 Phishing,1,iscx_group_000563,development,2.0
ISCX::9769,ISCX-URL2016 Phishing,1,iscx_group_011287,development,4.0
ISCX::9770,ISCX-URL2016 Phishing,1,iscx_group_001174,development,3.0
ISCX::9771,ISCX-URL2016 Phishing,1,iscx_group_004673,development,2.0
ISCX::9772,ISCX-URL2016 Phishing,1,iscx_group_001208,test,
ISCX::9773,ISCX-URL2016 Phishing,1,iscx_group_013022,test,
ISCX::9774,ISCX-URL2016 Phishing,1,iscx_group_010277,development,1.0
ISCX::9775,ISCX-URL2016 Phishing,1,iscx_group_003819,development,1.0
ISCX::9776,ISCX-URL2016 Phishing,1,iscx_group_013553,development,2.0
ISCX::9777,ISCX-URL2016 Phishing,1,iscx_group_005095,development,4.0
ISCX::9778,ISCX-URL2016 Phishing,1,iscx_group_001585,development,2.0
ISCX::9779,ISCX-URL2016 Phishing,1,iscx_group_002278,test,
ISCX::9780,ISCX-URL2016 Phishing,1,iscx_group_006985,development,3.0
ISCX::9781,ISCX-URL2016 Phishing,1,iscx_group_009249,development,4.0
ISCX::9782,ISCX-URL2016 Phishing,1,iscx_group_010319,development,2.0
ISCX::9783,ISCX-URL2016 Phishing,1,iscx_group_006375,development,5.0
ISCX::9784,ISCX-URL2016 Phishing,1,iscx_group_001717,development,4.0
ISCX::9785,ISCX-URL2016 Phishing,1,iscx_group_005172,development,3.0
ISCX::9786,ISCX-URL2016 Phishing,1,iscx_group_013286,development,5.0
ISCX::9787,ISCX-URL2016 Phishing,1,iscx_group_013094,development,5.0
ISCX::9788,ISCX-URL2016 Phishing,1,iscx_group_013756,calibration,
ISCX::9789,ISCX-URL2016 Phishing,1,iscx_group_010112,development,3.0
ISCX::9790,ISCX-URL2016 Phishing,1,iscx_group_010642,test,
ISCX::9791,ISCX-URL2016 Phishing,1,iscx_group_011520,development,5.0
ISCX::9792,ISCX-URL2016 Phishing,1,iscx_group_009429,development,3.0
ISCX::9793,ISCX-URL2016 Phishing,1,iscx_group_003883,development,1.0
ISCX::9794,ISCX-URL2016 Phishing,1,iscx_group_005925,development,5.0
ISCX::9795,ISCX-URL2016 Phishing,1,iscx_group_005786,development,1.0
ISCX::9796,ISCX-URL2016 Phishing,1,iscx_group_008603,development,1.0
ISCX::9797,ISCX-URL2016 Phishing,1,iscx_group_009853,development,4.0
ISCX::9798,ISCX-URL2016 Phishing,1,iscx_group_001515,development,1.0
ISCX::9799,ISCX-URL2016 Phishing,1,iscx_group_000177,development,2.0
ISCX::9800,ISCX-URL2016 Phishing,1,iscx_group_010603,test,
ISCX::9801,ISCX-URL2016 Phishing,1,iscx_group_009480,development,5.0
ISCX::9802,ISCX-URL2016 Phishing,1,iscx_group_011183,test,
ISCX::9803,ISCX-URL2016 Phishing,1,iscx_group_008000,development,3.0
ISCX::9804,ISCX-URL2016 Phishing,1,iscx_group_008456,development,4.0
ISCX::9805,ISCX-URL2016 Phishing,1,iscx_group_004750,calibration,
ISCX::9806,ISCX-URL2016 Phishing,1,iscx_group_013308,calibration,
ISCX::9807,ISCX-URL2016 Phishing,1,iscx_group_013766,development,1.0
ISCX::9808,ISCX-URL2016 Phishing,1,iscx_group_006125,development,3.0
ISCX::9809,ISCX-URL2016 Phishing,1,iscx_group_001090,development,2.0
ISCX::9810,ISCX-URL2016 Phishing,1,iscx_group_010570,development,4.0
ISCX::9811,ISCX-URL2016 Phishing,1,iscx_group_012083,development,4.0
ISCX::9812,ISCX-URL2016 Phishing,1,iscx_group_011224,development,5.0
ISCX::9813,ISCX-URL2016 Phishing,1,iscx_group_011629,calibration,
ISCX::9814,ISCX-URL2016 Phishing,1,iscx_group_013734,calibration,
ISCX::9815,ISCX-URL2016 Phishing,1,iscx_group_002485,development,3.0
ISCX::9816,ISCX-URL2016 Phishing,1,iscx_group_004051,development,3.0
ISCX::9817,ISCX-URL2016 Phishing,1,iscx_group_002938,test,
ISCX::9818,ISCX-URL2016 Phishing,1,iscx_group_008560,development,3.0
ISCX::9819,ISCX-URL2016 Phishing,1,iscx_group_002324,development,2.0
ISCX::9820,ISCX-URL2016 Phishing,1,iscx_group_002293,development,5.0
ISCX::9821,ISCX-URL2016 Phishing,1,iscx_group_000205,development,2.0
ISCX::9822,ISCX-URL2016 Phishing,1,iscx_group_001660,development,3.0
ISCX::9823,ISCX-URL2016 Phishing,1,iscx_group_000466,development,2.0
ISCX::9824,ISCX-URL2016 Phishing,1,iscx_group_007204,development,5.0
ISCX::9825,ISCX-URL2016 Phishing,1,iscx_group_005967,development,5.0
ISCX::9826,ISCX-URL2016 Phishing,1,iscx_group_014359,development,4.0
ISCX::9827,ISCX-URL2016 Phishing,1,iscx_group_007486,development,1.0
ISCX::9828,ISCX-URL2016 Phishing,1,iscx_group_011415,test,
ISCX::9829,ISCX-URL2016 Phishing,1,iscx_group_008372,development,5.0
ISCX::9830,ISCX-URL2016 Phishing,1,iscx_group_006994,calibration,
ISCX::9831,ISCX-URL2016 Phishing,1,iscx_group_007927,development,5.0
ISCX::9832,ISCX-URL2016 Phishing,1,iscx_group_008782,development,5.0
ISCX::9833,ISCX-URL2016 Phishing,1,iscx_group_014377,development,5.0
ISCX::9834,ISCX-URL2016 Phishing,1,iscx_group_008442,test,
ISCX::9835,ISCX-URL2016 Phishing,1,iscx_group_010645,test,
ISCX::9836,ISCX-URL2016 Phishing,1,iscx_group_000079,test,
ISCX::9837,ISCX-URL2016 Phishing,1,iscx_group_009696,development,1.0
ISCX::9838,ISCX-URL2016 Phishing,1,iscx_group_008535,development,2.0
ISCX::9839,ISCX-URL2016 Phishing,1,iscx_group_008326,development,2.0
ISCX::9840,ISCX-URL2016 Phishing,1,iscx_group_006350,development,3.0
ISCX::9841,ISCX-URL2016 Phishing,1,iscx_group_004885,development,4.0
ISCX::9842,ISCX-URL2016 Phishing,1,iscx_group_002136,calibration,
ISCX::9843,ISCX-URL2016 Phishing,1,iscx_group_003945,development,2.0
ISCX::9844,ISCX-URL2016 Phishing,1,iscx_group_013995,development,3.0
ISCX::9845,ISCX-URL2016 Phishing,1,iscx_group_012327,development,5.0
ISCX::9846,ISCX-URL2016 Phishing,1,iscx_group_002883,development,3.0
ISCX::9847,ISCX-URL2016 Phishing,1,iscx_group_005465,development,2.0
ISCX::9848,ISCX-URL2016 Phishing,1,iscx_group_010742,development,1.0
ISCX::9849,ISCX-URL2016 Phishing,1,iscx_group_011252,calibration,
ISCX::9850,ISCX-URL2016 Phishing,1,iscx_group_014165,development,4.0
ISCX::9851,ISCX-URL2016 Phishing,1,iscx_group_012875,test,
ISCX::9852,ISCX-URL2016 Phishing,1,iscx_group_004017,development,1.0
ISCX::9853,ISCX-URL2016 Phishing,1,iscx_group_001723,development,4.0
ISCX::9854,ISCX-URL2016 Phishing,1,iscx_group_005578,test,
ISCX::9855,ISCX-URL2016 Phishing,1,iscx_group_007687,development,2.0
ISCX::9856,ISCX-URL2016 Phishing,1,iscx_group_014690,development,5.0
ISCX::9857,ISCX-URL2016 Phishing,1,iscx_group_003707,development,3.0
ISCX::9858,ISCX-URL2016 Phishing,1,iscx_group_007972,development,1.0
ISCX::9859,ISCX-URL2016 Phishing,1,iscx_group_013193,development,1.0
ISCX::9860,ISCX-URL2016 Phishing,1,iscx_group_004371,calibration,
ISCX::9861,ISCX-URL2016 Phishing,1,iscx_group_011298,development,5.0
ISCX::9862,ISCX-URL2016 Phishing,1,iscx_group_012940,development,4.0
ISCX::9863,ISCX-URL2016 Phishing,1,iscx_group_006914,development,4.0
ISCX::9864,ISCX-URL2016 Phishing,1,iscx_group_008295,development,3.0
ISCX::9865,ISCX-URL2016 Phishing,1,iscx_group_007244,test,
ISCX::9866,ISCX-URL2016 Phishing,1,iscx_group_012151,test,
ISCX::9867,ISCX-URL2016 Phishing,1,iscx_group_001890,test,
ISCX::9868,ISCX-URL2016 Phishing,1,iscx_group_004659,development,5.0
ISCX::9869,ISCX-URL2016 Phishing,1,iscx_group_009165,development,5.0
ISCX::9870,ISCX-URL2016 Phishing,1,iscx_group_000897,development,3.0
ISCX::9871,ISCX-URL2016 Phishing,1,iscx_group_006668,test,
ISCX::9872,ISCX-URL2016 Phishing,1,iscx_group_003238,development,2.0
ISCX::9873,ISCX-URL2016 Phishing,1,iscx_group_000839,development,3.0
ISCX::9874,ISCX-URL2016 Phishing,1,iscx_group_006192,development,2.0
ISCX::9875,ISCX-URL2016 Phishing,1,iscx_group_001475,development,5.0
ISCX::9876,ISCX-URL2016 Phishing,1,iscx_group_009240,development,2.0
ISCX::9877,ISCX-URL2016 Phishing,1,iscx_group_005184,test,
ISCX::9878,ISCX-URL2016 Phishing,1,iscx_group_005755,calibration,
ISCX::9879,ISCX-URL2016 Phishing,1,iscx_group_008609,development,3.0
ISCX::9880,ISCX-URL2016 Phishing,1,iscx_group_009035,development,5.0
ISCX::9881,ISCX-URL2016 Phishing,1,iscx_group_001465,development,2.0
ISCX::9882,ISCX-URL2016 Phishing,1,iscx_group_005423,development,2.0
ISCX::9883,ISCX-URL2016 Phishing,1,iscx_group_012665,test,
ISCX::9884,ISCX-URL2016 Phishing,1,iscx_group_011033,development,1.0
ISCX::9885,ISCX-URL2016 Phishing,1,iscx_group_007116,calibration,
ISCX::9886,ISCX-URL2016 Phishing,1,iscx_group_006842,development,2.0
ISCX::9887,ISCX-URL2016 Phishing,1,iscx_group_007511,development,5.0
ISCX::9888,ISCX-URL2016 Phishing,1,iscx_group_013082,development,4.0
ISCX::9889,ISCX-URL2016 Phishing,1,iscx_group_003332,development,4.0
ISCX::9890,ISCX-URL2016 Phishing,1,iscx_group_002184,development,2.0
ISCX::9891,ISCX-URL2016 Phishing,1,iscx_group_003739,development,5.0
ISCX::9892,ISCX-URL2016 Phishing,1,iscx_group_012413,development,5.0
ISCX::9893,ISCX-URL2016 Phishing,1,iscx_group_008998,development,1.0
ISCX::9894,ISCX-URL2016 Phishing,1,iscx_group_004843,development,1.0
ISCX::9895,ISCX-URL2016 Phishing,1,iscx_group_008184,development,5.0
ISCX::9896,ISCX-URL2016 Phishing,1,iscx_group_000736,development,5.0
ISCX::9897,ISCX-URL2016 Phishing,1,iscx_group_010097,development,3.0
ISCX::9898,ISCX-URL2016 Phishing,1,iscx_group_012222,development,4.0
ISCX::9899,ISCX-URL2016 Phishing,1,iscx_group_000197,development,1.0
ISCX::9900,ISCX-URL2016 Phishing,1,iscx_group_002517,development,3.0
ISCX::9901,ISCX-URL2016 Phishing,1,iscx_group_005369,development,5.0
ISCX::9902,ISCX-URL2016 Phishing,1,iscx_group_011951,development,2.0
ISCX::9903,ISCX-URL2016 Phishing,1,iscx_group_006667,calibration,
ISCX::9904,ISCX-URL2016 Phishing,1,iscx_group_014071,development,2.0
ISCX::9905,ISCX-URL2016 Phishing,1,iscx_group_005384,development,1.0
ISCX::9906,ISCX-URL2016 Phishing,1,iscx_group_004764,development,4.0
ISCX::9907,ISCX-URL2016 Phishing,1,iscx_group_001194,development,5.0
ISCX::9908,ISCX-URL2016 Phishing,1,iscx_group_003466,test,
ISCX::9909,ISCX-URL2016 Phishing,1,iscx_group_014161,development,2.0
ISCX::9910,ISCX-URL2016 Phishing,1,iscx_group_006082,calibration,
ISCX::9911,ISCX-URL2016 Phishing,1,iscx_group_004704,development,4.0
ISCX::9912,ISCX-URL2016 Phishing,1,iscx_group_000095,development,3.0
ISCX::9913,ISCX-URL2016 Phishing,1,iscx_group_001917,test,
ISCX::9914,ISCX-URL2016 Phishing,1,iscx_group_004441,test,
ISCX::9915,ISCX-URL2016 Phishing,1,iscx_group_002091,development,1.0
ISCX::9916,ISCX-URL2016 Phishing,1,iscx_group_005429,development,2.0
ISCX::9917,ISCX-URL2016 Phishing,1,iscx_group_006143,development,3.0
ISCX::9918,ISCX-URL2016 Phishing,1,iscx_group_013954,development,2.0
ISCX::9919,ISCX-URL2016 Phishing,1,iscx_group_004176,calibration,
ISCX::9920,ISCX-URL2016 Phishing,1,iscx_group_009438,test,
ISCX::9921,ISCX-URL2016 Phishing,1,iscx_group_003846,development,4.0
ISCX::9922,ISCX-URL2016 Phishing,1,iscx_group_005185,development,3.0
ISCX::9923,ISCX-URL2016 Phishing,1,iscx_group_008904,development,2.0
ISCX::9924,ISCX-URL2016 Phishing,1,iscx_group_003245,test,
ISCX::9925,ISCX-URL2016 Phishing,1,iscx_group_009452,development,1.0
ISCX::9926,ISCX-URL2016 Phishing,1,iscx_group_014745,development,5.0
ISCX::9927,ISCX-URL2016 Phishing,1,iscx_group_013152,development,2.0
ISCX::9928,ISCX-URL2016 Phishing,1,iscx_group_006498,development,5.0
ISCX::9929,ISCX-URL2016 Phishing,1,iscx_group_003064,test,
ISCX::9930,ISCX-URL2016 Phishing,1,iscx_group_011417,test,
ISCX::9931,ISCX-URL2016 Phishing,1,iscx_group_004199,development,3.0
ISCX::9932,ISCX-URL2016 Phishing,1,iscx_group_010365,development,2.0
ISCX::9933,ISCX-URL2016 Phishing,1,iscx_group_003146,calibration,
ISCX::9934,ISCX-URL2016 Phishing,1,iscx_group_009935,development,2.0
ISCX::9935,ISCX-URL2016 Phishing,1,iscx_group_010321,calibration,
ISCX::9936,ISCX-URL2016 Phishing,1,iscx_group_008615,development,3.0
ISCX::9937,ISCX-URL2016 Phishing,1,iscx_group_005324,development,4.0
ISCX::9938,ISCX-URL2016 Phishing,1,iscx_group_000546,development,2.0
ISCX::9939,ISCX-URL2016 Phishing,1,iscx_group_004157,development,2.0
ISCX::9940,ISCX-URL2016 Phishing,1,iscx_group_005657,development,1.0
ISCX::9941,ISCX-URL2016 Phishing,1,iscx_group_014316,development,3.0
ISCX::9942,ISCX-URL2016 Phishing,1,iscx_group_012890,test,
ISCX::9943,ISCX-URL2016 Phishing,1,iscx_group_009026,test,
ISCX::9944,ISCX-URL2016 Phishing,1,iscx_group_012320,development,2.0
ISCX::9945,ISCX-URL2016 Phishing,1,iscx_group_004127,development,1.0
ISCX::9946,ISCX-URL2016 Phishing,1,iscx_group_012712,development,2.0
ISCX::9947,ISCX-URL2016 Phishing,1,iscx_group_003165,development,2.0
ISCX::9948,ISCX-URL2016 Phishing,1,iscx_group_000951,development,3.0
ISCX::9949,ISCX-URL2016 Phishing,1,iscx_group_005147,development,1.0
ISCX::9950,ISCX-URL2016 Phishing,1,iscx_group_011994,development,5.0
ISCX::9951,ISCX-URL2016 Phishing,1,iscx_group_012841,test,
ISCX::9952,ISCX-URL2016 Phishing,1,iscx_group_011678,development,5.0
ISCX::9953,ISCX-URL2016 Phishing,1,iscx_group_011094,development,1.0
ISCX::9954,ISCX-URL2016 Phishing,1,iscx_group_009207,development,3.0
ISCX::9955,ISCX-URL2016 Phishing,1,iscx_group_001407,development,1.0
ISCX::9956,ISCX-URL2016 Phishing,1,iscx_group_007976,development,5.0
ISCX::9957,ISCX-URL2016 Phishing,1,iscx_group_001828,development,3.0
ISCX::9958,ISCX-URL2016 Phishing,1,iscx_group_009867,test,
ISCX::9959,ISCX-URL2016 Phishing,1,iscx_group_013781,development,1.0
ISCX::9960,ISCX-URL2016 Phishing,1,iscx_group_005298,calibration,
ISCX::9961,ISCX-URL2016 Phishing,1,iscx_group_007629,development,4.0
ISCX::9962,ISCX-URL2016 Phishing,1,iscx_group_001096,calibration,
ISCX::9963,ISCX-URL2016 Phishing,1,iscx_group_011072,development,2.0
ISCX::9964,ISCX-URL2016 Phishing,1,iscx_group_004975,development,4.0
ISCX::9965,ISCX-URL2016 Phishing,1,iscx_group_000591,development,3.0
ISCX::9966,ISCX-URL2016 Phishing,1,iscx_group_001281,test,
ISCX::9967,ISCX-URL2016 Phishing,1,iscx_group_000998,development,3.0
ISCX::9968,ISCX-URL2016 Phishing,1,iscx_group_005181,development,5.0
ISCX::9969,ISCX-URL2016 Phishing,1,iscx_group_013442,calibration,
ISCX::9970,ISCX-URL2016 Phishing,1,iscx_group_011295,development,1.0
ISCX::9971,ISCX-URL2016 Phishing,1,iscx_group_012156,test,
ISCX::9972,ISCX-URL2016 Phishing,1,iscx_group_010416,development,1.0
ISCX::9973,ISCX-URL2016 Phishing,1,iscx_group_014425,development,3.0
ISCX::9974,ISCX-URL2016 Phishing,1,iscx_group_005046,calibration,
ISCX::9975,ISCX-URL2016 Phishing,1,iscx_group_014432,development,1.0
ISCX::9976,ISCX-URL2016 Phishing,1,iscx_group_006115,test,
ISCX::9977,ISCX-URL2016 Phishing,1,iscx_group_000504,test,
ISCX::9978,ISCX-URL2016 Phishing,1,iscx_group_013385,test,
ISCX::9979,ISCX-URL2016 Phishing,1,iscx_group_005535,development,2.0
ISCX::9980,ISCX-URL2016 Phishing,1,iscx_group_007655,development,5.0
ISCX::9981,ISCX-URL2016 Phishing,1,iscx_group_006035,development,4.0
ISCX::9982,ISCX-URL2016 Phishing,1,iscx_group_004443,development,4.0
ISCX::9983,ISCX-URL2016 Phishing,1,iscx_group_007309,development,4.0
ISCX::9984,ISCX-URL2016 Phishing,1,iscx_group_013464,development,1.0
ISCX::9985,ISCX-URL2016 Phishing,1,iscx_group_014185,development,2.0
ISCX::9986,ISCX-URL2016 Phishing,1,iscx_group_014144,development,3.0
ISCX::9987,ISCX-URL2016 Phishing,1,iscx_group_002085,test,
ISCX::9988,ISCX-URL2016 Phishing,1,iscx_group_001128,development,4.0
ISCX::9989,ISCX-URL2016 Phishing,1,iscx_group_008923,development,3.0
ISCX::9990,ISCX-URL2016 Phishing,1,iscx_group_010853,development,2.0
ISCX::9991,ISCX-URL2016 Phishing,1,iscx_group_003467,development,2.0
ISCX::9992,ISCX-URL2016 Phishing,1,iscx_group_013689,test,
ISCX::9993,ISCX-URL2016 Phishing,1,iscx_group_000266,development,1.0
ISCX::9994,ISCX-URL2016 Phishing,1,iscx_group_005674,development,4.0
ISCX::9995,ISCX-URL2016 Phishing,1,iscx_group_001243,development,3.0
ISCX::9996,ISCX-URL2016 Phishing,1,iscx_group_005600,development,5.0
ISCX::9997,ISCX-URL2016 Phishing,1,iscx_group_008646,development,4.0
ISCX::9998,ISCX-URL2016 Phishing,1,iscx_group_006255,development,5.0
ISCX::9999,ISCX-URL2016 Phishing,1,iscx_group_006608,calibration,
ISCX::10000,ISCX-URL2016 Phishing,1,iscx_group_005163,development,3.0
ISCX::10001,ISCX-URL2016 Phishing,1,iscx_group_010710,development,4.0
ISCX::10002,ISCX-URL2016 Phishing,1,iscx_group_005022,development,3.0
ISCX::10003,ISCX-URL2016 Phishing,1,iscx_group_006138,calibration,
ISCX::10004,ISCX-URL2016 Phishing,1,iscx_group_004575,development,4.0
ISCX::10005,ISCX-URL2016 Phishing,1,iscx_group_002766,test,
ISCX::10006,ISCX-URL2016 Phishing,1,iscx_group_012054,development,3.0
ISCX::10007,ISCX-URL2016 Phishing,1,iscx_group_012113,test,
ISCX::10008,ISCX-URL2016 Phishing,1,iscx_group_012536,development,2.0
ISCX::10009,ISCX-URL2016 Phishing,1,iscx_group_001098,development,3.0
ISCX::10010,ISCX-URL2016 Phishing,1,iscx_group_004121,development,4.0
ISCX::10011,ISCX-URL2016 Phishing,1,iscx_group_011744,calibration,
ISCX::10012,ISCX-URL2016 Phishing,1,iscx_group_005791,development,4.0
ISCX::10013,ISCX-URL2016 Phishing,1,iscx_group_010435,development,3.0
ISCX::10014,ISCX-URL2016 Phishing,1,iscx_group_006691,development,3.0
ISCX::10015,ISCX-URL2016 Phishing,1,iscx_group_013723,development,1.0
ISCX::10016,ISCX-URL2016 Phishing,1,iscx_group_011912,development,3.0
ISCX::10017,ISCX-URL2016 Phishing,1,iscx_group_011605,development,3.0
ISCX::10018,ISCX-URL2016 Phishing,1,iscx_group_007431,development,5.0
ISCX::10019,ISCX-URL2016 Phishing,1,iscx_group_000491,calibration,
ISCX::10020,ISCX-URL2016 Phishing,1,iscx_group_007371,development,5.0
ISCX::10021,ISCX-URL2016 Phishing,1,iscx_group_005691,development,5.0
ISCX::10022,ISCX-URL2016 Phishing,1,iscx_group_010502,calibration,
ISCX::10023,ISCX-URL2016 Phishing,1,iscx_group_008182,test,
ISCX::10024,ISCX-URL2016 Phishing,1,iscx_group_009554,development,1.0
ISCX::10025,ISCX-URL2016 Phishing,1,iscx_group_005023,test,
ISCX::10026,ISCX-URL2016 Phishing,1,iscx_group_010985,development,1.0
ISCX::10027,ISCX-URL2016 Phishing,1,iscx_group_004557,test,
ISCX::10028,ISCX-URL2016 Phishing,1,iscx_group_010533,development,4.0
ISCX::10029,ISCX-URL2016 Phishing,1,iscx_group_000026,test,
ISCX::10030,ISCX-URL2016 Phishing,1,iscx_group_011218,development,1.0
ISCX::10031,ISCX-URL2016 Phishing,1,iscx_group_005037,development,4.0
ISCX::10032,ISCX-URL2016 Phishing,1,iscx_group_013962,calibration,
ISCX::10033,ISCX-URL2016 Phishing,1,iscx_group_012889,development,2.0
ISCX::10034,ISCX-URL2016 Phishing,1,iscx_group_013743,calibration,
ISCX::10035,ISCX-URL2016 Phishing,1,iscx_group_014332,development,3.0
ISCX::10036,ISCX-URL2016 Phishing,1,iscx_group_013006,development,1.0
ISCX::10037,ISCX-URL2016 Phishing,1,iscx_group_010334,calibration,
ISCX::10038,ISCX-URL2016 Phishing,1,iscx_group_014194,development,3.0
ISCX::10039,ISCX-URL2016 Phishing,1,iscx_group_013011,calibration,
ISCX::10040,ISCX-URL2016 Phishing,1,iscx_group_014307,development,4.0
ISCX::10041,ISCX-URL2016 Phishing,1,iscx_group_010471,development,5.0
ISCX::10042,ISCX-URL2016 Phishing,1,iscx_group_001837,calibration,
ISCX::10043,ISCX-URL2016 Phishing,1,iscx_group_009152,development,4.0
ISCX::10044,ISCX-URL2016 Phishing,1,iscx_group_003402,development,5.0
ISCX::10045,ISCX-URL2016 Phishing,1,iscx_group_012852,development,5.0
ISCX::10046,ISCX-URL2016 Phishing,1,iscx_group_000603,development,5.0
ISCX::10047,ISCX-URL2016 Phishing,1,iscx_group_010169,development,4.0
ISCX::10048,ISCX-URL2016 Phishing,1,iscx_group_002072,development,4.0
ISCX::10049,ISCX-URL2016 Phishing,1,iscx_group_010908,test,
ISCX::10050,ISCX-URL2016 Phishing,1,iscx_group_002013,development,1.0
ISCX::10051,ISCX-URL2016 Phishing,1,iscx_group_009678,development,2.0
ISCX::10052,ISCX-URL2016 Phishing,1,iscx_group_005737,test,
ISCX::10053,ISCX-URL2016 Phishing,1,iscx_group_013227,development,2.0
ISCX::10054,ISCX-URL2016 Phishing,1,iscx_group_006740,test,
ISCX::10055,ISCX-URL2016 Phishing,1,iscx_group_006242,development,1.0
ISCX::10056,ISCX-URL2016 Phishing,1,iscx_group_008219,development,1.0
ISCX::10057,ISCX-URL2016 Phishing,1,iscx_group_002394,calibration,
ISCX::10058,ISCX-URL2016 Phishing,1,iscx_group_000656,development,2.0
ISCX::10059,ISCX-URL2016 Phishing,1,iscx_group_012573,development,4.0
ISCX::10060,ISCX-URL2016 Phishing,1,iscx_group_005562,calibration,
ISCX::10061,ISCX-URL2016 Phishing,1,iscx_group_001760,development,2.0
ISCX::10062,ISCX-URL2016 Phishing,1,iscx_group_011877,test,
ISCX::10063,ISCX-URL2016 Phishing,1,iscx_group_002917,development,2.0
ISCX::10064,ISCX-URL2016 Phishing,1,iscx_group_007260,development,4.0
ISCX::10065,ISCX-URL2016 Phishing,1,iscx_group_007837,development,4.0
ISCX::10066,ISCX-URL2016 Phishing,1,iscx_group_009406,development,4.0
ISCX::10067,ISCX-URL2016 Phishing,1,iscx_group_005934,development,1.0
ISCX::10068,ISCX-URL2016 Phishing,1,iscx_group_002459,development,5.0
ISCX::10069,ISCX-URL2016 Phishing,1,iscx_group_010796,development,1.0
ISCX::10070,ISCX-URL2016 Phishing,1,iscx_group_004944,development,5.0
ISCX::10071,ISCX-URL2016 Phishing,1,iscx_group_010832,development,3.0
ISCX::10072,ISCX-URL2016 Phishing,1,iscx_group_004333,development,5.0
ISCX::10073,ISCX-URL2016 Phishing,1,iscx_group_003886,development,4.0
ISCX::10074,ISCX-URL2016 Phishing,1,iscx_group_005407,development,5.0
ISCX::10075,ISCX-URL2016 Phishing,1,iscx_group_008339,development,4.0
ISCX::10076,ISCX-URL2016 Phishing,1,iscx_group_014177,development,5.0
ISCX::10077,ISCX-URL2016 Phishing,1,iscx_group_013202,test,
ISCX::10078,ISCX-URL2016 Phishing,1,iscx_group_010905,development,3.0
ISCX::10079,ISCX-URL2016 Phishing,1,iscx_group_008656,development,4.0
ISCX::10080,ISCX-URL2016 Phishing,1,iscx_group_006931,development,1.0
ISCX::10081,ISCX-URL2016 Phishing,1,iscx_group_014224,development,5.0
ISCX::10082,ISCX-URL2016 Phishing,1,iscx_group_011758,development,3.0
ISCX::10083,ISCX-URL2016 Phishing,1,iscx_group_011387,development,2.0
ISCX::10084,ISCX-URL2016 Phishing,1,iscx_group_011923,calibration,
ISCX::10085,ISCX-URL2016 Phishing,1,iscx_group_012897,test,
ISCX::10086,ISCX-URL2016 Phishing,1,iscx_group_005445,development,4.0
ISCX::10087,ISCX-URL2016 Phishing,1,iscx_group_014473,development,3.0
ISCX::10088,ISCX-URL2016 Phishing,1,iscx_group_006181,development,4.0
ISCX::10089,ISCX-URL2016 Phishing,1,iscx_group_014632,development,1.0
ISCX::10090,ISCX-URL2016 Phishing,1,iscx_group_008060,test,
ISCX::10091,ISCX-URL2016 Phishing,1,iscx_group_000804,development,2.0
ISCX::10092,ISCX-URL2016 Phishing,1,iscx_group_008312,development,4.0
ISCX::10093,ISCX-URL2016 Phishing,1,iscx_group_005972,development,3.0
ISCX::10094,ISCX-URL2016 Phishing,1,iscx_group_010640,development,5.0
ISCX::10095,ISCX-URL2016 Phishing,1,iscx_group_013770,test,
ISCX::10096,ISCX-URL2016 Phishing,1,iscx_group_004826,development,4.0
ISCX::10097,ISCX-URL2016 Phishing,1,iscx_group_006120,development,5.0
ISCX::10098,ISCX-URL2016 Phishing,1,iscx_group_009210,development,2.0
ISCX::10099,ISCX-URL2016 Phishing,1,iscx_group_004580,development,1.0
ISCX::10100,ISCX-URL2016 Phishing,1,iscx_group_002139,development,3.0
ISCX::10101,ISCX-URL2016 Phishing,1,iscx_group_013980,test,
ISCX::10102,ISCX-URL2016 Phishing,1,iscx_group_003268,development,2.0
ISCX::10103,ISCX-URL2016 Phishing,1,iscx_group_009864,development,3.0
ISCX::10104,ISCX-URL2016 Phishing,1,iscx_group_006170,development,1.0
ISCX::10105,ISCX-URL2016 Phishing,1,iscx_group_000596,development,3.0
ISCX::10106,ISCX-URL2016 Phishing,1,iscx_group_001319,calibration,
ISCX::10107,ISCX-URL2016 Phishing,1,iscx_group_002771,development,1.0
ISCX::10108,ISCX-URL2016 Phishing,1,iscx_group_007199,development,3.0
ISCX::10109,ISCX-URL2016 Phishing,1,iscx_group_011005,development,5.0
ISCX::10110,ISCX-URL2016 Phishing,1,iscx_group_004021,development,2.0
ISCX::10111,ISCX-URL2016 Phishing,1,iscx_group_007477,development,1.0
ISCX::10112,ISCX-URL2016 Phishing,1,iscx_group_007433,development,5.0
ISCX::10113,ISCX-URL2016 Phishing,1,iscx_group_004881,development,2.0
ISCX::10114,ISCX-URL2016 Phishing,1,iscx_group_011908,development,4.0
ISCX::10115,ISCX-URL2016 Phishing,1,iscx_group_010352,development,5.0
ISCX::10116,ISCX-URL2016 Phishing,1,iscx_group_012838,calibration,
ISCX::10117,ISCX-URL2016 Phishing,1,iscx_group_004146,development,1.0
ISCX::10118,ISCX-URL2016 Phishing,1,iscx_group_013128,development,5.0
ISCX::10119,ISCX-URL2016 Phishing,1,iscx_group_002707,development,1.0
ISCX::10120,ISCX-URL2016 Phishing,1,iscx_group_005563,development,3.0
ISCX::10121,ISCX-URL2016 Phishing,1,iscx_group_001612,test,
ISCX::10122,ISCX-URL2016 Phishing,1,iscx_group_012966,test,
ISCX::10123,ISCX-URL2016 Phishing,1,iscx_group_014322,test,
ISCX::10124,ISCX-URL2016 Phishing,1,iscx_group_000912,development,5.0
ISCX::10125,ISCX-URL2016 Phishing,1,iscx_group_006316,test,
ISCX::10126,ISCX-URL2016 Phishing,1,iscx_group_012473,development,1.0
ISCX::10127,ISCX-URL2016 Phishing,1,iscx_group_006783,development,1.0
ISCX::10128,ISCX-URL2016 Phishing,1,iscx_group_011729,development,3.0
ISCX::10129,ISCX-URL2016 Phishing,1,iscx_group_004545,test,
ISCX::10130,ISCX-URL2016 Phishing,1,iscx_group_012735,development,5.0
ISCX::10131,ISCX-URL2016 Phishing,1,iscx_group_009874,calibration,
ISCX::10132,ISCX-URL2016 Phishing,1,iscx_group_007854,development,1.0
ISCX::10133,ISCX-URL2016 Phishing,1,iscx_group_009625,test,
ISCX::10134,ISCX-URL2016 Phishing,1,iscx_group_002505,development,3.0
ISCX::10135,ISCX-URL2016 Phishing,1,iscx_group_006512,development,5.0
ISCX::10136,ISCX-URL2016 Phishing,1,iscx_group_008992,calibration,
ISCX::10137,ISCX-URL2016 Phishing,1,iscx_group_001393,development,3.0
ISCX::10138,ISCX-URL2016 Phishing,1,iscx_group_004254,development,3.0
ISCX::10139,ISCX-URL2016 Phishing,1,iscx_group_014445,calibration,
ISCX::10140,ISCX-URL2016 Phishing,1,iscx_group_001846,development,1.0
ISCX::10141,ISCX-URL2016 Phishing,1,iscx_group_007138,development,5.0
ISCX::10142,ISCX-URL2016 Phishing,1,iscx_group_000155,calibration,
ISCX::10143,ISCX-URL2016 Phishing,1,iscx_group_004165,development,2.0
ISCX::10144,ISCX-URL2016 Phishing,1,iscx_group_008538,test,
ISCX::10145,ISCX-URL2016 Phishing,1,iscx_group_012013,development,2.0
ISCX::10146,ISCX-URL2016 Phishing,1,iscx_group_004356,development,5.0
ISCX::10147,ISCX-URL2016 Phishing,1,iscx_group_009396,development,1.0
ISCX::10148,ISCX-URL2016 Phishing,1,iscx_group_007496,development,3.0
ISCX::10149,ISCX-URL2016 Phishing,1,iscx_group_001458,development,2.0
ISCX::10150,ISCX-URL2016 Phishing,1,iscx_group_006649,development,5.0
ISCX::10151,ISCX-URL2016 Phishing,1,iscx_group_010556,development,5.0
ISCX::10152,ISCX-URL2016 Phishing,1,iscx_group_014661,test,
ISCX::10153,ISCX-URL2016 Phishing,1,iscx_group_005694,calibration,
ISCX::10154,ISCX-URL2016 Phishing,1,iscx_group_009631,development,3.0
ISCX::10155,ISCX-URL2016 Phishing,1,iscx_group_012586,calibration,
ISCX::10156,ISCX-URL2016 Phishing,1,iscx_group_002781,development,5.0
ISCX::10157,ISCX-URL2016 Phishing,1,iscx_group_014468,development,5.0
ISCX::10158,ISCX-URL2016 Phishing,1,iscx_group_006105,development,4.0
ISCX::10159,ISCX-URL2016 Phishing,1,iscx_group_008232,test,
ISCX::10160,ISCX-URL2016 Phishing,1,iscx_group_013351,development,3.0
ISCX::10161,ISCX-URL2016 Phishing,1,iscx_group_011496,calibration,
ISCX::10162,ISCX-URL2016 Phishing,1,iscx_group_001801,development,2.0
ISCX::10163,ISCX-URL2016 Phishing,1,iscx_group_013931,test,
ISCX::10164,ISCX-URL2016 Phishing,1,iscx_group_010976,calibration,
ISCX::10165,ISCX-URL2016 Phishing,1,iscx_group_010544,development,3.0
ISCX::10166,ISCX-URL2016 Phishing,1,iscx_group_011047,development,5.0
ISCX::10167,ISCX-URL2016 Phishing,1,iscx_group_003207,development,1.0
ISCX::10168,ISCX-URL2016 Phishing,1,iscx_group_009706,calibration,
ISCX::10169,ISCX-URL2016 Phishing,1,iscx_group_007442,test,
ISCX::10170,ISCX-URL2016 Phishing,1,iscx_group_001701,development,2.0
ISCX::10171,ISCX-URL2016 Phishing,1,iscx_group_007514,development,2.0
ISCX::10172,ISCX-URL2016 Phishing,1,iscx_group_009370,calibration,
ISCX::10173,ISCX-URL2016 Phishing,1,iscx_group_012485,test,
ISCX::10174,ISCX-URL2016 Phishing,1,iscx_group_011385,development,1.0
ISCX::10175,ISCX-URL2016 Phishing,1,iscx_group_009532,development,3.0
ISCX::10176,ISCX-URL2016 Phishing,1,iscx_group_006570,calibration,
ISCX::10177,ISCX-URL2016 Phishing,1,iscx_group_007124,calibration,
ISCX::10178,ISCX-URL2016 Phishing,1,iscx_group_013678,development,5.0
ISCX::10179,ISCX-URL2016 Phishing,1,iscx_group_007617,test,
ISCX::10180,ISCX-URL2016 Phishing,1,iscx_group_013533,development,1.0
ISCX::10181,ISCX-URL2016 Phishing,1,iscx_group_004018,development,4.0
ISCX::10182,ISCX-URL2016 Phishing,1,iscx_group_012052,development,5.0
ISCX::10183,ISCX-URL2016 Phishing,1,iscx_group_014749,calibration,
ISCX::10184,ISCX-URL2016 Phishing,1,iscx_group_005030,calibration,
ISCX::10185,ISCX-URL2016 Phishing,1,iscx_group_000916,development,4.0
ISCX::10186,ISCX-URL2016 Phishing,1,iscx_group_013100,development,2.0
ISCX::10187,ISCX-URL2016 Phishing,1,iscx_group_005615,development,2.0
ISCX::10188,ISCX-URL2016 Phishing,1,iscx_group_004687,development,4.0
ISCX::10189,ISCX-URL2016 Phishing,1,iscx_group_002415,development,4.0
ISCX::10190,ISCX-URL2016 Phishing,1,iscx_group_006889,development,2.0
ISCX::10191,ISCX-URL2016 Phishing,1,iscx_group_009167,development,5.0
ISCX::10192,ISCX-URL2016 Phishing,1,iscx_group_006064,development,2.0
ISCX::10193,ISCX-URL2016 Phishing,1,iscx_group_004469,development,4.0
ISCX::10194,ISCX-URL2016 Phishing,1,iscx_group_009296,calibration,
ISCX::10195,ISCX-URL2016 Phishing,1,iscx_group_000168,development,5.0
ISCX::10196,ISCX-URL2016 Phishing,1,iscx_group_008934,calibration,
ISCX::10197,ISCX-URL2016 Phishing,1,iscx_group_000362,calibration,
ISCX::10198,ISCX-URL2016 Phishing,1,iscx_group_003353,development,2.0
ISCX::10199,ISCX-URL2016 Phishing,1,iscx_group_001223,development,2.0
ISCX::10200,ISCX-URL2016 Phishing,1,iscx_group_006299,development,2.0
ISCX::10201,ISCX-URL2016 Phishing,1,iscx_group_004627,development,5.0
ISCX::10202,ISCX-URL2016 Phishing,1,iscx_group_007082,development,2.0
ISCX::10203,ISCX-URL2016 Phishing,1,iscx_group_007795,test,
ISCX::10204,ISCX-URL2016 Phishing,1,iscx_group_005076,development,4.0
ISCX::10205,ISCX-URL2016 Phishing,1,iscx_group_009246,development,5.0
ISCX::10206,ISCX-URL2016 Phishing,1,iscx_group_011393,development,2.0
ISCX::10207,ISCX-URL2016 Phishing,1,iscx_group_006347,development,5.0
ISCX::10208,ISCX-URL2016 Phishing,1,iscx_group_013737,development,4.0
ISCX::10209,ISCX-URL2016 Phishing,1,iscx_group_008534,test,
ISCX::10210,ISCX-URL2016 Phishing,1,iscx_group_007840,development,3.0
ISCX::10211,ISCX-URL2016 Phishing,1,iscx_group_012202,development,2.0
ISCX::10212,ISCX-URL2016 Phishing,1,iscx_group_011830,calibration,
ISCX::10213,ISCX-URL2016 Phishing,1,iscx_group_007531,development,5.0
ISCX::10214,ISCX-URL2016 Phishing,1,iscx_group_000740,development,5.0
ISCX::10215,ISCX-URL2016 Phishing,1,iscx_group_009346,development,5.0
ISCX::10216,ISCX-URL2016 Phishing,1,iscx_group_010592,development,4.0
ISCX::10217,ISCX-URL2016 Phishing,1,iscx_group_013752,development,3.0
ISCX::10218,ISCX-URL2016 Phishing,1,iscx_group_008555,test,
ISCX::10219,ISCX-URL2016 Phishing,1,iscx_group_003624,development,2.0
ISCX::10220,ISCX-URL2016 Phishing,1,iscx_group_007058,calibration,
ISCX::10221,ISCX-URL2016 Phishing,1,iscx_group_013960,calibration,
ISCX::10222,ISCX-URL2016 Phishing,1,iscx_group_014008,test,
ISCX::10223,ISCX-URL2016 Phishing,1,iscx_group_012960,development,2.0
ISCX::10224,ISCX-URL2016 Phishing,1,iscx_group_008377,development,4.0
ISCX::10225,ISCX-URL2016 Phishing,1,iscx_group_005789,development,2.0
ISCX::10226,ISCX-URL2016 Phishing,1,iscx_group_001566,development,5.0
ISCX::10227,ISCX-URL2016 Phishing,1,iscx_group_003987,development,3.0
ISCX::10228,ISCX-URL2016 Phishing,1,iscx_group_009858,development,4.0
ISCX::10229,ISCX-URL2016 Phishing,1,iscx_group_011673,development,2.0
ISCX::10230,ISCX-URL2016 Phishing,1,iscx_group_005138,calibration,
ISCX::10231,ISCX-URL2016 Phishing,1,iscx_group_012628,development,5.0
ISCX::10232,ISCX-URL2016 Phishing,1,iscx_group_002912,development,5.0
ISCX::10233,ISCX-URL2016 Phishing,1,iscx_group_004091,development,2.0
ISCX::10234,ISCX-URL2016 Phishing,1,iscx_group_004141,development,5.0
ISCX::10235,ISCX-URL2016 Phishing,1,iscx_group_001185,development,1.0
ISCX::10236,ISCX-URL2016 Phishing,1,iscx_group_001100,development,2.0
ISCX::10237,ISCX-URL2016 Phishing,1,iscx_group_004417,development,3.0
ISCX::10238,ISCX-URL2016 Phishing,1,iscx_group_013349,calibration,
ISCX::10239,ISCX-URL2016 Phishing,1,iscx_group_004092,test,
ISCX::10240,ISCX-URL2016 Phishing,1,iscx_group_012274,calibration,
ISCX::10241,ISCX-URL2016 Phishing,1,iscx_group_013593,development,3.0
ISCX::10242,ISCX-URL2016 Phishing,1,iscx_group_005063,development,3.0
ISCX::10243,ISCX-URL2016 Phishing,1,iscx_group_008579,calibration,
ISCX::10244,ISCX-URL2016 Phishing,1,iscx_group_006318,development,3.0
ISCX::10245,ISCX-URL2016 Phishing,1,iscx_group_003235,development,1.0
ISCX::10246,ISCX-URL2016 Phishing,1,iscx_group_005670,development,3.0
ISCX::10247,ISCX-URL2016 Phishing,1,iscx_group_000842,development,5.0
ISCX::10248,ISCX-URL2016 Phishing,1,iscx_group_006040,development,1.0
ISCX::10249,ISCX-URL2016 Phishing,1,iscx_group_012689,development,5.0
ISCX::10250,ISCX-URL2016 Phishing,1,iscx_group_001296,calibration,
ISCX::10251,ISCX-URL2016 Phishing,1,iscx_group_002412,test,
ISCX::10252,ISCX-URL2016 Phishing,1,iscx_group_013040,development,4.0
ISCX::10253,ISCX-URL2016 Phishing,1,iscx_group_000434,development,5.0
ISCX::10254,ISCX-URL2016 Phishing,1,iscx_group_012799,development,3.0
ISCX::10255,ISCX-URL2016 Phishing,1,iscx_group_014785,calibration,
ISCX::10256,ISCX-URL2016 Phishing,1,iscx_group_003963,test,
ISCX::10257,ISCX-URL2016 Phishing,1,iscx_group_004424,development,5.0
ISCX::10258,ISCX-URL2016 Phishing,1,iscx_group_003762,development,2.0
ISCX::10259,ISCX-URL2016 Phishing,1,iscx_group_006156,development,4.0
ISCX::10260,ISCX-URL2016 Phishing,1,iscx_group_005478,development,3.0
ISCX::10261,ISCX-URL2016 Phishing,1,iscx_group_007880,test,
ISCX::10262,ISCX-URL2016 Phishing,1,iscx_group_002633,calibration,
ISCX::10263,ISCX-URL2016 Phishing,1,iscx_group_011208,development,2.0
ISCX::10264,ISCX-URL2016 Phishing,1,iscx_group_006872,development,5.0
ISCX::10265,ISCX-URL2016 Phishing,1,iscx_group_014592,development,3.0
ISCX::10266,ISCX-URL2016 Phishing,1,iscx_group_008986,development,5.0
ISCX::10267,ISCX-URL2016 Phishing,1,iscx_group_000232,development,5.0
ISCX::10268,ISCX-URL2016 Phishing,1,iscx_group_005127,development,3.0
ISCX::10269,ISCX-URL2016 Phishing,1,iscx_group_005597,calibration,
ISCX::10270,ISCX-URL2016 Phishing,1,iscx_group_008544,development,4.0
ISCX::10271,ISCX-URL2016 Phishing,1,iscx_group_005687,development,2.0
ISCX::10272,ISCX-URL2016 Phishing,1,iscx_group_000291,calibration,
ISCX::10273,ISCX-URL2016 Phishing,1,iscx_group_011340,test,
ISCX::10274,ISCX-URL2016 Phishing,1,iscx_group_004486,test,
ISCX::10275,ISCX-URL2016 Phishing,1,iscx_group_002311,calibration,
ISCX::10276,ISCX-URL2016 Phishing,1,iscx_group_001143,development,5.0
ISCX::10277,ISCX-URL2016 Phishing,1,iscx_group_011793,development,1.0
ISCX::10278,ISCX-URL2016 Phishing,1,iscx_group_007296,development,3.0
ISCX::10279,ISCX-URL2016 Phishing,1,iscx_group_013952,test,
ISCX::10280,ISCX-URL2016 Phishing,1,iscx_group_003598,development,1.0
ISCX::10281,ISCX-URL2016 Phishing,1,iscx_group_007475,development,2.0
ISCX::10282,ISCX-URL2016 Phishing,1,iscx_group_012000,calibration,
ISCX::10283,ISCX-URL2016 Phishing,1,iscx_group_009817,development,1.0
ISCX::10284,ISCX-URL2016 Phishing,1,iscx_group_014344,calibration,
ISCX::10285,ISCX-URL2016 Phishing,1,iscx_group_000192,test,
ISCX::10286,ISCX-URL2016 Phishing,1,iscx_group_000287,test,
ISCX::10287,ISCX-URL2016 Phishing,1,iscx_group_003629,calibration,
ISCX::10288,ISCX-URL2016 Phishing,1,iscx_group_001489,test,
ISCX::10289,ISCX-URL2016 Phishing,1,iscx_group_011872,development,5.0
ISCX::10290,ISCX-URL2016 Phishing,1,iscx_group_007178,development,3.0
ISCX::10291,ISCX-URL2016 Phishing,1,iscx_group_006450,development,3.0
ISCX::10292,ISCX-URL2016 Phishing,1,iscx_group_009072,test,
ISCX::10293,ISCX-URL2016 Phishing,1,iscx_group_012951,test,
ISCX::10294,ISCX-URL2016 Phishing,1,iscx_group_014603,development,5.0
ISCX::10295,ISCX-URL2016 Phishing,1,iscx_group_002464,development,5.0
ISCX::10296,ISCX-URL2016 Phishing,1,iscx_group_002338,calibration,
ISCX::10297,ISCX-URL2016 Phishing,1,iscx_group_011797,test,
ISCX::10298,ISCX-URL2016 Phishing,1,iscx_group_006587,development,3.0
ISCX::10299,ISCX-URL2016 Phishing,1,iscx_group_013963,development,3.0
ISCX::10300,ISCX-URL2016 Phishing,1,iscx_group_013129,development,2.0
ISCX::10301,ISCX-URL2016 Phishing,1,iscx_group_014157,development,4.0
ISCX::10302,ISCX-URL2016 Phishing,1,iscx_group_012386,calibration,
ISCX::10303,ISCX-URL2016 Phishing,1,iscx_group_012353,development,2.0
ISCX::10304,ISCX-URL2016 Phishing,1,iscx_group_001947,development,3.0
ISCX::10305,ISCX-URL2016 Phishing,1,iscx_group_011215,development,1.0
ISCX::10306,ISCX-URL2016 Phishing,1,iscx_group_006178,development,5.0
ISCX::10307,ISCX-URL2016 Phishing,1,iscx_group_003520,development,3.0
ISCX::10308,ISCX-URL2016 Phishing,1,iscx_group_000762,calibration,
ISCX::10309,ISCX-URL2016 Phishing,1,iscx_group_007799,development,4.0
ISCX::10310,ISCX-URL2016 Phishing,1,iscx_group_009101,development,4.0
ISCX::10311,ISCX-URL2016 Phishing,1,iscx_group_013391,development,2.0
ISCX::10312,ISCX-URL2016 Phishing,1,iscx_group_003537,development,3.0
ISCX::10313,ISCX-URL2016 Phishing,1,iscx_group_007423,development,4.0
ISCX::10314,ISCX-URL2016 Phishing,1,iscx_group_011811,development,2.0
ISCX::10315,ISCX-URL2016 Phishing,1,iscx_group_011723,development,3.0
ISCX::10316,ISCX-URL2016 Phishing,1,iscx_group_008558,development,2.0
ISCX::10317,ISCX-URL2016 Phishing,1,iscx_group_000193,test,
ISCX::10318,ISCX-URL2016 Phishing,1,iscx_group_008337,development,5.0
ISCX::10319,ISCX-URL2016 Phishing,1,iscx_group_009529,calibration,
ISCX::10320,ISCX-URL2016 Phishing,1,iscx_group_006858,development,5.0
ISCX::10321,ISCX-URL2016 Phishing,1,iscx_group_008987,development,1.0
ISCX::10322,ISCX-URL2016 Phishing,1,iscx_group_013203,calibration,
ISCX::10323,ISCX-URL2016 Phishing,1,iscx_group_007532,development,3.0
ISCX::10324,ISCX-URL2016 Phishing,1,iscx_group_001117,development,3.0
ISCX::10325,ISCX-URL2016 Phishing,1,iscx_group_008447,development,1.0
ISCX::10326,ISCX-URL2016 Phishing,1,iscx_group_014386,development,5.0
ISCX::10327,ISCX-URL2016 Phishing,1,iscx_group_011459,development,3.0
ISCX::10328,ISCX-URL2016 Phishing,1,iscx_group_000460,development,4.0
ISCX::10329,ISCX-URL2016 Phishing,1,iscx_group_005068,development,4.0
ISCX::10330,ISCX-URL2016 Phishing,1,iscx_group_004258,calibration,
ISCX::10331,ISCX-URL2016 Phishing,1,iscx_group_014457,test,
ISCX::10332,ISCX-URL2016 Phishing,1,iscx_group_003381,development,4.0
ISCX::10333,ISCX-URL2016 Phishing,1,iscx_group_005681,development,1.0
ISCX::10334,ISCX-URL2016 Phishing,1,iscx_group_011083,development,5.0
ISCX::10335,ISCX-URL2016 Phishing,1,iscx_group_013565,development,3.0
ISCX::10336,ISCX-URL2016 Phishing,1,iscx_group_009681,development,4.0
ISCX::10337,ISCX-URL2016 Phishing,1,iscx_group_008251,development,3.0
ISCX::10338,ISCX-URL2016 Phishing,1,iscx_group_011640,calibration,
ISCX::10339,ISCX-URL2016 Phishing,1,iscx_group_009353,development,4.0
ISCX::10340,ISCX-URL2016 Phishing,1,iscx_group_014762,development,5.0
ISCX::10341,ISCX-URL2016 Phishing,1,iscx_group_012599,development,5.0
ISCX::10342,ISCX-URL2016 Phishing,1,iscx_group_001700,calibration,
ISCX::10343,ISCX-URL2016 Phishing,1,iscx_group_000992,calibration,
ISCX::10344,ISCX-URL2016 Phishing,1,iscx_group_001487,development,1.0
ISCX::10345,ISCX-URL2016 Phishing,1,iscx_group_005309,calibration,
ISCX::10346,ISCX-URL2016 Phishing,1,iscx_group_013499,development,3.0
ISCX::10347,ISCX-URL2016 Phishing,1,iscx_group_009967,development,1.0
ISCX::10348,ISCX-URL2016 Phishing,1,iscx_group_005494,calibration,
ISCX::10349,ISCX-URL2016 Phishing,1,iscx_group_001184,development,3.0
ISCX::10350,ISCX-URL2016 Phishing,1,iscx_group_006261,development,5.0
ISCX::10351,ISCX-URL2016 Phishing,1,iscx_group_006894,calibration,
ISCX::10352,ISCX-URL2016 Phishing,1,iscx_group_006624,development,1.0
ISCX::10353,ISCX-URL2016 Phishing,1,iscx_group_000447,calibration,
ISCX::10354,ISCX-URL2016 Phishing,1,iscx_group_007612,test,
ISCX::10355,ISCX-URL2016 Phishing,1,iscx_group_008916,development,1.0
ISCX::10356,ISCX-URL2016 Phishing,1,iscx_group_005019,development,3.0
ISCX::10357,ISCX-URL2016 Phishing,1,iscx_group_006206,development,3.0
ISCX::10358,ISCX-URL2016 Phishing,1,iscx_group_004074,test,
ISCX::10359,ISCX-URL2016 Phishing,1,iscx_group_003894,calibration,
ISCX::10360,ISCX-URL2016 Phishing,1,iscx_group_006256,test,
ISCX::10361,ISCX-URL2016 Phishing,1,iscx_group_011538,development,3.0
ISCX::10362,ISCX-URL2016 Phishing,1,iscx_group_011628,development,3.0
ISCX::10363,ISCX-URL2016 Phishing,1,iscx_group_003757,development,3.0
ISCX::10364,ISCX-URL2016 Phishing,1,iscx_group_005740,development,5.0
ISCX::10365,ISCX-URL2016 Phishing,1,iscx_group_010448,development,2.0
ISCX::10366,ISCX-URL2016 Phishing,1,iscx_group_007791,calibration,
ISCX::10367,ISCX-URL2016 Phishing,1,iscx_group_002679,development,5.0
ISCX::10368,ISCX-URL2016 Phishing,1,iscx_group_012218,development,4.0
ISCX::10369,ISCX-URL2016 Phishing,1,iscx_group_009290,test,
ISCX::10370,ISCX-URL2016 Phishing,1,iscx_group_000410,calibration,
ISCX::10371,ISCX-URL2016 Phishing,1,iscx_group_006536,calibration,
ISCX::10372,ISCX-URL2016 Phishing,1,iscx_group_012012,development,5.0
ISCX::10373,ISCX-URL2016 Phishing,1,iscx_group_004743,development,5.0
ISCX::10374,ISCX-URL2016 Phishing,1,iscx_group_010715,development,3.0
ISCX::10375,ISCX-URL2016 Phishing,1,iscx_group_000244,test,
ISCX::10376,ISCX-URL2016 Phishing,1,iscx_group_001102,development,1.0
ISCX::10377,ISCX-URL2016 Phishing,1,iscx_group_008262,development,2.0
ISCX::10378,ISCX-URL2016 Phishing,1,iscx_group_012192,development,1.0
ISCX::10379,ISCX-URL2016 Phishing,1,iscx_group_010585,development,1.0
ISCX::10380,ISCX-URL2016 Phishing,1,iscx_group_010608,development,4.0
ISCX::10381,ISCX-URL2016 Phishing,1,iscx_group_006967,calibration,
ISCX::10382,ISCX-URL2016 Phishing,1,iscx_group_000246,development,3.0
ISCX::10383,ISCX-URL2016 Phishing,1,iscx_group_004777,development,3.0
ISCX::10384,ISCX-URL2016 Phishing,1,iscx_group_008652,development,2.0
ISCX::10385,ISCX-URL2016 Phishing,1,iscx_group_004849,development,1.0
ISCX::10386,ISCX-URL2016 Phishing,1,iscx_group_011055,development,3.0
ISCX::10387,ISCX-URL2016 Phishing,1,iscx_group_013988,development,2.0
ISCX::10388,ISCX-URL2016 Phishing,1,iscx_group_005385,development,2.0
ISCX::10389,ISCX-URL2016 Phishing,1,iscx_group_001492,development,2.0
ISCX::10390,ISCX-URL2016 Phishing,1,iscx_group_004522,development,3.0
ISCX::10391,ISCX-URL2016 Phishing,1,iscx_group_009003,development,5.0
ISCX::10392,ISCX-URL2016 Phishing,1,iscx_group_009150,development,5.0
ISCX::10393,ISCX-URL2016 Phishing,1,iscx_group_013021,calibration,
ISCX::10394,ISCX-URL2016 Phishing,1,iscx_group_009993,test,
ISCX::10395,ISCX-URL2016 Phishing,1,iscx_group_005514,calibration,
ISCX::10396,ISCX-URL2016 Phishing,1,iscx_group_001597,development,3.0
ISCX::10397,ISCX-URL2016 Phishing,1,iscx_group_003471,development,4.0
ISCX::10398,ISCX-URL2016 Phishing,1,iscx_group_012574,test,
ISCX::10399,ISCX-URL2016 Phishing,1,iscx_group_013794,development,2.0
ISCX::10400,ISCX-URL2016 Phishing,1,iscx_group_000641,development,3.0
ISCX::10401,ISCX-URL2016 Phishing,1,iscx_group_004439,development,2.0
ISCX::10402,ISCX-URL2016 Phishing,1,iscx_group_013408,test,
ISCX::10403,ISCX-URL2016 Phishing,1,iscx_group_012757,calibration,
ISCX::10404,ISCX-URL2016 Phishing,1,iscx_group_006072,development,2.0
ISCX::10405,ISCX-URL2016 Phishing,1,iscx_group_012596,development,1.0
ISCX::10406,ISCX-URL2016 Phishing,1,iscx_group_005344,development,1.0
ISCX::10407,ISCX-URL2016 Phishing,1,iscx_group_003159,development,3.0
ISCX::10408,ISCX-URL2016 Phishing,1,iscx_group_011379,test,
ISCX::10409,ISCX-URL2016 Phishing,1,iscx_group_001655,development,5.0
ISCX::10410,ISCX-URL2016 Phishing,1,iscx_group_005903,calibration,
ISCX::10411,ISCX-URL2016 Phishing,1,iscx_group_012243,development,3.0
ISCX::10412,ISCX-URL2016 Phishing,1,iscx_group_014643,development,1.0
ISCX::10413,ISCX-URL2016 Phishing,1,iscx_group_002653,development,1.0
ISCX::10414,ISCX-URL2016 Phishing,1,iscx_group_001999,development,4.0
ISCX::10415,ISCX-URL2016 Phishing,1,iscx_group_010047,development,2.0
ISCX::10416,ISCX-URL2016 Phishing,1,iscx_group_011712,test,
ISCX::10417,ISCX-URL2016 Phishing,1,iscx_group_004498,development,3.0
ISCX::10418,ISCX-URL2016 Phishing,1,iscx_group_012589,calibration,
ISCX::10419,ISCX-URL2016 Phishing,1,iscx_group_006523,calibration,
ISCX::10420,ISCX-URL2016 Phishing,1,iscx_group_009124,development,1.0
ISCX::10421,ISCX-URL2016 Phishing,1,iscx_group_007915,development,5.0
ISCX::10422,ISCX-URL2016 Phishing,1,iscx_group_007092,development,1.0
ISCX::10423,ISCX-URL2016 Phishing,1,iscx_group_007633,development,1.0
ISCX::10424,ISCX-URL2016 Phishing,1,iscx_group_009915,development,1.0
ISCX::10425,ISCX-URL2016 Phishing,1,iscx_group_008198,development,3.0
ISCX::10426,ISCX-URL2016 Phishing,1,iscx_group_000303,development,5.0
ISCX::10427,ISCX-URL2016 Phishing,1,iscx_group_011101,development,5.0
ISCX::10428,ISCX-URL2016 Phishing,1,iscx_group_011449,development,1.0
ISCX::10429,ISCX-URL2016 Phishing,1,iscx_group_012189,development,3.0
ISCX::10430,ISCX-URL2016 Phishing,1,iscx_group_011226,development,4.0
ISCX::10431,ISCX-URL2016 Phishing,1,iscx_group_007556,development,3.0
ISCX::10432,ISCX-URL2016 Phishing,1,iscx_group_013835,development,2.0
ISCX::10433,ISCX-URL2016 Phishing,1,iscx_group_004930,calibration,
ISCX::10434,ISCX-URL2016 Phishing,1,iscx_group_010191,development,5.0
ISCX::10435,ISCX-URL2016 Phishing,1,iscx_group_006836,development,5.0
ISCX::10436,ISCX-URL2016 Phishing,1,iscx_group_002861,development,4.0
ISCX::10437,ISCX-URL2016 Phishing,1,iscx_group_004108,calibration,
ISCX::10438,ISCX-URL2016 Phishing,1,iscx_group_009665,development,1.0
ISCX::10439,ISCX-URL2016 Phishing,1,iscx_group_001080,development,5.0
ISCX::10440,ISCX-URL2016 Phishing,1,iscx_group_004217,development,4.0
ISCX::10441,ISCX-URL2016 Phishing,1,iscx_group_013572,calibration,
ISCX::10442,ISCX-URL2016 Phishing,1,iscx_group_006706,calibration,
ISCX::10443,ISCX-URL2016 Phishing,1,iscx_group_007469,development,1.0
ISCX::10444,ISCX-URL2016 Phishing,1,iscx_group_011233,development,5.0
ISCX::10445,ISCX-URL2016 Phishing,1,iscx_group_007011,development,5.0
ISCX::10446,ISCX-URL2016 Phishing,1,iscx_group_013050,calibration,
ISCX::10447,ISCX-URL2016 Phishing,1,iscx_group_003914,development,5.0
ISCX::10448,ISCX-URL2016 Phishing,1,iscx_group_008092,development,2.0
ISCX::10449,ISCX-URL2016 Phishing,1,iscx_group_011763,calibration,
ISCX::10450,ISCX-URL2016 Phishing,1,iscx_group_004497,calibration,
ISCX::10451,ISCX-URL2016 Phishing,1,iscx_group_006509,development,2.0
ISCX::10452,ISCX-URL2016 Phishing,1,iscx_group_013832,development,3.0
ISCX::10453,ISCX-URL2016 Phishing,1,iscx_group_006964,calibration,
ISCX::10454,ISCX-URL2016 Phishing,1,iscx_group_010497,development,2.0
ISCX::10455,ISCX-URL2016 Phishing,1,iscx_group_004201,development,2.0
ISCX::10456,ISCX-URL2016 Phishing,1,iscx_group_002798,test,
ISCX::10457,ISCX-URL2016 Phishing,1,iscx_group_013047,calibration,
ISCX::10458,ISCX-URL2016 Phishing,1,iscx_group_012618,development,5.0
ISCX::10459,ISCX-URL2016 Phishing,1,iscx_group_004841,test,
ISCX::10460,ISCX-URL2016 Phishing,1,iscx_group_001709,development,2.0
ISCX::10461,ISCX-URL2016 Phishing,1,iscx_group_013540,development,5.0
ISCX::10462,ISCX-URL2016 Phishing,1,iscx_group_009969,development,3.0
ISCX::10463,ISCX-URL2016 Phishing,1,iscx_group_014775,development,4.0
ISCX::10464,ISCX-URL2016 Phishing,1,iscx_group_004248,development,1.0
ISCX::10465,ISCX-URL2016 Phishing,1,iscx_group_000494,development,2.0
ISCX::10466,ISCX-URL2016 Phishing,1,iscx_group_008811,development,3.0
ISCX::10467,ISCX-URL2016 Phishing,1,iscx_group_012804,test,
ISCX::10468,ISCX-URL2016 Phishing,1,iscx_group_009229,test,
ISCX::10469,ISCX-URL2016 Phishing,1,iscx_group_005882,development,5.0
ISCX::10470,ISCX-URL2016 Phishing,1,iscx_group_010440,development,5.0
ISCX::10471,ISCX-URL2016 Phishing,1,iscx_group_004125,test,
ISCX::10472,ISCX-URL2016 Phishing,1,iscx_group_011820,calibration,
ISCX::10473,ISCX-URL2016 Phishing,1,iscx_group_011460,development,5.0
ISCX::10474,ISCX-URL2016 Phishing,1,iscx_group_012906,calibration,
ISCX::10475,ISCX-URL2016 Phishing,1,iscx_group_012426,development,5.0
ISCX::10476,ISCX-URL2016 Phishing,1,iscx_group_011299,development,2.0
ISCX::10477,ISCX-URL2016 Phishing,1,iscx_group_012278,development,1.0
ISCX::10478,ISCX-URL2016 Phishing,1,iscx_group_005056,development,5.0
ISCX::10479,ISCX-URL2016 Phishing,1,iscx_group_010698,development,4.0
ISCX::10480,ISCX-URL2016 Phishing,1,iscx_group_002837,development,4.0
ISCX::10481,ISCX-URL2016 Phishing,1,iscx_group_009349,development,4.0
ISCX::10482,ISCX-URL2016 Phishing,1,iscx_group_001000,development,2.0
ISCX::10483,ISCX-URL2016 Phishing,1,iscx_group_013345,test,
ISCX::10484,ISCX-URL2016 Phishing,1,iscx_group_006919,calibration,
ISCX::10485,ISCX-URL2016 Phishing,1,iscx_group_001012,development,4.0
ISCX::10486,ISCX-URL2016 Phishing,1,iscx_group_013177,development,3.0
ISCX::10487,ISCX-URL2016 Phishing,1,iscx_group_006268,test,
ISCX::10488,ISCX-URL2016 Phishing,1,iscx_group_004801,development,3.0
ISCX::10489,ISCX-URL2016 Phishing,1,iscx_group_007462,development,1.0
ISCX::10490,ISCX-URL2016 Phishing,1,iscx_group_012383,development,1.0
ISCX::10491,ISCX-URL2016 Phishing,1,iscx_group_003978,test,
ISCX::10492,ISCX-URL2016 Phishing,1,iscx_group_004926,development,2.0
ISCX::10493,ISCX-URL2016 Phishing,1,iscx_group_011450,development,2.0
ISCX::10494,ISCX-URL2016 Phishing,1,iscx_group_002556,development,4.0
ISCX::10495,ISCX-URL2016 Phishing,1,iscx_group_000623,development,2.0
ISCX::10496,ISCX-URL2016 Phishing,1,iscx_group_011051,test,
ISCX::10497,ISCX-URL2016 Phishing,1,iscx_group_013804,test,
ISCX::10498,ISCX-URL2016 Phishing,1,iscx_group_014702,development,2.0
ISCX::10499,ISCX-URL2016 Phishing,1,iscx_group_009951,test,
ISCX::10500,ISCX-URL2016 Phishing,1,iscx_group_008885,test,
ISCX::10501,ISCX-URL2016 Phishing,1,iscx_group_001040,test,
ISCX::10502,ISCX-URL2016 Phishing,1,iscx_group_006243,development,4.0
ISCX::10503,ISCX-URL2016 Phishing,1,iscx_group_005842,development,1.0
ISCX::10504,ISCX-URL2016 Phishing,1,iscx_group_012141,development,1.0
ISCX::10505,ISCX-URL2016 Phishing,1,iscx_group_002528,test,
ISCX::10506,ISCX-URL2016 Phishing,1,iscx_group_013959,test,
ISCX::10507,ISCX-URL2016 Phishing,1,iscx_group_006811,development,3.0
ISCX::10508,ISCX-URL2016 Phishing,1,iscx_group_009057,development,1.0
ISCX::10509,ISCX-URL2016 Phishing,1,iscx_group_002317,test,
ISCX::10510,ISCX-URL2016 Phishing,1,iscx_group_010750,development,5.0
ISCX::10511,ISCX-URL2016 Phishing,1,iscx_group_012967,test,
ISCX::10512,ISCX-URL2016 Phishing,1,iscx_group_012270,development,1.0
ISCX::10513,ISCX-URL2016 Phishing,1,iscx_group_004623,calibration,
ISCX::10514,ISCX-URL2016 Phishing,1,iscx_group_009497,development,3.0
ISCX::10515,ISCX-URL2016 Phishing,1,iscx_group_003523,development,2.0
ISCX::10516,ISCX-URL2016 Phishing,1,iscx_group_009541,development,4.0
ISCX::10517,ISCX-URL2016 Phishing,1,iscx_group_005526,development,5.0
ISCX::10518,ISCX-URL2016 Phishing,1,iscx_group_000294,test,
ISCX::10519,ISCX-URL2016 Phishing,1,iscx_group_001861,development,2.0
ISCX::10520,ISCX-URL2016 Phishing,1,iscx_group_007040,development,3.0
ISCX::10521,ISCX-URL2016 Phishing,1,iscx_group_009063,test,
ISCX::10522,ISCX-URL2016 Phishing,1,iscx_group_011464,development,3.0
ISCX::10523,ISCX-URL2016 Phishing,1,iscx_group_003090,development,2.0
ISCX::10524,ISCX-URL2016 Phishing,1,iscx_group_012622,calibration,
ISCX::10525,ISCX-URL2016 Phishing,1,iscx_group_003201,development,1.0
ISCX::10526,ISCX-URL2016 Phishing,1,iscx_group_003927,development,3.0
ISCX::10527,ISCX-URL2016 Phishing,1,iscx_group_012779,development,5.0
ISCX::10528,ISCX-URL2016 Phishing,1,iscx_group_001935,calibration,
ISCX::10529,ISCX-URL2016 Phishing,1,iscx_group_009361,development,1.0
ISCX::10530,ISCX-URL2016 Phishing,1,iscx_group_006428,development,4.0
ISCX::10531,ISCX-URL2016 Phishing,1,iscx_group_004175,development,1.0
ISCX::10532,ISCX-URL2016 Phishing,1,iscx_group_005244,test,
ISCX::10533,ISCX-URL2016 Phishing,1,iscx_group_003133,calibration,
ISCX::10534,ISCX-URL2016 Phishing,1,iscx_group_011863,test,
ISCX::10535,ISCX-URL2016 Phishing,1,iscx_group_005665,test,
ISCX::10536,ISCX-URL2016 Phishing,1,iscx_group_013326,calibration,
ISCX::10537,ISCX-URL2016 Phishing,1,iscx_group_012253,development,2.0
ISCX::10538,ISCX-URL2016 Phishing,1,iscx_group_006099,development,1.0
ISCX::10539,ISCX-URL2016 Phishing,1,iscx_group_014312,development,5.0
ISCX::10540,ISCX-URL2016 Phishing,1,iscx_group_010351,development,4.0
ISCX::10541,ISCX-URL2016 Phishing,1,iscx_group_001469,development,3.0
ISCX::10542,ISCX-URL2016 Phishing,1,iscx_group_009254,development,1.0
ISCX::10543,ISCX-URL2016 Phishing,1,iscx_group_003371,development,3.0
ISCX::10544,ISCX-URL2016 Phishing,1,iscx_group_011488,development,2.0
ISCX::10545,ISCX-URL2016 Phishing,1,iscx_group_010230,development,2.0
ISCX::10546,ISCX-URL2016 Phishing,1,iscx_group_013111,development,1.0
ISCX::10547,ISCX-URL2016 Phishing,1,iscx_group_008392,development,3.0
ISCX::10548,ISCX-URL2016 Phishing,1,iscx_group_005471,development,3.0
ISCX::10549,ISCX-URL2016 Phishing,1,iscx_group_004392,development,5.0
ISCX::10550,ISCX-URL2016 Phishing,1,iscx_group_001662,development,1.0
ISCX::10551,ISCX-URL2016 Phishing,1,iscx_group_007241,development,2.0
ISCX::10552,ISCX-URL2016 Phishing,1,iscx_group_011898,development,3.0
ISCX::10553,ISCX-URL2016 Phishing,1,iscx_group_004721,test,
ISCX::10554,ISCX-URL2016 Phishing,1,iscx_group_000130,calibration,
ISCX::10555,ISCX-URL2016 Phishing,1,iscx_group_008629,test,
ISCX::10556,ISCX-URL2016 Phishing,1,iscx_group_014723,development,3.0
ISCX::10557,ISCX-URL2016 Phishing,1,iscx_group_001210,development,4.0
ISCX::10558,ISCX-URL2016 Phishing,1,iscx_group_002626,development,3.0
ISCX::10559,ISCX-URL2016 Phishing,1,iscx_group_003277,test,
ISCX::10560,ISCX-URL2016 Phishing,1,iscx_group_011260,test,
ISCX::10561,ISCX-URL2016 Phishing,1,iscx_group_007466,development,3.0
ISCX::10562,ISCX-URL2016 Phishing,1,iscx_group_006647,development,5.0
ISCX::10563,ISCX-URL2016 Phishing,1,iscx_group_008387,development,3.0
ISCX::10564,ISCX-URL2016 Phishing,1,iscx_group_010669,development,2.0
ISCX::10565,ISCX-URL2016 Phishing,1,iscx_group_010282,development,4.0
ISCX::10566,ISCX-URL2016 Phishing,1,iscx_group_000281,development,3.0
ISCX::10567,ISCX-URL2016 Phishing,1,iscx_group_011352,development,4.0
ISCX::10568,ISCX-URL2016 Phishing,1,iscx_group_000952,development,4.0
ISCX::10569,ISCX-URL2016 Phishing,1,iscx_group_008100,calibration,
ISCX::10570,ISCX-URL2016 Phishing,1,iscx_group_002075,development,1.0
ISCX::10571,ISCX-URL2016 Phishing,1,iscx_group_010059,development,2.0
ISCX::10572,ISCX-URL2016 Phishing,1,iscx_group_011576,test,
ISCX::10573,ISCX-URL2016 Phishing,1,iscx_group_002339,development,1.0
ISCX::10574,ISCX-URL2016 Phishing,1,iscx_group_000917,development,4.0
ISCX::10575,ISCX-URL2016 Phishing,1,iscx_group_007725,development,3.0
ISCX::10576,ISCX-URL2016 Phishing,1,iscx_group_010623,development,5.0
ISCX::10577,ISCX-URL2016 Phishing,1,iscx_group_010830,test,
ISCX::10578,ISCX-URL2016 Phishing,1,iscx_group_011655,test,
ISCX::10579,ISCX-URL2016 Phishing,1,iscx_group_006401,calibration,
ISCX::10580,ISCX-URL2016 Phishing,1,iscx_group_010774,test,
ISCX::10581,ISCX-URL2016 Phishing,1,iscx_group_008733,development,4.0
ISCX::10582,ISCX-URL2016 Phishing,1,iscx_group_001821,calibration,
ISCX::10583,ISCX-URL2016 Phishing,1,iscx_group_006302,development,3.0
ISCX::10584,ISCX-URL2016 Phishing,1,iscx_group_013157,development,3.0
ISCX::10585,ISCX-URL2016 Phishing,1,iscx_group_011073,calibration,
ISCX::10586,ISCX-URL2016 Phishing,1,iscx_group_011606,test,
ISCX::10587,ISCX-URL2016 Phishing,1,iscx_group_013813,calibration,
ISCX::10588,ISCX-URL2016 Phishing,1,iscx_group_005996,development,3.0
ISCX::10589,ISCX-URL2016 Phishing,1,iscx_group_005293,development,1.0
ISCX::10590,ISCX-URL2016 Phishing,1,iscx_group_010837,development,1.0
ISCX::10591,ISCX-URL2016 Phishing,1,iscx_group_002281,development,4.0
ISCX::10592,ISCX-URL2016 Phishing,1,iscx_group_002304,development,3.0
ISCX::10593,ISCX-URL2016 Phishing,1,iscx_group_010367,development,5.0
ISCX::10594,ISCX-URL2016 Phishing,1,iscx_group_006766,development,2.0
ISCX::10595,ISCX-URL2016 Phishing,1,iscx_group_011140,calibration,
ISCX::10596,ISCX-URL2016 Phishing,1,iscx_group_001411,development,5.0
ISCX::10597,ISCX-URL2016 Phishing,1,iscx_group_013261,development,2.0
ISCX::10598,ISCX-URL2016 Phishing,1,iscx_group_002270,development,3.0
ISCX::10599,ISCX-URL2016 Phishing,1,iscx_group_009325,development,4.0
ISCX::10600,ISCX-URL2016 Phishing,1,iscx_group_004935,development,3.0
ISCX::10601,ISCX-URL2016 Phishing,1,iscx_group_012114,development,4.0
ISCX::10602,ISCX-URL2016 Phishing,1,iscx_group_013441,development,5.0
ISCX::10603,ISCX-URL2016 Phishing,1,iscx_group_006912,development,3.0
ISCX::10604,ISCX-URL2016 Phishing,1,iscx_group_002948,development,5.0
ISCX::10605,ISCX-URL2016 Phishing,1,iscx_group_001388,calibration,
ISCX::10606,ISCX-URL2016 Phishing,1,iscx_group_000190,calibration,
ISCX::10607,ISCX-URL2016 Phishing,1,iscx_group_012466,development,4.0
ISCX::10608,ISCX-URL2016 Phishing,1,iscx_group_007024,calibration,
ISCX::10609,ISCX-URL2016 Phishing,1,iscx_group_006582,development,2.0
ISCX::10610,ISCX-URL2016 Phishing,1,iscx_group_010626,development,3.0
ISCX::10611,ISCX-URL2016 Phishing,1,iscx_group_006257,development,3.0
ISCX::10612,ISCX-URL2016 Phishing,1,iscx_group_011344,calibration,
ISCX::10613,ISCX-URL2016 Phishing,1,iscx_group_011000,development,3.0
ISCX::10614,ISCX-URL2016 Phishing,1,iscx_group_008127,test,
ISCX::10615,ISCX-URL2016 Phishing,1,iscx_group_012291,development,3.0
ISCX::10616,ISCX-URL2016 Phishing,1,iscx_group_012093,development,4.0
ISCX::10617,ISCX-URL2016 Phishing,1,iscx_group_009573,test,
ISCX::10618,ISCX-URL2016 Phishing,1,iscx_group_006254,development,4.0
ISCX::10619,ISCX-URL2016 Phishing,1,iscx_group_006707,development,3.0
ISCX::10620,ISCX-URL2016 Phishing,1,iscx_group_005215,calibration,
ISCX::10621,ISCX-URL2016 Phishing,1,iscx_group_012032,development,5.0
ISCX::10622,ISCX-URL2016 Phishing,1,iscx_group_003183,calibration,
ISCX::10623,ISCX-URL2016 Phishing,1,iscx_group_006489,development,1.0
ISCX::10624,ISCX-URL2016 Phishing,1,iscx_group_010477,development,1.0
ISCX::10625,ISCX-URL2016 Phishing,1,iscx_group_003259,development,3.0
ISCX::10626,ISCX-URL2016 Phishing,1,iscx_group_008620,calibration,
ISCX::10627,ISCX-URL2016 Phishing,1,iscx_group_003422,development,2.0
ISCX::10628,ISCX-URL2016 Phishing,1,iscx_group_000104,development,4.0
ISCX::10629,ISCX-URL2016 Phishing,1,iscx_group_002512,development,2.0
ISCX::10630,ISCX-URL2016 Phishing,1,iscx_group_003404,calibration,
ISCX::10631,ISCX-URL2016 Phishing,1,iscx_group_013350,development,1.0
ISCX::10632,ISCX-URL2016 Phishing,1,iscx_group_004706,development,1.0
ISCX::10633,ISCX-URL2016 Phishing,1,iscx_group_007900,development,1.0
ISCX::10634,ISCX-URL2016 Phishing,1,iscx_group_011190,test,
ISCX::10635,ISCX-URL2016 Phishing,1,iscx_group_007214,development,2.0
ISCX::10636,ISCX-URL2016 Phishing,1,iscx_group_003481,development,3.0
ISCX::10637,ISCX-URL2016 Phishing,1,iscx_group_007682,development,1.0
ISCX::10638,ISCX-URL2016 Phishing,1,iscx_group_014624,development,2.0
ISCX::10639,ISCX-URL2016 Phishing,1,iscx_group_014166,development,3.0
ISCX::10640,ISCX-URL2016 Phishing,1,iscx_group_002827,development,4.0
ISCX::10641,ISCX-URL2016 Phishing,1,iscx_group_005728,development,2.0
ISCX::10642,ISCX-URL2016 Phishing,1,iscx_group_007002,calibration,
ISCX::10643,ISCX-URL2016 Phishing,1,iscx_group_008504,development,2.0
ISCX::10644,ISCX-URL2016 Phishing,1,iscx_group_012553,development,1.0
ISCX::10645,ISCX-URL2016 Phishing,1,iscx_group_011903,development,5.0
ISCX::10646,ISCX-URL2016 Phishing,1,iscx_group_002831,development,1.0
ISCX::10647,ISCX-URL2016 Phishing,1,iscx_group_008190,development,2.0
ISCX::10648,ISCX-URL2016 Phishing,1,iscx_group_005560,calibration,
ISCX::10649,ISCX-URL2016 Phishing,1,iscx_group_012359,development,4.0
ISCX::10650,ISCX-URL2016 Phishing,1,iscx_group_008929,development,2.0
ISCX::10651,ISCX-URL2016 Phishing,1,iscx_group_009000,calibration,
ISCX::10652,ISCX-URL2016 Phishing,1,iscx_group_008400,development,5.0
ISCX::10653,ISCX-URL2016 Phishing,1,iscx_group_002484,development,1.0
ISCX::10654,ISCX-URL2016 Phishing,1,iscx_group_005075,development,3.0
ISCX::10655,ISCX-URL2016 Phishing,1,iscx_group_007327,test,
ISCX::10656,ISCX-URL2016 Phishing,1,iscx_group_003362,development,5.0
ISCX::10657,ISCX-URL2016 Phishing,1,iscx_group_000882,development,5.0
ISCX::10658,ISCX-URL2016 Phishing,1,iscx_group_006621,test,
ISCX::10659,ISCX-URL2016 Phishing,1,iscx_group_011044,calibration,
ISCX::10660,ISCX-URL2016 Phishing,1,iscx_group_012659,development,2.0
ISCX::10661,ISCX-URL2016 Phishing,1,iscx_group_001172,development,5.0
ISCX::10662,ISCX-URL2016 Phishing,1,iscx_group_009789,development,1.0
ISCX::10663,ISCX-URL2016 Phishing,1,iscx_group_008319,development,2.0
ISCX::10664,ISCX-URL2016 Phishing,1,iscx_group_008043,development,2.0
ISCX::10665,ISCX-URL2016 Phishing,1,iscx_group_007321,calibration,
ISCX::10666,ISCX-URL2016 Phishing,1,iscx_group_002825,calibration,
ISCX::10667,ISCX-URL2016 Phishing,1,iscx_group_005924,calibration,
ISCX::10668,ISCX-URL2016 Phishing,1,iscx_group_014683,development,4.0
ISCX::10669,ISCX-URL2016 Phishing,1,iscx_group_003912,development,2.0
ISCX::10670,ISCX-URL2016 Phishing,1,iscx_group_000272,development,5.0
ISCX::10671,ISCX-URL2016 Phishing,1,iscx_group_013769,calibration,
ISCX::10672,ISCX-URL2016 Phishing,1,iscx_group_014606,development,1.0
ISCX::10673,ISCX-URL2016 Phishing,1,iscx_group_010033,test,
ISCX::10674,ISCX-URL2016 Phishing,1,iscx_group_009524,development,1.0
ISCX::10675,ISCX-URL2016 Phishing,1,iscx_group_002467,test,
ISCX::10676,ISCX-URL2016 Phishing,1,iscx_group_001862,development,4.0
ISCX::10677,ISCX-URL2016 Phishing,1,iscx_group_007534,test,
ISCX::10678,ISCX-URL2016 Phishing,1,iscx_group_002583,test,
ISCX::10679,ISCX-URL2016 Phishing,1,iscx_group_014698,test,
ISCX::10680,ISCX-URL2016 Phishing,1,iscx_group_006169,test,
ISCX::10681,ISCX-URL2016 Phishing,1,iscx_group_004419,development,4.0
ISCX::10682,ISCX-URL2016 Phishing,1,iscx_group_004343,calibration,
ISCX::10683,ISCX-URL2016 Phishing,1,iscx_group_011972,test,
ISCX::10684,ISCX-URL2016 Phishing,1,iscx_group_003632,calibration,
ISCX::10685,ISCX-URL2016 Phishing,1,iscx_group_011479,development,4.0
ISCX::10686,ISCX-URL2016 Phishing,1,iscx_group_005870,development,3.0
ISCX::10687,ISCX-URL2016 Phishing,1,iscx_group_007439,calibration,
ISCX::10688,ISCX-URL2016 Phishing,1,iscx_group_003906,test,
ISCX::10689,ISCX-URL2016 Phishing,1,iscx_group_011390,development,2.0
ISCX::10690,ISCX-URL2016 Phishing,1,iscx_group_003535,development,2.0
ISCX::10691,ISCX-URL2016 Phishing,1,iscx_group_005640,development,4.0
ISCX::10692,ISCX-URL2016 Phishing,1,iscx_group_002844,development,3.0
ISCX::10693,ISCX-URL2016 Phishing,1,iscx_group_012654,calibration,
ISCX::10694,ISCX-URL2016 Phishing,1,iscx_group_004334,test,
ISCX::10695,ISCX-URL2016 Phishing,1,iscx_group_005787,calibration,
ISCX::10696,ISCX-URL2016 Phishing,1,iscx_group_011968,development,5.0
ISCX::10697,ISCX-URL2016 Phishing,1,iscx_group_002360,development,2.0
ISCX::10698,ISCX-URL2016 Phishing,1,iscx_group_000827,development,5.0
ISCX::10699,ISCX-URL2016 Phishing,1,iscx_group_001139,calibration,
ISCX::10700,ISCX-URL2016 Phishing,1,iscx_group_003979,development,5.0
ISCX::10701,ISCX-URL2016 Phishing,1,iscx_group_006514,development,2.0
ISCX::10702,ISCX-URL2016 Phishing,1,iscx_group_011112,development,5.0
ISCX::10703,ISCX-URL2016 Phishing,1,iscx_group_004908,test,
ISCX::10704,ISCX-URL2016 Phishing,1,iscx_group_012472,development,3.0
ISCX::10705,ISCX-URL2016 Phishing,1,iscx_group_006146,development,1.0
ISCX::10706,ISCX-URL2016 Phishing,1,iscx_group_004726,development,5.0
ISCX::10707,ISCX-URL2016 Phishing,1,iscx_group_008063,development,5.0
ISCX::10708,ISCX-URL2016 Phishing,1,iscx_group_007523,development,4.0
ISCX::10709,ISCX-URL2016 Phishing,1,iscx_group_006071,development,3.0
ISCX::10710,ISCX-URL2016 Phishing,1,iscx_group_006069,development,1.0
ISCX::10711,ISCX-URL2016 Phishing,1,iscx_group_012046,test,
ISCX::10712,ISCX-URL2016 Phishing,1,iscx_group_003019,development,2.0
ISCX::10713,ISCX-URL2016 Phishing,1,iscx_group_000358,development,2.0
ISCX::10714,ISCX-URL2016 Phishing,1,iscx_group_010187,development,4.0
ISCX::10715,ISCX-URL2016 Phishing,1,iscx_group_005586,development,5.0
ISCX::10716,ISCX-URL2016 Phishing,1,iscx_group_014088,development,3.0
ISCX::10717,ISCX-URL2016 Phishing,1,iscx_group_006285,development,1.0
ISCX::10718,ISCX-URL2016 Phishing,1,iscx_group_010035,test,
ISCX::10719,ISCX-URL2016 Phishing,1,iscx_group_010854,development,2.0
ISCX::10720,ISCX-URL2016 Phishing,1,iscx_group_014169,test,
ISCX::10721,ISCX-URL2016 Phishing,1,iscx_group_007393,development,3.0
ISCX::10722,ISCX-URL2016 Phishing,1,iscx_group_014188,test,
ISCX::10723,ISCX-URL2016 Phishing,1,iscx_group_014121,development,1.0
ISCX::10724,ISCX-URL2016 Phishing,1,iscx_group_008003,calibration,
ISCX::10725,ISCX-URL2016 Phishing,1,iscx_group_011097,test,
ISCX::10726,ISCX-URL2016 Phishing,1,iscx_group_007984,test,
ISCX::10727,ISCX-URL2016 Phishing,1,iscx_group_012368,calibration,
ISCX::10728,ISCX-URL2016 Phishing,1,iscx_group_013909,development,5.0
ISCX::10729,ISCX-URL2016 Phishing,1,iscx_group_014437,development,4.0
ISCX::10730,ISCX-URL2016 Phishing,1,iscx_group_001763,development,5.0
ISCX::10731,ISCX-URL2016 Phishing,1,iscx_group_007714,development,2.0
ISCX::10732,ISCX-URL2016 Phishing,1,iscx_group_007734,development,4.0
ISCX::10733,ISCX-URL2016 Phishing,1,iscx_group_000695,test,
ISCX::10734,ISCX-URL2016 Phishing,1,iscx_group_003636,development,1.0
ISCX::10735,ISCX-URL2016 Phishing,1,iscx_group_001033,development,2.0
ISCX::10736,ISCX-URL2016 Phishing,1,iscx_group_011834,development,3.0
ISCX::10737,ISCX-URL2016 Phishing,1,iscx_group_004614,development,3.0
ISCX::10738,ISCX-URL2016 Phishing,1,iscx_group_008844,development,2.0
ISCX::10739,ISCX-URL2016 Phishing,1,iscx_group_001129,development,1.0
ISCX::10740,ISCX-URL2016 Phishing,1,iscx_group_006028,development,2.0
ISCX::10741,ISCX-URL2016 Phishing,1,iscx_group_014370,development,1.0
ISCX::10742,ISCX-URL2016 Phishing,1,iscx_group_000438,development,3.0
ISCX::10743,ISCX-URL2016 Phishing,1,iscx_group_013027,calibration,
ISCX::10744,ISCX-URL2016 Phishing,1,iscx_group_013524,development,4.0
ISCX::10745,ISCX-URL2016 Phishing,1,iscx_group_011107,development,2.0
ISCX::10746,ISCX-URL2016 Phishing,1,iscx_group_006058,calibration,
ISCX::10747,ISCX-URL2016 Phishing,1,iscx_group_008221,development,5.0
ISCX::10748,ISCX-URL2016 Phishing,1,iscx_group_013405,development,1.0
ISCX::10749,ISCX-URL2016 Phishing,1,iscx_group_013969,development,2.0
ISCX::10750,ISCX-URL2016 Phishing,1,iscx_group_014453,development,4.0
ISCX::10751,ISCX-URL2016 Phishing,1,iscx_group_011881,development,3.0
ISCX::10752,ISCX-URL2016 Phishing,1,iscx_group_008028,development,5.0
ISCX::10753,ISCX-URL2016 Phishing,1,iscx_group_011114,development,5.0
ISCX::10754,ISCX-URL2016 Phishing,1,iscx_group_000240,development,2.0
ISCX::10755,ISCX-URL2016 Phishing,1,iscx_group_012073,development,3.0
ISCX::10756,ISCX-URL2016 Phishing,1,iscx_group_006751,development,1.0
ISCX::10757,ISCX-URL2016 Phishing,1,iscx_group_004845,development,3.0
ISCX::10758,ISCX-URL2016 Phishing,1,iscx_group_006763,test,
ISCX::10759,ISCX-URL2016 Phishing,1,iscx_group_000462,development,5.0
ISCX::10760,ISCX-URL2016 Phishing,1,iscx_group_010690,development,5.0
ISCX::10761,ISCX-URL2016 Phishing,1,iscx_group_011601,development,3.0
ISCX::10762,ISCX-URL2016 Phishing,1,iscx_group_009989,calibration,
ISCX::10763,ISCX-URL2016 Phishing,1,iscx_group_003576,development,4.0
ISCX::10764,ISCX-URL2016 Phishing,1,iscx_group_013603,development,1.0
ISCX::10765,ISCX-URL2016 Phishing,1,iscx_group_004688,development,1.0
ISCX::10766,ISCX-URL2016 Phishing,1,iscx_group_006688,development,3.0
ISCX::10767,ISCX-URL2016 Phishing,1,iscx_group_013017,development,5.0
ISCX::10768,ISCX-URL2016 Phishing,1,iscx_group_013730,development,3.0
ISCX::10769,ISCX-URL2016 Phishing,1,iscx_group_004014,development,4.0
ISCX::10770,ISCX-URL2016 Phishing,1,iscx_group_011514,development,4.0
ISCX::10771,ISCX-URL2016 Phishing,1,iscx_group_000766,development,3.0
ISCX::10772,ISCX-URL2016 Phishing,1,iscx_group_009948,development,1.0
ISCX::10773,ISCX-URL2016 Phishing,1,iscx_group_007146,development,1.0
ISCX::10774,ISCX-URL2016 Phishing,1,iscx_group_009394,test,
ISCX::10775,ISCX-URL2016 Phishing,1,iscx_group_007279,calibration,
ISCX::10776,ISCX-URL2016 Phishing,1,iscx_group_012731,development,4.0
ISCX::10777,ISCX-URL2016 Phishing,1,iscx_group_003804,development,3.0
ISCX::10778,ISCX-URL2016 Phishing,1,iscx_group_009726,development,4.0
ISCX::10779,ISCX-URL2016 Phishing,1,iscx_group_009359,development,1.0
ISCX::10780,ISCX-URL2016 Phishing,1,iscx_group_004815,development,2.0
ISCX::10781,ISCX-URL2016 Phishing,1,iscx_group_007416,calibration,
ISCX::10782,ISCX-URL2016 Phishing,1,iscx_group_001972,development,5.0
ISCX::10783,ISCX-URL2016 Phishing,1,iscx_group_002174,development,4.0
ISCX::10784,ISCX-URL2016 Phishing,1,iscx_group_005070,calibration,
ISCX::10785,ISCX-URL2016 Phishing,1,iscx_group_013971,development,4.0
ISCX::10786,ISCX-URL2016 Phishing,1,iscx_group_014816,calibration,
ISCX::10787,ISCX-URL2016 Phishing,1,iscx_group_012948,test,
ISCX::10788,ISCX-URL2016 Phishing,1,iscx_group_011525,development,3.0
ISCX::10789,ISCX-URL2016 Phishing,1,iscx_group_006116,development,3.0
ISCX::10790,ISCX-URL2016 Phishing,1,iscx_group_007387,development,1.0
ISCX::10791,ISCX-URL2016 Phishing,1,iscx_group_002363,development,2.0
ISCX::10792,ISCX-URL2016 Phishing,1,iscx_group_011396,development,1.0
ISCX::10793,ISCX-URL2016 Phishing,1,iscx_group_002961,development,2.0
ISCX::10794,ISCX-URL2016 Phishing,1,iscx_group_001613,development,2.0
ISCX::10795,ISCX-URL2016 Phishing,1,iscx_group_001686,calibration,
ISCX::10796,ISCX-URL2016 Phishing,1,iscx_group_008575,test,
ISCX::10797,ISCX-URL2016 Phishing,1,iscx_group_013019,development,2.0
ISCX::10798,ISCX-URL2016 Phishing,1,iscx_group_009849,development,1.0
ISCX::10799,ISCX-URL2016 Phishing,1,iscx_group_010067,development,2.0
ISCX::10800,ISCX-URL2016 Phishing,1,iscx_group_005336,development,4.0
ISCX::10801,ISCX-URL2016 Phishing,1,iscx_group_010552,test,
ISCX::10802,ISCX-URL2016 Phishing,1,iscx_group_000080,development,2.0
ISCX::10803,ISCX-URL2016 Phishing,1,iscx_group_002582,development,1.0
ISCX::10804,ISCX-URL2016 Phishing,1,iscx_group_003976,development,3.0
ISCX::10805,ISCX-URL2016 Phishing,1,iscx_group_008014,development,4.0
ISCX::10806,ISCX-URL2016 Phishing,1,iscx_group_000498,development,1.0
ISCX::10807,ISCX-URL2016 Phishing,1,iscx_group_001193,calibration,
ISCX::10808,ISCX-URL2016 Phishing,1,iscx_group_005021,development,3.0
ISCX::10809,ISCX-URL2016 Phishing,1,iscx_group_002995,calibration,
ISCX::10810,ISCX-URL2016 Phishing,1,iscx_group_009364,development,1.0
ISCX::10811,ISCX-URL2016 Phishing,1,iscx_group_001756,test,
ISCX::10812,ISCX-URL2016 Phishing,1,iscx_group_012305,development,3.0
ISCX::10813,ISCX-URL2016 Phishing,1,iscx_group_012701,development,4.0
ISCX::10814,ISCX-URL2016 Phishing,1,iscx_group_002446,development,4.0
ISCX::10815,ISCX-URL2016 Phishing,1,iscx_group_012998,development,2.0
ISCX::10816,ISCX-URL2016 Phishing,1,iscx_group_000351,development,4.0
ISCX::10817,ISCX-URL2016 Phishing,1,iscx_group_004095,development,4.0
ISCX::10818,ISCX-URL2016 Phishing,1,iscx_group_013706,development,1.0
ISCX::10819,ISCX-URL2016 Phishing,1,iscx_group_004903,development,4.0
ISCX::10820,ISCX-URL2016 Phishing,1,iscx_group_000924,development,2.0
ISCX::10821,ISCX-URL2016 Phishing,1,iscx_group_002276,development,3.0
ISCX::10822,ISCX-URL2016 Phishing,1,iscx_group_012862,development,4.0
ISCX::10823,ISCX-URL2016 Phishing,1,iscx_group_003542,calibration,
ISCX::10824,ISCX-URL2016 Phishing,1,iscx_group_014092,development,3.0
ISCX::10825,ISCX-URL2016 Phishing,1,iscx_group_000926,development,5.0
ISCX::10826,ISCX-URL2016 Phishing,1,iscx_group_002742,test,
ISCX::10827,ISCX-URL2016 Phishing,1,iscx_group_007314,development,3.0
ISCX::10828,ISCX-URL2016 Phishing,1,iscx_group_002882,test,
ISCX::10829,ISCX-URL2016 Phishing,1,iscx_group_003570,test,
ISCX::10830,ISCX-URL2016 Phishing,1,iscx_group_011027,development,1.0
ISCX::10831,ISCX-URL2016 Phishing,1,iscx_group_008207,development,5.0
ISCX::10832,ISCX-URL2016 Phishing,1,iscx_group_006443,development,4.0
ISCX::10833,ISCX-URL2016 Phishing,1,iscx_group_004380,calibration,
ISCX::10834,ISCX-URL2016 Phishing,1,iscx_group_006045,calibration,
ISCX::10835,ISCX-URL2016 Phishing,1,iscx_group_006200,development,2.0
ISCX::10836,ISCX-URL2016 Phishing,1,iscx_group_001688,calibration,
ISCX::10837,ISCX-URL2016 Phishing,1,iscx_group_001825,development,1.0
ISCX::10838,ISCX-URL2016 Phishing,1,iscx_group_005627,calibration,
ISCX::10839,ISCX-URL2016 Phishing,1,iscx_group_010209,development,1.0
ISCX::10840,ISCX-URL2016 Phishing,1,iscx_group_003083,development,1.0
ISCX::10841,ISCX-URL2016 Phishing,1,iscx_group_005671,test,
ISCX::10842,ISCX-URL2016 Phishing,1,iscx_group_002016,development,5.0
ISCX::10843,ISCX-URL2016 Phishing,1,iscx_group_001590,development,3.0
ISCX::10844,ISCX-URL2016 Phishing,1,iscx_group_001871,development,1.0
ISCX::10845,ISCX-URL2016 Phishing,1,iscx_group_003522,test,
ISCX::10846,ISCX-URL2016 Phishing,1,iscx_group_010932,test,
ISCX::10847,ISCX-URL2016 Phishing,1,iscx_group_013928,development,2.0
ISCX::10848,ISCX-URL2016 Phishing,1,iscx_group_005672,development,3.0
ISCX::10849,ISCX-URL2016 Phishing,1,iscx_group_012076,test,
ISCX::10850,ISCX-URL2016 Phishing,1,iscx_group_014446,calibration,
ISCX::10851,ISCX-URL2016 Phishing,1,iscx_group_010986,development,2.0
ISCX::10852,ISCX-URL2016 Phishing,1,iscx_group_006991,development,1.0
ISCX::10853,ISCX-URL2016 Phishing,1,iscx_group_010103,development,1.0
ISCX::10854,ISCX-URL2016 Phishing,1,iscx_group_012584,development,1.0
ISCX::10855,ISCX-URL2016 Phishing,1,iscx_group_007139,test,
ISCX::10856,ISCX-URL2016 Phishing,1,iscx_group_003101,development,1.0
ISCX::10857,ISCX-URL2016 Phishing,1,iscx_group_009496,development,5.0
ISCX::10858,ISCX-URL2016 Phishing,1,iscx_group_011446,development,3.0
ISCX::10859,ISCX-URL2016 Phishing,1,iscx_group_005208,development,5.0
ISCX::10860,ISCX-URL2016 Phishing,1,iscx_group_010323,development,4.0
ISCX::10861,ISCX-URL2016 Phishing,1,iscx_group_013460,test,
ISCX::10862,ISCX-URL2016 Phishing,1,iscx_group_001900,development,4.0
ISCX::10863,ISCX-URL2016 Phishing,1,iscx_group_005278,development,3.0
ISCX::10864,ISCX-URL2016 Phishing,1,iscx_group_009934,development,5.0
ISCX::10865,ISCX-URL2016 Phishing,1,iscx_group_002381,development,1.0
ISCX::10866,ISCX-URL2016 Phishing,1,iscx_group_006481,development,4.0
ISCX::10867,ISCX-URL2016 Phishing,1,iscx_group_000554,test,
ISCX::10868,ISCX-URL2016 Phishing,1,iscx_group_009471,development,1.0
ISCX::10869,ISCX-URL2016 Phishing,1,iscx_group_007174,development,5.0
ISCX::10870,ISCX-URL2016 Phishing,1,iscx_group_005422,calibration,
ISCX::10871,ISCX-URL2016 Phishing,1,iscx_group_003875,development,5.0
ISCX::10872,ISCX-URL2016 Phishing,1,iscx_group_003042,test,
ISCX::10873,ISCX-URL2016 Phishing,1,iscx_group_008075,development,2.0
ISCX::10874,ISCX-URL2016 Phishing,1,iscx_group_004029,development,3.0
ISCX::10875,ISCX-URL2016 Phishing,1,iscx_group_001446,development,3.0
ISCX::10876,ISCX-URL2016 Phishing,1,iscx_group_012734,calibration,
ISCX::10877,ISCX-URL2016 Phishing,1,iscx_group_012942,development,4.0
ISCX::10878,ISCX-URL2016 Phishing,1,iscx_group_007383,development,5.0
ISCX::10879,ISCX-URL2016 Phishing,1,iscx_group_014361,calibration,
ISCX::10880,ISCX-URL2016 Phishing,1,iscx_group_009253,development,3.0
ISCX::10881,ISCX-URL2016 Phishing,1,iscx_group_000770,development,4.0
ISCX::10882,ISCX-URL2016 Phishing,1,iscx_group_002824,development,3.0
ISCX::10883,ISCX-URL2016 Phishing,1,iscx_group_006424,development,3.0
ISCX::10884,ISCX-URL2016 Phishing,1,iscx_group_007342,development,1.0
ISCX::10885,ISCX-URL2016 Phishing,1,iscx_group_008159,development,5.0
ISCX::10886,ISCX-URL2016 Phishing,1,iscx_group_012992,development,1.0
ISCX::10887,ISCX-URL2016 Phishing,1,iscx_group_005375,development,2.0
ISCX::10888,ISCX-URL2016 Phishing,1,iscx_group_010357,development,3.0
ISCX::10889,ISCX-URL2016 Phishing,1,iscx_group_003669,development,5.0
ISCX::10890,ISCX-URL2016 Phishing,1,iscx_group_002286,calibration,
ISCX::10891,ISCX-URL2016 Phishing,1,iscx_group_005909,development,4.0
ISCX::10892,ISCX-URL2016 Phishing,1,iscx_group_005547,calibration,
ISCX::10893,ISCX-URL2016 Phishing,1,iscx_group_004090,development,3.0
ISCX::10894,ISCX-URL2016 Phishing,1,iscx_group_012614,development,3.0
ISCX::10895,ISCX-URL2016 Phishing,1,iscx_group_014135,development,1.0
ISCX::10896,ISCX-URL2016 Phishing,1,iscx_group_011630,development,2.0
ISCX::10897,ISCX-URL2016 Phishing,1,iscx_group_008451,test,
ISCX::10898,ISCX-URL2016 Phishing,1,iscx_group_009086,test,
ISCX::10899,ISCX-URL2016 Phishing,1,iscx_group_007195,development,3.0
ISCX::10900,ISCX-URL2016 Phishing,1,iscx_group_000966,development,4.0
ISCX::10901,ISCX-URL2016 Phishing,1,iscx_group_003772,development,5.0
ISCX::10902,ISCX-URL2016 Phishing,1,iscx_group_002154,development,5.0
ISCX::10903,ISCX-URL2016 Phishing,1,iscx_group_003848,calibration,
ISCX::10904,ISCX-URL2016 Phishing,1,iscx_group_011735,test,
ISCX::10905,ISCX-URL2016 Phishing,1,iscx_group_008395,development,2.0
ISCX::10906,ISCX-URL2016 Phishing,1,iscx_group_014450,calibration,
ISCX::10907,ISCX-URL2016 Phishing,1,iscx_group_000490,development,5.0
ISCX::10908,ISCX-URL2016 Phishing,1,iscx_group_012460,development,4.0
ISCX::10909,ISCX-URL2016 Phishing,1,iscx_group_009464,development,3.0
ISCX::10910,ISCX-URL2016 Phishing,1,iscx_group_013489,test,
ISCX::10911,ISCX-URL2016 Phishing,1,iscx_group_012251,calibration,
ISCX::10912,ISCX-URL2016 Phishing,1,iscx_group_001879,development,4.0
ISCX::10913,ISCX-URL2016 Phishing,1,iscx_group_000207,test,
ISCX::10914,ISCX-URL2016 Phishing,1,iscx_group_006404,development,1.0
ISCX::10915,ISCX-URL2016 Phishing,1,iscx_group_009889,development,4.0
ISCX::10916,ISCX-URL2016 Phishing,1,iscx_group_009868,test,
ISCX::10917,ISCX-URL2016 Phishing,1,iscx_group_003815,development,5.0
ISCX::10918,ISCX-URL2016 Phishing,1,iscx_group_013732,development,1.0
ISCX::10919,ISCX-URL2016 Phishing,1,iscx_group_003821,calibration,
ISCX::10920,ISCX-URL2016 Phishing,1,iscx_group_008286,calibration,
ISCX::10921,ISCX-URL2016 Phishing,1,iscx_group_004393,development,3.0
ISCX::10922,ISCX-URL2016 Phishing,1,iscx_group_012872,development,3.0
ISCX::10923,ISCX-URL2016 Phishing,1,iscx_group_010272,calibration,
ISCX::10924,ISCX-URL2016 Phishing,1,iscx_group_000441,development,5.0
ISCX::10925,ISCX-URL2016 Phishing,1,iscx_group_012516,development,4.0
ISCX::10926,ISCX-URL2016 Phishing,1,iscx_group_003379,calibration,
ISCX::10927,ISCX-URL2016 Phishing,1,iscx_group_002604,calibration,
ISCX::10928,ISCX-URL2016 Phishing,1,iscx_group_010940,calibration,
ISCX::10929,ISCX-URL2016 Phishing,1,iscx_group_008790,development,1.0
ISCX::10930,ISCX-URL2016 Phishing,1,iscx_group_007722,development,3.0
ISCX::10931,ISCX-URL2016 Phishing,1,iscx_group_012694,development,3.0
ISCX::10932,ISCX-URL2016 Phishing,1,iscx_group_009275,calibration,
ISCX::10933,ISCX-URL2016 Phishing,1,iscx_group_003574,development,2.0
ISCX::10934,ISCX-URL2016 Phishing,1,iscx_group_008735,development,4.0
ISCX::10935,ISCX-URL2016 Phishing,1,iscx_group_013288,development,4.0
ISCX::10936,ISCX-URL2016 Phishing,1,iscx_group_001681,development,5.0
ISCX::10937,ISCX-URL2016 Phishing,1,iscx_group_009562,development,4.0
ISCX::10938,ISCX-URL2016 Phishing,1,iscx_group_013253,development,4.0
ISCX::10939,ISCX-URL2016 Phishing,1,iscx_group_013384,development,1.0
ISCX::10940,ISCX-URL2016 Phishing,1,iscx_group_002834,development,3.0
ISCX::10941,ISCX-URL2016 Phishing,1,iscx_group_013704,development,1.0
ISCX::10942,ISCX-URL2016 Phishing,1,iscx_group_007458,development,1.0
ISCX::10943,ISCX-URL2016 Phishing,1,iscx_group_013224,calibration,
ISCX::10944,ISCX-URL2016 Phishing,1,iscx_group_007971,calibration,
ISCX::10945,ISCX-URL2016 Phishing,1,iscx_group_008074,development,4.0
ISCX::10946,ISCX-URL2016 Phishing,1,iscx_group_012448,development,4.0
ISCX::10947,ISCX-URL2016 Phishing,1,iscx_group_003786,development,4.0
ISCX::10948,ISCX-URL2016 Phishing,1,iscx_group_001510,development,1.0
ISCX::10949,ISCX-URL2016 Phishing,1,iscx_group_000352,development,4.0
ISCX::10950,ISCX-URL2016 Phishing,1,iscx_group_009752,calibration,
ISCX::10951,ISCX-URL2016 Phishing,1,iscx_group_011952,development,5.0
ISCX::10952,ISCX-URL2016 Phishing,1,iscx_group_003411,development,4.0
ISCX::10953,ISCX-URL2016 Phishing,1,iscx_group_001998,development,5.0
ISCX::10954,ISCX-URL2016 Phishing,1,iscx_group_009662,calibration,
ISCX::10955,ISCX-URL2016 Phishing,1,iscx_group_003203,development,2.0
ISCX::10956,ISCX-URL2016 Phishing,1,iscx_group_008869,development,1.0
ISCX::10957,ISCX-URL2016 Phishing,1,iscx_group_005245,development,1.0
ISCX::10958,ISCX-URL2016 Phishing,1,iscx_group_008866,test,
ISCX::10959,ISCX-URL2016 Phishing,1,iscx_group_009231,calibration,
ISCX::10960,ISCX-URL2016 Phishing,1,iscx_group_012352,development,4.0
ISCX::10961,ISCX-URL2016 Phishing,1,iscx_group_008973,development,5.0
ISCX::10962,ISCX-URL2016 Phishing,1,iscx_group_005248,test,
ISCX::10963,ISCX-URL2016 Phishing,1,iscx_group_008856,development,3.0
ISCX::10964,ISCX-URL2016 Phishing,1,iscx_group_007427,test,
ISCX::10965,ISCX-URL2016 Phishing,1,iscx_group_006973,development,2.0
ISCX::10966,ISCX-URL2016 Phishing,1,iscx_group_009629,test,
ISCX::10967,ISCX-URL2016 Phishing,1,iscx_group_002705,test,
ISCX::10968,ISCX-URL2016 Phishing,1,iscx_group_014583,development,4.0
ISCX::10969,ISCX-URL2016 Phishing,1,iscx_group_005517,development,2.0
ISCX::10970,ISCX-URL2016 Phishing,1,iscx_group_000017,development,4.0
ISCX::10971,ISCX-URL2016 Phishing,1,iscx_group_014139,calibration,
ISCX::10972,ISCX-URL2016 Phishing,1,iscx_group_014680,development,3.0
ISCX::10973,ISCX-URL2016 Phishing,1,iscx_group_009418,development,1.0
ISCX::10974,ISCX-URL2016 Phishing,1,iscx_group_014057,test,
ISCX::10975,ISCX-URL2016 Phishing,1,iscx_group_001132,test,
ISCX::10976,ISCX-URL2016 Phishing,1,iscx_group_007099,development,5.0
ISCX::10977,ISCX-URL2016 Phishing,1,iscx_group_005612,test,
ISCX::10978,ISCX-URL2016 Phishing,1,iscx_group_004117,test,
ISCX::10979,ISCX-URL2016 Phishing,1,iscx_group_010022,calibration,
ISCX::10980,ISCX-URL2016 Phishing,1,iscx_group_006770,development,1.0
ISCX::10981,ISCX-URL2016 Phishing,1,iscx_group_014154,development,2.0
ISCX::10982,ISCX-URL2016 Phishing,1,iscx_group_003285,development,4.0
ISCX::10983,ISCX-URL2016 Phishing,1,iscx_group_010431,development,2.0
ISCX::10984,ISCX-URL2016 Phishing,1,iscx_group_008564,test,
ISCX::10985,ISCX-URL2016 Phishing,1,iscx_group_009441,development,3.0
ISCX::10986,ISCX-URL2016 Phishing,1,iscx_group_009891,development,3.0
ISCX::10987,ISCX-URL2016 Phishing,1,iscx_group_000418,development,2.0
ISCX::10988,ISCX-URL2016 Phishing,1,iscx_group_000400,development,3.0
ISCX::10989,ISCX-URL2016 Phishing,1,iscx_group_000122,test,
ISCX::10990,ISCX-URL2016 Phishing,1,iscx_group_012945,calibration,
ISCX::10991,ISCX-URL2016 Phishing,1,iscx_group_006388,development,1.0
ISCX::10992,ISCX-URL2016 Phishing,1,iscx_group_005753,development,4.0
ISCX::10993,ISCX-URL2016 Phishing,1,iscx_group_010775,calibration,
ISCX::10994,ISCX-URL2016 Phishing,1,iscx_group_004479,development,3.0
ISCX::10995,ISCX-URL2016 Phishing,1,iscx_group_007871,development,2.0
ISCX::10996,ISCX-URL2016 Phishing,1,iscx_group_013034,test,
ISCX::10997,ISCX-URL2016 Phishing,1,iscx_group_001778,calibration,
ISCX::10998,ISCX-URL2016 Phishing,1,iscx_group_012728,development,2.0
ISCX::10999,ISCX-URL2016 Phishing,1,iscx_group_005482,development,2.0
ISCX::11000,ISCX-URL2016 Phishing,1,iscx_group_011625,development,5.0
ISCX::11001,ISCX-URL2016 Phishing,1,iscx_group_012899,development,2.0
ISCX::11002,ISCX-URL2016 Phishing,1,iscx_group_007243,development,5.0
ISCX::11003,ISCX-URL2016 Phishing,1,iscx_group_004675,development,3.0
ISCX::11004,ISCX-URL2016 Phishing,1,iscx_group_002116,development,1.0
ISCX::11005,ISCX-URL2016 Phishing,1,iscx_group_004809,calibration,
ISCX::11006,ISCX-URL2016 Phishing,1,iscx_group_002801,development,2.0
ISCX::11007,ISCX-URL2016 Phishing,1,iscx_group_009566,development,2.0
ISCX::11008,ISCX-URL2016 Phishing,1,iscx_group_004104,test,
ISCX::11009,ISCX-URL2016 Phishing,1,iscx_group_000984,development,3.0
ISCX::11010,ISCX-URL2016 Phishing,1,iscx_group_007526,test,
ISCX::11011,ISCX-URL2016 Phishing,1,iscx_group_010684,development,3.0
ISCX::11012,ISCX-URL2016 Phishing,1,iscx_group_006236,test,
ISCX::11013,ISCX-URL2016 Phishing,1,iscx_group_009871,test,
ISCX::11014,ISCX-URL2016 Phishing,1,iscx_group_013053,development,1.0
ISCX::11015,ISCX-URL2016 Phishing,1,iscx_group_000477,calibration,
ISCX::11016,ISCX-URL2016 Phishing,1,iscx_group_011589,test,
ISCX::11017,ISCX-URL2016 Phishing,1,iscx_group_009588,development,2.0
ISCX::11018,ISCX-URL2016 Phishing,1,iscx_group_007349,development,5.0
ISCX::11019,ISCX-URL2016 Phishing,1,iscx_group_001491,development,5.0
ISCX::11020,ISCX-URL2016 Phishing,1,iscx_group_002488,test,
ISCX::11021,ISCX-URL2016 Phishing,1,iscx_group_007749,development,2.0
ISCX::11022,ISCX-URL2016 Phishing,1,iscx_group_002344,calibration,
ISCX::11023,ISCX-URL2016 Phishing,1,iscx_group_002282,test,
ISCX::11024,ISCX-URL2016 Phishing,1,iscx_group_011724,development,4.0
ISCX::11025,ISCX-URL2016 Phishing,1,iscx_group_008675,development,1.0
ISCX::11026,ISCX-URL2016 Phishing,1,iscx_group_014418,development,3.0
ISCX::11027,ISCX-URL2016 Phishing,1,iscx_group_014808,test,
ISCX::11028,ISCX-URL2016 Phishing,1,iscx_group_014517,development,1.0
ISCX::11029,ISCX-URL2016 Phishing,1,iscx_group_009447,development,4.0
ISCX::11030,ISCX-URL2016 Phishing,1,iscx_group_013637,calibration,
ISCX::11031,ISCX-URL2016 Phishing,1,iscx_group_001395,development,4.0
ISCX::11032,ISCX-URL2016 Phishing,1,iscx_group_002483,calibration,
ISCX::11033,ISCX-URL2016 Phishing,1,iscx_group_003079,development,1.0
ISCX::11034,ISCX-URL2016 Phishing,1,iscx_group_008399,development,2.0
ISCX::11035,ISCX-URL2016 Phishing,1,iscx_group_014292,development,2.0
ISCX::11036,ISCX-URL2016 Phishing,1,iscx_group_007435,development,1.0
ISCX::11037,ISCX-URL2016 Phishing,1,iscx_group_004642,development,2.0
ISCX::11038,ISCX-URL2016 Phishing,1,iscx_group_004403,development,3.0
ISCX::11039,ISCX-URL2016 Phishing,1,iscx_group_013275,development,3.0
ISCX::11040,ISCX-URL2016 Phishing,1,iscx_group_003657,development,2.0
ISCX::11041,ISCX-URL2016 Phishing,1,iscx_group_007388,calibration,
ISCX::11042,ISCX-URL2016 Phishing,1,iscx_group_006356,development,3.0
ISCX::11043,ISCX-URL2016 Phishing,1,iscx_group_007068,development,4.0
ISCX::11044,ISCX-URL2016 Phishing,1,iscx_group_010918,development,4.0
ISCX::11045,ISCX-URL2016 Phishing,1,iscx_group_013165,development,1.0
ISCX::11046,ISCX-URL2016 Phishing,1,iscx_group_000716,test,
ISCX::11047,ISCX-URL2016 Phishing,1,iscx_group_011616,development,1.0
ISCX::11048,ISCX-URL2016 Phishing,1,iscx_group_010746,development,3.0
ISCX::11049,ISCX-URL2016 Phishing,1,iscx_group_010016,calibration,
ISCX::11050,ISCX-URL2016 Phishing,1,iscx_group_007325,development,4.0
ISCX::11051,ISCX-URL2016 Phishing,1,iscx_group_010486,test,
ISCX::11052,ISCX-URL2016 Phishing,1,iscx_group_002315,development,4.0
ISCX::11053,ISCX-URL2016 Phishing,1,iscx_group_011291,development,4.0
ISCX::11054,ISCX-URL2016 Phishing,1,iscx_group_009894,development,3.0
ISCX::11055,ISCX-URL2016 Phishing,1,iscx_group_014099,development,4.0
ISCX::11056,ISCX-URL2016 Phishing,1,iscx_group_010214,development,1.0
ISCX::11057,ISCX-URL2016 Phishing,1,iscx_group_006063,calibration,
ISCX::11058,ISCX-URL2016 Phishing,1,iscx_group_003771,development,2.0
ISCX::11059,ISCX-URL2016 Phishing,1,iscx_group_001647,development,5.0
ISCX::11060,ISCX-URL2016 Phishing,1,iscx_group_012434,test,
ISCX::11061,ISCX-URL2016 Phishing,1,iscx_group_012969,development,3.0
ISCX::11062,ISCX-URL2016 Phishing,1,iscx_group_003898,development,4.0
ISCX::11063,ISCX-URL2016 Phishing,1,iscx_group_006241,development,5.0
ISCX::11064,ISCX-URL2016 Phishing,1,iscx_group_007762,development,1.0
ISCX::11065,ISCX-URL2016 Phishing,1,iscx_group_003826,test,
ISCX::11066,ISCX-URL2016 Phishing,1,iscx_group_011127,development,2.0
ISCX::11067,ISCX-URL2016 Phishing,1,iscx_group_013002,calibration,
ISCX::11068,ISCX-URL2016 Phishing,1,iscx_group_004279,calibration,
ISCX::11069,ISCX-URL2016 Phishing,1,iscx_group_004329,development,4.0
ISCX::11070,ISCX-URL2016 Phishing,1,iscx_group_006629,development,3.0
ISCX::11071,ISCX-URL2016 Phishing,1,iscx_group_012535,development,1.0
ISCX::11072,ISCX-URL2016 Phishing,1,iscx_group_013771,development,4.0
ISCX::11073,ISCX-URL2016 Phishing,1,iscx_group_001009,development,3.0
ISCX::11074,ISCX-URL2016 Phishing,1,iscx_group_010869,development,1.0
ISCX::11075,ISCX-URL2016 Phishing,1,iscx_group_000654,development,3.0
ISCX::11076,ISCX-URL2016 Phishing,1,iscx_group_004227,development,1.0
ISCX::11077,ISCX-URL2016 Phishing,1,iscx_group_010818,development,5.0
ISCX::11078,ISCX-URL2016 Phishing,1,iscx_group_013955,calibration,
ISCX::11079,ISCX-URL2016 Phishing,1,iscx_group_000138,calibration,
ISCX::11080,ISCX-URL2016 Phishing,1,iscx_group_001016,development,3.0
ISCX::11081,ISCX-URL2016 Phishing,1,iscx_group_003561,development,4.0
ISCX::11082,ISCX-URL2016 Phishing,1,iscx_group_009314,test,
ISCX::11083,ISCX-URL2016 Phishing,1,iscx_group_001982,development,4.0
ISCX::11084,ISCX-URL2016 Phishing,1,iscx_group_005327,development,4.0
ISCX::11085,ISCX-URL2016 Phishing,1,iscx_group_014664,development,2.0
ISCX::11086,ISCX-URL2016 Phishing,1,iscx_group_003931,test,
ISCX::11087,ISCX-URL2016 Phishing,1,iscx_group_014064,development,3.0
ISCX::11088,ISCX-URL2016 Phishing,1,iscx_group_008744,development,3.0
ISCX::11089,ISCX-URL2016 Phishing,1,iscx_group_014341,calibration,
ISCX::11090,ISCX-URL2016 Phishing,1,iscx_group_005928,calibration,
ISCX::11091,ISCX-URL2016 Phishing,1,iscx_group_013109,development,3.0
ISCX::11092,ISCX-URL2016 Phishing,1,iscx_group_012934,development,1.0
ISCX::11093,ISCX-URL2016 Phishing,1,iscx_group_008881,development,2.0
ISCX::11094,ISCX-URL2016 Phishing,1,iscx_group_009081,development,1.0
ISCX::11095,ISCX-URL2016 Phishing,1,iscx_group_011411,development,1.0
ISCX::11096,ISCX-URL2016 Phishing,1,iscx_group_011445,test,
ISCX::11097,ISCX-URL2016 Phishing,1,iscx_group_014652,development,5.0
ISCX::11098,ISCX-URL2016 Phishing,1,iscx_group_006368,development,2.0
ISCX::11099,ISCX-URL2016 Phishing,1,iscx_group_005430,development,5.0
ISCX::11100,ISCX-URL2016 Phishing,1,iscx_group_013438,calibration,
ISCX::11101,ISCX-URL2016 Phishing,1,iscx_group_013018,development,2.0
ISCX::11102,ISCX-URL2016 Phishing,1,iscx_group_013617,development,1.0
ISCX::11103,ISCX-URL2016 Phishing,1,iscx_group_008798,development,5.0
ISCX::11104,ISCX-URL2016 Phishing,1,iscx_group_006958,calibration,
ISCX::11105,ISCX-URL2016 Phishing,1,iscx_group_010631,development,2.0
ISCX::11106,ISCX-URL2016 Phishing,1,iscx_group_009766,calibration,
ISCX::11107,ISCX-URL2016 Phishing,1,iscx_group_014090,development,1.0
ISCX::11108,ISCX-URL2016 Phishing,1,iscx_group_000995,development,5.0
ISCX::11109,ISCX-URL2016 Phishing,1,iscx_group_007853,development,5.0
ISCX::11110,ISCX-URL2016 Phishing,1,iscx_group_008364,development,1.0
ISCX::11111,ISCX-URL2016 Phishing,1,iscx_group_003067,test,
ISCX::11112,ISCX-URL2016 Phishing,1,iscx_group_013806,development,2.0
ISCX::11113,ISCX-URL2016 Phishing,1,iscx_group_012868,development,2.0
ISCX::11114,ISCX-URL2016 Phishing,1,iscx_group_004668,development,3.0
ISCX::11115,ISCX-URL2016 Phishing,1,iscx_group_013380,development,5.0
ISCX::11116,ISCX-URL2016 Phishing,1,iscx_group_010896,development,5.0
ISCX::11117,ISCX-URL2016 Phishing,1,iscx_group_002051,calibration,
ISCX::11118,ISCX-URL2016 Phishing,1,iscx_group_010086,development,1.0
ISCX::11119,ISCX-URL2016 Phishing,1,iscx_group_010993,development,5.0
ISCX::11120,ISCX-URL2016 Phishing,1,iscx_group_003610,development,1.0
ISCX::11121,ISCX-URL2016 Phishing,1,iscx_group_014581,development,3.0
ISCX::11122,ISCX-URL2016 Phishing,1,iscx_group_001708,development,4.0
ISCX::11123,ISCX-URL2016 Phishing,1,iscx_group_001375,development,1.0
ISCX::11124,ISCX-URL2016 Phishing,1,iscx_group_009692,calibration,
ISCX::11125,ISCX-URL2016 Phishing,1,iscx_group_009337,development,5.0
ISCX::11126,ISCX-URL2016 Phishing,1,iscx_group_004823,test,
ISCX::11127,ISCX-URL2016 Phishing,1,iscx_group_005721,development,5.0
ISCX::11128,ISCX-URL2016 Phishing,1,iscx_group_011973,development,2.0
ISCX::11129,ISCX-URL2016 Phishing,1,iscx_group_002782,development,3.0
ISCX::11130,ISCX-URL2016 Phishing,1,iscx_group_010848,development,5.0
ISCX::11131,ISCX-URL2016 Phishing,1,iscx_group_002470,test,
ISCX::11132,ISCX-URL2016 Phishing,1,iscx_group_005186,development,3.0
ISCX::11133,ISCX-URL2016 Phishing,1,iscx_group_005480,development,4.0
ISCX::11134,ISCX-URL2016 Phishing,1,iscx_group_000194,test,
ISCX::11135,ISCX-URL2016 Phishing,1,iscx_group_010928,test,
ISCX::11136,ISCX-URL2016 Phishing,1,iscx_group_000393,calibration,
ISCX::11137,ISCX-URL2016 Phishing,1,iscx_group_006011,calibration,
ISCX::11138,ISCX-URL2016 Phishing,1,iscx_group_011365,development,5.0
ISCX::11139,ISCX-URL2016 Phishing,1,iscx_group_002749,development,4.0
ISCX::11140,ISCX-URL2016 Phishing,1,iscx_group_011188,development,3.0
ISCX::11141,ISCX-URL2016 Phishing,1,iscx_group_003385,development,3.0
ISCX::11142,ISCX-URL2016 Phishing,1,iscx_group_003494,development,5.0
ISCX::11143,ISCX-URL2016 Phishing,1,iscx_group_010699,development,1.0
ISCX::11144,ISCX-URL2016 Phishing,1,iscx_group_007498,development,2.0
ISCX::11145,ISCX-URL2016 Phishing,1,iscx_group_000271,development,3.0
ISCX::11146,ISCX-URL2016 Phishing,1,iscx_group_003658,development,2.0
ISCX::11147,ISCX-URL2016 Phishing,1,iscx_group_002197,calibration,
ISCX::11148,ISCX-URL2016 Phishing,1,iscx_group_006776,calibration,
ISCX::11149,ISCX-URL2016 Phishing,1,iscx_group_012393,development,3.0
ISCX::11150,ISCX-URL2016 Phishing,1,iscx_group_005176,development,3.0
ISCX::11151,ISCX-URL2016 Phishing,1,iscx_group_009659,development,3.0
ISCX::11152,ISCX-URL2016 Phishing,1,iscx_group_001482,calibration,
ISCX::11153,ISCX-URL2016 Phishing,1,iscx_group_001555,development,5.0
ISCX::11154,ISCX-URL2016 Phishing,1,iscx_group_005040,development,2.0
ISCX::11155,ISCX-URL2016 Phishing,1,iscx_group_010987,development,5.0
ISCX::11156,ISCX-URL2016 Phishing,1,iscx_group_010598,development,3.0
ISCX::11157,ISCX-URL2016 Phishing,1,iscx_group_013010,calibration,
ISCX::11158,ISCX-URL2016 Phishing,1,iscx_group_014151,development,2.0
ISCX::11159,ISCX-URL2016 Phishing,1,iscx_group_003427,test,
ISCX::11160,ISCX-URL2016 Phishing,1,iscx_group_006939,development,1.0
ISCX::11161,ISCX-URL2016 Phishing,1,iscx_group_006723,test,
ISCX::11162,ISCX-URL2016 Phishing,1,iscx_group_002509,development,3.0
ISCX::11163,ISCX-URL2016 Phishing,1,iscx_group_008543,development,4.0
ISCX::11164,ISCX-URL2016 Phishing,1,iscx_group_008591,calibration,
ISCX::11165,ISCX-URL2016 Phishing,1,iscx_group_010410,calibration,
ISCX::11166,ISCX-URL2016 Phishing,1,iscx_group_010125,development,4.0
ISCX::11167,ISCX-URL2016 Phishing,1,iscx_group_008598,test,
ISCX::11168,ISCX-URL2016 Phishing,1,iscx_group_004366,development,1.0
ISCX::11169,ISCX-URL2016 Phishing,1,iscx_group_003349,development,1.0
ISCX::11170,ISCX-URL2016 Phishing,1,iscx_group_008413,development,4.0
ISCX::11171,ISCX-URL2016 Phishing,1,iscx_group_012741,development,1.0
ISCX::11172,ISCX-URL2016 Phishing,1,iscx_group_008723,development,2.0
ISCX::11173,ISCX-URL2016 Phishing,1,iscx_group_010638,development,3.0
ISCX::11174,ISCX-URL2016 Phishing,1,iscx_group_012848,development,4.0
ISCX::11175,ISCX-URL2016 Phishing,1,iscx_group_005233,calibration,
ISCX::11176,ISCX-URL2016 Phishing,1,iscx_group_014133,calibration,
ISCX::11177,ISCX-URL2016 Phishing,1,iscx_group_008621,development,3.0
ISCX::11178,ISCX-URL2016 Phishing,1,iscx_group_010424,test,
ISCX::11179,ISCX-URL2016 Phishing,1,iscx_group_002533,development,4.0
ISCX::11180,ISCX-URL2016 Phishing,1,iscx_group_011846,development,3.0
ISCX::11181,ISCX-URL2016 Phishing,1,iscx_group_007062,development,3.0
ISCX::11182,ISCX-URL2016 Phishing,1,iscx_group_014628,development,3.0
ISCX::11183,ISCX-URL2016 Phishing,1,iscx_group_007360,development,4.0
ISCX::11184,ISCX-URL2016 Phishing,1,iscx_group_002260,test,
ISCX::11185,ISCX-URL2016 Phishing,1,iscx_group_004220,development,3.0
ISCX::11186,ISCX-URL2016 Phishing,1,iscx_group_009684,development,3.0
ISCX::11187,ISCX-URL2016 Phishing,1,iscx_group_001571,development,3.0
ISCX::11188,ISCX-URL2016 Phishing,1,iscx_group_000668,development,4.0
ISCX::11189,ISCX-URL2016 Phishing,1,iscx_group_006699,test,
ISCX::11190,ISCX-URL2016 Phishing,1,iscx_group_014334,test,
ISCX::11191,ISCX-URL2016 Phishing,1,iscx_group_010453,development,5.0
ISCX::11192,ISCX-URL2016 Phishing,1,iscx_group_008345,test,
ISCX::11193,ISCX-URL2016 Phishing,1,iscx_group_008415,development,2.0
ISCX::11194,ISCX-URL2016 Phishing,1,iscx_group_013463,development,1.0
ISCX::11195,ISCX-URL2016 Phishing,1,iscx_group_004832,development,1.0
ISCX::11196,ISCX-URL2016 Phishing,1,iscx_group_008053,calibration,
ISCX::11197,ISCX-URL2016 Phishing,1,iscx_group_012037,development,3.0
ISCX::11198,ISCX-URL2016 Phishing,1,iscx_group_011320,development,2.0
ISCX::11199,ISCX-URL2016 Phishing,1,iscx_group_008931,development,5.0
ISCX::11200,ISCX-URL2016 Phishing,1,iscx_group_004537,development,5.0
ISCX::11201,ISCX-URL2016 Phishing,1,iscx_group_006870,calibration,
ISCX::11202,ISCX-URL2016 Phishing,1,iscx_group_002769,development,4.0
ISCX::11203,ISCX-URL2016 Phishing,1,iscx_group_014349,test,
ISCX::11204,ISCX-URL2016 Phishing,1,iscx_group_008813,development,4.0
ISCX::11205,ISCX-URL2016 Phishing,1,iscx_group_013232,development,3.0
ISCX::11206,ISCX-URL2016 Phishing,1,iscx_group_001288,development,5.0
ISCX::11207,ISCX-URL2016 Phishing,1,iscx_group_002455,development,2.0
ISCX::11208,ISCX-URL2016 Phishing,1,iscx_group_011093,development,5.0
ISCX::11209,ISCX-URL2016 Phishing,1,iscx_group_000429,development,3.0
ISCX::11210,ISCX-URL2016 Phishing,1,iscx_group_011292,calibration,
ISCX::11211,ISCX-URL2016 Phishing,1,iscx_group_006732,development,5.0
ISCX::11212,ISCX-URL2016 Phishing,1,iscx_group_003293,development,2.0
ISCX::11213,ISCX-URL2016 Phishing,1,iscx_group_014126,development,3.0
ISCX::11214,ISCX-URL2016 Phishing,1,iscx_group_014539,development,1.0
ISCX::11215,ISCX-URL2016 Phishing,1,iscx_group_011891,development,1.0
ISCX::11216,ISCX-URL2016 Phishing,1,iscx_group_002266,development,2.0
ISCX::11217,ISCX-URL2016 Phishing,1,iscx_group_005359,development,2.0
ISCX::11218,ISCX-URL2016 Phishing,1,iscx_group_001355,development,4.0
ISCX::11219,ISCX-URL2016 Phishing,1,iscx_group_006016,calibration,
ISCX::11220,ISCX-URL2016 Phishing,1,iscx_group_007844,development,2.0
ISCX::11221,ISCX-URL2016 Phishing,1,iscx_group_004436,development,5.0
ISCX::11222,ISCX-URL2016 Phishing,1,iscx_group_000195,development,1.0
ISCX::11223,ISCX-URL2016 Phishing,1,iscx_group_008680,test,
ISCX::11224,ISCX-URL2016 Phishing,1,iscx_group_012707,test,
ISCX::11225,ISCX-URL2016 Phishing,1,iscx_group_009457,development,4.0
ISCX::11226,ISCX-URL2016 Phishing,1,iscx_group_004677,development,1.0
ISCX::11227,ISCX-URL2016 Phishing,1,iscx_group_001408,calibration,
ISCX::11228,ISCX-URL2016 Phishing,1,iscx_group_010437,test,
ISCX::11229,ISCX-URL2016 Phishing,1,iscx_group_006633,calibration,
ISCX::11230,ISCX-URL2016 Phishing,1,iscx_group_012412,development,2.0
ISCX::11231,ISCX-URL2016 Phishing,1,iscx_group_013234,development,4.0
ISCX::11232,ISCX-URL2016 Phishing,1,iscx_group_010039,calibration,
ISCX::11233,ISCX-URL2016 Phishing,1,iscx_group_002475,development,5.0
ISCX::11234,ISCX-URL2016 Phishing,1,iscx_group_012768,development,2.0
ISCX::11235,ISCX-URL2016 Phishing,1,iscx_group_003108,development,4.0
ISCX::11236,ISCX-URL2016 Phishing,1,iscx_group_011314,development,5.0
ISCX::11237,ISCX-URL2016 Phishing,1,iscx_group_003323,development,4.0
ISCX::11238,ISCX-URL2016 Phishing,1,iscx_group_003298,development,2.0
ISCX::11239,ISCX-URL2016 Phishing,1,iscx_group_013518,development,3.0
ISCX::11240,ISCX-URL2016 Phishing,1,iscx_group_013297,test,
ISCX::11241,ISCX-URL2016 Phishing,1,iscx_group_000738,development,2.0
ISCX::11242,ISCX-URL2016 Phishing,1,iscx_group_002050,development,5.0
ISCX::11243,ISCX-URL2016 Phishing,1,iscx_group_001883,development,5.0
ISCX::11244,ISCX-URL2016 Phishing,1,iscx_group_007894,development,1.0
ISCX::11245,ISCX-URL2016 Phishing,1,iscx_group_008354,development,3.0
ISCX::11246,ISCX-URL2016 Phishing,1,iscx_group_004709,development,3.0
ISCX::11247,ISCX-URL2016 Phishing,1,iscx_group_011173,test,
ISCX::11248,ISCX-URL2016 Phishing,1,iscx_group_010388,development,3.0
ISCX::11249,ISCX-URL2016 Phishing,1,iscx_group_004496,development,5.0
ISCX::11250,ISCX-URL2016 Phishing,1,iscx_group_004742,calibration,
ISCX::11251,ISCX-URL2016 Phishing,1,iscx_group_002133,development,5.0
ISCX::11252,ISCX-URL2016 Phishing,1,iscx_group_013393,development,4.0
ISCX::11253,ISCX-URL2016 Phishing,1,iscx_group_011870,development,4.0
ISCX::11254,ISCX-URL2016 Phishing,1,iscx_group_004266,calibration,
ISCX::11255,ISCX-URL2016 Phishing,1,iscx_group_005159,calibration,
ISCX::11256,ISCX-URL2016 Phishing,1,iscx_group_006969,development,1.0
ISCX::11257,ISCX-URL2016 Phishing,1,iscx_group_009409,development,4.0
ISCX::11258,ISCX-URL2016 Phishing,1,iscx_group_004471,calibration,
ISCX::11259,ISCX-URL2016 Phishing,1,iscx_group_003040,test,
ISCX::11260,ISCX-URL2016 Phishing,1,iscx_group_010380,development,2.0
ISCX::11261,ISCX-URL2016 Phishing,1,iscx_group_008035,development,3.0
ISCX::11262,ISCX-URL2016 Phishing,1,iscx_group_012092,test,
ISCX::11263,ISCX-URL2016 Phishing,1,iscx_group_003376,development,5.0
ISCX::11264,ISCX-URL2016 Phishing,1,iscx_group_005624,development,4.0
ISCX::11265,ISCX-URL2016 Phishing,1,iscx_group_003086,calibration,
ISCX::11266,ISCX-URL2016 Phishing,1,iscx_group_007385,development,3.0
ISCX::11267,ISCX-URL2016 Phishing,1,iscx_group_002659,development,3.0
ISCX::11268,ISCX-URL2016 Phishing,1,iscx_group_009455,test,
ISCX::11269,ISCX-URL2016 Phishing,1,iscx_group_012989,development,1.0
ISCX::11270,ISCX-URL2016 Phishing,1,iscx_group_004817,development,3.0
ISCX::11271,ISCX-URL2016 Phishing,1,iscx_group_013249,development,3.0
ISCX::11272,ISCX-URL2016 Phishing,1,iscx_group_003510,test,
ISCX::11273,ISCX-URL2016 Phishing,1,iscx_group_009384,development,2.0
ISCX::11274,ISCX-URL2016 Phishing,1,iscx_group_004630,development,5.0
ISCX::11275,ISCX-URL2016 Phishing,1,iscx_group_010783,development,3.0
ISCX::11276,ISCX-URL2016 Phishing,1,iscx_group_009694,development,4.0
ISCX::11277,ISCX-URL2016 Phishing,1,iscx_group_007666,development,5.0
ISCX::11278,ISCX-URL2016 Phishing,1,iscx_group_004043,test,
ISCX::11279,ISCX-URL2016 Phishing,1,iscx_group_005654,development,3.0
ISCX::11280,ISCX-URL2016 Phishing,1,iscx_group_005854,development,4.0
ISCX::11281,ISCX-URL2016 Phishing,1,iscx_group_004387,test,
ISCX::11282,ISCX-URL2016 Phishing,1,iscx_group_005933,development,4.0
ISCX::11283,ISCX-URL2016 Phishing,1,iscx_group_011634,development,2.0
ISCX::11284,ISCX-URL2016 Phishing,1,iscx_group_001876,development,5.0
ISCX::11285,ISCX-URL2016 Phishing,1,iscx_group_001333,calibration,
ISCX::11286,ISCX-URL2016 Phishing,1,iscx_group_011598,test,
ISCX::11287,ISCX-URL2016 Phishing,1,iscx_group_007362,development,3.0
ISCX::11288,ISCX-URL2016 Phishing,1,iscx_group_001328,test,
ISCX::11289,ISCX-URL2016 Phishing,1,iscx_group_005849,development,2.0
ISCX::11290,ISCX-URL2016 Phishing,1,iscx_group_007636,development,3.0
ISCX::11291,ISCX-URL2016 Phishing,1,iscx_group_009040,test,
ISCX::11292,ISCX-URL2016 Phishing,1,iscx_group_001365,development,3.0
ISCX::11293,ISCX-URL2016 Phishing,1,iscx_group_007948,test,
ISCX::11294,ISCX-URL2016 Phishing,1,iscx_group_010496,calibration,
ISCX::11295,ISCX-URL2016 Phishing,1,iscx_group_002384,development,4.0
ISCX::11296,ISCX-URL2016 Phishing,1,iscx_group_002436,test,
ISCX::11297,ISCX-URL2016 Phishing,1,iscx_group_010677,development,2.0
ISCX::11298,ISCX-URL2016 Phishing,1,iscx_group_011191,calibration,
ISCX::11299,ISCX-URL2016 Phishing,1,iscx_group_001777,development,5.0
ISCX::11300,ISCX-URL2016 Phishing,1,iscx_group_003011,calibration,
ISCX::11301,ISCX-URL2016 Phishing,1,iscx_group_005845,development,2.0
ISCX::11302,ISCX-URL2016 Phishing,1,iscx_group_005577,test,
ISCX::11303,ISCX-URL2016 Phishing,1,iscx_group_004313,calibration,
ISCX::11304,ISCX-URL2016 Phishing,1,iscx_group_001450,development,4.0
ISCX::11305,ISCX-URL2016 Phishing,1,iscx_group_000776,development,1.0
ISCX::11306,ISCX-URL2016 Phishing,1,iscx_group_004713,development,5.0
ISCX::11307,ISCX-URL2016 Phishing,1,iscx_group_013285,calibration,
ISCX::11308,ISCX-URL2016 Phishing,1,iscx_group_003994,development,1.0
ISCX::11309,ISCX-URL2016 Phishing,1,iscx_group_004349,calibration,
ISCX::11310,ISCX-URL2016 Phishing,1,iscx_group_003643,development,1.0
ISCX::11311,ISCX-URL2016 Phishing,1,iscx_group_006272,development,5.0
ISCX::11312,ISCX-URL2016 Phishing,1,iscx_group_013147,development,4.0
ISCX::11313,ISCX-URL2016 Phishing,1,iscx_group_010138,development,4.0
ISCX::11314,ISCX-URL2016 Phishing,1,iscx_group_013585,development,1.0
ISCX::11315,ISCX-URL2016 Phishing,1,iscx_group_004690,calibration,
ISCX::11316,ISCX-URL2016 Phishing,1,iscx_group_010861,development,4.0
ISCX::11317,ISCX-URL2016 Phishing,1,iscx_group_003810,calibration,
ISCX::11318,ISCX-URL2016 Phishing,1,iscx_group_013779,development,2.0
ISCX::11319,ISCX-URL2016 Phishing,1,iscx_group_006295,development,1.0
ISCX::11320,ISCX-URL2016 Phishing,1,iscx_group_002380,calibration,
ISCX::11321,ISCX-URL2016 Phishing,1,iscx_group_008496,calibration,
ISCX::11322,ISCX-URL2016 Phishing,1,iscx_group_010811,calibration,
ISCX::11323,ISCX-URL2016 Phishing,1,iscx_group_009556,calibration,
ISCX::11324,ISCX-URL2016 Phishing,1,iscx_group_012849,development,1.0
ISCX::11325,ISCX-URL2016 Phishing,1,iscx_group_011142,test,
ISCX::11326,ISCX-URL2016 Phishing,1,iscx_group_005038,development,4.0
ISCX::11327,ISCX-URL2016 Phishing,1,iscx_group_007470,calibration,
ISCX::11328,ISCX-URL2016 Phishing,1,iscx_group_004237,development,2.0
ISCX::11329,ISCX-URL2016 Phishing,1,iscx_group_014523,calibration,
ISCX::11330,ISCX-URL2016 Phishing,1,iscx_group_013038,development,5.0
ISCX::11331,ISCX-URL2016 Phishing,1,iscx_group_011416,test,
ISCX::11332,ISCX-URL2016 Phishing,1,iscx_group_012879,development,4.0
ISCX::11333,ISCX-URL2016 Phishing,1,iscx_group_009236,development,5.0
ISCX::11334,ISCX-URL2016 Phishing,1,iscx_group_001609,calibration,
ISCX::11335,ISCX-URL2016 Phishing,1,iscx_group_010251,development,1.0
ISCX::11336,ISCX-URL2016 Phishing,1,iscx_group_008054,calibration,
ISCX::11337,ISCX-URL2016 Phishing,1,iscx_group_000670,development,3.0
ISCX::11338,ISCX-URL2016 Phishing,1,iscx_group_005183,calibration,
ISCX::11339,ISCX-URL2016 Phishing,1,iscx_group_011643,development,5.0
ISCX::11340,ISCX-URL2016 Phishing,1,iscx_group_013782,development,4.0
ISCX::11341,ISCX-URL2016 Phishing,1,iscx_group_004867,calibration,
ISCX::11342,ISCX-URL2016 Phishing,1,iscx_group_000044,development,3.0
ISCX::11343,ISCX-URL2016 Phishing,1,iscx_group_010790,test,
ISCX::11344,ISCX-URL2016 Phishing,1,iscx_group_008667,calibration,
ISCX::11345,ISCX-URL2016 Phishing,1,iscx_group_012394,development,1.0
ISCX::11346,ISCX-URL2016 Phishing,1,iscx_group_000474,development,3.0
ISCX::11347,ISCX-URL2016 Phishing,1,iscx_group_011180,calibration,
ISCX::11348,ISCX-URL2016 Phishing,1,iscx_group_004656,test,
ISCX::11349,ISCX-URL2016 Phishing,1,iscx_group_003102,calibration,
ISCX::11350,ISCX-URL2016 Phishing,1,iscx_group_008796,calibration,
ISCX::11351,ISCX-URL2016 Phishing,1,iscx_group_012294,development,1.0
ISCX::11352,ISCX-URL2016 Phishing,1,iscx_group_006230,development,2.0
ISCX::11353,ISCX-URL2016 Phishing,1,iscx_group_008559,development,5.0
ISCX::11354,ISCX-URL2016 Phishing,1,iscx_group_011454,development,2.0
ISCX::11355,ISCX-URL2016 Phishing,1,iscx_group_005191,development,5.0
ISCX::11356,ISCX-URL2016 Phishing,1,iscx_group_009090,development,3.0
ISCX::11357,ISCX-URL2016 Phishing,1,iscx_group_004693,development,1.0
ISCX::11358,ISCX-URL2016 Phishing,1,iscx_group_012949,test,
ISCX::11359,ISCX-URL2016 Phishing,1,iscx_group_014688,development,2.0
ISCX::11360,ISCX-URL2016 Phishing,1,iscx_group_013586,test,
ISCX::11361,ISCX-URL2016 Phishing,1,iscx_group_005118,calibration,
ISCX::11362,ISCX-URL2016 Phishing,1,iscx_group_003325,development,2.0
ISCX::11363,ISCX-URL2016 Phishing,1,iscx_group_005250,development,2.0
ISCX::11364,ISCX-URL2016 Phishing,1,iscx_group_001565,development,1.0
ISCX::11365,ISCX-URL2016 Phishing,1,iscx_group_010904,calibration,
ISCX::11366,ISCX-URL2016 Phishing,1,iscx_group_008448,development,3.0
ISCX::11367,ISCX-URL2016 Phishing,1,iscx_group_014077,test,
ISCX::11368,ISCX-URL2016 Phishing,1,iscx_group_007136,development,4.0
ISCX::11369,ISCX-URL2016 Phishing,1,iscx_group_006442,development,2.0
ISCX::11370,ISCX-URL2016 Phishing,1,iscx_group_003761,test,
ISCX::11371,ISCX-URL2016 Phishing,1,iscx_group_005082,calibration,
ISCX::11372,ISCX-URL2016 Phishing,1,iscx_group_005621,development,4.0
ISCX::11373,ISCX-URL2016 Phishing,1,iscx_group_001694,development,5.0
ISCX::11374,ISCX-URL2016 Phishing,1,iscx_group_008283,development,3.0
ISCX::11375,ISCX-URL2016 Phishing,1,iscx_group_008141,development,2.0
ISCX::11376,ISCX-URL2016 Phishing,1,iscx_group_006220,development,1.0
ISCX::11377,ISCX-URL2016 Phishing,1,iscx_group_009383,development,4.0
ISCX::11378,ISCX-URL2016 Phishing,1,iscx_group_006917,development,1.0
ISCX::11379,ISCX-URL2016 Phishing,1,iscx_group_013841,test,
ISCX::11380,ISCX-URL2016 Phishing,1,iscx_group_005926,development,2.0
ISCX::11381,ISCX-URL2016 Phishing,1,iscx_group_010996,development,1.0
ISCX::11382,ISCX-URL2016 Phishing,1,iscx_group_010114,calibration,
ISCX::11383,ISCX-URL2016 Phishing,1,iscx_group_000444,calibration,
ISCX::11384,ISCX-URL2016 Phishing,1,iscx_group_009714,calibration,
ISCX::11385,ISCX-URL2016 Phishing,1,iscx_group_011197,test,
ISCX::11386,ISCX-URL2016 Phishing,1,iscx_group_006227,development,1.0
ISCX::11387,ISCX-URL2016 Phishing,1,iscx_group_014537,test,
ISCX::11388,ISCX-URL2016 Phishing,1,iscx_group_012747,development,5.0
ISCX::11389,ISCX-URL2016 Phishing,1,iscx_group_000639,calibration,
ISCX::11390,ISCX-URL2016 Phishing,1,iscx_group_005833,development,5.0
ISCX::11391,ISCX-URL2016 Phishing,1,iscx_group_010801,development,3.0
ISCX::11392,ISCX-URL2016 Phishing,1,iscx_group_014094,development,4.0
ISCX::11393,ISCX-URL2016 Phishing,1,iscx_group_005264,development,4.0
ISCX::11394,ISCX-URL2016 Phishing,1,iscx_group_001099,development,4.0
ISCX::11395,ISCX-URL2016 Phishing,1,iscx_group_006313,test,
ISCX::11396,ISCX-URL2016 Phishing,1,iscx_group_011046,calibration,
ISCX::11397,ISCX-URL2016 Phishing,1,iscx_group_004986,development,2.0
ISCX::11398,ISCX-URL2016 Phishing,1,iscx_group_013615,development,4.0
ISCX::11399,ISCX-URL2016 Phishing,1,iscx_group_005966,development,3.0
ISCX::11400,ISCX-URL2016 Phishing,1,iscx_group_001219,development,2.0
ISCX::11401,ISCX-URL2016 Phishing,1,iscx_group_010081,development,1.0
ISCX::11402,ISCX-URL2016 Phishing,1,iscx_group_009861,development,2.0
ISCX::11403,ISCX-URL2016 Phishing,1,iscx_group_007936,development,3.0
ISCX::11404,ISCX-URL2016 Phishing,1,iscx_group_006382,development,4.0
ISCX::11405,ISCX-URL2016 Phishing,1,iscx_group_008417,development,2.0
ISCX::11406,ISCX-URL2016 Phishing,1,iscx_group_010427,development,5.0
ISCX::11407,ISCX-URL2016 Phishing,1,iscx_group_003170,calibration,
ISCX::11408,ISCX-URL2016 Phishing,1,iscx_group_005920,test,
ISCX::11409,ISCX-URL2016 Phishing,1,iscx_group_007585,development,2.0
ISCX::11410,ISCX-URL2016 Phishing,1,iscx_group_012288,development,5.0
ISCX::11411,ISCX-URL2016 Phishing,1,iscx_group_009558,development,1.0
ISCX::11412,ISCX-URL2016 Phishing,1,iscx_group_009592,development,5.0
ISCX::11413,ISCX-URL2016 Phishing,1,iscx_group_000372,development,1.0
ISCX::11414,ISCX-URL2016 Phishing,1,iscx_group_000847,development,3.0
ISCX::11415,ISCX-URL2016 Phishing,1,iscx_group_001324,development,5.0
ISCX::11416,ISCX-URL2016 Phishing,1,iscx_group_012676,development,2.0
ISCX::11417,ISCX-URL2016 Phishing,1,iscx_group_003703,development,3.0
ISCX::11418,ISCX-URL2016 Phishing,1,iscx_group_012905,development,3.0
ISCX::11419,ISCX-URL2016 Phishing,1,iscx_group_001423,development,5.0
ISCX::11420,ISCX-URL2016 Phishing,1,iscx_group_008407,test,
ISCX::11421,ISCX-URL2016 Phishing,1,iscx_group_001759,development,5.0
ISCX::11422,ISCX-URL2016 Phishing,1,iscx_group_005113,development,2.0
ISCX::11423,ISCX-URL2016 Phishing,1,iscx_group_001053,development,2.0
ISCX::11424,ISCX-URL2016 Phishing,1,iscx_group_004341,test,
ISCX::11425,ISCX-URL2016 Phishing,1,iscx_group_011410,development,4.0
ISCX::11426,ISCX-URL2016 Phishing,1,iscx_group_008935,test,
ISCX::11427,ISCX-URL2016 Phishing,1,iscx_group_010701,development,1.0
ISCX::11428,ISCX-URL2016 Phishing,1,iscx_group_010194,test,
ISCX::11429,ISCX-URL2016 Phishing,1,iscx_group_013727,development,5.0
ISCX::11430,ISCX-URL2016 Phishing,1,iscx_group_010327,calibration,
ISCX::11431,ISCX-URL2016 Phishing,1,iscx_group_007414,test,
ISCX::11432,ISCX-URL2016 Phishing,1,iscx_group_002221,development,5.0
ISCX::11433,ISCX-URL2016 Phishing,1,iscx_group_004576,development,4.0
ISCX::11434,ISCX-URL2016 Phishing,1,iscx_group_006122,calibration,
ISCX::11435,ISCX-URL2016 Phishing,1,iscx_group_002752,test,
ISCX::11436,ISCX-URL2016 Phishing,1,iscx_group_005733,development,4.0
ISCX::11437,ISCX-URL2016 Phishing,1,iscx_group_003216,development,4.0
ISCX::11438,ISCX-URL2016 Phishing,1,iscx_group_011079,development,4.0
ISCX::11439,ISCX-URL2016 Phishing,1,iscx_group_008611,development,2.0
ISCX::11440,ISCX-URL2016 Phishing,1,iscx_group_009012,test,
ISCX::11441,ISCX-URL2016 Phishing,1,iscx_group_003793,development,3.0
ISCX::11442,ISCX-URL2016 Phishing,1,iscx_group_001108,development,1.0
ISCX::11443,ISCX-URL2016 Phishing,1,iscx_group_007768,development,3.0
ISCX::11444,ISCX-URL2016 Phishing,1,iscx_group_012805,development,2.0
ISCX::11445,ISCX-URL2016 Phishing,1,iscx_group_006929,test,
ISCX::11446,ISCX-URL2016 Phishing,1,iscx_group_011767,development,5.0
ISCX::11447,ISCX-URL2016 Phishing,1,iscx_group_001567,development,1.0
ISCX::11448,ISCX-URL2016 Phishing,1,iscx_group_000849,development,5.0
ISCX::11449,ISCX-URL2016 Phishing,1,iscx_group_004492,calibration,
ISCX::11450,ISCX-URL2016 Phishing,1,iscx_group_010893,development,2.0
ISCX::11451,ISCX-URL2016 Phishing,1,iscx_group_004964,development,4.0
ISCX::11452,ISCX-URL2016 Phishing,1,iscx_group_004396,test,
ISCX::11453,ISCX-URL2016 Phishing,1,iscx_group_002474,development,4.0
ISCX::11454,ISCX-URL2016 Phishing,1,iscx_group_002772,test,
ISCX::11455,ISCX-URL2016 Phishing,1,iscx_group_003582,test,
ISCX::11456,ISCX-URL2016 Phishing,1,iscx_group_004658,development,4.0
ISCX::11457,ISCX-URL2016 Phishing,1,iscx_group_007960,development,5.0
ISCX::11458,ISCX-URL2016 Phishing,1,iscx_group_002242,development,3.0
ISCX::11459,ISCX-URL2016 Phishing,1,iscx_group_007772,test,
ISCX::11460,ISCX-URL2016 Phishing,1,iscx_group_011192,development,2.0
ISCX::11461,ISCX-URL2016 Phishing,1,iscx_group_010454,development,5.0
ISCX::11462,ISCX-URL2016 Phishing,1,iscx_group_000323,development,1.0
ISCX::11463,ISCX-URL2016 Phishing,1,iscx_group_014666,development,2.0
ISCX::11464,ISCX-URL2016 Phishing,1,iscx_group_007398,development,1.0
ISCX::11465,ISCX-URL2016 Phishing,1,iscx_group_009333,development,2.0
ISCX::11466,ISCX-URL2016 Phishing,1,iscx_group_009336,development,3.0
ISCX::11467,ISCX-URL2016 Phishing,1,iscx_group_008867,development,4.0
ISCX::11468,ISCX-URL2016 Phishing,1,iscx_group_007608,calibration,
ISCX::11469,ISCX-URL2016 Phishing,1,iscx_group_003817,development,2.0
ISCX::11470,ISCX-URL2016 Phishing,1,iscx_group_000496,test,
ISCX::11471,ISCX-URL2016 Phishing,1,iscx_group_006402,calibration,
ISCX::11472,ISCX-URL2016 Phishing,1,iscx_group_009797,development,4.0
ISCX::11473,ISCX-URL2016 Phishing,1,iscx_group_010653,test,
ISCX::11474,ISCX-URL2016 Phishing,1,iscx_group_000455,development,4.0
ISCX::11475,ISCX-URL2016 Phishing,1,iscx_group_004559,development,2.0
ISCX::11476,ISCX-URL2016 Phishing,1,iscx_group_010939,development,2.0
ISCX::11477,ISCX-URL2016 Phishing,1,iscx_group_011789,development,5.0
ISCX::11478,ISCX-URL2016 Phishing,1,iscx_group_004897,development,3.0
ISCX::11479,ISCX-URL2016 Phishing,1,iscx_group_010078,test,
ISCX::11480,ISCX-URL2016 Phishing,1,iscx_group_010266,development,4.0
ISCX::11481,ISCX-URL2016 Phishing,1,iscx_group_000432,development,1.0
ISCX::11482,ISCX-URL2016 Phishing,1,iscx_group_001421,development,5.0
ISCX::11483,ISCX-URL2016 Phishing,1,iscx_group_010192,development,1.0
ISCX::11484,ISCX-URL2016 Phishing,1,iscx_group_002606,development,2.0
ISCX::11485,ISCX-URL2016 Phishing,1,iscx_group_008246,development,2.0
ISCX::11486,ISCX-URL2016 Phishing,1,iscx_group_010011,development,2.0
ISCX::11487,ISCX-URL2016 Phishing,1,iscx_group_006856,development,4.0
ISCX::11488,ISCX-URL2016 Phishing,1,iscx_group_005726,calibration,
ISCX::11489,ISCX-URL2016 Phishing,1,iscx_group_000422,development,3.0
ISCX::11490,ISCX-URL2016 Phishing,1,iscx_group_005768,calibration,
ISCX::11491,ISCX-URL2016 Phishing,1,iscx_group_002096,calibration,
ISCX::11492,ISCX-URL2016 Phishing,1,iscx_group_000522,development,3.0
ISCX::11493,ISCX-URL2016 Phishing,1,iscx_group_010303,development,4.0
ISCX::11494,ISCX-URL2016 Phishing,1,iscx_group_004911,development,5.0
ISCX::11495,ISCX-URL2016 Phishing,1,iscx_group_007926,development,2.0
ISCX::11496,ISCX-URL2016 Phishing,1,iscx_group_000801,development,3.0
ISCX::11497,ISCX-URL2016 Phishing,1,iscx_group_004100,development,4.0
ISCX::11498,ISCX-URL2016 Phishing,1,iscx_group_010807,test,
ISCX::11499,ISCX-URL2016 Phishing,1,iscx_group_009564,test,
ISCX::11500,ISCX-URL2016 Phishing,1,iscx_group_010119,development,5.0
ISCX::11501,ISCX-URL2016 Phishing,1,iscx_group_009949,development,4.0
ISCX::11502,ISCX-URL2016 Phishing,1,iscx_group_007911,development,2.0
ISCX::11503,ISCX-URL2016 Phishing,1,iscx_group_012115,development,1.0
ISCX::11504,ISCX-URL2016 Phishing,1,iscx_group_006260,development,2.0
ISCX::11505,ISCX-URL2016 Phishing,1,iscx_group_009185,development,4.0
ISCX::11506,ISCX-URL2016 Phishing,1,iscx_group_009017,development,5.0
ISCX::11507,ISCX-URL2016 Phishing,1,iscx_group_008962,calibration,
ISCX::11508,ISCX-URL2016 Phishing,1,iscx_group_000156,test,
ISCX::11509,ISCX-URL2016 Phishing,1,iscx_group_010257,calibration,
ISCX::11510,ISCX-URL2016 Phishing,1,iscx_group_002895,test,
ISCX::11511,ISCX-URL2016 Phishing,1,iscx_group_009616,calibration,
ISCX::11512,ISCX-URL2016 Phishing,1,iscx_group_003178,test,
ISCX::11513,ISCX-URL2016 Phishing,1,iscx_group_013788,development,4.0
ISCX::11514,ISCX-URL2016 Phishing,1,iscx_group_001227,development,3.0
ISCX::11515,ISCX-URL2016 Phishing,1,iscx_group_010600,test,
ISCX::11516,ISCX-URL2016 Phishing,1,iscx_group_005373,test,
ISCX::11517,ISCX-URL2016 Phishing,1,iscx_group_012695,development,4.0
ISCX::11518,ISCX-URL2016 Phishing,1,iscx_group_011775,development,4.0
ISCX::11519,ISCX-URL2016 Phishing,1,iscx_group_001639,test,
ISCX::11520,ISCX-URL2016 Phishing,1,iscx_group_008847,development,3.0
ISCX::11521,ISCX-URL2016 Phishing,1,iscx_group_006240,development,2.0
ISCX::11522,ISCX-URL2016 Phishing,1,iscx_group_013061,development,4.0
ISCX::11523,ISCX-URL2016 Phishing,1,iscx_group_011715,calibration,
ISCX::11524,ISCX-URL2016 Phishing,1,iscx_group_005944,development,5.0
ISCX::11525,ISCX-URL2016 Phishing,1,iscx_group_004605,development,5.0
ISCX::11526,ISCX-URL2016 Phishing,1,iscx_group_009535,development,2.0
ISCX::11527,ISCX-URL2016 Phishing,1,iscx_group_014575,development,3.0
ISCX::11528,ISCX-URL2016 Phishing,1,iscx_group_006733,development,3.0
ISCX::11529,ISCX-URL2016 Phishing,1,iscx_group_000042,development,4.0
ISCX::11530,ISCX-URL2016 Phishing,1,iscx_group_005085,development,4.0
ISCX::11531,ISCX-URL2016 Phishing,1,iscx_group_000834,development,3.0
ISCX::11532,ISCX-URL2016 Phishing,1,iscx_group_010433,development,2.0
ISCX::11533,ISCX-URL2016 Phishing,1,iscx_group_014770,development,3.0
ISCX::11534,ISCX-URL2016 Phishing,1,iscx_group_002424,development,5.0
ISCX::11535,ISCX-URL2016 Phishing,1,iscx_group_007189,development,3.0
ISCX::11536,ISCX-URL2016 Phishing,1,iscx_group_008229,development,4.0
ISCX::11537,ISCX-URL2016 Phishing,1,iscx_group_000236,development,2.0
ISCX::11538,ISCX-URL2016 Phishing,1,iscx_group_008524,calibration,
ISCX::11539,ISCX-URL2016 Phishing,1,iscx_group_000822,test,
ISCX::11540,ISCX-URL2016 Phishing,1,iscx_group_005837,test,
ISCX::11541,ISCX-URL2016 Phishing,1,iscx_group_010201,development,5.0
ISCX::11542,ISCX-URL2016 Phishing,1,iscx_group_006543,development,3.0
ISCX::11543,ISCX-URL2016 Phishing,1,iscx_group_012027,development,3.0
ISCX::11544,ISCX-URL2016 Phishing,1,iscx_group_014701,development,5.0
ISCX::11545,ISCX-URL2016 Phishing,1,iscx_group_008649,test,
ISCX::11546,ISCX-URL2016 Phishing,1,iscx_group_013659,test,
ISCX::11547,ISCX-URL2016 Phishing,1,iscx_group_012081,development,5.0
ISCX::11548,ISCX-URL2016 Phishing,1,iscx_group_004711,development,4.0
ISCX::11549,ISCX-URL2016 Phishing,1,iscx_group_005629,test,
ISCX::11550,ISCX-URL2016 Phishing,1,iscx_group_012973,development,2.0
ISCX::11551,ISCX-URL2016 Phishing,1,iscx_group_014230,calibration,
ISCX::11552,ISCX-URL2016 Phishing,1,iscx_group_002503,development,1.0
ISCX::11553,ISCX-URL2016 Phishing,1,iscx_group_006687,development,5.0
ISCX::11554,ISCX-URL2016 Phishing,1,iscx_group_010509,development,5.0
ISCX::11555,ISCX-URL2016 Phishing,1,iscx_group_003320,calibration,
ISCX::11556,ISCX-URL2016 Phishing,1,iscx_group_005761,development,2.0
ISCX::11557,ISCX-URL2016 Phishing,1,iscx_group_011566,development,4.0
ISCX::11558,ISCX-URL2016 Phishing,1,iscx_group_003663,development,3.0
ISCX::11559,ISCX-URL2016 Phishing,1,iscx_group_002387,development,2.0
ISCX::11560,ISCX-URL2016 Phishing,1,iscx_group_001546,development,2.0
ISCX::11561,ISCX-URL2016 Phishing,1,iscx_group_009591,calibration,
ISCX::11562,ISCX-URL2016 Phishing,1,iscx_group_013084,development,3.0
ISCX::11563,ISCX-URL2016 Phishing,1,iscx_group_006234,development,5.0
ISCX::11564,ISCX-URL2016 Phishing,1,iscx_group_009523,development,5.0
ISCX::11565,ISCX-URL2016 Phishing,1,iscx_group_010490,development,5.0
ISCX::11566,ISCX-URL2016 Phishing,1,iscx_group_007550,development,2.0
ISCX::11567,ISCX-URL2016 Phishing,1,iscx_group_014042,test,
ISCX::11568,ISCX-URL2016 Phishing,1,iscx_group_000033,development,5.0
ISCX::11569,ISCX-URL2016 Phishing,1,iscx_group_007181,development,2.0
ISCX::11570,ISCX-URL2016 Phishing,1,iscx_group_008571,calibration,
ISCX::11571,ISCX-URL2016 Phishing,1,iscx_group_005553,development,4.0
ISCX::11572,ISCX-URL2016 Phishing,1,iscx_group_007112,development,2.0
ISCX::11573,ISCX-URL2016 Phishing,1,iscx_group_001667,development,5.0
ISCX::11574,ISCX-URL2016 Phishing,1,iscx_group_002209,development,5.0
ISCX::11575,ISCX-URL2016 Phishing,1,iscx_group_002796,calibration,
ISCX::11576,ISCX-URL2016 Phishing,1,iscx_group_002020,development,4.0
ISCX::11577,ISCX-URL2016 Phishing,1,iscx_group_002751,development,4.0
ISCX::11578,ISCX-URL2016 Phishing,1,iscx_group_008346,development,5.0
ISCX::11579,ISCX-URL2016 Phishing,1,iscx_group_004583,development,4.0
ISCX::11580,ISCX-URL2016 Phishing,1,iscx_group_013577,calibration,
ISCX::11581,ISCX-URL2016 Phishing,1,iscx_group_001748,development,1.0
ISCX::11582,ISCX-URL2016 Phishing,1,iscx_group_006420,development,2.0
ISCX::11583,ISCX-URL2016 Phishing,1,iscx_group_013457,development,5.0
ISCX::11584,ISCX-URL2016 Phishing,1,iscx_group_006290,development,3.0
ISCX::11585,ISCX-URL2016 Phishing,1,iscx_group_005424,development,5.0
ISCX::11586,ISCX-URL2016 Phishing,1,iscx_group_007233,test,
ISCX::11587,ISCX-URL2016 Phishing,1,iscx_group_006237,calibration,
ISCX::11588,ISCX-URL2016 Phishing,1,iscx_group_010053,calibration,
ISCX::11589,ISCX-URL2016 Phishing,1,iscx_group_008588,development,3.0
ISCX::11590,ISCX-URL2016 Phishing,1,iscx_group_000045,development,4.0
ISCX::11591,ISCX-URL2016 Phishing,1,iscx_group_003866,test,
ISCX::11592,ISCX-URL2016 Phishing,1,iscx_group_004284,calibration,
ISCX::11593,ISCX-URL2016 Phishing,1,iscx_group_007102,calibration,
ISCX::11594,ISCX-URL2016 Phishing,1,iscx_group_007131,development,2.0
ISCX::11595,ISCX-URL2016 Phishing,1,iscx_group_011176,calibration,
ISCX::11596,ISCX-URL2016 Phishing,1,iscx_group_013956,development,2.0
ISCX::11597,ISCX-URL2016 Phishing,1,iscx_group_012428,development,1.0
ISCX::11598,ISCX-URL2016 Phishing,1,iscx_group_009099,development,1.0
ISCX::11599,ISCX-URL2016 Phishing,1,iscx_group_011909,calibration,
ISCX::11600,ISCX-URL2016 Phishing,1,iscx_group_003053,development,3.0
ISCX::11601,ISCX-URL2016 Phishing,1,iscx_group_013225,development,1.0
ISCX::11602,ISCX-URL2016 Phishing,1,iscx_group_000178,calibration,
ISCX::11603,ISCX-URL2016 Phishing,1,iscx_group_010980,calibration,
ISCX::11604,ISCX-URL2016 Phishing,1,iscx_group_006059,development,3.0
ISCX::11605,ISCX-URL2016 Phishing,1,iscx_group_008666,development,4.0
ISCX::11606,ISCX-URL2016 Phishing,1,iscx_group_006850,development,5.0
ISCX::11607,ISCX-URL2016 Phishing,1,iscx_group_000521,test,
ISCX::11608,ISCX-URL2016 Phishing,1,iscx_group_013796,development,1.0
ISCX::11609,ISCX-URL2016 Phishing,1,iscx_group_011866,development,5.0
ISCX::11610,ISCX-URL2016 Phishing,1,iscx_group_013943,test,
ISCX::11611,ISCX-URL2016 Phishing,1,iscx_group_009119,test,
ISCX::11612,ISCX-URL2016 Phishing,1,iscx_group_001637,calibration,
ISCX::11613,ISCX-URL2016 Phishing,1,iscx_group_004872,development,3.0
ISCX::11614,ISCX-URL2016 Phishing,1,iscx_group_000340,test,
ISCX::11615,ISCX-URL2016 Phishing,1,iscx_group_011770,test,
ISCX::11616,ISCX-URL2016 Phishing,1,iscx_group_007406,development,3.0
ISCX::11617,ISCX-URL2016 Phishing,1,iscx_group_007863,development,5.0
ISCX::11618,ISCX-URL2016 Phishing,1,iscx_group_014274,test,
ISCX::11619,ISCX-URL2016 Phishing,1,iscx_group_010666,test,
ISCX::11620,ISCX-URL2016 Phishing,1,iscx_group_012153,development,2.0
ISCX::11621,ISCX-URL2016 Phishing,1,iscx_group_007653,development,4.0
ISCX::11622,ISCX-URL2016 Phishing,1,iscx_group_008864,development,4.0
ISCX::11623,ISCX-URL2016 Phishing,1,iscx_group_001736,development,1.0
ISCX::11624,ISCX-URL2016 Phishing,1,iscx_group_011537,development,1.0
ISCX::11625,ISCX-URL2016 Phishing,1,iscx_group_010667,test,
ISCX::11626,ISCX-URL2016 Phishing,1,iscx_group_011484,test,
ISCX::11627,ISCX-URL2016 Phishing,1,iscx_group_006287,calibration,
ISCX::11628,ISCX-URL2016 Phishing,1,iscx_group_010779,development,2.0
ISCX::11629,ISCX-URL2016 Phishing,1,iscx_group_008707,development,2.0
ISCX::11630,ISCX-URL2016 Phishing,1,iscx_group_014814,development,2.0
ISCX::11631,ISCX-URL2016 Phishing,1,iscx_group_006655,development,2.0
ISCX::11632,ISCX-URL2016 Phishing,1,iscx_group_008893,development,1.0
ISCX::11633,ISCX-URL2016 Phishing,1,iscx_group_004081,development,4.0
ISCX::11634,ISCX-URL2016 Phishing,1,iscx_group_010054,development,2.0
ISCX::11635,ISCX-URL2016 Phishing,1,iscx_group_004871,development,2.0
ISCX::11636,ISCX-URL2016 Phishing,1,iscx_group_009534,calibration,
ISCX::11637,ISCX-URL2016 Phishing,1,iscx_group_003240,development,4.0
ISCX::11638,ISCX-URL2016 Phishing,1,iscx_group_014320,development,2.0
ISCX::11639,ISCX-URL2016 Phishing,1,iscx_group_006385,development,1.0
ISCX::11640,ISCX-URL2016 Phishing,1,iscx_group_001086,test,
ISCX::11641,ISCX-URL2016 Phishing,1,iscx_group_003729,development,3.0
ISCX::11642,ISCX-URL2016 Phishing,1,iscx_group_002460,calibration,
ISCX::11643,ISCX-URL2016 Phishing,1,iscx_group_005589,development,4.0
ISCX::11644,ISCX-URL2016 Phishing,1,iscx_group_002793,development,5.0
ISCX::11645,ISCX-URL2016 Phishing,1,iscx_group_002719,development,1.0
ISCX::11646,ISCX-URL2016 Phishing,1,iscx_group_011171,development,4.0
ISCX::11647,ISCX-URL2016 Phishing,1,iscx_group_004874,development,1.0
ISCX::11648,ISCX-URL2016 Phishing,1,iscx_group_005908,development,4.0
ISCX::11649,ISCX-URL2016 Phishing,1,iscx_group_010927,development,1.0
ISCX::11650,ISCX-URL2016 Phishing,1,iscx_group_004574,development,3.0
ISCX::11651,ISCX-URL2016 Phishing,1,iscx_group_014818,development,3.0
ISCX::11652,ISCX-URL2016 Phishing,1,iscx_group_008516,development,4.0
ISCX::11653,ISCX-URL2016 Phishing,1,iscx_group_007704,development,3.0
ISCX::11654,ISCX-URL2016 Phishing,1,iscx_group_002718,calibration,
ISCX::11655,ISCX-URL2016 Phishing,1,iscx_group_009846,development,5.0
ISCX::11656,ISCX-URL2016 Phishing,1,iscx_group_013459,development,1.0
ISCX::11657,ISCX-URL2016 Phishing,1,iscx_group_004470,development,4.0
ISCX::11658,ISCX-URL2016 Phishing,1,iscx_group_004040,calibration,
ISCX::11659,ISCX-URL2016 Phishing,1,iscx_group_014496,calibration,
ISCX::11660,ISCX-URL2016 Phishing,1,iscx_group_013634,development,1.0
ISCX::11661,ISCX-URL2016 Phishing,1,iscx_group_005157,calibration,
ISCX::11662,ISCX-URL2016 Phishing,1,iscx_group_009928,calibration,
ISCX::11663,ISCX-URL2016 Phishing,1,iscx_group_012507,development,4.0
ISCX::11664,ISCX-URL2016 Phishing,1,iscx_group_009222,test,
ISCX::11665,ISCX-URL2016 Phishing,1,iscx_group_011911,calibration,
ISCX::11666,ISCX-URL2016 Phishing,1,iscx_group_005549,calibration,
ISCX::11667,ISCX-URL2016 Phishing,1,iscx_group_005766,calibration,
ISCX::11668,ISCX-URL2016 Phishing,1,iscx_group_007312,development,5.0
ISCX::11669,ISCX-URL2016 Phishing,1,iscx_group_004381,development,3.0
ISCX::11670,ISCX-URL2016 Phishing,1,iscx_group_000787,development,2.0
ISCX::11671,ISCX-URL2016 Phishing,1,iscx_group_013826,development,5.0
ISCX::11672,ISCX-URL2016 Phishing,1,iscx_group_013287,development,4.0
ISCX::11673,ISCX-URL2016 Phishing,1,iscx_group_007696,development,5.0
ISCX::11674,ISCX-URL2016 Phishing,1,iscx_group_005904,development,5.0
ISCX::11675,ISCX-URL2016 Phishing,1,iscx_group_000424,test,
ISCX::11676,ISCX-URL2016 Phishing,1,iscx_group_011021,development,5.0
ISCX::11677,ISCX-URL2016 Phishing,1,iscx_group_012136,development,1.0
ISCX::11678,ISCX-URL2016 Phishing,1,iscx_group_006938,development,4.0
ISCX::11679,ISCX-URL2016 Phishing,1,iscx_group_002386,development,5.0
ISCX::11680,ISCX-URL2016 Phishing,1,iscx_group_000552,development,4.0
ISCX::11681,ISCX-URL2016 Phishing,1,iscx_group_012293,development,1.0
ISCX::11682,ISCX-URL2016 Phishing,1,iscx_group_005347,calibration,
ISCX::11683,ISCX-URL2016 Phishing,1,iscx_group_003038,test,
ISCX::11684,ISCX-URL2016 Phishing,1,iscx_group_007086,development,4.0
ISCX::11685,ISCX-URL2016 Phishing,1,iscx_group_014696,calibration,
ISCX::11686,ISCX-URL2016 Phishing,1,iscx_group_003300,development,1.0
ISCX::11687,ISCX-URL2016 Phishing,1,iscx_group_003628,development,1.0
ISCX::11688,ISCX-URL2016 Phishing,1,iscx_group_012585,test,
ISCX::11689,ISCX-URL2016 Phishing,1,iscx_group_011305,development,2.0
ISCX::11690,ISCX-URL2016 Phishing,1,iscx_group_009465,calibration,
ISCX::11691,ISCX-URL2016 Phishing,1,iscx_group_011391,development,2.0
ISCX::11692,ISCX-URL2016 Phishing,1,iscx_group_006053,development,4.0
ISCX::11693,ISCX-URL2016 Phishing,1,iscx_group_000242,calibration,
ISCX::11694,ISCX-URL2016 Phishing,1,iscx_group_009715,calibration,
ISCX::11695,ISCX-URL2016 Phishing,1,iscx_group_007234,development,2.0
ISCX::11696,ISCX-URL2016 Phishing,1,iscx_group_004209,development,5.0
ISCX::11697,ISCX-URL2016 Phishing,1,iscx_group_014262,development,3.0
ISCX::11698,ISCX-URL2016 Phishing,1,iscx_group_011910,development,3.0
ISCX::11699,ISCX-URL2016 Phishing,1,iscx_group_002700,test,
ISCX::11700,ISCX-URL2016 Phishing,1,iscx_group_006529,test,
ISCX::11701,ISCX-URL2016 Phishing,1,iscx_group_003335,development,2.0
ISCX::11702,ISCX-URL2016 Phishing,1,iscx_group_004291,development,3.0
ISCX::11703,ISCX-URL2016 Phishing,1,iscx_group_003734,test,
ISCX::11704,ISCX-URL2016 Phishing,1,iscx_group_005952,development,3.0
ISCX::11705,ISCX-URL2016 Phishing,1,iscx_group_013844,test,
ISCX::11706,ISCX-URL2016 Phishing,1,iscx_group_007005,development,2.0
ISCX::11707,ISCX-URL2016 Phishing,1,iscx_group_004224,development,1.0
ISCX::11708,ISCX-URL2016 Phishing,1,iscx_group_007713,test,
ISCX::11709,ISCX-URL2016 Phishing,1,iscx_group_003441,development,4.0
ISCX::11710,ISCX-URL2016 Phishing,1,iscx_group_012003,development,5.0
ISCX::11711,ISCX-URL2016 Phishing,1,iscx_group_010421,development,2.0
ISCX::11712,ISCX-URL2016 Phishing,1,iscx_group_002695,development,5.0
ISCX::11713,ISCX-URL2016 Phishing,1,iscx_group_001674,development,4.0
ISCX::11714,ISCX-URL2016 Phishing,1,iscx_group_004773,development,1.0
ISCX::11715,ISCX-URL2016 Phishing,1,iscx_group_006933,calibration,
ISCX::11716,ISCX-URL2016 Phishing,1,iscx_group_002125,development,3.0
ISCX::11717,ISCX-URL2016 Phishing,1,iscx_group_006604,calibration,
ISCX::11718,ISCX-URL2016 Phishing,1,iscx_group_014452,test,
ISCX::11719,ISCX-URL2016 Phishing,1,iscx_group_003653,calibration,
ISCX::11720,ISCX-URL2016 Phishing,1,iscx_group_011409,development,5.0
ISCX::11721,ISCX-URL2016 Phishing,1,iscx_group_014013,development,1.0
ISCX::11722,ISCX-URL2016 Phishing,1,iscx_group_001535,test,
ISCX::11723,ISCX-URL2016 Phishing,1,iscx_group_005322,calibration,
ISCX::11724,ISCX-URL2016 Phishing,1,iscx_group_009139,development,1.0
ISCX::11725,ISCX-URL2016 Phishing,1,iscx_group_007841,development,5.0
ISCX::11726,ISCX-URL2016 Phishing,1,iscx_group_011229,development,4.0
ISCX::11727,ISCX-URL2016 Phishing,1,iscx_group_004991,development,1.0
ISCX::11728,ISCX-URL2016 Phishing,1,iscx_group_003693,development,2.0
ISCX::11729,ISCX-URL2016 Phishing,1,iscx_group_012023,test,
ISCX::11730,ISCX-URL2016 Phishing,1,iscx_group_001780,development,5.0
ISCX::11731,ISCX-URL2016 Phishing,1,iscx_group_003504,development,5.0
ISCX::11732,ISCX-URL2016 Phishing,1,iscx_group_011015,test,
ISCX::11733,ISCX-URL2016 Phishing,1,iscx_group_013399,development,1.0
ISCX::11734,ISCX-URL2016 Phishing,1,iscx_group_014576,development,2.0
ISCX::11735,ISCX-URL2016 Phishing,1,iscx_group_007808,development,3.0
ISCX::11736,ISCX-URL2016 Phishing,1,iscx_group_002428,development,5.0
ISCX::11737,ISCX-URL2016 Phishing,1,iscx_group_005750,development,5.0
ISCX::11738,ISCX-URL2016 Phishing,1,iscx_group_003727,development,1.0
ISCX::11739,ISCX-URL2016 Phishing,1,iscx_group_005411,development,4.0
ISCX::11740,ISCX-URL2016 Phishing,1,iscx_group_003595,development,1.0
ISCX::11741,ISCX-URL2016 Phishing,1,iscx_group_014811,development,1.0
ISCX::11742,ISCX-URL2016 Phishing,1,iscx_group_010288,development,3.0
ISCX::11743,ISCX-URL2016 Phishing,1,iscx_group_010467,development,4.0
ISCX::11744,ISCX-URL2016 Phishing,1,iscx_group_003375,calibration,
ISCX::11745,ISCX-URL2016 Phishing,1,iscx_group_007137,development,3.0
ISCX::11746,ISCX-URL2016 Phishing,1,iscx_group_004046,development,4.0
ISCX::11747,ISCX-URL2016 Phishing,1,iscx_group_005958,development,4.0
ISCX::11748,ISCX-URL2016 Phishing,1,iscx_group_009270,calibration,
ISCX::11749,ISCX-URL2016 Phishing,1,iscx_group_000686,calibration,
ISCX::11750,ISCX-URL2016 Phishing,1,iscx_group_011398,development,4.0
ISCX::11751,ISCX-URL2016 Phishing,1,iscx_group_001731,calibration,
ISCX::11752,ISCX-URL2016 Phishing,1,iscx_group_001186,calibration,
ISCX::11753,ISCX-URL2016 Phishing,1,iscx_group_011553,test,
ISCX::11754,ISCX-URL2016 Phishing,1,iscx_group_005608,development,3.0
ISCX::11755,ISCX-URL2016 Phishing,1,iscx_group_010253,test,
ISCX::11756,ISCX-URL2016 Phishing,1,iscx_group_014062,development,4.0
ISCX::11757,ISCX-URL2016 Phishing,1,iscx_group_005827,calibration,
ISCX::11758,ISCX-URL2016 Phishing,1,iscx_group_010015,development,5.0
ISCX::11759,ISCX-URL2016 Phishing,1,iscx_group_012017,development,3.0
ISCX::11760,ISCX-URL2016 Phishing,1,iscx_group_011795,development,3.0
ISCX::11761,ISCX-URL2016 Phishing,1,iscx_group_003711,development,2.0
ISCX::11762,ISCX-URL2016 Phishing,1,iscx_group_000982,development,3.0
ISCX::11763,ISCX-URL2016 Phishing,1,iscx_group_004219,development,2.0
ISCX::11764,ISCX-URL2016 Phishing,1,iscx_group_005148,development,1.0
ISCX::11765,ISCX-URL2016 Phishing,1,iscx_group_007155,development,2.0
ISCX::11766,ISCX-URL2016 Phishing,1,iscx_group_002976,development,1.0
ISCX::11767,ISCX-URL2016 Phishing,1,iscx_group_001232,development,3.0
ISCX::11768,ISCX-URL2016 Phishing,1,iscx_group_003892,development,3.0
ISCX::11769,ISCX-URL2016 Phishing,1,iscx_group_011966,calibration,
ISCX::11770,ISCX-URL2016 Phishing,1,iscx_group_009356,test,
ISCX::11771,ISCX-URL2016 Phishing,1,iscx_group_000760,development,1.0
ISCX::11772,ISCX-URL2016 Phishing,1,iscx_group_002823,development,2.0
ISCX::11773,ISCX-URL2016 Phishing,1,iscx_group_001140,development,4.0
ISCX::11774,ISCX-URL2016 Phishing,1,iscx_group_008612,calibration,
ISCX::11775,ISCX-URL2016 Phishing,1,iscx_group_004937,test,
ISCX::11776,ISCX-URL2016 Phishing,1,iscx_group_006866,test,
ISCX::11777,ISCX-URL2016 Phishing,1,iscx_group_014590,test,
ISCX::11778,ISCX-URL2016 Phishing,1,iscx_group_013336,development,1.0
ISCX::11779,ISCX-URL2016 Phishing,1,iscx_group_013197,development,5.0
ISCX::11780,ISCX-URL2016 Phishing,1,iscx_group_000700,development,1.0
ISCX::11781,ISCX-URL2016 Phishing,1,iscx_group_000676,development,4.0
ISCX::11782,ISCX-URL2016 Phishing,1,iscx_group_002049,development,5.0
ISCX::11783,ISCX-URL2016 Phishing,1,iscx_group_010661,calibration,
ISCX::11784,ISCX-URL2016 Phishing,1,iscx_group_011242,development,2.0
ISCX::11785,ISCX-URL2016 Phishing,1,iscx_group_008600,calibration,
ISCX::11786,ISCX-URL2016 Phishing,1,iscx_group_009303,development,2.0
ISCX::11787,ISCX-URL2016 Phishing,1,iscx_group_011971,development,5.0
ISCX::11788,ISCX-URL2016 Phishing,1,iscx_group_007660,test,
ISCX::11789,ISCX-URL2016 Phishing,1,iscx_group_008055,development,4.0
ISCX::11790,ISCX-URL2016 Phishing,1,iscx_group_010702,development,2.0
ISCX::11791,ISCX-URL2016 Phishing,1,iscx_group_005219,development,2.0
ISCX::11792,ISCX-URL2016 Phishing,1,iscx_group_013862,calibration,
ISCX::11793,ISCX-URL2016 Phishing,1,iscx_group_013601,development,3.0
ISCX::11794,ISCX-URL2016 Phishing,1,iscx_group_012576,test,
ISCX::11795,ISCX-URL2016 Phishing,1,iscx_group_010712,calibration,
ISCX::11796,ISCX-URL2016 Phishing,1,iscx_group_000584,development,2.0
ISCX::11797,ISCX-URL2016 Phishing,1,iscx_group_000870,calibration,
ISCX::11798,ISCX-URL2016 Phishing,1,iscx_group_006057,development,2.0
ISCX::11799,ISCX-URL2016 Phishing,1,iscx_group_001480,development,5.0
ISCX::11800,ISCX-URL2016 Phishing,1,iscx_group_007394,test,
ISCX::11801,ISCX-URL2016 Phishing,1,iscx_group_002731,test,
ISCX::11802,ISCX-URL2016 Phishing,1,iscx_group_007773,test,
ISCX::11803,ISCX-URL2016 Phishing,1,iscx_group_011369,development,2.0
ISCX::11804,ISCX-URL2016 Phishing,1,iscx_group_004373,development,1.0
ISCX::11805,ISCX-URL2016 Phishing,1,iscx_group_005462,development,4.0
ISCX::11806,ISCX-URL2016 Phishing,1,iscx_group_004429,calibration,
ISCX::11807,ISCX-URL2016 Phishing,1,iscx_group_011698,development,3.0
ISCX::11808,ISCX-URL2016 Phishing,1,iscx_group_011577,development,2.0
ISCX::11809,ISCX-URL2016 Phishing,1,iscx_group_013923,development,5.0
ISCX::11810,ISCX-URL2016 Phishing,1,iscx_group_002617,development,3.0
ISCX::11811,ISCX-URL2016 Phishing,1,iscx_group_007096,development,4.0
ISCX::11812,ISCX-URL2016 Phishing,1,iscx_group_008059,development,3.0
ISCX::11813,ISCX-URL2016 Phishing,1,iscx_group_000283,development,2.0
ISCX::11814,ISCX-URL2016 Phishing,1,iscx_group_006989,calibration,
ISCX::11815,ISCX-URL2016 Phishing,1,iscx_group_002321,calibration,
ISCX::11816,ISCX-URL2016 Phishing,1,iscx_group_007236,development,5.0
ISCX::11817,ISCX-URL2016 Phishing,1,iscx_group_005350,development,1.0
ISCX::11818,ISCX-URL2016 Phishing,1,iscx_group_011511,development,1.0
ISCX::11819,ISCX-URL2016 Phishing,1,iscx_group_006535,calibration,
ISCX::11820,ISCX-URL2016 Phishing,1,iscx_group_012807,calibration,
ISCX::11821,ISCX-URL2016 Phishing,1,iscx_group_008953,development,5.0
ISCX::11822,ISCX-URL2016 Phishing,1,iscx_group_011705,development,2.0
ISCX::11823,ISCX-URL2016 Phishing,1,iscx_group_011317,development,5.0
ISCX::11824,ISCX-URL2016 Phishing,1,iscx_group_012770,test,
ISCX::11825,ISCX-URL2016 Phishing,1,iscx_group_012635,development,5.0
ISCX::11826,ISCX-URL2016 Phishing,1,iscx_group_014677,development,2.0
ISCX::11827,ISCX-URL2016 Phishing,1,iscx_group_010286,development,2.0
ISCX::11828,ISCX-URL2016 Phishing,1,iscx_group_011058,development,2.0
ISCX::11829,ISCX-URL2016 Phishing,1,iscx_group_000295,development,4.0
ISCX::11830,ISCX-URL2016 Phishing,1,iscx_group_000921,development,1.0
ISCX::11831,ISCX-URL2016 Phishing,1,iscx_group_006101,development,3.0
ISCX::11832,ISCX-URL2016 Phishing,1,iscx_group_012080,development,4.0
ISCX::11833,ISCX-URL2016 Phishing,1,iscx_group_001625,test,
ISCX::11834,ISCX-URL2016 Phishing,1,iscx_group_007529,test,
ISCX::11835,ISCX-URL2016 Phishing,1,iscx_group_010983,development,5.0
ISCX::11836,ISCX-URL2016 Phishing,1,iscx_group_012389,development,2.0
ISCX::11837,ISCX-URL2016 Phishing,1,iscx_group_009735,development,3.0
ISCX::11838,ISCX-URL2016 Phishing,1,iscx_group_007022,development,3.0
ISCX::11839,ISCX-URL2016 Phishing,1,iscx_group_002568,development,1.0
ISCX::11840,ISCX-URL2016 Phishing,1,iscx_group_000648,development,3.0
ISCX::11841,ISCX-URL2016 Phishing,1,iscx_group_010167,development,5.0
ISCX::11842,ISCX-URL2016 Phishing,1,iscx_group_010057,test,
ISCX::11843,ISCX-URL2016 Phishing,1,iscx_group_009073,development,4.0
ISCX::11844,ISCX-URL2016 Phishing,1,iscx_group_012390,calibration,
ISCX::11845,ISCX-URL2016 Phishing,1,iscx_group_013163,development,2.0
ISCX::11846,ISCX-URL2016 Phishing,1,iscx_group_004931,development,1.0
ISCX::11847,ISCX-URL2016 Phishing,1,iscx_group_008608,development,5.0
ISCX::11848,ISCX-URL2016 Phishing,1,iscx_group_006520,development,5.0
ISCX::11849,ISCX-URL2016 Phishing,1,iscx_group_008741,development,3.0
ISCX::11850,ISCX-URL2016 Phishing,1,iscx_group_002910,development,4.0
ISCX::11851,ISCX-URL2016 Phishing,1,iscx_group_008758,test,
ISCX::11852,ISCX-URL2016 Phishing,1,iscx_group_004177,calibration,
ISCX::11853,ISCX-URL2016 Phishing,1,iscx_group_014568,development,4.0
ISCX::11854,ISCX-URL2016 Phishing,1,iscx_group_008800,development,1.0
ISCX::11855,ISCX-URL2016 Phishing,1,iscx_group_000698,test,
ISCX::11856,ISCX-URL2016 Phishing,1,iscx_group_004934,development,1.0
ISCX::11857,ISCX-URL2016 Phishing,1,iscx_group_005911,calibration,
ISCX::11858,ISCX-URL2016 Phishing,1,iscx_group_002869,calibration,
ISCX::11859,ISCX-URL2016 Phishing,1,iscx_group_013170,test,
ISCX::11860,ISCX-URL2016 Phishing,1,iscx_group_006794,development,4.0
ISCX::11861,ISCX-URL2016 Phishing,1,iscx_group_000941,calibration,
ISCX::11862,ISCX-URL2016 Phishing,1,iscx_group_004223,development,5.0
ISCX::11863,ISCX-URL2016 Phishing,1,iscx_group_005464,test,
ISCX::11864,ISCX-URL2016 Phishing,1,iscx_group_004455,development,5.0
ISCX::11865,ISCX-URL2016 Phishing,1,iscx_group_000935,calibration,
ISCX::11866,ISCX-URL2016 Phishing,1,iscx_group_003498,calibration,
ISCX::11867,ISCX-URL2016 Phishing,1,iscx_group_000037,development,5.0
ISCX::11868,ISCX-URL2016 Phishing,1,iscx_group_004015,calibration,
ISCX::11869,ISCX-URL2016 Phishing,1,iscx_group_014093,test,
ISCX::11870,ISCX-URL2016 Phishing,1,iscx_group_006638,development,3.0
ISCX::11871,ISCX-URL2016 Phishing,1,iscx_group_004856,test,
ISCX::11872,ISCX-URL2016 Phishing,1,iscx_group_007028,test,
ISCX::11873,ISCX-URL2016 Phishing,1,iscx_group_012703,development,1.0
ISCX::11874,ISCX-URL2016 Phishing,1,iscx_group_010346,development,5.0
ISCX::11875,ISCX-URL2016 Phishing,1,iscx_group_011062,development,5.0
ISCX::11876,ISCX-URL2016 Phishing,1,iscx_group_003575,calibration,
ISCX::11877,ISCX-URL2016 Phishing,1,iscx_group_013087,test,
ISCX::11878,ISCX-URL2016 Phishing,1,iscx_group_013436,development,4.0
ISCX::11879,ISCX-URL2016 Phishing,1,iscx_group_013106,development,2.0
ISCX::11880,ISCX-URL2016 Phishing,1,iscx_group_003233,development,4.0
ISCX::11881,ISCX-URL2016 Phishing,1,iscx_group_007700,development,1.0
ISCX::11882,ISCX-URL2016 Phishing,1,iscx_group_009095,development,2.0
ISCX::11883,ISCX-URL2016 Phishing,1,iscx_group_011593,development,5.0
ISCX::11884,ISCX-URL2016 Phishing,1,iscx_group_002552,development,1.0
ISCX::11885,ISCX-URL2016 Phishing,1,iscx_group_004379,development,5.0
ISCX::11886,ISCX-URL2016 Phishing,1,iscx_group_001145,development,3.0
ISCX::11887,ISCX-URL2016 Phishing,1,iscx_group_010664,development,4.0
ISCX::11888,ISCX-URL2016 Phishing,1,iscx_group_009286,development,5.0
ISCX::11889,ISCX-URL2016 Phishing,1,iscx_group_008557,test,
ISCX::11890,ISCX-URL2016 Phishing,1,iscx_group_003587,development,1.0
ISCX::11891,ISCX-URL2016 Phishing,1,iscx_group_002744,development,1.0
ISCX::11892,ISCX-URL2016 Phishing,1,iscx_group_010061,development,1.0
ISCX::11893,ISCX-URL2016 Phishing,1,iscx_group_009334,calibration,
ISCX::11894,ISCX-URL2016 Phishing,1,iscx_group_000075,development,5.0
ISCX::11895,ISCX-URL2016 Phishing,1,iscx_group_009517,test,
ISCX::11896,ISCX-URL2016 Phishing,1,iscx_group_007010,development,4.0
ISCX::11897,ISCX-URL2016 Phishing,1,iscx_group_010041,development,5.0
ISCX::11898,ISCX-URL2016 Phishing,1,iscx_group_014553,development,3.0
ISCX::11899,ISCX-URL2016 Phishing,1,iscx_group_010473,development,3.0
ISCX::11900,ISCX-URL2016 Phishing,1,iscx_group_000943,development,5.0
ISCX::11901,ISCX-URL2016 Phishing,1,iscx_group_012117,development,2.0
ISCX::11902,ISCX-URL2016 Phishing,1,iscx_group_001944,calibration,
ISCX::11903,ISCX-URL2016 Phishing,1,iscx_group_000440,development,1.0
ISCX::11904,ISCX-URL2016 Phishing,1,iscx_group_007492,development,3.0
ISCX::11905,ISCX-URL2016 Phishing,1,iscx_group_001703,test,
ISCX::11906,ISCX-URL2016 Phishing,1,iscx_group_012112,calibration,
ISCX::11907,ISCX-URL2016 Phishing,1,iscx_group_010515,test,
ISCX::11908,ISCX-URL2016 Phishing,1,iscx_group_007572,calibration,
ISCX::11909,ISCX-URL2016 Phishing,1,iscx_group_009901,development,3.0
ISCX::11910,ISCX-URL2016 Phishing,1,iscx_group_012764,development,1.0
ISCX::11911,ISCX-URL2016 Phishing,1,iscx_group_007320,development,2.0
ISCX::11912,ISCX-URL2016 Phishing,1,iscx_group_004245,development,4.0
ISCX::11913,ISCX-URL2016 Phishing,1,iscx_group_000212,development,5.0
ISCX::11914,ISCX-URL2016 Phishing,1,iscx_group_011366,development,1.0
ISCX::11915,ISCX-URL2016 Phishing,1,iscx_group_005058,development,2.0
ISCX::11916,ISCX-URL2016 Phishing,1,iscx_group_007052,development,1.0
ISCX::11917,ISCX-URL2016 Phishing,1,iscx_group_012122,development,2.0
ISCX::11918,ISCX-URL2016 Phishing,1,iscx_group_010088,development,3.0
ISCX::11919,ISCX-URL2016 Phishing,1,iscx_group_014222,development,1.0
ISCX::11920,ISCX-URL2016 Phishing,1,iscx_group_010718,test,
ISCX::11921,ISCX-URL2016 Phishing,1,iscx_group_004753,development,5.0
ISCX::11922,ISCX-URL2016 Phishing,1,iscx_group_008635,development,5.0
ISCX::11923,ISCX-URL2016 Phishing,1,iscx_group_013697,calibration,
ISCX::11924,ISCX-URL2016 Phishing,1,iscx_group_002008,development,5.0
ISCX::11925,ISCX-URL2016 Phishing,1,iscx_group_003443,test,
ISCX::11926,ISCX-URL2016 Phishing,1,iscx_group_014348,development,3.0
ISCX::11927,ISCX-URL2016 Phishing,1,iscx_group_004336,development,2.0
ISCX::11928,ISCX-URL2016 Phishing,1,iscx_group_006231,test,
ISCX::11929,ISCX-URL2016 Phishing,1,iscx_group_002312,calibration,
ISCX::11930,ISCX-URL2016 Phishing,1,iscx_group_009191,development,1.0
ISCX::11931,ISCX-URL2016 Phishing,1,iscx_group_000329,development,1.0
ISCX::11932,ISCX-URL2016 Phishing,1,iscx_group_014006,development,1.0
ISCX::11933,ISCX-URL2016 Phishing,1,iscx_group_014022,test,
ISCX::11934,ISCX-URL2016 Phishing,1,iscx_group_009982,calibration,
ISCX::11935,ISCX-URL2016 Phishing,1,iscx_group_013439,development,3.0
ISCX::11936,ISCX-URL2016 Phishing,1,iscx_group_004732,development,1.0
ISCX::11937,ISCX-URL2016 Phishing,1,iscx_group_008099,development,5.0
ISCX::11938,ISCX-URL2016 Phishing,1,iscx_group_007035,development,4.0
ISCX::11939,ISCX-URL2016 Phishing,1,iscx_group_007084,development,1.0
ISCX::11940,ISCX-URL2016 Phishing,1,iscx_group_009401,development,1.0
ISCX::11941,ISCX-URL2016 Phishing,1,iscx_group_014308,development,2.0
ISCX::11942,ISCX-URL2016 Phishing,1,iscx_group_002417,development,4.0
ISCX::11943,ISCX-URL2016 Phishing,1,iscx_group_000938,development,2.0
ISCX::11944,ISCX-URL2016 Phishing,1,iscx_group_008617,calibration,
ISCX::11945,ISCX-URL2016 Phishing,1,iscx_group_006859,test,
ISCX::11946,ISCX-URL2016 Phishing,1,iscx_group_010952,development,3.0
ISCX::11947,ISCX-URL2016 Phishing,1,iscx_group_007823,development,5.0
ISCX::11948,ISCX-URL2016 Phishing,1,iscx_group_002654,development,2.0
ISCX::11949,ISCX-URL2016 Phishing,1,iscx_group_013190,development,3.0
ISCX::11950,ISCX-URL2016 Phishing,1,iscx_group_007879,development,2.0
ISCX::11951,ISCX-URL2016 Phishing,1,iscx_group_004347,development,4.0
ISCX::11952,ISCX-URL2016 Phishing,1,iscx_group_006454,test,
ISCX::11953,ISCX-URL2016 Phishing,1,iscx_group_001852,development,2.0
ISCX::11954,ISCX-URL2016 Phishing,1,iscx_group_010076,development,4.0
ISCX::11955,ISCX-URL2016 Phishing,1,iscx_group_001417,calibration,
ISCX::11956,ISCX-URL2016 Phishing,1,iscx_group_004506,calibration,
ISCX::11957,ISCX-URL2016 Phishing,1,iscx_group_001901,development,3.0
ISCX::11958,ISCX-URL2016 Phishing,1,iscx_group_001256,development,4.0
ISCX::11959,ISCX-URL2016 Phishing,1,iscx_group_002920,development,4.0
ISCX::11960,ISCX-URL2016 Phishing,1,iscx_group_005546,development,1.0
ISCX::11961,ISCX-URL2016 Phishing,1,iscx_group_008719,test,
ISCX::11962,ISCX-URL2016 Phishing,1,iscx_group_003957,development,4.0
ISCX::11963,ISCX-URL2016 Phishing,1,iscx_group_012554,test,
ISCX::11964,ISCX-URL2016 Phishing,1,iscx_group_001212,development,5.0
ISCX::11965,ISCX-URL2016 Phishing,1,iscx_group_009329,development,5.0
ISCX::11966,ISCX-URL2016 Phishing,1,iscx_group_008426,test,
ISCX::11967,ISCX-URL2016 Phishing,1,iscx_group_012953,development,3.0
ISCX::11968,ISCX-URL2016 Phishing,1,iscx_group_001357,development,1.0
ISCX::11969,ISCX-URL2016 Phishing,1,iscx_group_007785,development,4.0
ISCX::11970,ISCX-URL2016 Phishing,1,iscx_group_012645,test,
ISCX::11971,ISCX-URL2016 Phishing,1,iscx_group_009374,development,4.0
ISCX::11972,ISCX-URL2016 Phishing,1,iscx_group_005192,development,1.0
ISCX::11973,ISCX-URL2016 Phishing,1,iscx_group_000230,development,3.0
ISCX::11974,ISCX-URL2016 Phishing,1,iscx_group_001302,calibration,
ISCX::11975,ISCX-URL2016 Phishing,1,iscx_group_009793,development,4.0
ISCX::11976,ISCX-URL2016 Phishing,1,iscx_group_004669,development,3.0
ISCX::11977,ISCX-URL2016 Phishing,1,iscx_group_001414,development,2.0
ISCX::11978,ISCX-URL2016 Phishing,1,iscx_group_010426,test,
ISCX::11979,ISCX-URL2016 Phishing,1,iscx_group_000129,test,
ISCX::11980,ISCX-URL2016 Phishing,1,iscx_group_006397,development,4.0
ISCX::11981,ISCX-URL2016 Phishing,1,iscx_group_007187,development,5.0
ISCX::11982,ISCX-URL2016 Phishing,1,iscx_group_009611,development,4.0
ISCX::11983,ISCX-URL2016 Phishing,1,iscx_group_005283,development,4.0
ISCX::11984,ISCX-URL2016 Phishing,1,iscx_group_010776,calibration,
ISCX::11985,ISCX-URL2016 Phishing,1,iscx_group_009639,calibration,
ISCX::11986,ISCX-URL2016 Phishing,1,iscx_group_008977,development,4.0
ISCX::11987,ISCX-URL2016 Phishing,1,iscx_group_007507,development,2.0
ISCX::11988,ISCX-URL2016 Phishing,1,iscx_group_000985,development,5.0
ISCX::11989,ISCX-URL2016 Phishing,1,iscx_group_003154,test,
ISCX::11990,ISCX-URL2016 Phishing,1,iscx_group_002945,development,4.0
ISCX::11991,ISCX-URL2016 Phishing,1,iscx_group_001387,development,2.0
ISCX::11992,ISCX-URL2016 Phishing,1,iscx_group_007042,development,5.0
ISCX::11993,ISCX-URL2016 Phishing,1,iscx_group_005707,development,1.0
ISCX::11994,ISCX-URL2016 Phishing,1,iscx_group_000038,development,3.0
ISCX::11995,ISCX-URL2016 Phishing,1,iscx_group_010267,development,5.0
ISCX::11996,ISCX-URL2016 Phishing,1,iscx_group_012760,development,5.0
ISCX::11997,ISCX-URL2016 Phishing,1,iscx_group_011257,test,
ISCX::11998,ISCX-URL2016 Phishing,1,iscx_group_008468,development,2.0
ISCX::11999,ISCX-URL2016 Phishing,1,iscx_group_000568,development,4.0
ISCX::12000,ISCX-URL2016 Phishing,1,iscx_group_000813,test,
ISCX::12001,ISCX-URL2016 Phishing,1,iscx_group_012233,development,4.0
ISCX::12002,ISCX-URL2016 Phishing,1,iscx_group_010767,development,4.0
ISCX::12003,ISCX-URL2016 Phishing,1,iscx_group_014159,development,4.0
ISCX::12004,ISCX-URL2016 Phishing,1,iscx_group_000382,development,3.0
ISCX::12005,ISCX-URL2016 Phishing,1,iscx_group_007692,calibration,
ISCX::12006,ISCX-URL2016 Phishing,1,iscx_group_002227,development,3.0
ISCX::12007,ISCX-URL2016 Phishing,1,iscx_group_007701,development,5.0
ISCX::12008,ISCX-URL2016 Phishing,1,iscx_group_007211,development,1.0
ISCX::12009,ISCX-URL2016 Phishing,1,iscx_group_006752,development,4.0
ISCX::12010,ISCX-URL2016 Phishing,1,iscx_group_004736,calibration,
ISCX::12011,ISCX-URL2016 Phishing,1,iscx_group_002448,development,3.0
ISCX::12012,ISCX-URL2016 Phishing,1,iscx_group_000694,development,3.0
ISCX::12013,ISCX-URL2016 Phishing,1,iscx_group_009600,calibration,
ISCX::12014,ISCX-URL2016 Phishing,1,iscx_group_001385,development,2.0
ISCX::12015,ISCX-URL2016 Phishing,1,iscx_group_003787,development,1.0
ISCX::12016,ISCX-URL2016 Phishing,1,iscx_group_001581,calibration,
ISCX::12017,ISCX-URL2016 Phishing,1,iscx_group_006671,development,4.0
ISCX::12018,ISCX-URL2016 Phishing,1,iscx_group_001286,calibration,
ISCX::12019,ISCX-URL2016 Phishing,1,iscx_group_010492,development,3.0
ISCX::12020,ISCX-URL2016 Phishing,1,iscx_group_002911,development,5.0
ISCX::12021,ISCX-URL2016 Phishing,1,iscx_group_009865,development,3.0
ISCX::12022,ISCX-URL2016 Phishing,1,iscx_group_001023,calibration,
ISCX::12023,ISCX-URL2016 Phishing,1,iscx_group_001873,development,5.0
ISCX::12024,ISCX-URL2016 Phishing,1,iscx_group_002444,development,1.0
ISCX::12025,ISCX-URL2016 Phishing,1,iscx_group_012745,test,
ISCX::12026,ISCX-URL2016 Phishing,1,iscx_group_003368,development,1.0
ISCX::12027,ISCX-URL2016 Phishing,1,iscx_group_003499,development,3.0
ISCX::12028,ISCX-URL2016 Phishing,1,iscx_group_005288,calibration,
ISCX::12029,ISCX-URL2016 Phishing,1,iscx_group_014324,test,
ISCX::12030,ISCX-URL2016 Phishing,1,iscx_group_008177,development,3.0
ISCX::12031,ISCX-URL2016 Phishing,1,iscx_group_007669,development,5.0
ISCX::12032,ISCX-URL2016 Phishing,1,iscx_group_004073,development,2.0
ISCX::12033,ISCX-URL2016 Phishing,1,iscx_group_004493,development,5.0
ISCX::12034,ISCX-URL2016 Phishing,1,iscx_group_005765,development,2.0
ISCX::12035,ISCX-URL2016 Phishing,1,iscx_group_000745,development,2.0
ISCX::12036,ISCX-URL2016 Phishing,1,iscx_group_005004,development,3.0
ISCX::12037,ISCX-URL2016 Phishing,1,iscx_group_010571,development,1.0
ISCX::12038,ISCX-URL2016 Phishing,1,iscx_group_010777,development,5.0
ISCX::12039,ISCX-URL2016 Phishing,1,iscx_group_009087,development,2.0
ISCX::12040,ISCX-URL2016 Phishing,1,iscx_group_001452,development,5.0
ISCX::12041,ISCX-URL2016 Phishing,1,iscx_group_006996,development,2.0
ISCX::12042,ISCX-URL2016 Phishing,1,iscx_group_008162,test,
ISCX::12043,ISCX-URL2016 Phishing,1,iscx_group_004625,development,1.0
ISCX::12044,ISCX-URL2016 Phishing,1,iscx_group_002425,development,4.0
ISCX::12045,ISCX-URL2016 Phishing,1,iscx_group_012718,development,4.0
ISCX::12046,ISCX-URL2016 Phishing,1,iscx_group_001287,development,3.0
ISCX::12047,ISCX-URL2016 Phishing,1,iscx_group_004974,test,
ISCX::12048,ISCX-URL2016 Phishing,1,iscx_group_000253,development,3.0
ISCX::12049,ISCX-URL2016 Phishing,1,iscx_group_000959,development,2.0
ISCX::12050,ISCX-URL2016 Phishing,1,iscx_group_000426,test,
ISCX::12051,ISCX-URL2016 Phishing,1,iscx_group_003933,development,1.0
ISCX::12052,ISCX-URL2016 Phishing,1,iscx_group_009245,calibration,
ISCX::12053,ISCX-URL2016 Phishing,1,iscx_group_011262,development,4.0
ISCX::12054,ISCX-URL2016 Phishing,1,iscx_group_014569,development,2.0
ISCX::12055,ISCX-URL2016 Phishing,1,iscx_group_008774,development,3.0
ISCX::12056,ISCX-URL2016 Phishing,1,iscx_group_000279,development,4.0
ISCX::12057,ISCX-URL2016 Phishing,1,iscx_group_007251,test,
ISCX::12058,ISCX-URL2016 Phishing,1,iscx_group_009977,development,1.0
ISCX::12059,ISCX-URL2016 Phishing,1,iscx_group_009836,development,1.0
ISCX::12060,ISCX-URL2016 Phishing,1,iscx_group_012859,development,2.0
ISCX::12061,ISCX-URL2016 Phishing,1,iscx_group_004297,test,
ISCX::12062,ISCX-URL2016 Phishing,1,iscx_group_000431,development,4.0
ISCX::12063,ISCX-URL2016 Phishing,1,iscx_group_003380,development,5.0
ISCX::12064,ISCX-URL2016 Phishing,1,iscx_group_005466,development,2.0
ISCX::12065,ISCX-URL2016 Phishing,1,iscx_group_012230,test,
ISCX::12066,ISCX-URL2016 Phishing,1,iscx_group_011975,development,3.0
ISCX::12067,ISCX-URL2016 Phishing,1,iscx_group_005342,calibration,
ISCX::12068,ISCX-URL2016 Phishing,1,iscx_group_008963,calibration,
ISCX::12069,ISCX-URL2016 Phishing,1,iscx_group_003948,development,3.0
ISCX::12070,ISCX-URL2016 Phishing,1,iscx_group_006737,calibration,
ISCX::12071,ISCX-URL2016 Phishing,1,iscx_group_006345,development,1.0
ISCX::12072,ISCX-URL2016 Phishing,1,iscx_group_002728,development,1.0
ISCX::12073,ISCX-URL2016 Phishing,1,iscx_group_009166,development,1.0
ISCX::12074,ISCX-URL2016 Phishing,1,iscx_group_014158,development,5.0
ISCX::12075,ISCX-URL2016 Phishing,1,iscx_group_010829,development,4.0
ISCX::12076,ISCX-URL2016 Phishing,1,iscx_group_008903,development,4.0
ISCX::12077,ISCX-URL2016 Phishing,1,iscx_group_006984,development,2.0
ISCX::12078,ISCX-URL2016 Phishing,1,iscx_group_003546,development,5.0
ISCX::12079,ISCX-URL2016 Phishing,1,iscx_group_010489,calibration,
ISCX::12080,ISCX-URL2016 Phishing,1,iscx_group_012886,development,1.0
ISCX::12081,ISCX-URL2016 Phishing,1,iscx_group_000511,development,1.0
ISCX::12082,ISCX-URL2016 Phishing,1,iscx_group_007172,development,2.0
ISCX::12083,ISCX-URL2016 Phishing,1,iscx_group_004026,development,4.0
ISCX::12084,ISCX-URL2016 Phishing,1,iscx_group_003618,test,
ISCX::12085,ISCX-URL2016 Phishing,1,iscx_group_011904,development,4.0
ISCX::12086,ISCX-URL2016 Phishing,1,iscx_group_005041,development,1.0
ISCX::12087,ISCX-URL2016 Phishing,1,iscx_group_009911,development,1.0
ISCX::12088,ISCX-URL2016 Phishing,1,iscx_group_012900,development,4.0
ISCX::12089,ISCX-URL2016 Phishing,1,iscx_group_011056,test,
ISCX::12090,ISCX-URL2016 Phishing,1,iscx_group_007300,test,
ISCX::12091,ISCX-URL2016 Phishing,1,iscx_group_002337,development,3.0
ISCX::12092,ISCX-URL2016 Phishing,1,iscx_group_002009,development,5.0
ISCX::12093,ISCX-URL2016 Phishing,1,iscx_group_001936,development,1.0
ISCX::12094,ISCX-URL2016 Phishing,1,iscx_group_013344,development,2.0
ISCX::12095,ISCX-URL2016 Phishing,1,iscx_group_000047,development,1.0
ISCX::12096,ISCX-URL2016 Phishing,1,iscx_group_010293,development,2.0
ISCX::12097,ISCX-URL2016 Phishing,1,iscx_group_009727,development,5.0
ISCX::12098,ISCX-URL2016 Phishing,1,iscx_group_010115,calibration,
ISCX::12099,ISCX-URL2016 Phishing,1,iscx_group_011345,development,2.0
ISCX::12100,ISCX-URL2016 Phishing,1,iscx_group_011389,development,5.0
ISCX::12101,ISCX-URL2016 Phishing,1,iscx_group_000973,calibration,
ISCX::12102,ISCX-URL2016 Phishing,1,iscx_group_014107,development,4.0
ISCX::12103,ISCX-URL2016 Phishing,1,iscx_group_004968,development,5.0
ISCX::12104,ISCX-URL2016 Phishing,1,iscx_group_000107,development,2.0
ISCX::12105,ISCX-URL2016 Phishing,1,iscx_group_001975,development,4.0
ISCX::12106,ISCX-URL2016 Phishing,1,iscx_group_007064,development,3.0
ISCX::12107,ISCX-URL2016 Phishing,1,iscx_group_003922,development,4.0
ISCX::12108,ISCX-URL2016 Phishing,1,iscx_group_013079,development,4.0
ISCX::12109,ISCX-URL2016 Phishing,1,iscx_group_002612,development,4.0
ISCX::12110,ISCX-URL2016 Phishing,1,iscx_group_014389,development,5.0
ISCX::12111,ISCX-URL2016 Phishing,1,iscx_group_009282,development,1.0
ISCX::12112,ISCX-URL2016 Phishing,1,iscx_group_011105,development,4.0
ISCX::12113,ISCX-URL2016 Phishing,1,iscx_group_004161,development,1.0
ISCX::12114,ISCX-URL2016 Phishing,1,iscx_group_012424,test,
ISCX::12115,ISCX-URL2016 Phishing,1,iscx_group_000721,development,5.0
ISCX::12116,ISCX-URL2016 Phishing,1,iscx_group_005100,development,2.0
ISCX::12117,ISCX-URL2016 Phishing,1,iscx_group_012781,test,
ISCX::12118,ISCX-URL2016 Phishing,1,iscx_group_014045,calibration,
ISCX::12119,ISCX-URL2016 Phishing,1,iscx_group_003340,development,3.0
ISCX::12120,ISCX-URL2016 Phishing,1,iscx_group_014805,calibration,
ISCX::12121,ISCX-URL2016 Phishing,1,iscx_group_001170,development,5.0
ISCX::12122,ISCX-URL2016 Phishing,1,iscx_group_007644,development,4.0
ISCX::12123,ISCX-URL2016 Phishing,1,iscx_group_013229,test,
ISCX::12124,ISCX-URL2016 Phishing,1,iscx_group_005511,development,2.0
ISCX::12125,ISCX-URL2016 Phishing,1,iscx_group_002325,test,
ISCX::12126,ISCX-URL2016 Phishing,1,iscx_group_014422,development,5.0
ISCX::12127,ISCX-URL2016 Phishing,1,iscx_group_007489,calibration,
ISCX::12128,ISCX-URL2016 Phishing,1,iscx_group_008004,development,1.0
ISCX::12129,ISCX-URL2016 Phishing,1,iscx_group_012563,development,5.0
ISCX::12130,ISCX-URL2016 Phishing,1,iscx_group_014160,calibration,
ISCX::12131,ISCX-URL2016 Phishing,1,iscx_group_004860,development,3.0
ISCX::12132,ISCX-URL2016 Phishing,1,iscx_group_007216,calibration,
ISCX::12133,ISCX-URL2016 Phishing,1,iscx_group_001784,calibration,
ISCX::12134,ISCX-URL2016 Phishing,1,iscx_group_002502,development,2.0
ISCX::12135,ISCX-URL2016 Phishing,1,iscx_group_007253,development,2.0
ISCX::12136,ISCX-URL2016 Phishing,1,iscx_group_003903,test,
ISCX::12137,ISCX-URL2016 Phishing,1,iscx_group_009055,calibration,
ISCX::12138,ISCX-URL2016 Phishing,1,iscx_group_012187,calibration,
ISCX::12139,ISCX-URL2016 Phishing,1,iscx_group_013216,development,1.0
ISCX::12140,ISCX-URL2016 Phishing,1,iscx_group_010040,calibration,
ISCX::12141,ISCX-URL2016 Phishing,1,iscx_group_013274,calibration,
ISCX::12142,ISCX-URL2016 Phishing,1,iscx_group_004265,development,4.0
ISCX::12143,ISCX-URL2016 Phishing,1,iscx_group_000073,development,1.0
ISCX::12144,ISCX-URL2016 Phishing,1,iscx_group_002046,development,3.0
ISCX::12145,ISCX-URL2016 Phishing,1,iscx_group_014036,development,1.0
ISCX::12146,ISCX-URL2016 Phishing,1,iscx_group_008886,development,4.0
ISCX::12147,ISCX-URL2016 Phishing,1,iscx_group_012982,calibration,
ISCX::12148,ISCX-URL2016 Phishing,1,iscx_group_013630,development,3.0
ISCX::12149,ISCX-URL2016 Phishing,1,iscx_group_008805,development,3.0
ISCX::12150,ISCX-URL2016 Phishing,1,iscx_group_005399,development,3.0
ISCX::12151,ISCX-URL2016 Phishing,1,iscx_group_013299,test,
ISCX::12152,ISCX-URL2016 Phishing,1,iscx_group_008370,development,1.0
ISCX::12153,ISCX-URL2016 Phishing,1,iscx_group_006502,development,2.0
ISCX::12154,ISCX-URL2016 Phishing,1,iscx_group_010311,test,
ISCX::12155,ISCX-URL2016 Phishing,1,iscx_group_011660,development,5.0
ISCX::12156,ISCX-URL2016 Phishing,1,iscx_group_006563,calibration,
ISCX::12157,ISCX-URL2016 Phishing,1,iscx_group_002033,development,4.0
ISCX::12158,ISCX-URL2016 Phishing,1,iscx_group_012332,test,
ISCX::12159,ISCX-URL2016 Phishing,1,iscx_group_003181,test,
ISCX::12160,ISCX-URL2016 Phishing,1,iscx_group_014079,development,3.0
ISCX::12161,ISCX-URL2016 Phishing,1,iscx_group_014782,development,3.0
ISCX::12162,ISCX-URL2016 Phishing,1,iscx_group_007904,calibration,
ISCX::12163,ISCX-URL2016 Phishing,1,iscx_group_003716,calibration,
ISCX::12164,ISCX-URL2016 Phishing,1,iscx_group_013395,development,5.0
ISCX::12165,ISCX-URL2016 Phishing,1,iscx_group_002138,test,
ISCX::12166,ISCX-URL2016 Phishing,1,iscx_group_001902,development,5.0
ISCX::12167,ISCX-URL2016 Phishing,1,iscx_group_004999,development,2.0
ISCX::12168,ISCX-URL2016 Phishing,1,iscx_group_003740,test,
ISCX::12169,ISCX-URL2016 Phishing,1,iscx_group_006418,development,1.0
ISCX::12170,ISCX-URL2016 Phishing,1,iscx_group_001180,test,
ISCX::12171,ISCX-URL2016 Phishing,1,iscx_group_006223,development,4.0
ISCX::12172,ISCX-URL2016 Phishing,1,iscx_group_003239,test,
ISCX::12173,ISCX-URL2016 Phishing,1,iscx_group_005921,calibration,
ISCX::12174,ISCX-URL2016 Phishing,1,iscx_group_007053,test,
ISCX::12175,ISCX-URL2016 Phishing,1,iscx_group_001337,development,3.0
ISCX::12176,ISCX-URL2016 Phishing,1,iscx_group_014297,development,4.0
ISCX::12177,ISCX-URL2016 Phishing,1,iscx_group_003214,test,
ISCX::12178,ISCX-URL2016 Phishing,1,iscx_group_007759,test,
ISCX::12179,ISCX-URL2016 Phishing,1,iscx_group_005316,development,1.0
ISCX::12180,ISCX-URL2016 Phishing,1,iscx_group_000720,development,3.0
ISCX::12181,ISCX-URL2016 Phishing,1,iscx_group_010917,development,5.0
ISCX::12182,ISCX-URL2016 Phishing,1,iscx_group_012091,test,
ISCX::12183,ISCX-URL2016 Phishing,1,iscx_group_005363,development,1.0
ISCX::12184,ISCX-URL2016 Phishing,1,iscx_group_000087,development,4.0
ISCX::12185,ISCX-URL2016 Phishing,1,iscx_group_010469,development,1.0
ISCX::12186,ISCX-URL2016 Phishing,1,iscx_group_001682,calibration,
ISCX::12187,ISCX-URL2016 Phishing,1,iscx_group_001031,test,
ISCX::12188,ISCX-URL2016 Phishing,1,iscx_group_013674,development,5.0
ISCX::12189,ISCX-URL2016 Phishing,1,iscx_group_013141,test,
ISCX::12190,ISCX-URL2016 Phishing,1,iscx_group_011507,development,1.0
ISCX::12191,ISCX-URL2016 Phishing,1,iscx_group_013819,development,5.0
ISCX::12192,ISCX-URL2016 Phishing,1,iscx_group_012680,development,3.0
ISCX::12193,ISCX-URL2016 Phishing,1,iscx_group_009818,development,1.0
ISCX::12194,ISCX-URL2016 Phishing,1,iscx_group_009652,development,2.0
ISCX::12195,ISCX-URL2016 Phishing,1,iscx_group_006228,development,3.0
ISCX::12196,ISCX-URL2016 Phishing,1,iscx_group_000809,development,1.0
ISCX::12197,ISCX-URL2016 Phishing,1,iscx_group_011897,development,2.0
ISCX::12198,ISCX-URL2016 Phishing,1,iscx_group_012188,calibration,
ISCX::12199,ISCX-URL2016 Phishing,1,iscx_group_005573,development,3.0
ISCX::12200,ISCX-URL2016 Phishing,1,iscx_group_008530,development,5.0
ISCX::12201,ISCX-URL2016 Phishing,1,iscx_group_001160,development,4.0
ISCX::12202,ISCX-URL2016 Phishing,1,iscx_group_004952,calibration,
ISCX::12203,ISCX-URL2016 Phishing,1,iscx_group_001720,development,4.0
ISCX::12204,ISCX-URL2016 Phishing,1,iscx_group_005277,test,
ISCX::12205,ISCX-URL2016 Phishing,1,iscx_group_004364,calibration,
ISCX::12206,ISCX-URL2016 Phishing,1,iscx_group_008323,test,
ISCX::12207,ISCX-URL2016 Phishing,1,iscx_group_012808,test,
ISCX::12208,ISCX-URL2016 Phishing,1,iscx_group_002603,test,
ISCX::12209,ISCX-URL2016 Phishing,1,iscx_group_014767,test,
ISCX::12210,ISCX-URL2016 Phishing,1,iscx_group_004942,development,3.0
ISCX::12211,ISCX-URL2016 Phishing,1,iscx_group_011444,development,4.0
ISCX::12212,ISCX-URL2016 Phishing,1,iscx_group_004969,development,5.0
ISCX::12213,ISCX-URL2016 Phishing,1,iscx_group_004457,development,1.0
ISCX::12214,ISCX-URL2016 Phishing,1,iscx_group_006788,development,2.0
ISCX::12215,ISCX-URL2016 Phishing,1,iscx_group_005971,development,3.0
ISCX::12216,ISCX-URL2016 Phishing,1,iscx_group_009503,development,5.0
ISCX::12217,ISCX-URL2016 Phishing,1,iscx_group_006377,test,
ISCX::12218,ISCX-URL2016 Phishing,1,iscx_group_003589,development,2.0
ISCX::12219,ISCX-URL2016 Phishing,1,iscx_group_004472,calibration,
ISCX::12220,ISCX-URL2016 Phishing,1,iscx_group_000702,calibration,
ISCX::12221,ISCX-URL2016 Phishing,1,iscx_group_010304,development,1.0
ISCX::12222,ISCX-URL2016 Phishing,1,iscx_group_008949,test,
ISCX::12223,ISCX-URL2016 Phishing,1,iscx_group_012001,development,5.0
ISCX::12224,ISCX-URL2016 Phishing,1,iscx_group_012162,development,1.0
ISCX::12225,ISCX-URL2016 Phishing,1,iscx_group_010038,development,2.0
ISCX::12226,ISCX-URL2016 Phishing,1,iscx_group_014388,development,5.0
ISCX::12227,ISCX-URL2016 Phishing,1,iscx_group_001886,development,3.0
ISCX::12228,ISCX-URL2016 Phishing,1,iscx_group_005940,development,3.0
ISCX::12229,ISCX-URL2016 Phishing,1,iscx_group_003514,development,2.0
ISCX::12230,ISCX-URL2016 Phishing,1,iscx_group_008897,calibration,
ISCX::12231,ISCX-URL2016 Phishing,1,iscx_group_007403,development,1.0
ISCX::12232,ISCX-URL2016 Phishing,1,iscx_group_000519,test,
ISCX::12233,ISCX-URL2016 Phishing,1,iscx_group_009161,development,4.0
ISCX::12234,ISCX-URL2016 Phishing,1,iscx_group_011787,development,5.0
ISCX::12235,ISCX-URL2016 Phishing,1,iscx_group_010754,calibration,
ISCX::12236,ISCX-URL2016 Phishing,1,iscx_group_010110,development,1.0
ISCX::12237,ISCX-URL2016 Phishing,1,iscx_group_007561,development,5.0
ISCX::12238,ISCX-URL2016 Phishing,1,iscx_group_000225,development,1.0
ISCX::12239,ISCX-URL2016 Phishing,1,iscx_group_000361,development,2.0
ISCX::12240,ISCX-URL2016 Phishing,1,iscx_group_007130,test,
ISCX::12241,ISCX-URL2016 Phishing,1,iscx_group_009155,development,5.0
ISCX::12242,ISCX-URL2016 Phishing,1,iscx_group_003548,development,4.0
ISCX::12243,ISCX-URL2016 Phishing,1,iscx_group_000420,development,4.0
ISCX::12244,ISCX-URL2016 Phishing,1,iscx_group_005049,development,1.0
ISCX::12245,ISCX-URL2016 Phishing,1,iscx_group_004503,calibration,
ISCX::12246,ISCX-URL2016 Phishing,1,iscx_group_005216,development,5.0
ISCX::12247,ISCX-URL2016 Phishing,1,iscx_group_003049,development,2.0
ISCX::12248,ISCX-URL2016 Phishing,1,iscx_group_008519,development,4.0
ISCX::12249,ISCX-URL2016 Phishing,1,iscx_group_001940,calibration,
ISCX::12250,ISCX-URL2016 Phishing,1,iscx_group_014802,calibration,
ISCX::12251,ISCX-URL2016 Phishing,1,iscx_group_000732,test,
ISCX::12252,ISCX-URL2016 Phishing,1,iscx_group_011799,development,2.0
ISCX::12253,ISCX-URL2016 Phishing,1,iscx_group_009385,calibration,
ISCX::12254,ISCX-URL2016 Phishing,1,iscx_group_000461,development,5.0
ISCX::12255,ISCX-URL2016 Phishing,1,iscx_group_010208,development,1.0
ISCX::12256,ISCX-URL2016 Phishing,1,iscx_group_008285,test,
ISCX::12257,ISCX-URL2016 Phishing,1,iscx_group_001557,development,3.0
ISCX::12258,ISCX-URL2016 Phishing,1,iscx_group_012264,development,4.0
ISCX::12259,ISCX-URL2016 Phishing,1,iscx_group_012806,development,3.0
ISCX::12260,ISCX-URL2016 Phishing,1,iscx_group_006826,development,4.0
ISCX::12261,ISCX-URL2016 Phishing,1,iscx_group_002410,development,2.0
ISCX::12262,ISCX-URL2016 Phishing,1,iscx_group_003813,development,1.0
ISCX::12263,ISCX-URL2016 Phishing,1,iscx_group_001248,development,4.0
ISCX::12264,ISCX-URL2016 Phishing,1,iscx_group_010297,development,2.0
ISCX::12265,ISCX-URL2016 Phishing,1,iscx_group_005435,development,4.0
ISCX::12266,ISCX-URL2016 Phishing,1,iscx_group_003502,development,3.0
ISCX::12267,ISCX-URL2016 Phishing,1,iscx_group_004595,development,5.0
ISCX::12268,ISCX-URL2016 Phishing,1,iscx_group_008183,development,4.0
ISCX::12269,ISCX-URL2016 Phishing,1,iscx_group_009854,test,
ISCX::12270,ISCX-URL2016 Phishing,1,iscx_group_011859,test,
ISCX::12271,ISCX-URL2016 Phishing,1,iscx_group_007811,development,4.0
ISCX::12272,ISCX-URL2016 Phishing,1,iscx_group_007770,development,1.0
ISCX::12273,ISCX-URL2016 Phishing,1,iscx_group_010190,development,1.0
ISCX::12274,ISCX-URL2016 Phishing,1,iscx_group_002694,development,4.0
ISCX::12275,ISCX-URL2016 Phishing,1,iscx_group_012191,test,
ISCX::12276,ISCX-URL2016 Phishing,1,iscx_group_000553,development,5.0
ISCX::12277,ISCX-URL2016 Phishing,1,iscx_group_001507,development,2.0
ISCX::12278,ISCX-URL2016 Phishing,1,iscx_group_013070,development,5.0
ISCX::12279,ISCX-URL2016 Phishing,1,iscx_group_014746,development,1.0
ISCX::12280,ISCX-URL2016 Phishing,1,iscx_group_007616,development,1.0
ISCX::12281,ISCX-URL2016 Phishing,1,iscx_group_005094,test,
ISCX::12282,ISCX-URL2016 Phishing,1,iscx_group_005097,development,3.0
ISCX::12283,ISCX-URL2016 Phishing,1,iscx_group_002142,development,4.0
ISCX::12284,ISCX-URL2016 Phishing,1,iscx_group_011077,development,5.0
ISCX::12285,ISCX-URL2016 Phishing,1,iscx_group_008403,development,4.0
ISCX::12286,ISCX-URL2016 Phishing,1,iscx_group_005513,development,4.0
ISCX::12287,ISCX-URL2016 Phishing,1,iscx_group_008437,development,1.0
ISCX::12288,ISCX-URL2016 Phishing,1,iscx_group_001006,development,4.0
ISCX::12289,ISCX-URL2016 Phishing,1,iscx_group_013449,development,4.0
ISCX::12290,ISCX-URL2016 Phishing,1,iscx_group_002388,development,5.0
ISCX::12291,ISCX-URL2016 Phishing,1,iscx_group_006661,development,4.0
ISCX::12292,ISCX-URL2016 Phishing,1,iscx_group_006029,development,3.0
ISCX::12293,ISCX-URL2016 Phishing,1,iscx_group_008910,development,4.0
ISCX::12294,ISCX-URL2016 Phishing,1,iscx_group_001265,development,4.0
ISCX::12295,ISCX-URL2016 Phishing,1,iscx_group_014417,development,4.0
ISCX::12296,ISCX-URL2016 Phishing,1,iscx_group_012783,development,1.0
ISCX::12297,ISCX-URL2016 Phishing,1,iscx_group_014219,development,5.0
ISCX::12298,ISCX-URL2016 Phishing,1,iscx_group_002322,development,4.0
ISCX::12299,ISCX-URL2016 Phishing,1,iscx_group_000840,development,1.0
ISCX::12300,ISCX-URL2016 Phishing,1,iscx_group_013312,calibration,
ISCX::12301,ISCX-URL2016 Phishing,1,iscx_group_012588,development,5.0
ISCX::12302,ISCX-URL2016 Phishing,1,iscx_group_009582,development,3.0
ISCX::12303,ISCX-URL2016 Phishing,1,iscx_group_001043,development,4.0
ISCX::12304,ISCX-URL2016 Phishing,1,iscx_group_007787,development,5.0
ISCX::12305,ISCX-URL2016 Phishing,1,iscx_group_003257,development,2.0
ISCX::12306,ISCX-URL2016 Phishing,1,iscx_group_009617,development,1.0
ISCX::12307,ISCX-URL2016 Phishing,1,iscx_group_000778,development,3.0
ISCX::12308,ISCX-URL2016 Phishing,1,iscx_group_012789,development,4.0
ISCX::12309,ISCX-URL2016 Phishing,1,iscx_group_008613,development,4.0
ISCX::12310,ISCX-URL2016 Phishing,1,iscx_group_012910,test,
ISCX::12311,ISCX-URL2016 Phishing,1,iscx_group_008304,development,1.0
ISCX::12312,ISCX-URL2016 Phishing,1,iscx_group_010646,development,4.0
ISCX::12313,ISCX-URL2016 Phishing,1,iscx_group_005735,development,3.0
ISCX::12314,ISCX-URL2016 Phishing,1,iscx_group_011617,development,3.0
ISCX::12315,ISCX-URL2016 Phishing,1,iscx_group_001484,development,3.0
ISCX::12316,ISCX-URL2016 Phishing,1,iscx_group_000739,development,4.0
ISCX::12317,ISCX-URL2016 Phishing,1,iscx_group_009330,development,1.0
ISCX::12318,ISCX-URL2016 Phishing,1,iscx_group_013205,calibration,
ISCX::12319,ISCX-URL2016 Phishing,1,iscx_group_009338,development,1.0
ISCX::12320,ISCX-URL2016 Phishing,1,iscx_group_007149,development,3.0
ISCX::12321,ISCX-URL2016 Phishing,1,iscx_group_005899,development,4.0
ISCX::12322,ISCX-URL2016 Phishing,1,iscx_group_004299,development,3.0
ISCX::12323,ISCX-URL2016 Phishing,1,iscx_group_002873,development,2.0
ISCX::12324,ISCX-URL2016 Phishing,1,iscx_group_005452,test,
ISCX::12325,ISCX-URL2016 Phishing,1,iscx_group_014203,development,5.0
ISCX::12326,ISCX-URL2016 Phishing,1,iscx_group_004877,development,2.0
ISCX::12327,ISCX-URL2016 Phishing,1,iscx_group_011940,test,
ISCX::12328,ISCX-URL2016 Phishing,1,iscx_group_001488,test,
ISCX::12329,ISCX-URL2016 Phishing,1,iscx_group_013379,development,2.0
ISCX::12330,ISCX-URL2016 Phishing,1,iscx_group_009927,development,5.0
ISCX::12331,ISCX-URL2016 Phishing,1,iscx_group_002768,development,5.0
ISCX::12332,ISCX-URL2016 Phishing,1,iscx_group_010988,test,
ISCX::12333,ISCX-URL2016 Phishing,1,iscx_group_000327,development,1.0
ISCX::12334,ISCX-URL2016 Phishing,1,iscx_group_007533,test,
ISCX::12335,ISCX-URL2016 Phishing,1,iscx_group_013030,development,5.0
ISCX::12336,ISCX-URL2016 Phishing,1,iscx_group_007056,development,1.0
ISCX::12337,ISCX-URL2016 Phishing,1,iscx_group_014503,calibration,
ISCX::12338,ISCX-URL2016 Phishing,1,iscx_group_012442,development,3.0
ISCX::12339,ISCX-URL2016 Phishing,1,iscx_group_011235,development,1.0
ISCX::12340,ISCX-URL2016 Phishing,1,iscx_group_006742,calibration,
ISCX::12341,ISCX-URL2016 Phishing,1,iscx_group_008830,test,
ISCX::12342,ISCX-URL2016 Phishing,1,iscx_group_004409,test,
ISCX::12343,ISCX-URL2016 Phishing,1,iscx_group_008320,development,3.0
ISCX::12344,ISCX-URL2016 Phishing,1,iscx_group_002532,development,4.0
ISCX::12345,ISCX-URL2016 Phishing,1,iscx_group_007294,test,
ISCX::12346,ISCX-URL2016 Phishing,1,iscx_group_005276,development,1.0
ISCX::12347,ISCX-URL2016 Phishing,1,iscx_group_007763,development,5.0
ISCX::12348,ISCX-URL2016 Phishing,1,iscx_group_010953,development,4.0
ISCX::12349,ISCX-URL2016 Phishing,1,iscx_group_007820,calibration,
ISCX::12350,ISCX-URL2016 Phishing,1,iscx_group_006936,calibration,
ISCX::12351,ISCX-URL2016 Phishing,1,iscx_group_009449,calibration,
ISCX::12352,ISCX-URL2016 Phishing,1,iscx_group_000663,development,2.0
ISCX::12353,ISCX-URL2016 Phishing,1,iscx_group_002554,test,
ISCX::12354,ISCX-URL2016 Phishing,1,iscx_group_006349,calibration,
ISCX::12355,ISCX-URL2016 Phishing,1,iscx_group_009634,development,4.0
ISCX::12356,ISCX-URL2016 Phishing,1,iscx_group_009170,development,1.0
ISCX::12357,ISCX-URL2016 Phishing,1,iscx_group_003641,development,4.0
ISCX::12358,ISCX-URL2016 Phishing,1,iscx_group_000288,development,2.0
ISCX::12359,ISCX-URL2016 Phishing,1,iscx_group_006291,development,1.0
ISCX::12360,ISCX-URL2016 Phishing,1,iscx_group_004045,test,
ISCX::12361,ISCX-URL2016 Phishing,1,iscx_group_002886,calibration,
ISCX::12362,ISCX-URL2016 Phishing,1,iscx_group_013080,development,2.0
ISCX::12363,ISCX-URL2016 Phishing,1,iscx_group_013473,development,1.0
ISCX::12364,ISCX-URL2016 Phishing,1,iscx_group_007044,test,
ISCX::12365,ISCX-URL2016 Phishing,1,iscx_group_010650,calibration,
ISCX::12366,ISCX-URL2016 Phishing,1,iscx_group_000336,development,2.0
ISCX::12367,ISCX-URL2016 Phishing,1,iscx_group_009144,development,4.0
ISCX::12368,ISCX-URL2016 Phishing,1,iscx_group_002078,development,3.0
ISCX::12369,ISCX-URL2016 Phishing,1,iscx_group_002385,development,2.0
ISCX::12370,ISCX-URL2016 Phishing,1,iscx_group_007352,calibration,
ISCX::12371,ISCX-URL2016 Phishing,1,iscx_group_009636,test,
ISCX::12372,ISCX-URL2016 Phishing,1,iscx_group_003087,test,
ISCX::12373,ISCX-URL2016 Phishing,1,iscx_group_001506,development,2.0
ISCX::12374,ISCX-URL2016 Phishing,1,iscx_group_014228,calibration,
ISCX::12375,ISCX-URL2016 Phishing,1,iscx_group_012214,calibration,
ISCX::12376,ISCX-URL2016 Phishing,1,iscx_group_001263,development,3.0
ISCX::12377,ISCX-URL2016 Phishing,1,iscx_group_013786,development,5.0
ISCX::12378,ISCX-URL2016 Phishing,1,iscx_group_002343,development,4.0
ISCX::12379,ISCX-URL2016 Phishing,1,iscx_group_005835,development,2.0
ISCX::12380,ISCX-URL2016 Phishing,1,iscx_group_003599,test,
ISCX::12381,ISCX-URL2016 Phishing,1,iscx_group_006193,development,5.0
ISCX::12382,ISCX-URL2016 Phishing,1,iscx_group_008532,development,2.0
ISCX::12383,ISCX-URL2016 Phishing,1,iscx_group_013188,development,4.0
ISCX::12384,ISCX-URL2016 Phishing,1,iscx_group_007132,development,3.0
ISCX::12385,ISCX-URL2016 Phishing,1,iscx_group_009942,development,3.0
ISCX::12386,ISCX-URL2016 Phishing,1,iscx_group_011731,development,3.0
ISCX::12387,ISCX-URL2016 Phishing,1,iscx_group_006586,development,1.0
ISCX::12388,ISCX-URL2016 Phishing,1,iscx_group_006965,development,5.0
ISCX::12389,ISCX-URL2016 Phishing,1,iscx_group_001580,calibration,
ISCX::12390,ISCX-URL2016 Phishing,1,iscx_group_010441,test,
ISCX::12391,ISCX-URL2016 Phishing,1,iscx_group_001255,development,5.0
ISCX::12392,ISCX-URL2016 Phishing,1,iscx_group_014806,development,3.0
ISCX::12393,ISCX-URL2016 Phishing,1,iscx_group_008025,development,5.0
ISCX::12394,ISCX-URL2016 Phishing,1,iscx_group_002229,test,
ISCX::12395,ISCX-URL2016 Phishing,1,iscx_group_006504,development,4.0
ISCX::12396,ISCX-URL2016 Phishing,1,iscx_group_005383,development,4.0
ISCX::12397,ISCX-URL2016 Phishing,1,iscx_group_008160,test,
ISCX::12398,ISCX-URL2016 Phishing,1,iscx_group_013412,development,4.0
ISCX::12399,ISCX-URL2016 Phishing,1,iscx_group_007513,development,1.0
ISCX::12400,ISCX-URL2016 Phishing,1,iscx_group_009036,development,1.0
ISCX::12401,ISCX-URL2016 Phishing,1,iscx_group_013945,development,1.0
ISCX::12402,ISCX-URL2016 Phishing,1,iscx_group_012532,development,5.0
ISCX::12403,ISCX-URL2016 Phishing,1,iscx_group_003888,calibration,
ISCX::12404,ISCX-URL2016 Phishing,1,iscx_group_004001,calibration,
ISCX::12405,ISCX-URL2016 Phishing,1,iscx_group_008187,development,3.0
ISCX::12406,ISCX-URL2016 Phishing,1,iscx_group_007611,test,
ISCX::12407,ISCX-URL2016 Phishing,1,iscx_group_014610,development,5.0
ISCX::12408,ISCX-URL2016 Phishing,1,iscx_group_008085,development,1.0
ISCX::12409,ISCX-URL2016 Phishing,1,iscx_group_002246,development,4.0
ISCX::12410,ISCX-URL2016 Phishing,1,iscx_group_008205,development,3.0
ISCX::12411,ISCX-URL2016 Phishing,1,iscx_group_014485,test,
ISCX::12412,ISCX-URL2016 Phishing,1,iscx_group_002243,development,1.0
ISCX::12413,ISCX-URL2016 Phishing,1,iscx_group_001336,development,1.0
ISCX::12414,ISCX-URL2016 Phishing,1,iscx_group_007415,development,1.0
ISCX::12415,ISCX-URL2016 Phishing,1,iscx_group_011773,development,4.0
ISCX::12416,ISCX-URL2016 Phishing,1,iscx_group_006863,development,4.0
ISCX::12417,ISCX-URL2016 Phishing,1,iscx_group_009624,test,
ISCX::12418,ISCX-URL2016 Phishing,1,iscx_group_002931,development,3.0
ISCX::12419,ISCX-URL2016 Phishing,1,iscx_group_005467,development,1.0
ISCX::12420,ISCX-URL2016 Phishing,1,iscx_group_009387,calibration,
ISCX::12421,ISCX-URL2016 Phishing,1,iscx_group_011497,development,4.0
ISCX::12422,ISCX-URL2016 Phishing,1,iscx_group_010349,development,3.0
ISCX::12423,ISCX-URL2016 Phishing,1,iscx_group_011370,development,3.0
ISCX::12424,ISCX-URL2016 Phishing,1,iscx_group_009518,development,1.0
ISCX::12425,ISCX-URL2016 Phishing,1,iscx_group_013180,development,5.0
ISCX::12426,ISCX-URL2016 Phishing,1,iscx_group_007956,development,3.0
ISCX::12427,ISCX-URL2016 Phishing,1,iscx_group_009312,calibration,
ISCX::12428,ISCX-URL2016 Phishing,1,iscx_group_007974,test,
ISCX::12429,ISCX-URL2016 Phishing,1,iscx_group_007065,development,5.0
ISCX::12430,ISCX-URL2016 Phishing,1,iscx_group_011279,development,4.0
ISCX::12431,ISCX-URL2016 Phishing,1,iscx_group_004009,calibration,
ISCX::12432,ISCX-URL2016 Phishing,1,iscx_group_013033,development,1.0
ISCX::12433,ISCX-URL2016 Phishing,1,iscx_group_013171,development,1.0
ISCX::12434,ISCX-URL2016 Phishing,1,iscx_group_012923,test,
ISCX::12435,ISCX-URL2016 Phishing,1,iscx_group_007693,development,4.0
ISCX::12436,ISCX-URL2016 Phishing,1,iscx_group_002232,development,2.0
ISCX::12437,ISCX-URL2016 Phishing,1,iscx_group_005822,development,4.0
ISCX::12438,ISCX-URL2016 Phishing,1,iscx_group_005135,development,4.0
ISCX::12439,ISCX-URL2016 Phishing,1,iscx_group_002103,development,5.0
ISCX::12440,ISCX-URL2016 Phishing,1,iscx_group_013014,development,3.0
ISCX::12441,ISCX-URL2016 Phishing,1,iscx_group_010221,calibration,
ISCX::12442,ISCX-URL2016 Phishing,1,iscx_group_007576,development,4.0
ISCX::12443,ISCX-URL2016 Phishing,1,iscx_group_013764,development,2.0
ISCX::12444,ISCX-URL2016 Phishing,1,iscx_group_007017,development,5.0
ISCX::12445,ISCX-URL2016 Phishing,1,iscx_group_001277,development,5.0
ISCX::12446,ISCX-URL2016 Phishing,1,iscx_group_002935,development,4.0
ISCX::12447,ISCX-URL2016 Phishing,1,iscx_group_006182,development,3.0
ISCX::12448,ISCX-URL2016 Phishing,1,iscx_group_000378,development,4.0
ISCX::12449,ISCX-URL2016 Phishing,1,iscx_group_007788,development,4.0
ISCX::12450,ISCX-URL2016 Phishing,1,iscx_group_007108,development,1.0
ISCX::12451,ISCX-URL2016 Phishing,1,iscx_group_006269,development,4.0
ISCX::12452,ISCX-URL2016 Phishing,1,iscx_group_006328,development,2.0
ISCX::12453,ISCX-URL2016 Phishing,1,iscx_group_008711,calibration,
ISCX::12454,ISCX-URL2016 Phishing,1,iscx_group_011388,development,3.0
ISCX::12455,ISCX-URL2016 Phishing,1,iscx_group_000330,development,3.0
ISCX::12456,ISCX-URL2016 Phishing,1,iscx_group_001280,development,3.0
ISCX::12457,ISCX-URL2016 Phishing,1,iscx_group_004776,development,3.0
ISCX::12458,ISCX-URL2016 Phishing,1,iscx_group_014130,test,
ISCX::12459,ISCX-URL2016 Phishing,1,iscx_group_012436,development,2.0
ISCX::12460,ISCX-URL2016 Phishing,1,iscx_group_009632,test,
ISCX::12461,ISCX-URL2016 Phishing,1,iscx_group_000582,development,1.0
ISCX::12462,ISCX-URL2016 Phishing,1,iscx_group_008628,development,3.0
ISCX::12463,ISCX-URL2016 Phishing,1,iscx_group_004172,development,5.0
ISCX::12464,ISCX-URL2016 Phishing,1,iscx_group_003065,development,2.0
ISCX::12465,ISCX-URL2016 Phishing,1,iscx_group_007322,development,4.0
ISCX::12466,ISCX-URL2016 Phishing,1,iscx_group_001607,development,3.0
ISCX::12467,ISCX-URL2016 Phishing,1,iscx_group_005587,development,2.0
ISCX::12468,ISCX-URL2016 Phishing,1,iscx_group_008983,development,3.0
ISCX::12469,ISCX-URL2016 Phishing,1,iscx_group_012774,development,5.0
ISCX::12470,ISCX-URL2016 Phishing,1,iscx_group_012210,calibration,
ISCX::12471,ISCX-URL2016 Phishing,1,iscx_group_002285,test,
ISCX::12472,ISCX-URL2016 Phishing,1,iscx_group_008938,development,1.0
ISCX::12473,ISCX-URL2016 Phishing,1,iscx_group_012395,development,4.0
ISCX::12474,ISCX-URL2016 Phishing,1,iscx_group_013965,test,
ISCX::12475,ISCX-URL2016 Phishing,1,iscx_group_011519,development,5.0
ISCX::12476,ISCX-URL2016 Phishing,1,iscx_group_013822,development,3.0
ISCX::12477,ISCX-URL2016 Phishing,1,iscx_group_001577,calibration,
ISCX::12478,ISCX-URL2016 Phishing,1,iscx_group_007686,development,1.0
ISCX::12479,ISCX-URL2016 Phishing,1,iscx_group_002815,development,3.0
ISCX::12480,ISCX-URL2016 Phishing,1,iscx_group_007824,development,1.0
ISCX::12481,ISCX-URL2016 Phishing,1,iscx_group_002851,test,
ISCX::12482,ISCX-URL2016 Phishing,1,iscx_group_010751,development,1.0
ISCX::12483,ISCX-URL2016 Phishing,1,iscx_group_005700,development,4.0
ISCX::12484,ISCX-URL2016 Phishing,1,iscx_group_010176,test,
ISCX::12485,ISCX-URL2016 Phishing,1,iscx_group_007020,test,
ISCX::12486,ISCX-URL2016 Phishing,1,iscx_group_009488,development,2.0
ISCX::12487,ISCX-URL2016 Phishing,1,iscx_group_001619,development,3.0
ISCX::12488,ISCX-URL2016 Phishing,1,iscx_group_003942,development,5.0
ISCX::12489,ISCX-URL2016 Phishing,1,iscx_group_012824,test,
ISCX::12490,ISCX-URL2016 Phishing,1,iscx_group_012326,development,1.0
ISCX::12491,ISCX-URL2016 Phishing,1,iscx_group_007650,development,3.0
ISCX::12492,ISCX-URL2016 Phishing,1,iscx_group_000626,development,1.0
ISCX::12493,ISCX-URL2016 Phishing,1,iscx_group_005223,development,3.0
ISCX::12494,ISCX-URL2016 Phishing,1,iscx_group_012984,calibration,
ISCX::12495,ISCX-URL2016 Phishing,1,iscx_group_004617,development,4.0
ISCX::12496,ISCX-URL2016 Phishing,1,iscx_group_000021,development,2.0
ISCX::12497,ISCX-URL2016 Phishing,1,iscx_group_008991,development,1.0
ISCX::12498,ISCX-URL2016 Phishing,1,iscx_group_013894,development,1.0
ISCX::12499,ISCX-URL2016 Phishing,1,iscx_group_004762,development,5.0
ISCX::12500,ISCX-URL2016 Phishing,1,iscx_group_014123,calibration,
ISCX::12501,ISCX-URL2016 Phishing,1,iscx_group_014699,development,1.0
ISCX::12502,ISCX-URL2016 Phishing,1,iscx_group_014328,development,4.0
ISCX::12503,ISCX-URL2016 Phishing,1,iscx_group_013984,development,1.0
ISCX::12504,ISCX-URL2016 Phishing,1,iscx_group_008645,development,1.0
ISCX::12505,ISCX-URL2016 Phishing,1,iscx_group_002596,calibration,
ISCX::12506,ISCX-URL2016 Phishing,1,iscx_group_006968,test,
ISCX::12507,ISCX-URL2016 Phishing,1,iscx_group_014773,calibration,
ISCX::12508,ISCX-URL2016 Phishing,1,iscx_group_011003,development,3.0
ISCX::12509,ISCX-URL2016 Phishing,1,iscx_group_001583,development,3.0
ISCX::12510,ISCX-URL2016 Phishing,1,iscx_group_005888,development,4.0
ISCX::12511,ISCX-URL2016 Phishing,1,iscx_group_014692,development,4.0
ISCX::12512,ISCX-URL2016 Phishing,1,iscx_group_014635,development,5.0
ISCX::12513,ISCX-URL2016 Phishing,1,iscx_group_013120,development,2.0
ISCX::12514,ISCX-URL2016 Phishing,1,iscx_group_003315,test,
ISCX::12515,ISCX-URL2016 Phishing,1,iscx_group_013695,development,2.0
ISCX::12516,ISCX-URL2016 Phishing,1,iscx_group_000360,development,5.0
ISCX::12517,ISCX-URL2016 Phishing,1,iscx_group_010422,calibration,
ISCX::12518,ISCX-URL2016 Phishing,1,iscx_group_009276,calibration,
ISCX::12519,ISCX-URL2016 Phishing,1,iscx_group_007845,test,
ISCX::12520,ISCX-URL2016 Phishing,1,iscx_group_009807,test,
ISCX::12521,ISCX-URL2016 Phishing,1,iscx_group_005177,development,4.0
ISCX::12522,ISCX-URL2016 Phishing,1,iscx_group_008255,development,1.0
ISCX::12523,ISCX-URL2016 Phishing,1,iscx_group_008163,development,2.0
ISCX::12524,ISCX-URL2016 Phishing,1,iscx_group_009709,development,2.0
ISCX::12525,ISCX-URL2016 Phishing,1,iscx_group_011095,test,
ISCX::12526,ISCX-URL2016 Phishing,1,iscx_group_007417,test,
ISCX::12527,ISCX-URL2016 Phishing,1,iscx_group_014674,development,3.0
ISCX::12528,ISCX-URL2016 Phishing,1,iscx_group_002839,development,2.0
ISCX::12529,ISCX-URL2016 Phishing,1,iscx_group_000858,test,
ISCX::12530,ISCX-URL2016 Phishing,1,iscx_group_002098,development,3.0
ISCX::12531,ISCX-URL2016 Phishing,1,iscx_group_013564,calibration,
ISCX::12532,ISCX-URL2016 Phishing,1,iscx_group_012514,test,
ISCX::12533,ISCX-URL2016 Phishing,1,iscx_group_004640,development,5.0
ISCX::12534,ISCX-URL2016 Phishing,1,iscx_group_003338,development,2.0
ISCX::12535,ISCX-URL2016 Phishing,1,iscx_group_013072,development,5.0
ISCX::12536,ISCX-URL2016 Phishing,1,iscx_group_001733,calibration,
ISCX::12537,ISCX-URL2016 Phishing,1,iscx_group_010737,test,
ISCX::12538,ISCX-URL2016 Phishing,1,iscx_group_014236,development,1.0
ISCX::12539,ISCX-URL2016 Phishing,1,iscx_group_014810,development,5.0
ISCX::12540,ISCX-URL2016 Phishing,1,iscx_group_001856,development,2.0
ISCX::12541,ISCX-URL2016 Phishing,1,iscx_group_001021,development,1.0
ISCX::12542,ISCX-URL2016 Phishing,1,iscx_group_012388,calibration,
ISCX::12543,ISCX-URL2016 Phishing,1,iscx_group_010212,test,
ISCX::12544,ISCX-URL2016 Phishing,1,iscx_group_008581,development,4.0
ISCX::12545,ISCX-URL2016 Phishing,1,iscx_group_012071,development,4.0
ISCX::12546,ISCX-URL2016 Phishing,1,iscx_group_014182,calibration,
ISCX::12547,ISCX-URL2016 Phishing,1,iscx_group_005795,development,5.0
ISCX::12548,ISCX-URL2016 Phishing,1,iscx_group_010615,calibration,
ISCX::12549,ISCX-URL2016 Phishing,1,iscx_group_003836,development,1.0
ISCX::12550,ISCX-URL2016 Phishing,1,iscx_group_011068,calibration,
ISCX::12551,ISCX-URL2016 Phishing,1,iscx_group_001078,calibration,
ISCX::12552,ISCX-URL2016 Phishing,1,iscx_group_002272,development,2.0
ISCX::12553,ISCX-URL2016 Phishing,1,iscx_group_013236,calibration,
ISCX::12554,ISCX-URL2016 Phishing,1,iscx_group_013267,test,
ISCX::12555,ISCX-URL2016 Phishing,1,iscx_group_005436,development,2.0
ISCX::12556,ISCX-URL2016 Phishing,1,iscx_group_006434,development,2.0
ISCX::12557,ISCX-URL2016 Phishing,1,iscx_group_008188,test,
ISCX::12558,ISCX-URL2016 Phishing,1,iscx_group_000829,development,1.0
ISCX::12559,ISCX-URL2016 Phishing,1,iscx_group_003017,development,3.0
ISCX::12560,ISCX-URL2016 Phishing,1,iscx_group_013263,calibration,
ISCX::12561,ISCX-URL2016 Phishing,1,iscx_group_014605,development,3.0
ISCX::12562,ISCX-URL2016 Phishing,1,iscx_group_004737,development,4.0
ISCX::12563,ISCX-URL2016 Phishing,1,iscx_group_001618,development,5.0
ISCX::12564,ISCX-URL2016 Phishing,1,iscx_group_001509,calibration,
ISCX::12565,ISCX-URL2016 Phishing,1,iscx_group_013416,development,1.0
ISCX::12566,ISCX-URL2016 Phishing,1,iscx_group_005873,development,4.0
ISCX::12567,ISCX-URL2016 Phishing,1,iscx_group_004566,development,1.0
ISCX::12568,ISCX-URL2016 Phishing,1,iscx_group_013132,development,4.0
ISCX::12569,ISCX-URL2016 Phishing,1,iscx_group_012457,development,3.0
ISCX::12570,ISCX-URL2016 Phishing,1,iscx_group_007240,calibration,
ISCX::12571,ISCX-URL2016 Phishing,1,iscx_group_011690,development,3.0
ISCX::12572,ISCX-URL2016 Phishing,1,iscx_group_009745,development,1.0
ISCX::12573,ISCX-URL2016 Phishing,1,iscx_group_003650,test,
ISCX::12574,ISCX-URL2016 Phishing,1,iscx_group_007033,development,5.0
ISCX::12575,ISCX-URL2016 Phishing,1,iscx_group_007262,development,3.0
ISCX::12576,ISCX-URL2016 Phishing,1,iscx_group_010151,development,3.0
ISCX::12577,ISCX-URL2016 Phishing,1,iscx_group_003452,test,
ISCX::12578,ISCX-URL2016 Phishing,1,iscx_group_008460,development,1.0
ISCX::12579,ISCX-URL2016 Phishing,1,iscx_group_014484,calibration,
ISCX::12580,ISCX-URL2016 Phishing,1,iscx_group_010605,development,5.0
ISCX::12581,ISCX-URL2016 Phishing,1,iscx_group_010505,development,3.0
ISCX::12582,ISCX-URL2016 Phishing,1,iscx_group_005731,development,1.0
ISCX::12583,ISCX-URL2016 Phishing,1,iscx_group_010071,test,
ISCX::12584,ISCX-URL2016 Phishing,1,iscx_group_004221,development,2.0
ISCX::12585,ISCX-URL2016 Phishing,1,iscx_group_007351,development,2.0
ISCX::12586,ISCX-URL2016 Phishing,1,iscx_group_006962,development,3.0
ISCX::12587,ISCX-URL2016 Phishing,1,iscx_group_005583,calibration,
ISCX::12588,ISCX-URL2016 Phishing,1,iscx_group_003675,development,1.0
ISCX::12589,ISCX-URL2016 Phishing,1,iscx_group_000599,calibration,
ISCX::12590,ISCX-URL2016 Phishing,1,iscx_group_004869,development,2.0
ISCX::12591,ISCX-URL2016 Phishing,1,iscx_group_013214,calibration,
ISCX::12592,ISCX-URL2016 Phishing,1,iscx_group_006577,development,3.0
ISCX::12593,ISCX-URL2016 Phishing,1,iscx_group_011346,calibration,
ISCX::12594,ISCX-URL2016 Phishing,1,iscx_group_010872,development,4.0
ISCX::12595,ISCX-URL2016 Phishing,1,iscx_group_009340,test,
ISCX::12596,ISCX-URL2016 Phishing,1,iscx_group_008238,development,5.0
ISCX::12597,ISCX-URL2016 Phishing,1,iscx_group_003118,development,1.0
ISCX::12598,ISCX-URL2016 Phishing,1,iscx_group_009415,development,4.0
ISCX::12599,ISCX-URL2016 Phishing,1,iscx_group_012941,development,2.0
ISCX::12600,ISCX-URL2016 Phishing,1,iscx_group_008788,development,4.0
ISCX::12601,ISCX-URL2016 Phishing,1,iscx_group_008178,development,2.0
ISCX::12602,ISCX-URL2016 Phishing,1,iscx_group_010231,development,3.0
ISCX::12603,ISCX-URL2016 Phishing,1,iscx_group_003895,development,3.0
ISCX::12604,ISCX-URL2016 Phishing,1,iscx_group_010345,development,2.0
ISCX::12605,ISCX-URL2016 Phishing,1,iscx_group_005130,development,2.0
ISCX::12606,ISCX-URL2016 Phishing,1,iscx_group_000979,development,5.0
ISCX::12607,ISCX-URL2016 Phishing,1,iscx_group_010964,development,2.0
ISCX::12608,ISCX-URL2016 Phishing,1,iscx_group_013276,development,5.0
ISCX::12609,ISCX-URL2016 Phishing,1,iscx_group_011868,development,1.0
ISCX::12610,ISCX-URL2016 Phishing,1,iscx_group_001119,calibration,
ISCX::12611,ISCX-URL2016 Phishing,1,iscx_group_014759,development,1.0
ISCX::12612,ISCX-URL2016 Phishing,1,iscx_group_013848,development,5.0
ISCX::12613,ISCX-URL2016 Phishing,1,iscx_group_002926,development,3.0
ISCX::12614,ISCX-URL2016 Phishing,1,iscx_group_004875,development,1.0
ISCX::12615,ISCX-URL2016 Phishing,1,iscx_group_008728,test,
ISCX::12616,ISCX-URL2016 Phishing,1,iscx_group_010616,development,1.0
ISCX::12617,ISCX-URL2016 Phishing,1,iscx_group_002746,development,3.0
ISCX::12618,ISCX-URL2016 Phishing,1,iscx_group_013772,calibration,
ISCX::12619,ISCX-URL2016 Phishing,1,iscx_group_000900,development,1.0
ISCX::12620,ISCX-URL2016 Phishing,1,iscx_group_003209,test,
ISCX::12621,ISCX-URL2016 Phishing,1,iscx_group_006679,development,4.0
ISCX::12622,ISCX-URL2016 Phishing,1,iscx_group_002987,development,2.0
ISCX::12623,ISCX-URL2016 Phishing,1,iscx_group_009342,development,1.0
ISCX::12624,ISCX-URL2016 Phishing,1,iscx_group_004197,development,4.0
ISCX::12625,ISCX-URL2016 Phishing,1,iscx_group_008894,development,5.0
ISCX::12626,ISCX-URL2016 Phishing,1,iscx_group_006882,development,3.0
ISCX::12627,ISCX-URL2016 Phishing,1,iscx_group_010892,development,2.0
ISCX::12628,ISCX-URL2016 Phishing,1,iscx_group_003556,development,3.0
ISCX::12629,ISCX-URL2016 Phishing,1,iscx_group_008120,development,4.0
ISCX::12630,ISCX-URL2016 Phishing,1,iscx_group_006669,calibration,
ISCX::12631,ISCX-URL2016 Phishing,1,iscx_group_006251,development,2.0
ISCX::12632,ISCX-URL2016 Phishing,1,iscx_group_004698,development,2.0
ISCX::12633,ISCX-URL2016 Phishing,1,iscx_group_008147,development,5.0
ISCX::12634,ISCX-URL2016 Phishing,1,iscx_group_004314,test,
ISCX::12635,ISCX-URL2016 Phishing,1,iscx_group_000955,development,4.0
ISCX::12636,ISCX-URL2016 Phishing,1,iscx_group_000111,development,2.0
ISCX::12637,ISCX-URL2016 Phishing,1,iscx_group_003705,calibration,
ISCX::12638,ISCX-URL2016 Phishing,1,iscx_group_012396,development,5.0
ISCX::12639,ISCX-URL2016 Phishing,1,iscx_group_008793,development,3.0
ISCX::12640,ISCX-URL2016 Phishing,1,iscx_group_010909,calibration,
ISCX::12641,ISCX-URL2016 Phishing,1,iscx_group_004118,development,1.0
ISCX::12642,ISCX-URL2016 Phishing,1,iscx_group_011636,development,1.0
ISCX::12643,ISCX-URL2016 Phishing,1,iscx_group_002740,development,4.0
ISCX::12644,ISCX-URL2016 Phishing,1,iscx_group_007719,development,4.0
ISCX::12645,ISCX-URL2016 Phishing,1,iscx_group_012174,development,5.0
ISCX::12646,ISCX-URL2016 Phishing,1,iscx_group_008531,development,5.0
ISCX::12647,ISCX-URL2016 Phishing,1,iscx_group_007742,development,4.0
ISCX::12648,ISCX-URL2016 Phishing,1,iscx_group_007465,calibration,
ISCX::12649,ISCX-URL2016 Phishing,1,iscx_group_001880,development,2.0
ISCX::12650,ISCX-URL2016 Phishing,1,iscx_group_002301,calibration,
ISCX::12651,ISCX-URL2016 Phishing,1,iscx_group_001361,test,
ISCX::12652,ISCX-URL2016 Phishing,1,iscx_group_007610,development,5.0
ISCX::12653,ISCX-URL2016 Phishing,1,iscx_group_004697,development,2.0
ISCX::12654,ISCX-URL2016 Phishing,1,iscx_group_004819,development,1.0
ISCX::12655,ISCX-URL2016 Phishing,1,iscx_group_005708,test,
ISCX::12656,ISCX-URL2016 Phishing,1,iscx_group_006282,development,1.0
ISCX::12657,ISCX-URL2016 Phishing,1,iscx_group_014763,development,2.0
ISCX::12658,ISCX-URL2016 Phishing,1,iscx_group_006183,development,3.0
ISCX::12659,ISCX-URL2016 Phishing,1,iscx_group_008636,development,1.0
ISCX::12660,ISCX-URL2016 Phishing,1,iscx_group_010525,test,
ISCX::12661,ISCX-URL2016 Phishing,1,iscx_group_012657,test,
ISCX::12662,ISCX-URL2016 Phishing,1,iscx_group_003401,development,1.0
ISCX::12663,ISCX-URL2016 Phishing,1,iscx_group_014315,calibration,
ISCX::12664,ISCX-URL2016 Phishing,1,iscx_group_005121,development,2.0
ISCX::12665,ISCX-URL2016 Phishing,1,iscx_group_005469,development,5.0
ISCX::12666,ISCX-URL2016 Phishing,1,iscx_group_000478,development,1.0
ISCX::12667,ISCX-URL2016 Phishing,1,iscx_group_006795,development,5.0
ISCX::12668,ISCX-URL2016 Phishing,1,iscx_group_006895,development,4.0
ISCX::12669,ISCX-URL2016 Phishing,1,iscx_group_009803,test,
ISCX::12670,ISCX-URL2016 Phishing,1,iscx_group_000203,development,2.0
ISCX::12671,ISCX-URL2016 Phishing,1,iscx_group_002501,development,3.0
ISCX::12672,ISCX-URL2016 Phishing,1,iscx_group_002760,development,1.0
ISCX::12673,ISCX-URL2016 Phishing,1,iscx_group_003089,development,2.0
ISCX::12674,ISCX-URL2016 Phishing,1,iscx_group_002559,development,1.0
ISCX::12675,ISCX-URL2016 Phishing,1,iscx_group_003691,development,5.0
ISCX::12676,ISCX-URL2016 Phishing,1,iscx_group_013470,calibration,
ISCX::12677,ISCX-URL2016 Phishing,1,iscx_group_011734,development,4.0
ISCX::12678,ISCX-URL2016 Phishing,1,iscx_group_005354,development,1.0
ISCX::12679,ISCX-URL2016 Phishing,1,iscx_group_009875,development,3.0
ISCX::12680,ISCX-URL2016 Phishing,1,iscx_group_004863,development,2.0
ISCX::12681,ISCX-URL2016 Phishing,1,iscx_group_009462,development,4.0
ISCX::12682,ISCX-URL2016 Phishing,1,iscx_group_000147,development,5.0
ISCX::12683,ISCX-URL2016 Phishing,1,iscx_group_014106,calibration,
ISCX::12684,ISCX-URL2016 Phishing,1,iscx_group_002053,development,4.0
ISCX::12685,ISCX-URL2016 Phishing,1,iscx_group_007013,development,2.0
ISCX::12686,ISCX-URL2016 Phishing,1,iscx_group_006114,development,4.0
ISCX::12687,ISCX-URL2016 Phishing,1,iscx_group_007765,development,2.0
ISCX::12688,ISCX-URL2016 Phishing,1,iscx_group_002390,development,4.0
ISCX::12689,ISCX-URL2016 Phishing,1,iscx_group_011441,development,5.0
ISCX::12690,ISCX-URL2016 Phishing,1,iscx_group_007874,development,5.0
ISCX::12691,ISCX-URL2016 Phishing,1,iscx_group_006812,development,5.0
ISCX::12692,ISCX-URL2016 Phishing,1,iscx_group_003638,calibration,
ISCX::12693,ISCX-URL2016 Phishing,1,iscx_group_001351,development,4.0
ISCX::12694,ISCX-URL2016 Phishing,1,iscx_group_013195,development,3.0
ISCX::12695,ISCX-URL2016 Phishing,1,iscx_group_004137,development,1.0
ISCX::12696,ISCX-URL2016 Phishing,1,iscx_group_001971,development,1.0
ISCX::12697,ISCX-URL2016 Phishing,1,iscx_group_005228,development,5.0
ISCX::12698,ISCX-URL2016 Phishing,1,iscx_group_004031,calibration,
ISCX::12699,ISCX-URL2016 Phishing,1,iscx_group_009593,test,
ISCX::12700,ISCX-URL2016 Phishing,1,iscx_group_003134,development,2.0
ISCX::12701,ISCX-URL2016 Phishing,1,iscx_group_013535,development,1.0
ISCX::12702,ISCX-URL2016 Phishing,1,iscx_group_003830,development,3.0
ISCX::12703,ISCX-URL2016 Phishing,1,iscx_group_011273,development,1.0
ISCX::12704,ISCX-URL2016 Phishing,1,iscx_group_013043,development,3.0
ISCX::12705,ISCX-URL2016 Phishing,1,iscx_group_002333,test,
ISCX::12706,ISCX-URL2016 Phishing,1,iscx_group_002564,development,5.0
ISCX::12707,ISCX-URL2016 Phishing,1,iscx_group_013942,test,
ISCX::12708,ISCX-URL2016 Phishing,1,iscx_group_010689,development,3.0
ISCX::12709,ISCX-URL2016 Phishing,1,iscx_group_011100,development,3.0
ISCX::12710,ISCX-URL2016 Phishing,1,iscx_group_006222,calibration,
ISCX::12711,ISCX-URL2016 Phishing,1,iscx_group_011622,development,3.0
ISCX::12712,ISCX-URL2016 Phishing,1,iscx_group_010808,development,1.0
ISCX::12713,ISCX-URL2016 Phishing,1,iscx_group_005064,development,1.0
ISCX::12714,ISCX-URL2016 Phishing,1,iscx_group_006526,calibration,
ISCX::12715,ISCX-URL2016 Phishing,1,iscx_group_007509,development,5.0
ISCX::12716,ISCX-URL2016 Phishing,1,iscx_group_013277,development,5.0
ISCX::12717,ISCX-URL2016 Phishing,1,iscx_group_013600,test,
ISCX::12718,ISCX-URL2016 Phishing,1,iscx_group_008712,development,3.0
ISCX::12719,ISCX-URL2016 Phishing,1,iscx_group_014653,test,
ISCX::12720,ISCX-URL2016 Phishing,1,iscx_group_012471,development,4.0
ISCX::12721,ISCX-URL2016 Phishing,1,iscx_group_012355,development,1.0
ISCX::12722,ISCX-URL2016 Phishing,1,iscx_group_001181,development,5.0
ISCX::12723,ISCX-URL2016 Phishing,1,iscx_group_013863,development,3.0
ISCX::12724,ISCX-URL2016 Phishing,1,iscx_group_001649,test,
ISCX::12725,ISCX-URL2016 Phishing,1,iscx_group_012421,development,5.0
ISCX::12726,ISCX-URL2016 Phishing,1,iscx_group_011565,test,
ISCX::12727,ISCX-URL2016 Phishing,1,iscx_group_012918,development,1.0
ISCX::12728,ISCX-URL2016 Phishing,1,iscx_group_003639,calibration,
ISCX::12729,ISCX-URL2016 Phishing,1,iscx_group_012004,development,4.0
ISCX::12730,ISCX-URL2016 Phishing,1,iscx_group_003743,development,5.0
ISCX::12731,ISCX-URL2016 Phishing,1,iscx_group_014794,calibration,
ISCX::12732,ISCX-URL2016 Phishing,1,iscx_group_013729,development,5.0
ISCX::12733,ISCX-URL2016 Phishing,1,iscx_group_001340,test,
ISCX::12734,ISCX-URL2016 Phishing,1,iscx_group_003619,test,
ISCX::12735,ISCX-URL2016 Phishing,1,iscx_group_005860,development,2.0
ISCX::12736,ISCX-URL2016 Phishing,1,iscx_group_000214,development,3.0
ISCX::12737,ISCX-URL2016 Phishing,1,iscx_group_014210,development,1.0
ISCX::12738,ISCX-URL2016 Phishing,1,iscx_group_001711,development,4.0
ISCX::12739,ISCX-URL2016 Phishing,1,iscx_group_012105,development,2.0
ISCX::12740,ISCX-URL2016 Phishing,1,iscx_group_007464,development,3.0
ISCX::12741,ISCX-URL2016 Phishing,1,iscx_group_004277,development,1.0
ISCX::12742,ISCX-URL2016 Phishing,1,iscx_group_002022,development,2.0
ISCX::12743,ISCX-URL2016 Phishing,1,iscx_group_000150,development,3.0
ISCX::12744,ISCX-URL2016 Phishing,1,iscx_group_002153,development,3.0
ISCX::12745,ISCX-URL2016 Phishing,1,iscx_group_007907,development,5.0
ISCX::12746,ISCX-URL2016 Phishing,1,iscx_group_009211,development,4.0
ISCX::12747,ISCX-URL2016 Phishing,1,iscx_group_013485,development,2.0
ISCX::12748,ISCX-URL2016 Phishing,1,iscx_group_009621,development,4.0
ISCX::12749,ISCX-URL2016 Phishing,1,iscx_group_007169,test,
ISCX::12750,ISCX-URL2016 Phishing,1,iscx_group_008008,calibration,
ISCX::12751,ISCX-URL2016 Phishing,1,iscx_group_003077,development,2.0
ISCX::12752,ISCX-URL2016 Phishing,1,iscx_group_000704,development,1.0
ISCX::12753,ISCX-URL2016 Phishing,1,iscx_group_002829,development,4.0
ISCX::12754,ISCX-URL2016 Phishing,1,iscx_group_001211,development,4.0
ISCX::12755,ISCX-URL2016 Phishing,1,iscx_group_006708,development,2.0
ISCX::12756,ISCX-URL2016 Phishing,1,iscx_group_006499,development,3.0
ISCX::12757,ISCX-URL2016 Phishing,1,iscx_group_008541,development,1.0
ISCX::12758,ISCX-URL2016 Phishing,1,iscx_group_014443,development,3.0
ISCX::12759,ISCX-URL2016 Phishing,1,iscx_group_006400,development,1.0
ISCX::12760,ISCX-URL2016 Phishing,1,iscx_group_005484,development,2.0
ISCX::12761,ISCX-URL2016 Phishing,1,iscx_group_013431,development,1.0
ISCX::12762,ISCX-URL2016 Phishing,1,iscx_group_007558,development,4.0
ISCX::12763,ISCX-URL2016 Phishing,1,iscx_group_006593,development,2.0
ISCX::12764,ISCX-URL2016 Phishing,1,iscx_group_013453,development,2.0
ISCX::12765,ISCX-URL2016 Phishing,1,iscx_group_010930,development,1.0
ISCX::12766,ISCX-URL2016 Phishing,1,iscx_group_001915,development,4.0
ISCX::12767,ISCX-URL2016 Phishing,1,iscx_group_006892,development,2.0
ISCX::12768,ISCX-URL2016 Phishing,1,iscx_group_007632,development,4.0
ISCX::12769,ISCX-URL2016 Phishing,1,iscx_group_005938,development,1.0
ISCX::12770,ISCX-URL2016 Phishing,1,iscx_group_014687,development,5.0
ISCX::12771,ISCX-URL2016 Phishing,1,iscx_group_009232,development,2.0
ISCX::12772,ISCX-URL2016 Phishing,1,iscx_group_012435,development,4.0
ISCX::12773,ISCX-URL2016 Phishing,1,iscx_group_002482,development,1.0
ISCX::12774,ISCX-URL2016 Phishing,1,iscx_group_010417,calibration,
ISCX::12775,ISCX-URL2016 Phishing,1,iscx_group_001051,development,1.0
ISCX::12776,ISCX-URL2016 Phishing,1,iscx_group_006279,development,1.0
ISCX::12777,ISCX-URL2016 Phishing,1,iscx_group_010476,test,
ISCX::12778,ISCX-URL2016 Phishing,1,iscx_group_003030,development,1.0
ISCX::12779,ISCX-URL2016 Phishing,1,iscx_group_007761,development,4.0
ISCX::12780,ISCX-URL2016 Phishing,1,iscx_group_008367,development,4.0
ISCX::12781,ISCX-URL2016 Phishing,1,iscx_group_000066,development,2.0
ISCX::12782,ISCX-URL2016 Phishing,1,iscx_group_008268,development,1.0
ISCX::12783,ISCX-URL2016 Phishing,1,iscx_group_000970,development,2.0
ISCX::12784,ISCX-URL2016 Phishing,1,iscx_group_003685,development,1.0
ISCX::12785,ISCX-URL2016 Phishing,1,iscx_group_009813,test,
ISCX::12786,ISCX-URL2016 Phishing,1,iscx_group_005284,development,4.0
ISCX::12787,ISCX-URL2016 Phishing,1,iscx_group_008145,calibration,
ISCX::12788,ISCX-URL2016 Phishing,1,iscx_group_010458,development,4.0
ISCX::12789,ISCX-URL2016 Phishing,1,iscx_group_013374,development,4.0
ISCX::12790,ISCX-URL2016 Phishing,1,iscx_group_014252,development,5.0
ISCX::12791,ISCX-URL2016 Phishing,1,iscx_group_004772,development,2.0
ISCX::12792,ISCX-URL2016 Phishing,1,iscx_group_012454,test,
ISCX::12793,ISCX-URL2016 Phishing,1,iscx_group_000198,calibration,
ISCX::12794,ISCX-URL2016 Phishing,1,iscx_group_011884,development,4.0
ISCX::12795,ISCX-URL2016 Phishing,1,iscx_group_001627,development,1.0
ISCX::12796,ISCX-URL2016 Phishing,1,iscx_group_008714,development,4.0
ISCX::12797,ISCX-URL2016 Phishing,1,iscx_group_004304,calibration,
ISCX::12798,ISCX-URL2016 Phishing,1,iscx_group_009838,calibration,
ISCX::12799,ISCX-URL2016 Phishing,1,iscx_group_010941,development,5.0
ISCX::12800,ISCX-URL2016 Phishing,1,iscx_group_006725,development,3.0
ISCX::12801,ISCX-URL2016 Phishing,1,iscx_group_010408,test,
ISCX::12802,ISCX-URL2016 Phishing,1,iscx_group_005270,development,2.0
ISCX::12803,ISCX-URL2016 Phishing,1,iscx_group_002165,development,1.0
ISCX::12804,ISCX-URL2016 Phishing,1,iscx_group_012376,development,3.0
ISCX::12805,ISCX-URL2016 Phishing,1,iscx_group_002093,calibration,
ISCX::12806,ISCX-URL2016 Phishing,1,iscx_group_008550,test,
ISCX::12807,ISCX-URL2016 Phishing,1,iscx_group_005997,development,2.0
ISCX::12808,ISCX-URL2016 Phishing,1,iscx_group_012088,calibration,
ISCX::12809,ISCX-URL2016 Phishing,1,iscx_group_010322,development,1.0
ISCX::12810,ISCX-URL2016 Phishing,1,iscx_group_007673,test,
ISCX::12811,ISCX-URL2016 Phishing,1,iscx_group_013649,development,5.0
ISCX::12812,ISCX-URL2016 Phishing,1,iscx_group_003840,development,3.0
ISCX::12813,ISCX-URL2016 Phishing,1,iscx_group_002044,development,3.0
ISCX::12814,ISCX-URL2016 Phishing,1,iscx_group_008225,development,3.0
ISCX::12815,ISCX-URL2016 Phishing,1,iscx_group_001516,development,2.0
ISCX::12816,ISCX-URL2016 Phishing,1,iscx_group_002241,development,2.0
ISCX::12817,ISCX-URL2016 Phishing,1,iscx_group_006982,development,2.0
ISCX::12818,ISCX-URL2016 Phishing,1,iscx_group_001195,development,5.0
ISCX::12819,ISCX-URL2016 Phishing,1,iscx_group_010786,development,1.0
ISCX::12820,ISCX-URL2016 Phishing,1,iscx_group_005149,calibration,
ISCX::12821,ISCX-URL2016 Phishing,1,iscx_group_010101,development,1.0
ISCX::12822,ISCX-URL2016 Phishing,1,iscx_group_005590,test,
ISCX::12823,ISCX-URL2016 Phishing,1,iscx_group_013064,test,
ISCX::12824,ISCX-URL2016 Phishing,1,iscx_group_004485,test,
ISCX::12825,ISCX-URL2016 Phishing,1,iscx_group_004635,development,1.0
ISCX::12826,ISCX-URL2016 Phishing,1,iscx_group_013554,development,5.0
ISCX::12827,ISCX-URL2016 Phishing,1,iscx_group_006568,test,
ISCX::12828,ISCX-URL2016 Phishing,1,iscx_group_011138,development,4.0
ISCX::12829,ISCX-URL2016 Phishing,1,iscx_group_014631,development,2.0
ISCX::12830,ISCX-URL2016 Phishing,1,iscx_group_003437,development,1.0
ISCX::12831,ISCX-URL2016 Phishing,1,iscx_group_001270,development,5.0
ISCX::12832,ISCX-URL2016 Phishing,1,iscx_group_004751,development,4.0
ISCX::12833,ISCX-URL2016 Phishing,1,iscx_group_001467,development,1.0
ISCX::12834,ISCX-URL2016 Phishing,1,iscx_group_013951,calibration,
ISCX::12835,ISCX-URL2016 Phishing,1,iscx_group_010430,development,2.0
ISCX::12836,ISCX-URL2016 Phishing,1,iscx_group_004047,development,2.0
ISCX::12837,ISCX-URL2016 Phishing,1,iscx_group_014786,development,3.0
ISCX::12838,ISCX-URL2016 Phishing,1,iscx_group_011128,development,4.0
ISCX::12839,ISCX-URL2016 Phishing,1,iscx_group_011011,development,1.0
ISCX::12840,ISCX-URL2016 Phishing,1,iscx_group_014155,development,5.0
ISCX::12841,ISCX-URL2016 Phishing,1,iscx_group_003863,development,2.0
ISCX::12842,ISCX-URL2016 Phishing,1,iscx_group_003491,development,2.0
ISCX::12843,ISCX-URL2016 Phishing,1,iscx_group_009642,calibration,
ISCX::12844,ISCX-URL2016 Phishing,1,iscx_group_006283,calibration,
ISCX::12845,ISCX-URL2016 Phishing,1,iscx_group_011400,development,2.0
ISCX::12846,ISCX-URL2016 Phishing,1,iscx_group_012776,development,4.0
ISCX::12847,ISCX-URL2016 Phishing,1,iscx_group_004639,development,4.0
ISCX::12848,ISCX-URL2016 Phishing,1,iscx_group_000191,development,1.0
ISCX::12849,ISCX-URL2016 Phishing,1,iscx_group_004365,development,1.0
ISCX::12850,ISCX-URL2016 Phishing,1,iscx_group_007473,development,4.0
ISCX::12851,ISCX-URL2016 Phishing,1,iscx_group_011029,development,3.0
ISCX::12852,ISCX-URL2016 Phishing,1,iscx_group_012198,development,1.0
ISCX::12853,ISCX-URL2016 Phishing,1,iscx_group_008076,development,2.0
ISCX::12854,ISCX-URL2016 Phishing,1,iscx_group_002875,development,5.0
ISCX::12855,ISCX-URL2016 Phishing,1,iscx_group_010906,development,4.0
ISCX::12856,ISCX-URL2016 Phishing,1,iscx_group_008250,development,1.0
ISCX::12857,ISCX-URL2016 Phishing,1,iscx_group_009890,development,1.0
ISCX::12858,ISCX-URL2016 Phishing,1,iscx_group_001511,development,4.0
ISCX::12859,ISCX-URL2016 Phishing,1,iscx_group_013028,development,1.0
ISCX::12860,ISCX-URL2016 Phishing,1,iscx_group_014629,development,5.0
ISCX::12861,ISCX-URL2016 Phishing,1,iscx_group_010400,test,
ISCX::12862,ISCX-URL2016 Phishing,1,iscx_group_006750,development,1.0
ISCX::12863,ISCX-URL2016 Phishing,1,iscx_group_007751,development,3.0
ISCX::12864,ISCX-URL2016 Phishing,1,iscx_group_003557,test,
ISCX::12865,ISCX-URL2016 Phishing,1,iscx_group_005312,development,2.0
ISCX::12866,ISCX-URL2016 Phishing,1,iscx_group_014114,test,
ISCX::12867,ISCX-URL2016 Phishing,1,iscx_group_013166,test,
ISCX::12868,ISCX-URL2016 Phishing,1,iscx_group_000381,development,1.0
ISCX::12869,ISCX-URL2016 Phishing,1,iscx_group_004240,development,3.0
ISCX::12870,ISCX-URL2016 Phishing,1,iscx_group_002219,development,4.0
ISCX::12871,ISCX-URL2016 Phishing,1,iscx_group_005643,development,2.0
ISCX::12872,ISCX-URL2016 Phishing,1,iscx_group_006180,development,4.0
ISCX::12873,ISCX-URL2016 Phishing,1,iscx_group_002953,development,3.0
ISCX::12874,ISCX-URL2016 Phishing,1,iscx_group_013748,test,
ISCX::12875,ISCX-URL2016 Phishing,1,iscx_group_000928,development,2.0
ISCX::12876,ISCX-URL2016 Phishing,1,iscx_group_005198,development,3.0
ISCX::12877,ISCX-URL2016 Phishing,1,iscx_group_004083,development,3.0
ISCX::12878,ISCX-URL2016 Phishing,1,iscx_group_010393,development,2.0
ISCX::12879,ISCX-URL2016 Phishing,1,iscx_group_001810,development,2.0
ISCX::12880,ISCX-URL2016 Phishing,1,iscx_group_005218,development,5.0
ISCX::12881,ISCX-URL2016 Phishing,1,iscx_group_009513,test,
ISCX::12882,ISCX-URL2016 Phishing,1,iscx_group_007769,development,5.0
ISCX::12883,ISCX-URL2016 Phishing,1,iscx_group_012840,calibration,
ISCX::12884,ISCX-URL2016 Phishing,1,iscx_group_012367,development,4.0
ISCX::12885,ISCX-URL2016 Phishing,1,iscx_group_010866,development,3.0
ISCX::12886,ISCX-URL2016 Phishing,1,iscx_group_003594,test,
ISCX::12887,ISCX-URL2016 Phishing,1,iscx_group_010216,development,5.0
ISCX::12888,ISCX-URL2016 Phishing,1,iscx_group_003834,development,2.0
ISCX::12889,ISCX-URL2016 Phishing,1,iscx_group_007269,test,
ISCX::12890,ISCX-URL2016 Phishing,1,iscx_group_000678,development,1.0
ISCX::12891,ISCX-URL2016 Phishing,1,iscx_group_005801,development,4.0
ISCX::12892,ISCX-URL2016 Phishing,1,iscx_group_001202,development,1.0
ISCX::12893,ISCX-URL2016 Phishing,1,iscx_group_006431,development,1.0
ISCX::12894,ISCX-URL2016 Phishing,1,iscx_group_004062,development,4.0
ISCX::12895,ISCX-URL2016 Phishing,1,iscx_group_013089,development,2.0
ISCX::12896,ISCX-URL2016 Phishing,1,iscx_group_004148,test,
ISCX::12897,ISCX-URL2016 Phishing,1,iscx_group_002217,development,2.0
ISCX::12898,ISCX-URL2016 Phishing,1,iscx_group_010846,development,4.0
ISCX::12899,ISCX-URL2016 Phishing,1,iscx_group_009114,development,2.0
ISCX::12900,ISCX-URL2016 Phishing,1,iscx_group_011375,development,1.0
ISCX::12901,ISCX-URL2016 Phishing,1,iscx_group_006276,development,5.0
ISCX::12902,ISCX-URL2016 Phishing,1,iscx_group_009673,test,
ISCX::12903,ISCX-URL2016 Phishing,1,iscx_group_007935,calibration,
ISCX::12904,ISCX-URL2016 Phishing,1,iscx_group_013398,development,5.0
ISCX::12905,ISCX-URL2016 Phishing,1,iscx_group_007378,development,4.0
ISCX::12906,ISCX-URL2016 Phishing,1,iscx_group_012559,calibration,
ISCX::12907,ISCX-URL2016 Phishing,1,iscx_group_000947,development,5.0
ISCX::12908,ISCX-URL2016 Phishing,1,iscx_group_005984,development,1.0
ISCX::12909,ISCX-URL2016 Phishing,1,iscx_group_003333,test,
ISCX::12910,ISCX-URL2016 Phishing,1,iscx_group_006603,development,4.0
ISCX::12911,ISCX-URL2016 Phishing,1,iscx_group_002451,development,4.0
ISCX::12912,ISCX-URL2016 Phishing,1,iscx_group_007122,test,
ISCX::12913,ISCX-URL2016 Phishing,1,iscx_group_005286,development,5.0
ISCX::12914,ISCX-URL2016 Phishing,1,iscx_group_003473,calibration,
ISCX::12915,ISCX-URL2016 Phishing,1,iscx_group_001779,test,
ISCX::12916,ISCX-URL2016 Phishing,1,iscx_group_003584,development,1.0
ISCX::12917,ISCX-URL2016 Phishing,1,iscx_group_011468,development,2.0
ISCX::12918,ISCX-URL2016 Phishing,1,iscx_group_009676,development,2.0
ISCX::12919,ISCX-URL2016 Phishing,1,iscx_group_014124,development,5.0
ISCX::12920,ISCX-URL2016 Phishing,1,iscx_group_006827,development,2.0
ISCX::12921,ISCX-URL2016 Phishing,1,iscx_group_010434,development,2.0
ISCX::12922,ISCX-URL2016 Phishing,1,iscx_group_012957,test,
ISCX::12923,ISCX-URL2016 Phishing,1,iscx_group_003485,test,
ISCX::12924,ISCX-URL2016 Phishing,1,iscx_group_013746,development,4.0
ISCX::12925,ISCX-URL2016 Phishing,1,iscx_group_011861,development,5.0
ISCX::12926,ISCX-URL2016 Phishing,1,iscx_group_000125,calibration,
ISCX::12927,ISCX-URL2016 Phishing,1,iscx_group_013599,development,5.0
ISCX::12928,ISCX-URL2016 Phishing,1,iscx_group_011917,calibration,
ISCX::12929,ISCX-URL2016 Phishing,1,iscx_group_004410,calibration,
ISCX::12930,ISCX-URL2016 Phishing,1,iscx_group_001242,development,2.0
ISCX::12931,ISCX-URL2016 Phishing,1,iscx_group_001396,calibration,
ISCX::12932,ISCX-URL2016 Phishing,1,iscx_group_007640,development,5.0
ISCX::12933,ISCX-URL2016 Phishing,1,iscx_group_011080,development,1.0
ISCX::12934,ISCX-URL2016 Phishing,1,iscx_group_012064,test,
ISCX::12935,ISCX-URL2016 Phishing,1,iscx_group_000752,test,
ISCX::12936,ISCX-URL2016 Phishing,1,iscx_group_005527,test,
ISCX::12937,ISCX-URL2016 Phishing,1,iscx_group_014771,test,
ISCX::12938,ISCX-URL2016 Phishing,1,iscx_group_002237,calibration,
ISCX::12939,ISCX-URL2016 Phishing,1,iscx_group_011570,test,
ISCX::12940,ISCX-URL2016 Phishing,1,iscx_group_012360,development,5.0
ISCX::12941,ISCX-URL2016 Phishing,1,iscx_group_006632,calibration,
ISCX::12942,ISCX-URL2016 Phishing,1,iscx_group_012555,test,
ISCX::12943,ISCX-URL2016 Phishing,1,iscx_group_003849,development,3.0
ISCX::12944,ISCX-URL2016 Phishing,1,iscx_group_004678,development,1.0
ISCX::12945,ISCX-URL2016 Phishing,1,iscx_group_001425,calibration,
ISCX::12946,ISCX-URL2016 Phishing,1,iscx_group_009002,development,4.0
ISCX::12947,ISCX-URL2016 Phishing,1,iscx_group_003536,development,4.0
ISCX::12948,ISCX-URL2016 Phishing,1,iscx_group_005639,development,4.0
ISCX::12949,ISCX-URL2016 Phishing,1,iscx_group_003725,development,5.0
ISCX::12950,ISCX-URL2016 Phishing,1,iscx_group_005540,development,5.0
ISCX::12951,ISCX-URL2016 Phishing,1,iscx_group_006549,development,1.0
ISCX::12952,ISCX-URL2016 Phishing,1,iscx_group_002345,development,1.0
ISCX::12953,ISCX-URL2016 Phishing,1,iscx_group_002784,development,3.0
ISCX::12954,ISCX-URL2016 Phishing,1,iscx_group_000550,development,2.0
ISCX::12955,ISCX-URL2016 Phishing,1,iscx_group_005441,calibration,
ISCX::12956,ISCX-URL2016 Phishing,1,iscx_group_014482,development,2.0
ISCX::12957,ISCX-URL2016 Phishing,1,iscx_group_013850,development,3.0
ISCX::12958,ISCX-URL2016 Phishing,1,iscx_group_012983,calibration,
ISCX::12959,ISCX-URL2016 Phishing,1,iscx_group_012269,test,
ISCX::12960,ISCX-URL2016 Phishing,1,iscx_group_002463,development,3.0
ISCX::12961,ISCX-URL2016 Phishing,1,iscx_group_007007,development,5.0
ISCX::12962,ISCX-URL2016 Phishing,1,iscx_group_000143,test,
ISCX::12963,ISCX-URL2016 Phishing,1,iscx_group_000173,development,1.0
ISCX::12964,ISCX-URL2016 Phishing,1,iscx_group_011275,development,3.0
ISCX::12965,ISCX-URL2016 Phishing,1,iscx_group_008898,development,5.0
ISCX::12966,ISCX-URL2016 Phishing,1,iscx_group_008185,calibration,
ISCX::12967,ISCX-URL2016 Phishing,1,iscx_group_002476,development,4.0
ISCX::12968,ISCX-URL2016 Phishing,1,iscx_group_010392,calibration,
ISCX::12969,ISCX-URL2016 Phishing,1,iscx_group_004861,development,2.0
ISCX::12970,ISCX-URL2016 Phishing,1,iscx_group_000457,development,3.0
ISCX::12971,ISCX-URL2016 Phishing,1,iscx_group_003984,development,2.0
ISCX::12972,ISCX-URL2016 Phishing,1,iscx_group_008900,calibration,
ISCX::12973,ISCX-URL2016 Phishing,1,iscx_group_002921,development,3.0
ISCX::12974,ISCX-URL2016 Phishing,1,iscx_group_007955,development,5.0
ISCX::12975,ISCX-URL2016 Phishing,1,iscx_group_007573,calibration,
ISCX::12976,ISCX-URL2016 Phishing,1,iscx_group_004388,test,
ISCX::12977,ISCX-URL2016 Phishing,1,iscx_group_005012,development,2.0
ISCX::12978,ISCX-URL2016 Phishing,1,iscx_group_008110,development,1.0
ISCX::12979,ISCX-URL2016 Phishing,1,iscx_group_001307,development,4.0
ISCX::12980,ISCX-URL2016 Phishing,1,iscx_group_007000,development,1.0
ISCX::12981,ISCX-URL2016 Phishing,1,iscx_group_010203,test,
ISCX::12982,ISCX-URL2016 Phishing,1,iscx_group_014205,test,
ISCX::12983,ISCX-URL2016 Phishing,1,iscx_group_000384,development,3.0
ISCX::12984,ISCX-URL2016 Phishing,1,iscx_group_010944,test,
ISCX::12985,ISCX-URL2016 Phishing,1,iscx_group_000124,development,3.0
ISCX::12986,ISCX-URL2016 Phishing,1,iscx_group_007583,development,3.0
ISCX::12987,ISCX-URL2016 Phishing,1,iscx_group_014325,test,
ISCX::12988,ISCX-URL2016 Phishing,1,iscx_group_003374,development,4.0
ISCX::12989,ISCX-URL2016 Phishing,1,iscx_group_000313,calibration,
ISCX::12990,ISCX-URL2016 Phishing,1,iscx_group_010789,calibration,
ISCX::12991,ISCX-URL2016 Phishing,1,iscx_group_010255,development,1.0
ISCX::12992,ISCX-URL2016 Phishing,1,iscx_group_000027,development,1.0
ISCX::12993,ISCX-URL2016 Phishing,1,iscx_group_011381,development,1.0
ISCX::12994,ISCX-URL2016 Phishing,1,iscx_group_010975,development,2.0
ISCX::12995,ISCX-URL2016 Phishing,1,iscx_group_005575,test,
ISCX::12996,ISCX-URL2016 Phishing,1,iscx_group_009910,development,1.0
ISCX::12997,ISCX-URL2016 Phishing,1,iscx_group_008013,development,2.0
ISCX::12998,ISCX-URL2016 Phishing,1,iscx_group_008616,development,2.0
ISCX::12999,ISCX-URL2016 Phishing,1,iscx_group_000844,test,
ISCX::13000,ISCX-URL2016 Phishing,1,iscx_group_003271,development,1.0
ISCX::13001,ISCX-URL2016 Phishing,1,iscx_group_003958,development,2.0
ISCX::13002,ISCX-URL2016 Phishing,1,iscx_group_001997,development,4.0
ISCX::13003,ISCX-URL2016 Phishing,1,iscx_group_000922,development,1.0
ISCX::13004,ISCX-URL2016 Phishing,1,iscx_group_001034,development,5.0
ISCX::13005,ISCX-URL2016 Phishing,1,iscx_group_013215,development,5.0
ISCX::13006,ISCX-URL2016 Phishing,1,iscx_group_014712,calibration,
ISCX::13007,ISCX-URL2016 Phishing,1,iscx_group_011920,development,5.0
ISCX::13008,ISCX-URL2016 Phishing,1,iscx_group_012671,development,1.0
ISCX::13009,ISCX-URL2016 Phishing,1,iscx_group_009734,test,
ISCX::13010,ISCX-URL2016 Phishing,1,iscx_group_004243,test,
ISCX::13011,ISCX-URL2016 Phishing,1,iscx_group_004226,development,5.0
ISCX::13012,ISCX-URL2016 Phishing,1,iscx_group_001706,development,4.0
ISCX::13013,ISCX-URL2016 Phishing,1,iscx_group_006275,development,5.0
ISCX::13014,ISCX-URL2016 Phishing,1,iscx_group_007264,development,5.0
ISCX::13015,ISCX-URL2016 Phishing,1,iscx_group_005256,development,4.0
ISCX::13016,ISCX-URL2016 Phishing,1,iscx_group_003016,development,3.0
ISCX::13017,ISCX-URL2016 Phishing,1,iscx_group_012670,development,3.0
ISCX::13018,ISCX-URL2016 Phishing,1,iscx_group_000267,development,5.0
ISCX::13019,ISCX-URL2016 Phishing,1,iscx_group_003944,test,
ISCX::13020,ISCX-URL2016 Phishing,1,iscx_group_006865,calibration,
ISCX::13021,ISCX-URL2016 Phishing,1,iscx_group_012784,development,4.0
ISCX::13022,ISCX-URL2016 Phishing,1,iscx_group_002721,development,4.0
ISCX::13023,ISCX-URL2016 Phishing,1,iscx_group_008607,development,3.0
ISCX::13024,ISCX-URL2016 Phishing,1,iscx_group_013815,development,3.0
ISCX::13025,ISCX-URL2016 Phishing,1,iscx_group_002127,development,1.0
ISCX::13026,ISCX-URL2016 Phishing,1,iscx_group_013673,development,1.0
ISCX::13027,ISCX-URL2016 Phishing,1,iscx_group_004011,calibration,
ISCX::13028,ISCX-URL2016 Phishing,1,iscx_group_003814,development,3.0
ISCX::13029,ISCX-URL2016 Phishing,1,iscx_group_001767,development,3.0
ISCX::13030,ISCX-URL2016 Phishing,1,iscx_group_000425,development,2.0
ISCX::13031,ISCX-URL2016 Phishing,1,iscx_group_003193,calibration,
ISCX::13032,ISCX-URL2016 Phishing,1,iscx_group_009157,development,3.0
ISCX::13033,ISCX-URL2016 Phishing,1,iscx_group_010147,calibration,
ISCX::13034,ISCX-URL2016 Phishing,1,iscx_group_007941,development,1.0
ISCX::13035,ISCX-URL2016 Phishing,1,iscx_group_012441,test,
ISCX::13036,ISCX-URL2016 Phishing,1,iscx_group_009605,test,
ISCX::13037,ISCX-URL2016 Phishing,1,iscx_group_013342,calibration,
ISCX::13038,ISCX-URL2016 Phishing,1,iscx_group_002630,test,
ISCX::13039,ISCX-URL2016 Phishing,1,iscx_group_012653,calibration,
ISCX::13040,ISCX-URL2016 Phishing,1,iscx_group_004489,development,5.0
ISCX::13041,ISCX-URL2016 Phishing,1,iscx_group_007857,development,4.0
ISCX::13042,ISCX-URL2016 Phishing,1,iscx_group_005983,development,1.0
ISCX::13043,ISCX-URL2016 Phishing,1,iscx_group_009389,development,4.0
ISCX::13044,ISCX-URL2016 Phishing,1,iscx_group_012929,test,
ISCX::13045,ISCX-URL2016 Phishing,1,iscx_group_014366,development,1.0
ISCX::13046,ISCX-URL2016 Phishing,1,iscx_group_009255,test,
ISCX::13047,ISCX-URL2016 Phishing,1,iscx_group_001673,development,3.0
ISCX::13048,ISCX-URL2016 Phishing,1,iscx_group_007582,development,5.0
ISCX::13049,ISCX-URL2016 Phishing,1,iscx_group_008915,development,2.0
ISCX::13050,ISCX-URL2016 Phishing,1,iscx_group_013986,development,4.0
ISCX::13051,ISCX-URL2016 Phishing,1,iscx_group_003395,development,1.0
ISCX::13052,ISCX-URL2016 Phishing,1,iscx_group_007649,development,1.0
ISCX::13053,ISCX-URL2016 Phishing,1,iscx_group_007684,calibration,
ISCX::13054,ISCX-URL2016 Phishing,1,iscx_group_002518,development,5.0
ISCX::13055,ISCX-URL2016 Phishing,1,iscx_group_011384,development,3.0
ISCX::13056,ISCX-URL2016 Phishing,1,iscx_group_005661,calibration,
ISCX::13057,ISCX-URL2016 Phishing,1,iscx_group_010763,development,4.0
ISCX::13058,ISCX-URL2016 Phishing,1,iscx_group_014298,development,5.0
ISCX::13059,ISCX-URL2016 Phishing,1,iscx_group_004718,calibration,
ISCX::13060,ISCX-URL2016 Phishing,1,iscx_group_008479,development,5.0
ISCX::13061,ISCX-URL2016 Phishing,1,iscx_group_012738,development,5.0
ISCX::13062,ISCX-URL2016 Phishing,1,iscx_group_013273,calibration,
ISCX::13063,ISCX-URL2016 Phishing,1,iscx_group_009149,development,4.0
ISCX::13064,ISCX-URL2016 Phishing,1,iscx_group_006849,development,2.0
ISCX::13065,ISCX-URL2016 Phishing,1,iscx_group_012877,development,3.0
ISCX::13066,ISCX-URL2016 Phishing,1,iscx_group_001990,development,1.0
ISCX::13067,ISCX-URL2016 Phishing,1,iscx_group_010058,development,2.0
ISCX::13068,ISCX-URL2016 Phishing,1,iscx_group_004025,test,
ISCX::13069,ISCX-URL2016 Phishing,1,iscx_group_010225,test,
ISCX::13070,ISCX-URL2016 Phishing,1,iscx_group_003025,development,5.0
ISCX::13071,ISCX-URL2016 Phishing,1,iscx_group_005366,development,5.0
ISCX::13072,ISCX-URL2016 Phishing,1,iscx_group_007182,development,1.0
ISCX::13073,ISCX-URL2016 Phishing,1,iscx_group_013415,development,2.0
ISCX::13074,ISCX-URL2016 Phishing,1,iscx_group_002404,development,4.0
ISCX::13075,ISCX-URL2016 Phishing,1,iscx_group_009298,development,4.0
ISCX::13076,ISCX-URL2016 Phishing,1,iscx_group_010450,development,1.0
ISCX::13077,ISCX-URL2016 Phishing,1,iscx_group_009561,calibration,
ISCX::13078,ISCX-URL2016 Phishing,1,iscx_group_000974,calibration,
ISCX::13079,ISCX-URL2016 Phishing,1,iscx_group_009208,development,2.0
ISCX::13080,ISCX-URL2016 Phishing,1,iscx_group_004961,development,1.0
ISCX::13081,ISCX-URL2016 Phishing,1,iscx_group_000285,development,2.0
ISCX::13082,ISCX-URL2016 Phishing,1,iscx_group_012370,calibration,
ISCX::13083,ISCX-URL2016 Phishing,1,iscx_group_008390,test,
ISCX::13084,ISCX-URL2016 Phishing,1,iscx_group_012580,development,5.0
ISCX::13085,ISCX-URL2016 Phishing,1,iscx_group_013259,development,3.0
ISCX::13086,ISCX-URL2016 Phishing,1,iscx_group_014084,development,4.0
ISCX::13087,ISCX-URL2016 Phishing,1,iscx_group_014615,development,4.0
ISCX::13088,ISCX-URL2016 Phishing,1,iscx_group_013258,development,2.0
ISCX::13089,ISCX-URL2016 Phishing,1,iscx_group_010792,development,4.0
ISCX::13090,ISCX-URL2016 Phishing,1,iscx_group_007790,development,1.0
ISCX::13091,ISCX-URL2016 Phishing,1,iscx_group_012414,development,4.0
ISCX::13092,ISCX-URL2016 Phishing,1,iscx_group_004020,development,2.0
ISCX::13093,ISCX-URL2016 Phishing,1,iscx_group_012856,development,4.0
ISCX::13094,ISCX-URL2016 Phishing,1,iscx_group_010390,development,2.0
ISCX::13095,ISCX-URL2016 Phishing,1,iscx_group_007450,development,2.0
ISCX::13096,ISCX-URL2016 Phishing,1,iscx_group_013688,development,1.0
ISCX::13097,ISCX-URL2016 Phishing,1,iscx_group_001269,test,
ISCX::13098,ISCX-URL2016 Phishing,1,iscx_group_010903,development,5.0
ISCX::13099,ISCX-URL2016 Phishing,1,iscx_group_008252,development,2.0
ISCX::13100,ISCX-URL2016 Phishing,1,iscx_group_013501,development,2.0
ISCX::13101,ISCX-URL2016 Phishing,1,iscx_group_008594,development,3.0
ISCX::13102,ISCX-URL2016 Phishing,1,iscx_group_007306,development,2.0
ISCX::13103,ISCX-URL2016 Phishing,1,iscx_group_005520,test,
ISCX::13104,ISCX-URL2016 Phishing,1,iscx_group_007029,test,
ISCX::13105,ISCX-URL2016 Phishing,1,iscx_group_006511,development,4.0
ISCX::13106,ISCX-URL2016 Phishing,1,iscx_group_001216,test,
ISCX::13107,ISCX-URL2016 Phishing,1,iscx_group_005815,development,2.0
ISCX::13108,ISCX-URL2016 Phishing,1,iscx_group_013067,calibration,
ISCX::13109,ISCX-URL2016 Phishing,1,iscx_group_008783,development,5.0
ISCX::13110,ISCX-URL2016 Phishing,1,iscx_group_013714,development,3.0
ISCX::13111,ISCX-URL2016 Phishing,1,iscx_group_000671,development,2.0
ISCX::13112,ISCX-URL2016 Phishing,1,iscx_group_001179,calibration,
ISCX::13113,ISCX-URL2016 Phishing,1,iscx_group_005011,development,5.0
ISCX::13114,ISCX-URL2016 Phishing,1,iscx_group_001392,development,2.0
ISCX::13115,ISCX-URL2016 Phishing,1,iscx_group_002077,calibration,
ISCX::13116,ISCX-URL2016 Phishing,1,iscx_group_012329,development,1.0
ISCX::13117,ISCX-URL2016 Phishing,1,iscx_group_010362,development,3.0
ISCX::13118,ISCX-URL2016 Phishing,1,iscx_group_011308,development,3.0
ISCX::13119,ISCX-URL2016 Phishing,1,iscx_group_003476,calibration,
ISCX::13120,ISCX-URL2016 Phishing,1,iscx_group_001278,development,5.0
ISCX::13121,ISCX-URL2016 Phishing,1,iscx_group_007945,development,2.0
ISCX::13122,ISCX-URL2016 Phishing,1,iscx_group_001189,development,1.0
ISCX::13123,ISCX-URL2016 Phishing,1,iscx_group_012144,development,1.0
ISCX::13124,ISCX-URL2016 Phishing,1,iscx_group_005806,test,
ISCX::13125,ISCX-URL2016 Phishing,1,iscx_group_003290,development,2.0
ISCX::13126,ISCX-URL2016 Phishing,1,iscx_group_014174,development,3.0
ISCX::13127,ISCX-URL2016 Phishing,1,iscx_group_011880,test,
ISCX::13128,ISCX-URL2016 Phishing,1,iscx_group_006702,development,5.0
ISCX::13129,ISCX-URL2016 Phishing,1,iscx_group_000367,development,2.0
ISCX::13130,ISCX-URL2016 Phishing,1,iscx_group_007098,development,5.0
ISCX::13131,ISCX-URL2016 Phishing,1,iscx_group_012775,calibration,
ISCX::13132,ISCX-URL2016 Phishing,1,iscx_group_005158,calibration,
ISCX::13133,ISCX-URL2016 Phishing,1,iscx_group_001144,development,5.0
ISCX::13134,ISCX-URL2016 Phishing,1,iscx_group_001702,development,2.0
ISCX::13135,ISCX-URL2016 Phishing,1,iscx_group_013003,calibration,
ISCX::13136,ISCX-URL2016 Phishing,1,iscx_group_006494,development,4.0
ISCX::13137,ISCX-URL2016 Phishing,1,iscx_group_010839,development,2.0
ISCX::13138,ISCX-URL2016 Phishing,1,iscx_group_003722,development,1.0
ISCX::13139,ISCX-URL2016 Phishing,1,iscx_group_012492,development,3.0
ISCX::13140,ISCX-URL2016 Phishing,1,iscx_group_008586,test,
ISCX::13141,ISCX-URL2016 Phishing,1,iscx_group_002551,development,4.0
ISCX::13142,ISCX-URL2016 Phishing,1,iscx_group_010060,development,5.0
ISCX::13143,ISCX-URL2016 Phishing,1,iscx_group_003910,calibration,
ISCX::13144,ISCX-URL2016 Phishing,1,iscx_group_008984,calibration,
ISCX::13145,ISCX-URL2016 Phishing,1,iscx_group_003408,development,5.0
ISCX::13146,ISCX-URL2016 Phishing,1,iscx_group_008467,development,5.0
ISCX::13147,ISCX-URL2016 Phishing,1,iscx_group_001586,development,3.0
ISCX::13148,ISCX-URL2016 Phishing,1,iscx_group_013845,development,2.0
ISCX::13149,ISCX-URL2016 Phishing,1,iscx_group_008889,test,
ISCX::13150,ISCX-URL2016 Phishing,1,iscx_group_009453,calibration,
ISCX::13151,ISCX-URL2016 Phishing,1,iscx_group_000097,development,5.0
ISCX::13152,ISCX-URL2016 Phishing,1,iscx_group_000531,development,3.0
ISCX::13153,ISCX-URL2016 Phishing,1,iscx_group_006238,development,1.0
ISCX::13154,ISCX-URL2016 Phishing,1,iscx_group_001678,calibration,
ISCX::13155,ISCX-URL2016 Phishing,1,iscx_group_010685,development,2.0
ISCX::13156,ISCX-URL2016 Phishing,1,iscx_group_004919,development,1.0
ISCX::13157,ISCX-URL2016 Phishing,1,iscx_group_005596,development,3.0
ISCX::13158,ISCX-URL2016 Phishing,1,iscx_group_014213,development,1.0
ISCX::13159,ISCX-URL2016 Phishing,1,iscx_group_001772,test,
ISCX::13160,ISCX-URL2016 Phishing,1,iscx_group_014440,development,5.0
ISCX::13161,ISCX-URL2016 Phishing,1,iscx_group_010034,development,5.0
ISCX::13162,ISCX-URL2016 Phishing,1,iscx_group_003251,development,3.0
ISCX::13163,ISCX-URL2016 Phishing,1,iscx_group_005081,development,3.0
ISCX::13164,ISCX-URL2016 Phishing,1,iscx_group_002214,development,1.0
ISCX::13165,ISCX-URL2016 Phishing,1,iscx_group_014567,development,1.0
ISCX::13166,ISCX-URL2016 Phishing,1,iscx_group_001541,development,5.0
ISCX::13167,ISCX-URL2016 Phishing,1,iscx_group_006027,calibration,
ISCX::13168,ISCX-URL2016 Phishing,1,iscx_group_005020,development,2.0
ISCX::13169,ISCX-URL2016 Phishing,1,iscx_group_003341,development,1.0
ISCX::13170,ISCX-URL2016 Phishing,1,iscx_group_012285,test,
ISCX::13171,ISCX-URL2016 Phishing,1,iscx_group_012437,test,
ISCX::13172,ISCX-URL2016 Phishing,1,iscx_group_004440,development,5.0
ISCX::13173,ISCX-URL2016 Phishing,1,iscx_group_005107,development,1.0
ISCX::13174,ISCX-URL2016 Phishing,1,iscx_group_008730,test,
ISCX::13175,ISCX-URL2016 Phishing,1,iscx_group_009859,development,5.0
ISCX::13176,ISCX-URL2016 Phishing,1,iscx_group_000965,development,5.0
ISCX::13177,ISCX-URL2016 Phishing,1,iscx_group_009775,development,2.0
ISCX::13178,ISCX-URL2016 Phishing,1,iscx_group_002563,development,3.0
ISCX::13179,ISCX-URL2016 Phishing,1,iscx_group_001259,test,
ISCX::13180,ISCX-URL2016 Phishing,1,iscx_group_009187,development,4.0
ISCX::13181,ISCX-URL2016 Phishing,1,iscx_group_005449,development,4.0
ISCX::13182,ISCX-URL2016 Phishing,1,iscx_group_006322,test,
ISCX::13183,ISCX-URL2016 Phishing,1,iscx_group_012814,development,4.0
ISCX::13184,ISCX-URL2016 Phishing,1,iscx_group_001764,development,5.0
ISCX::13185,ISCX-URL2016 Phishing,1,iscx_group_014508,development,2.0
ISCX::13186,ISCX-URL2016 Phishing,1,iscx_group_007557,development,5.0
ISCX::13187,ISCX-URL2016 Phishing,1,iscx_group_004173,development,2.0
ISCX::13188,ISCX-URL2016 Phishing,1,iscx_group_008079,development,1.0
ISCX::13189,ISCX-URL2016 Phishing,1,iscx_group_002866,development,1.0
ISCX::13190,ISCX-URL2016 Phishing,1,iscx_group_005777,calibration,
ISCX::13191,ISCX-URL2016 Phishing,1,iscx_group_010405,development,3.0
ISCX::13192,ISCX-URL2016 Phishing,1,iscx_group_013279,development,5.0
ISCX::13193,ISCX-URL2016 Phishing,1,iscx_group_011754,development,3.0
ISCX::13194,ISCX-URL2016 Phishing,1,iscx_group_013650,development,4.0
ISCX::13195,ISCX-URL2016 Phishing,1,iscx_group_008264,development,5.0
ISCX::13196,ISCX-URL2016 Phishing,1,iscx_group_013744,development,3.0
ISCX::13197,ISCX-URL2016 Phishing,1,iscx_group_010443,development,1.0
ISCX::13198,ISCX-URL2016 Phishing,1,iscx_group_002110,development,1.0
ISCX::13199,ISCX-URL2016 Phishing,1,iscx_group_005906,test,
ISCX::13200,ISCX-URL2016 Phishing,1,iscx_group_000873,development,1.0
ISCX::13201,ISCX-URL2016 Phishing,1,iscx_group_010409,development,4.0
ISCX::13202,ISCX-URL2016 Phishing,1,iscx_group_010747,development,3.0
ISCX::13203,ISCX-URL2016 Phishing,1,iscx_group_001196,development,1.0
ISCX::13204,ISCX-URL2016 Phishing,1,iscx_group_001826,calibration,
ISCX::13205,ISCX-URL2016 Phishing,1,iscx_group_011575,development,5.0
ISCX::13206,ISCX-URL2016 Phishing,1,iscx_group_013332,development,3.0
ISCX::13207,ISCX-URL2016 Phishing,1,iscx_group_001796,development,4.0
ISCX::13208,ISCX-URL2016 Phishing,1,iscx_group_001073,test,
ISCX::13209,ISCX-URL2016 Phishing,1,iscx_group_001818,development,2.0
ISCX::13210,ISCX-URL2016 Phishing,1,iscx_group_011970,calibration,
ISCX::13211,ISCX-URL2016 Phishing,1,iscx_group_003192,development,3.0
ISCX::13212,ISCX-URL2016 Phishing,1,iscx_group_011163,development,5.0
ISCX::13213,ISCX-URL2016 Phishing,1,iscx_group_007222,development,4.0
ISCX::13214,ISCX-URL2016 Phishing,1,iscx_group_013660,development,3.0
ISCX::13215,ISCX-URL2016 Phishing,1,iscx_group_000006,development,5.0
ISCX::13216,ISCX-URL2016 Phishing,1,iscx_group_014681,development,4.0
ISCX::13217,ISCX-URL2016 Phishing,1,iscx_group_006051,development,4.0
ISCX::13218,ISCX-URL2016 Phishing,1,iscx_group_008618,test,
ISCX::13219,ISCX-URL2016 Phishing,1,iscx_group_008423,development,2.0
ISCX::13220,ISCX-URL2016 Phishing,1,iscx_group_001300,development,4.0
ISCX::13221,ISCX-URL2016 Phishing,1,iscx_group_004008,development,5.0
ISCX::13222,ISCX-URL2016 Phishing,1,iscx_group_004478,calibration,
ISCX::13223,ISCX-URL2016 Phishing,1,iscx_group_008167,development,3.0
ISCX::13224,ISCX-URL2016 Phishing,1,iscx_group_004414,development,1.0
ISCX::13225,ISCX-URL2016 Phishing,1,iscx_group_012257,development,5.0
ISCX::13226,ISCX-URL2016 Phishing,1,iscx_group_013919,development,3.0
ISCX::13227,ISCX-URL2016 Phishing,1,iscx_group_012255,development,5.0
ISCX::13228,ISCX-URL2016 Phishing,1,iscx_group_002122,development,5.0
ISCX::13229,ISCX-URL2016 Phishing,1,iscx_group_011883,development,2.0
ISCX::13230,ISCX-URL2016 Phishing,1,iscx_group_003287,development,4.0
ISCX::13231,ISCX-URL2016 Phishing,1,iscx_group_014777,development,2.0
ISCX::13232,ISCX-URL2016 Phishing,1,iscx_group_008007,test,
ISCX::13233,ISCX-URL2016 Phishing,1,iscx_group_003788,calibration,
ISCX::13234,ISCX-URL2016 Phishing,1,iscx_group_010535,development,3.0
ISCX::13235,ISCX-URL2016 Phishing,1,iscx_group_004112,test,
ISCX::13236,ISCX-URL2016 Phishing,1,iscx_group_014729,development,2.0
ISCX::13237,ISCX-URL2016 Phishing,1,iscx_group_003989,calibration,
ISCX::13238,ISCX-URL2016 Phishing,1,iscx_group_008843,test,
ISCX::13239,ISCX-URL2016 Phishing,1,iscx_group_011169,development,3.0
ISCX::13240,ISCX-URL2016 Phishing,1,iscx_group_014052,test,
ISCX::13241,ISCX-URL2016 Phishing,1,iscx_group_007547,development,3.0
ISCX::13242,ISCX-URL2016 Phishing,1,iscx_group_001366,calibration,
ISCX::13243,ISCX-URL2016 Phishing,1,iscx_group_005476,development,1.0
ISCX::13244,ISCX-URL2016 Phishing,1,iscx_group_005571,development,4.0
ISCX::13245,ISCX-URL2016 Phishing,1,iscx_group_005683,calibration,
ISCX::13246,ISCX-URL2016 Phishing,1,iscx_group_003837,calibration,
ISCX::13247,ISCX-URL2016 Phishing,1,iscx_group_006359,development,5.0
ISCX::13248,ISCX-URL2016 Phishing,1,iscx_group_010312,development,4.0
ISCX::13249,ISCX-URL2016 Phishing,1,iscx_group_005995,development,5.0
ISCX::13250,ISCX-URL2016 Phishing,1,iscx_group_001578,development,2.0
ISCX::13251,ISCX-URL2016 Phishing,1,iscx_group_006068,development,2.0
ISCX::13252,ISCX-URL2016 Phishing,1,iscx_group_012633,development,1.0
ISCX::13253,ISCX-URL2016 Phishing,1,iscx_group_010949,test,
ISCX::13254,ISCX-URL2016 Phishing,1,iscx_group_007315,development,3.0
ISCX::13255,ISCX-URL2016 Phishing,1,iscx_group_001820,calibration,
ISCX::13256,ISCX-URL2016 Phishing,1,iscx_group_009675,development,1.0
ISCX::13257,ISCX-URL2016 Phishing,1,iscx_group_010773,development,2.0
ISCX::13258,ISCX-URL2016 Phishing,1,iscx_group_001850,development,5.0
ISCX::13259,ISCX-URL2016 Phishing,1,iscx_group_012173,calibration,
ISCX::13260,ISCX-URL2016 Phishing,1,iscx_group_000108,development,4.0
ISCX::13261,ISCX-URL2016 Phishing,1,iscx_group_011304,test,
ISCX::13262,ISCX-URL2016 Phishing,1,iscx_group_007344,development,5.0
ISCX::13263,ISCX-URL2016 Phishing,1,iscx_group_006837,test,
ISCX::13264,ISCX-URL2016 Phishing,1,iscx_group_001638,test,
ISCX::13265,ISCX-URL2016 Phishing,1,iscx_group_002773,development,1.0
ISCX::13266,ISCX-URL2016 Phishing,1,iscx_group_004744,calibration,
ISCX::13267,ISCX-URL2016 Phishing,1,iscx_group_011741,development,5.0
ISCX::13268,ISCX-URL2016 Phishing,1,iscx_group_000341,development,3.0
ISCX::13269,ISCX-URL2016 Phishing,1,iscx_group_013194,development,3.0
ISCX::13270,ISCX-URL2016 Phishing,1,iscx_group_001443,development,1.0
ISCX::13271,ISCX-URL2016 Phishing,1,iscx_group_009461,development,5.0
ISCX::13272,ISCX-URL2016 Phishing,1,iscx_group_006288,development,2.0
ISCX::13273,ISCX-URL2016 Phishing,1,iscx_group_007077,development,5.0
ISCX::13274,ISCX-URL2016 Phishing,1,iscx_group_000406,development,1.0
ISCX::13275,ISCX-URL2016 Phishing,1,iscx_group_002397,development,5.0
ISCX::13276,ISCX-URL2016 Phishing,1,iscx_group_007886,development,3.0
ISCX::13277,ISCX-URL2016 Phishing,1,iscx_group_014113,calibration,
ISCX::13278,ISCX-URL2016 Phishing,1,iscx_group_006289,development,3.0
ISCX::13279,ISCX-URL2016 Phishing,1,iscx_group_009958,calibration,
ISCX::13280,ISCX-URL2016 Phishing,1,iscx_group_000616,calibration,
ISCX::13281,ISCX-URL2016 Phishing,1,iscx_group_010149,calibration,
ISCX::13282,ISCX-URL2016 Phishing,1,iscx_group_007518,development,4.0
ISCX::13283,ISCX-URL2016 Phishing,1,iscx_group_011760,development,2.0
ISCX::13284,ISCX-URL2016 Phishing,1,iscx_group_001111,development,1.0
ISCX::13285,ISCX-URL2016 Phishing,1,iscx_group_003777,test,
ISCX::13286,ISCX-URL2016 Phishing,1,iscx_group_006925,test,
ISCX::13287,ISCX-URL2016 Phishing,1,iscx_group_014267,test,
ISCX::13288,ISCX-URL2016 Phishing,1,iscx_group_003275,development,5.0
ISCX::13289,ISCX-URL2016 Phishing,1,iscx_group_002809,test,
ISCX::13290,ISCX-URL2016 Phishing,1,iscx_group_009118,calibration,
ISCX::13291,ISCX-URL2016 Phishing,1,iscx_group_003698,development,4.0
ISCX::13292,ISCX-URL2016 Phishing,1,iscx_group_001568,development,4.0
ISCX::13293,ISCX-URL2016 Phishing,1,iscx_group_004180,test,
ISCX::13294,ISCX-URL2016 Phishing,1,iscx_group_000049,calibration,
ISCX::13295,ISCX-URL2016 Phishing,1,iscx_group_014152,development,1.0
ISCX::13296,ISCX-URL2016 Phishing,1,iscx_group_006128,test,
ISCX::13297,ISCX-URL2016 Phishing,1,iscx_group_005331,calibration,
ISCX::13298,ISCX-URL2016 Phishing,1,iscx_group_011331,development,4.0
ISCX::13299,ISCX-URL2016 Phishing,1,iscx_group_000337,development,5.0
ISCX::13300,ISCX-URL2016 Phishing,1,iscx_group_009780,calibration,
ISCX::13301,ISCX-URL2016 Phishing,1,iscx_group_014255,development,1.0
ISCX::13302,ISCX-URL2016 Phishing,1,iscx_group_011158,test,
ISCX::13303,ISCX-URL2016 Phishing,1,iscx_group_009892,development,4.0
ISCX::13304,ISCX-URL2016 Phishing,1,iscx_group_014281,calibration,
ISCX::13305,ISCX-URL2016 Phishing,1,iscx_group_012456,test,
ISCX::13306,ISCX-URL2016 Phishing,1,iscx_group_010628,development,3.0
ISCX::13307,ISCX-URL2016 Phishing,1,iscx_group_012041,test,
ISCX::13308,ISCX-URL2016 Phishing,1,iscx_group_009707,development,1.0
ISCX::13309,ISCX-URL2016 Phishing,1,iscx_group_008420,development,4.0
ISCX::13310,ISCX-URL2016 Phishing,1,iscx_group_013920,calibration,
ISCX::13311,ISCX-URL2016 Phishing,1,iscx_group_005635,calibration,
ISCX::13312,ISCX-URL2016 Phishing,1,iscx_group_013406,calibration,
ISCX::13313,ISCX-URL2016 Phishing,1,iscx_group_009079,development,3.0
ISCX::13314,ISCX-URL2016 Phishing,1,iscx_group_012570,development,5.0
ISCX::13315,ISCX-URL2016 Phishing,1,iscx_group_000588,development,4.0
ISCX::13316,ISCX-URL2016 Phishing,1,iscx_group_002391,development,1.0
ISCX::13317,ISCX-URL2016 Phishing,1,iscx_group_007088,development,2.0
ISCX::13318,ISCX-URL2016 Phishing,1,iscx_group_014140,development,5.0
ISCX::13319,ISCX-URL2016 Phishing,1,iscx_group_014301,development,4.0
ISCX::13320,ISCX-URL2016 Phishing,1,iscx_group_004150,test,
ISCX::13321,ISCX-URL2016 Phishing,1,iscx_group_010419,calibration,
ISCX::13322,ISCX-URL2016 Phishing,1,iscx_group_003495,development,5.0
ISCX::13323,ISCX-URL2016 Phishing,1,iscx_group_010065,test,
ISCX::13324,ISCX-URL2016 Phishing,1,iscx_group_010840,development,2.0
ISCX::13325,ISCX-URL2016 Phishing,1,iscx_group_001885,development,3.0
ISCX::13326,ISCX-URL2016 Phishing,1,iscx_group_008265,development,3.0
ISCX::13327,ISCX-URL2016 Phishing,1,iscx_group_005009,development,3.0
ISCX::13328,ISCX-URL2016 Phishing,1,iscx_group_010668,development,2.0
ISCX::13329,ISCX-URL2016 Phishing,1,iscx_group_007733,development,4.0
ISCX::13330,ISCX-URL2016 Phishing,1,iscx_group_013718,test,
ISCX::13331,ISCX-URL2016 Phishing,1,iscx_group_011562,test,
ISCX::13332,ISCX-URL2016 Phishing,1,iscx_group_009992,test,
ISCX::13333,ISCX-URL2016 Phishing,1,iscx_group_000932,development,4.0
ISCX::13334,ISCX-URL2016 Phishing,1,iscx_group_007747,development,5.0
ISCX::13335,ISCX-URL2016 Phishing,1,iscx_group_007364,development,2.0
ISCX::13336,ISCX-URL2016 Phishing,1,iscx_group_013078,calibration,
ISCX::13337,ISCX-URL2016 Phishing,1,iscx_group_004766,development,5.0
ISCX::13338,ISCX-URL2016 Phishing,1,iscx_group_013102,test,
ISCX::13339,ISCX-URL2016 Phishing,1,iscx_group_000784,calibration,
ISCX::13340,ISCX-URL2016 Phishing,1,iscx_group_003202,test,
ISCX::13341,ISCX-URL2016 Phishing,1,iscx_group_013803,development,4.0
ISCX::13342,ISCX-URL2016 Phishing,1,iscx_group_002949,development,4.0
ISCX::13343,ISCX-URL2016 Phishing,1,iscx_group_000149,development,2.0
ISCX::13344,ISCX-URL2016 Phishing,1,iscx_group_002566,development,4.0
ISCX::13345,ISCX-URL2016 Phishing,1,iscx_group_007055,development,5.0
ISCX::13346,ISCX-URL2016 Phishing,1,iscx_group_014396,development,1.0
ISCX::13347,ISCX-URL2016 Phishing,1,iscx_group_010219,calibration,
ISCX::13348,ISCX-URL2016 Phishing,1,iscx_group_003070,development,4.0
ISCX::13349,ISCX-URL2016 Phishing,1,iscx_group_004124,development,1.0
ISCX::13350,ISCX-URL2016 Phishing,1,iscx_group_006993,development,1.0
ISCX::13351,ISCX-URL2016 Phishing,1,iscx_group_013937,test,
ISCX::13352,ISCX-URL2016 Phishing,1,iscx_group_005126,development,1.0
ISCX::13353,ISCX-URL2016 Phishing,1,iscx_group_012419,test,
ISCX::13354,ISCX-URL2016 Phishing,1,iscx_group_012418,development,4.0
ISCX::13355,ISCX-URL2016 Phishing,1,iscx_group_012036,calibration,
ISCX::13356,ISCX-URL2016 Phishing,1,iscx_group_002123,development,5.0
ISCX::13357,ISCX-URL2016 Phishing,1,iscx_group_004960,test,
ISCX::13358,ISCX-URL2016 Phishing,1,iscx_group_014147,development,2.0
ISCX::13359,ISCX-URL2016 Phishing,1,iscx_group_004654,development,1.0
ISCX::13360,ISCX-URL2016 Phishing,1,iscx_group_009041,development,1.0
ISCX::13361,ISCX-URL2016 Phishing,1,iscx_group_005017,development,5.0
ISCX::13362,ISCX-URL2016 Phishing,1,iscx_group_001834,development,5.0
ISCX::13363,ISCX-URL2016 Phishing,1,iscx_group_000714,development,1.0
ISCX::13364,ISCX-URL2016 Phishing,1,iscx_group_007869,development,4.0
ISCX::13365,ISCX-URL2016 Phishing,1,iscx_group_014075,calibration,
ISCX::13366,ISCX-URL2016 Phishing,1,iscx_group_009526,development,1.0
ISCX::13367,ISCX-URL2016 Phishing,1,iscx_group_009777,development,5.0
ISCX::13368,ISCX-URL2016 Phishing,1,iscx_group_012350,development,2.0
ISCX::13369,ISCX-URL2016 Phishing,1,iscx_group_005468,test,
ISCX::13370,ISCX-URL2016 Phishing,1,iscx_group_012358,development,2.0
ISCX::13371,ISCX-URL2016 Phishing,1,iscx_group_008631,development,4.0
ISCX::13372,ISCX-URL2016 Phishing,1,iscx_group_007847,development,2.0
ISCX::13373,ISCX-URL2016 Phishing,1,iscx_group_000527,test,
ISCX::13374,ISCX-URL2016 Phishing,1,iscx_group_002043,test,
ISCX::13375,ISCX-URL2016 Phishing,1,iscx_group_009862,development,4.0
ISCX::13376,ISCX-URL2016 Phishing,1,iscx_group_005458,calibration,
ISCX::13377,ISCX-URL2016 Phishing,1,iscx_group_010707,development,1.0
ISCX::13378,ISCX-URL2016 Phishing,1,iscx_group_006221,development,1.0
ISCX::13379,ISCX-URL2016 Phishing,1,iscx_group_003304,development,2.0
ISCX::13380,ISCX-URL2016 Phishing,1,iscx_group_014668,calibration,
ISCX::13381,ISCX-URL2016 Phishing,1,iscx_group_000843,calibration,
ISCX::13382,ISCX-URL2016 Phishing,1,iscx_group_010290,calibration,
ISCX::13383,ISCX-URL2016 Phishing,1,iscx_group_005282,development,5.0
ISCX::13384,ISCX-URL2016 Phishing,1,iscx_group_002454,development,3.0
ISCX::13385,ISCX-URL2016 Phishing,1,iscx_group_007070,test,
ISCX::13386,ISCX-URL2016 Phishing,1,iscx_group_007377,development,4.0
ISCX::13387,ISCX-URL2016 Phishing,1,iscx_group_002977,calibration,
ISCX::13388,ISCX-URL2016 Phishing,1,iscx_group_004898,development,4.0
ISCX::13389,ISCX-URL2016 Phishing,1,iscx_group_008812,development,2.0
ISCX::13390,ISCX-URL2016 Phishing,1,iscx_group_006909,development,3.0
ISCX::13391,ISCX-URL2016 Phishing,1,iscx_group_012276,calibration,
ISCX::13392,ISCX-URL2016 Phishing,1,iscx_group_004990,development,5.0
ISCX::13393,ISCX-URL2016 Phishing,1,iscx_group_003684,development,4.0
ISCX::13394,ISCX-URL2016 Phishing,1,iscx_group_008769,development,1.0
ISCX::13395,ISCX-URL2016 Phishing,1,iscx_group_012846,development,2.0
ISCX::13396,ISCX-URL2016 Phishing,1,iscx_group_012273,development,4.0
ISCX::13397,ISCX-URL2016 Phishing,1,iscx_group_008489,development,5.0
ISCX::13398,ISCX-URL2016 Phishing,1,iscx_group_014283,development,3.0
ISCX::13399,ISCX-URL2016 Phishing,1,iscx_group_013256,development,5.0
ISCX::13400,ISCX-URL2016 Phishing,1,iscx_group_009811,development,1.0
ISCX::13401,ISCX-URL2016 Phishing,1,iscx_group_002481,test,
ISCX::13402,ISCX-URL2016 Phishing,1,iscx_group_014360,development,5.0
ISCX::13403,ISCX-URL2016 Phishing,1,iscx_group_007931,development,5.0
ISCX::13404,ISCX-URL2016 Phishing,1,iscx_group_003208,test,
ISCX::13405,ISCX-URL2016 Phishing,1,iscx_group_013228,test,
ISCX::13406,ISCX-URL2016 Phishing,1,iscx_group_003357,development,4.0
ISCX::13407,ISCX-URL2016 Phishing,1,iscx_group_006439,development,4.0
ISCX::13408,ISCX-URL2016 Phishing,1,iscx_group_011932,development,3.0
ISCX::13409,ISCX-URL2016 Phishing,1,iscx_group_010070,development,1.0
ISCX::13410,ISCX-URL2016 Phishing,1,iscx_group_012416,development,2.0
ISCX::13411,ISCX-URL2016 Phishing,1,iscx_group_000786,development,5.0
ISCX::13412,ISCX-URL2016 Phishing,1,iscx_group_014112,development,2.0
ISCX::13413,ISCX-URL2016 Phishing,1,iscx_group_001442,development,4.0
ISCX::13414,ISCX-URL2016 Phishing,1,iscx_group_002389,development,1.0
ISCX::13415,ISCX-URL2016 Phishing,1,iscx_group_008359,development,3.0
ISCX::13416,ISCX-URL2016 Phishing,1,iscx_group_004647,calibration,
ISCX::13417,ISCX-URL2016 Phishing,1,iscx_group_012345,calibration,
ISCX::13418,ISCX-URL2016 Phishing,1,iscx_group_012116,development,2.0
ISCX::13419,ISCX-URL2016 Phishing,1,iscx_group_004075,calibration,
ISCX::13420,ISCX-URL2016 Phishing,1,iscx_group_012797,development,3.0
ISCX::13421,ISCX-URL2016 Phishing,1,iscx_group_008047,development,4.0
ISCX::13422,ISCX-URL2016 Phishing,1,iscx_group_004782,development,1.0
ISCX::13423,ISCX-URL2016 Phishing,1,iscx_group_001866,development,1.0
ISCX::13424,ISCX-URL2016 Phishing,1,iscx_group_014134,test,
ISCX::13425,ISCX-URL2016 Phishing,1,iscx_group_013462,development,2.0
ISCX::13426,ISCX-URL2016 Phishing,1,iscx_group_000481,development,3.0
ISCX::13427,ISCX-URL2016 Phishing,1,iscx_group_007083,test,
ISCX::13428,ISCX-URL2016 Phishing,1,iscx_group_005143,development,5.0
ISCX::13429,ISCX-URL2016 Phishing,1,iscx_group_012785,calibration,
ISCX::13430,ISCX-URL2016 Phishing,1,iscx_group_000277,development,1.0
ISCX::13431,ISCX-URL2016 Phishing,1,iscx_group_011942,development,3.0
ISCX::13432,ISCX-URL2016 Phishing,1,iscx_group_006724,development,2.0
ISCX::13433,ISCX-URL2016 Phishing,1,iscx_group_000392,development,5.0
ISCX::13434,ISCX-URL2016 Phishing,1,iscx_group_008095,development,2.0
ISCX::13435,ISCX-URL2016 Phishing,1,iscx_group_011474,test,
ISCX::13436,ISCX-URL2016 Phishing,1,iscx_group_003736,development,1.0
ISCX::13437,ISCX-URL2016 Phishing,1,iscx_group_005116,development,3.0
ISCX::13438,ISCX-URL2016 Phishing,1,iscx_group_005086,test,
ISCX::13439,ISCX-URL2016 Phishing,1,iscx_group_002941,development,1.0
ISCX::13440,ISCX-URL2016 Phishing,1,iscx_group_005572,development,1.0
ISCX::13441,ISCX-URL2016 Phishing,1,iscx_group_014528,development,3.0
ISCX::13442,ISCX-URL2016 Phishing,1,iscx_group_002973,test,
ISCX::13443,ISCX-URL2016 Phishing,1,iscx_group_012470,development,1.0
ISCX::13444,ISCX-URL2016 Phishing,1,iscx_group_002790,development,5.0
ISCX::13445,ISCX-URL2016 Phishing,1,iscx_group_013433,test,
ISCX::13446,ISCX-URL2016 Phishing,1,iscx_group_001049,test,
ISCX::13447,ISCX-URL2016 Phishing,1,iscx_group_003004,development,4.0
ISCX::13448,ISCX-URL2016 Phishing,1,iscx_group_012053,development,2.0
ISCX::13449,ISCX-URL2016 Phishing,1,iscx_group_002430,test,
ISCX::13450,ISCX-URL2016 Phishing,1,iscx_group_004110,development,2.0
ISCX::13451,ISCX-URL2016 Phishing,1,iscx_group_007041,development,5.0
ISCX::13452,ISCX-URL2016 Phishing,1,iscx_group_007957,development,2.0
ISCX::13453,ISCX-URL2016 Phishing,1,iscx_group_001152,development,1.0
ISCX::13454,ISCX-URL2016 Phishing,1,iscx_group_011426,test,
ISCX::13455,ISCX-URL2016 Phishing,1,iscx_group_005016,development,2.0
ISCX::13456,ISCX-URL2016 Phishing,1,iscx_group_000114,calibration,
ISCX::13457,ISCX-URL2016 Phishing,1,iscx_group_004533,development,3.0
ISCX::13458,ISCX-URL2016 Phishing,1,iscx_group_010752,calibration,
ISCX::13459,ISCX-URL2016 Phishing,1,iscx_group_012111,calibration,
ISCX::13460,ISCX-URL2016 Phishing,1,iscx_group_000239,test,
ISCX::13461,ISCX-URL2016 Phishing,1,iscx_group_007694,development,5.0
ISCX::13462,ISCX-URL2016 Phishing,1,iscx_group_006425,test,
ISCX::13463,ISCX-URL2016 Phishing,1,iscx_group_014547,test,
ISCX::13464,ISCX-URL2016 Phishing,1,iscx_group_012263,development,2.0
ISCX::13465,ISCX-URL2016 Phishing,1,iscx_group_001285,development,3.0
ISCX::13466,ISCX-URL2016 Phishing,1,iscx_group_010104,development,1.0
ISCX::13467,ISCX-URL2016 Phishing,1,iscx_group_011615,development,4.0
ISCX::13468,ISCX-URL2016 Phishing,1,iscx_group_010579,development,5.0
ISCX::13469,ISCX-URL2016 Phishing,1,iscx_group_000056,test,
ISCX::13470,ISCX-URL2016 Phishing,1,iscx_group_014438,development,1.0
ISCX::13471,ISCX-URL2016 Phishing,1,iscx_group_013654,development,4.0
ISCX::13472,ISCX-URL2016 Phishing,1,iscx_group_013536,calibration,
ISCX::13473,ISCX-URL2016 Phishing,1,iscx_group_011367,development,5.0
ISCX::13474,ISCX-URL2016 Phishing,1,iscx_group_003260,development,1.0
ISCX::13475,ISCX-URL2016 Phishing,1,iscx_group_012612,development,4.0
ISCX::13476,ISCX-URL2016 Phishing,1,iscx_group_010851,development,3.0
ISCX::13477,ISCX-URL2016 Phishing,1,iscx_group_009075,development,5.0
ISCX::13478,ISCX-URL2016 Phishing,1,iscx_group_004156,development,3.0
ISCX::13479,ISCX-URL2016 Phishing,1,iscx_group_012820,test,
ISCX::13480,ISCX-URL2016 Phishing,1,iscx_group_001994,development,5.0
ISCX::13481,ISCX-URL2016 Phishing,1,iscx_group_013052,development,5.0
ISCX::13482,ISCX-URL2016 Phishing,1,iscx_group_014774,development,2.0
ISCX::13483,ISCX-URL2016 Phishing,1,iscx_group_004267,calibration,
ISCX::13484,ISCX-URL2016 Phishing,1,iscx_group_008358,development,4.0
ISCX::13485,ISCX-URL2016 Phishing,1,iscx_group_012142,development,3.0
ISCX::13486,ISCX-URL2016 Phishing,1,iscx_group_000828,test,
ISCX::13487,ISCX-URL2016 Phishing,1,iscx_group_003329,development,2.0
ISCX::13488,ISCX-URL2016 Phishing,1,iscx_group_002358,calibration,
ISCX::13489,ISCX-URL2016 Phishing,1,iscx_group_010394,development,5.0
ISCX::13490,ISCX-URL2016 Phishing,1,iscx_group_003143,development,2.0
ISCX::13491,ISCX-URL2016 Phishing,1,iscx_group_009545,development,4.0
ISCX::13492,ISCX-URL2016 Phishing,1,iscx_group_000885,development,1.0
ISCX::13493,ISCX-URL2016 Phishing,1,iscx_group_013046,development,4.0
ISCX::13494,ISCX-URL2016 Phishing,1,iscx_group_002956,development,1.0
ISCX::13495,ISCX-URL2016 Phishing,1,iscx_group_011759,development,5.0
ISCX::13496,ISCX-URL2016 Phishing,1,iscx_group_010651,calibration,
ISCX::13497,ISCX-URL2016 Phishing,1,iscx_group_005819,test,
ISCX::13498,ISCX-URL2016 Phishing,1,iscx_group_004218,development,3.0
ISCX::13499,ISCX-URL2016 Phishing,1,iscx_group_007484,calibration,
ISCX::13500,ISCX-URL2016 Phishing,1,iscx_group_009669,development,1.0
ISCX::13501,ISCX-URL2016 Phishing,1,iscx_group_005498,development,3.0
ISCX::13502,ISCX-URL2016 Phishing,1,iscx_group_008322,development,1.0
ISCX::13503,ISCX-URL2016 Phishing,1,iscx_group_012234,development,5.0
ISCX::13504,ISCX-URL2016 Phishing,1,iscx_group_006566,development,5.0
ISCX::13505,ISCX-URL2016 Phishing,1,iscx_group_002584,development,1.0
ISCX::13506,ISCX-URL2016 Phishing,1,iscx_group_004886,calibration,
ISCX::13507,ISCX-URL2016 Phishing,1,iscx_group_008942,calibration,
ISCX::13508,ISCX-URL2016 Phishing,1,iscx_group_002595,development,5.0
ISCX::13509,ISCX-URL2016 Phishing,1,iscx_group_010681,development,5.0
ISCX::13510,ISCX-URL2016 Phishing,1,iscx_group_004855,development,3.0
ISCX::13511,ISCX-URL2016 Phishing,1,iscx_group_000113,development,1.0
ISCX::13512,ISCX-URL2016 Phishing,1,iscx_group_008968,development,1.0
ISCX::13513,ISCX-URL2016 Phishing,1,iscx_group_004056,calibration,
ISCX::13514,ISCX-URL2016 Phishing,1,iscx_group_000275,calibration,
ISCX::13515,ISCX-URL2016 Phishing,1,iscx_group_004235,test,
ISCX::13516,ISCX-URL2016 Phishing,1,iscx_group_010816,development,4.0
ISCX::13517,ISCX-URL2016 Phishing,1,iscx_group_003128,test,
ISCX::13518,ISCX-URL2016 Phishing,1,iscx_group_009425,development,4.0
ISCX::13519,ISCX-URL2016 Phishing,1,iscx_group_001479,development,1.0
ISCX::13520,ISCX-URL2016 Phishing,1,iscx_group_001060,calibration,
ISCX::13521,ISCX-URL2016 Phishing,1,iscx_group_009280,development,1.0
ISCX::13522,ISCX-URL2016 Phishing,1,iscx_group_000730,development,1.0
ISCX::13523,ISCX-URL2016 Phishing,1,iscx_group_010797,calibration,
ISCX::13524,ISCX-URL2016 Phishing,1,iscx_group_007503,development,3.0
ISCX::13525,ISCX-URL2016 Phishing,1,iscx_group_006252,development,2.0
ISCX::13526,ISCX-URL2016 Phishing,1,iscx_group_009602,development,3.0
ISCX::13527,ISCX-URL2016 Phishing,1,iscx_group_002409,development,4.0
ISCX::13528,ISCX-URL2016 Phishing,1,iscx_group_004921,development,5.0
ISCX::13529,ISCX-URL2016 Phishing,1,iscx_group_003934,development,4.0
ISCX::13530,ISCX-URL2016 Phishing,1,iscx_group_003218,development,5.0
ISCX::13531,ISCX-URL2016 Phishing,1,iscx_group_006555,development,3.0
ISCX::13532,ISCX-URL2016 Phishing,1,iscx_group_002544,development,4.0
ISCX::13533,ISCX-URL2016 Phishing,1,iscx_group_002734,development,1.0
ISCX::13534,ISCX-URL2016 Phishing,1,iscx_group_010519,development,2.0
ISCX::13535,ISCX-URL2016 Phishing,1,iscx_group_007680,development,2.0
ISCX::13536,ISCX-URL2016 Phishing,1,iscx_group_001201,development,5.0
ISCX::13537,ISCX-URL2016 Phishing,1,iscx_group_009494,development,5.0
ISCX::13538,ISCX-URL2016 Phishing,1,iscx_group_014329,development,4.0
ISCX::13539,ISCX-URL2016 Phishing,1,iscx_group_011195,test,
ISCX::13540,ISCX-URL2016 Phishing,1,iscx_group_014719,development,2.0
ISCX::13541,ISCX-URL2016 Phishing,1,iscx_group_001297,test,
ISCX::13542,ISCX-URL2016 Phishing,1,iscx_group_000515,development,4.0
ISCX::13543,ISCX-URL2016 Phishing,1,iscx_group_006305,development,5.0
ISCX::13544,ISCX-URL2016 Phishing,1,iscx_group_008334,development,4.0
ISCX::13545,ISCX-URL2016 Phishing,1,iscx_group_005238,development,3.0
ISCX::13546,ISCX-URL2016 Phishing,1,iscx_group_006423,test,
ISCX::13547,ISCX-URL2016 Phishing,1,iscx_group_009528,development,3.0
ISCX::13548,ISCX-URL2016 Phishing,1,iscx_group_014788,test,
ISCX::13549,ISCX-URL2016 Phishing,1,iscx_group_005272,development,4.0
ISCX::13550,ISCX-URL2016 Phishing,1,iscx_group_002545,development,2.0
ISCX::13551,ISCX-URL2016 Phishing,1,iscx_group_004802,development,2.0
ISCX::13552,ISCX-URL2016 Phishing,1,iscx_group_007896,development,1.0
ISCX::13553,ISCX-URL2016 Phishing,1,iscx_group_011842,calibration,
ISCX::13554,ISCX-URL2016 Phishing,1,iscx_group_011704,development,5.0
ISCX::13555,ISCX-URL2016 Phishing,1,iscx_group_004994,development,3.0
ISCX::13556,ISCX-URL2016 Phishing,1,iscx_group_013982,development,1.0
ISCX::13557,ISCX-URL2016 Phishing,1,iscx_group_013824,development,4.0
ISCX::13558,ISCX-URL2016 Phishing,1,iscx_group_012048,development,4.0
ISCX::13559,ISCX-URL2016 Phishing,1,iscx_group_007707,test,
ISCX::13560,ISCX-URL2016 Phishing,1,iscx_group_014280,test,
ISCX::13561,ISCX-URL2016 Phishing,1,iscx_group_013670,development,1.0
ISCX::13562,ISCX-URL2016 Phishing,1,iscx_group_011828,development,1.0
ISCX::13563,ISCX-URL2016 Phishing,1,iscx_group_012277,test,
ISCX::13564,ISCX-URL2016 Phishing,1,iscx_group_012726,development,2.0
ISCX::13565,ISCX-URL2016 Phishing,1,iscx_group_003198,development,2.0
ISCX::13566,ISCX-URL2016 Phishing,1,iscx_group_006683,development,1.0
ISCX::13567,ISCX-URL2016 Phishing,1,iscx_group_000863,development,4.0
ISCX::13568,ISCX-URL2016 Phishing,1,iscx_group_002443,development,4.0
ISCX::13569,ISCX-URL2016 Phishing,1,iscx_group_003615,development,1.0
ISCX::13570,ISCX-URL2016 Phishing,1,iscx_group_001234,test,
ISCX::13571,ISCX-URL2016 Phishing,1,iscx_group_011414,development,1.0
ISCX::13572,ISCX-URL2016 Phishing,1,iscx_group_008763,development,2.0
ISCX::13573,ISCX-URL2016 Phishing,1,iscx_group_000975,development,5.0
ISCX::13574,ISCX-URL2016 Phishing,1,iscx_group_007656,development,4.0
ISCX::13575,ISCX-URL2016 Phishing,1,iscx_group_006932,calibration,
ISCX::13576,ISCX-URL2016 Phishing,1,iscx_group_005166,development,5.0
ISCX::13577,ISCX-URL2016 Phishing,1,iscx_group_002289,development,2.0
ISCX::13578,ISCX-URL2016 Phishing,1,iscx_group_013676,test,
ISCX::13579,ISCX-URL2016 Phishing,1,iscx_group_000185,test,
ISCX::13580,ISCX-URL2016 Phishing,1,iscx_group_002131,development,1.0
ISCX::13581,ISCX-URL2016 Phishing,1,iscx_group_003581,development,3.0
ISCX::13582,ISCX-URL2016 Phishing,1,iscx_group_008315,development,4.0
ISCX::13583,ISCX-URL2016 Phishing,1,iscx_group_012067,development,1.0
ISCX::13584,ISCX-URL2016 Phishing,1,iscx_group_008936,development,5.0
ISCX::13585,ISCX-URL2016 Phishing,1,iscx_group_002712,development,3.0
ISCX::13586,ISCX-URL2016 Phishing,1,iscx_group_003058,test,
ISCX::13587,ISCX-URL2016 Phishing,1,iscx_group_010583,development,3.0
ISCX::13588,ISCX-URL2016 Phishing,1,iscx_group_001415,test,
ISCX::13589,ISCX-URL2016 Phishing,1,iscx_group_012697,development,5.0
ISCX::13590,ISCX-URL2016 Phishing,1,iscx_group_007590,development,5.0
ISCX::13591,ISCX-URL2016 Phishing,1,iscx_group_004174,development,2.0
ISCX::13592,ISCX-URL2016 Phishing,1,iscx_group_014560,development,4.0
ISCX::13593,ISCX-URL2016 Phishing,1,iscx_group_012286,development,4.0
ISCX::13594,ISCX-URL2016 Phishing,1,iscx_group_006465,development,3.0
ISCX::13595,ISCX-URL2016 Phishing,1,iscx_group_011927,test,
ISCX::13596,ISCX-URL2016 Phishing,1,iscx_group_005323,development,4.0
ISCX::13597,ISCX-URL2016 Phishing,1,iscx_group_004733,test,
ISCX::13598,ISCX-URL2016 Phishing,1,iscx_group_013693,test,
ISCX::13599,ISCX-URL2016 Phishing,1,iscx_group_005824,development,3.0
ISCX::13600,ISCX-URL2016 Phishing,1,iscx_group_008753,development,4.0
ISCX::13601,ISCX-URL2016 Phishing,1,iscx_group_007786,development,3.0
ISCX::13602,ISCX-URL2016 Phishing,1,iscx_group_002999,development,1.0
ISCX::13603,ISCX-URL2016 Phishing,1,iscx_group_004178,test,
ISCX::13604,ISCX-URL2016 Phishing,1,iscx_group_014376,calibration,
ISCX::13605,ISCX-URL2016 Phishing,1,iscx_group_013881,development,5.0
ISCX::13606,ISCX-URL2016 Phishing,1,iscx_group_011934,development,3.0
ISCX::13607,ISCX-URL2016 Phishing,1,iscx_group_006137,development,5.0
ISCX::13608,ISCX-URL2016 Phishing,1,iscx_group_006197,development,1.0
ISCX::13609,ISCX-URL2016 Phishing,1,iscx_group_000175,development,1.0
ISCX::13610,ISCX-URL2016 Phishing,1,iscx_group_011505,development,1.0
ISCX::13611,ISCX-URL2016 Phishing,1,iscx_group_014726,development,2.0
ISCX::13612,ISCX-URL2016 Phishing,1,iscx_group_009151,development,2.0
ISCX::13613,ISCX-URL2016 Phishing,1,iscx_group_014119,development,2.0
ISCX::13614,ISCX-URL2016 Phishing,1,iscx_group_007793,development,2.0
ISCX::13615,ISCX-URL2016 Phishing,1,iscx_group_008114,development,2.0
ISCX::13616,ISCX-URL2016 Phishing,1,iscx_group_013446,development,1.0
ISCX::13617,ISCX-URL2016 Phishing,1,iscx_group_006998,development,5.0
ISCX::13618,ISCX-URL2016 Phishing,1,iscx_group_007780,development,1.0
ISCX::13619,ISCX-URL2016 Phishing,1,iscx_group_004033,test,
ISCX::13620,ISCX-URL2016 Phishing,1,iscx_group_001167,development,2.0
ISCX::13621,ISCX-URL2016 Phishing,1,iscx_group_005638,calibration,
ISCX::13622,ISCX-URL2016 Phishing,1,iscx_group_013481,development,4.0
ISCX::13623,ISCX-URL2016 Phishing,1,iscx_group_007440,development,3.0
ISCX::13624,ISCX-URL2016 Phishing,1,iscx_group_001063,test,
ISCX::13625,ISCX-URL2016 Phishing,1,iscx_group_000161,test,
ISCX::13626,ISCX-URL2016 Phishing,1,iscx_group_006937,development,2.0
ISCX::13627,ISCX-URL2016 Phishing,1,iscx_group_002288,test,
ISCX::13628,ISCX-URL2016 Phishing,1,iscx_group_001292,test,
ISCX::13629,ISCX-URL2016 Phishing,1,iscx_group_010981,calibration,
ISCX::13630,ISCX-URL2016 Phishing,1,iscx_group_009093,development,2.0
ISCX::13631,ISCX-URL2016 Phishing,1,iscx_group_008313,test,
ISCX::13632,ISCX-URL2016 Phishing,1,iscx_group_006387,development,1.0
ISCX::13633,ISCX-URL2016 Phishing,1,iscx_group_000558,calibration,
ISCX::13634,ISCX-URL2016 Phishing,1,iscx_group_011372,development,3.0
ISCX::13635,ISCX-URL2016 Phishing,1,iscx_group_001836,development,3.0
ISCX::13636,ISCX-URL2016 Phishing,1,iscx_group_012363,development,3.0
ISCX::13637,ISCX-URL2016 Phishing,1,iscx_group_001231,development,5.0
ISCX::13638,ISCX-URL2016 Phishing,1,iscx_group_002741,development,5.0
ISCX::13639,ISCX-URL2016 Phishing,1,iscx_group_000790,development,2.0
ISCX::13640,ISCX-URL2016 Phishing,1,iscx_group_010465,development,4.0
ISCX::13641,ISCX-URL2016 Phishing,1,iscx_group_007228,calibration,
ISCX::13642,ISCX-URL2016 Phishing,1,iscx_group_004670,development,3.0
ISCX::13643,ISCX-URL2016 Phishing,1,iscx_group_001490,calibration,
ISCX::13644,ISCX-URL2016 Phishing,1,iscx_group_007745,development,3.0
ISCX::13645,ISCX-URL2016 Phishing,1,iscx_group_006721,development,2.0
ISCX::13646,ISCX-URL2016 Phishing,1,iscx_group_000833,test,
ISCX::13647,ISCX-URL2016 Phishing,1,iscx_group_007842,test,
ISCX::13648,ISCX-URL2016 Phishing,1,iscx_group_001070,test,
ISCX::13649,ISCX-URL2016 Phishing,1,iscx_group_012565,development,4.0
ISCX::13650,ISCX-URL2016 Phishing,1,iscx_group_000830,development,1.0
ISCX::13651,ISCX-URL2016 Phishing,1,iscx_group_004767,calibration,
ISCX::13652,ISCX-URL2016 Phishing,1,iscx_group_011144,development,5.0
ISCX::13653,ISCX-URL2016 Phishing,1,iscx_group_010284,development,3.0
ISCX::13654,ISCX-URL2016 Phishing,1,iscx_group_010549,development,2.0
ISCX::13655,ISCX-URL2016 Phishing,1,iscx_group_004784,development,5.0
ISCX::13656,ISCX-URL2016 Phishing,1,iscx_group_002074,development,1.0
ISCX::13657,ISCX-URL2016 Phishing,1,iscx_group_002647,test,
ISCX::13658,ISCX-URL2016 Phishing,1,iscx_group_004126,test,
ISCX::13659,ISCX-URL2016 Phishing,1,iscx_group_001815,test,
ISCX::13660,ISCX-URL2016 Phishing,1,iscx_group_004504,development,1.0
ISCX::13661,ISCX-URL2016 Phishing,1,iscx_group_014028,test,
ISCX::13662,ISCX-URL2016 Phishing,1,iscx_group_009366,development,3.0
ISCX::13663,ISCX-URL2016 Phishing,1,iscx_group_009243,development,2.0
ISCX::13664,ISCX-URL2016 Phishing,1,iscx_group_008412,development,3.0
ISCX::13665,ISCX-URL2016 Phishing,1,iscx_group_013124,development,4.0
ISCX::13666,ISCX-URL2016 Phishing,1,iscx_group_012227,development,2.0
ISCX::13667,ISCX-URL2016 Phishing,1,iscx_group_011166,development,4.0
ISCX::13668,ISCX-URL2016 Phishing,1,iscx_group_004786,development,2.0
ISCX::13669,ISCX-URL2016 Phishing,1,iscx_group_014570,development,1.0
ISCX::13670,ISCX-URL2016 Phishing,1,iscx_group_012249,development,1.0
ISCX::13671,ISCX-URL2016 Phishing,1,iscx_group_000651,development,5.0
ISCX::13672,ISCX-URL2016 Phishing,1,iscx_group_010602,development,1.0
ISCX::13673,ISCX-URL2016 Phishing,1,iscx_group_004044,development,5.0
ISCX::13674,ISCX-URL2016 Phishing,1,iscx_group_012065,calibration,
ISCX::13675,ISCX-URL2016 Phishing,1,iscx_group_012163,development,2.0
ISCX::13676,ISCX-URL2016 Phishing,1,iscx_group_014261,development,2.0
ISCX::13677,ISCX-URL2016 Phishing,1,iscx_group_001057,calibration,
ISCX::13678,ISCX-URL2016 Phishing,1,iscx_group_003366,development,3.0
ISCX::13679,ISCX-URL2016 Phishing,1,iscx_group_013849,test,
ISCX::13680,ISCX-URL2016 Phishing,1,iscx_group_011962,development,4.0
ISCX::13681,ISCX-URL2016 Phishing,1,iscx_group_000411,test,
ISCX::13682,ISCX-URL2016 Phishing,1,iscx_group_001401,development,2.0
ISCX::13683,ISCX-URL2016 Phishing,1,iscx_group_001951,development,2.0
ISCX::13684,ISCX-URL2016 Phishing,1,iscx_group_004652,calibration,
ISCX::13685,ISCX-URL2016 Phishing,1,iscx_group_008705,development,2.0
ISCX::13686,ISCX-URL2016 Phishing,1,iscx_group_014125,development,1.0
ISCX::13687,ISCX-URL2016 Phishing,1,iscx_group_012406,test,
ISCX::13688,ISCX-URL2016 Phishing,1,iscx_group_001884,development,4.0
ISCX::13689,ISCX-URL2016 Phishing,1,iscx_group_014212,development,2.0
ISCX::13690,ISCX-URL2016 Phishing,1,iscx_group_011203,development,2.0
ISCX::13691,ISCX-URL2016 Phishing,1,iscx_group_007965,development,5.0
ISCX::13692,ISCX-URL2016 Phishing,1,iscx_group_000112,calibration,
ISCX::13693,ISCX-URL2016 Phishing,1,iscx_group_005358,test,
ISCX::13694,ISCX-URL2016 Phishing,1,iscx_group_000121,development,4.0
ISCX::13695,ISCX-URL2016 Phishing,1,iscx_group_002996,development,3.0
ISCX::13696,ISCX-URL2016 Phishing,1,iscx_group_004445,development,5.0
ISCX::13697,ISCX-URL2016 Phishing,1,iscx_group_003748,calibration,
ISCX::13698,ISCX-URL2016 Phishing,1,iscx_group_013264,development,3.0
ISCX::13699,ISCX-URL2016 Phishing,1,iscx_group_011841,development,4.0
ISCX::13700,ISCX-URL2016 Phishing,1,iscx_group_002660,development,2.0
ISCX::13701,ISCX-URL2016 Phishing,1,iscx_group_008332,development,4.0
ISCX::13702,ISCX-URL2016 Phishing,1,iscx_group_003709,development,3.0
ISCX::13703,ISCX-URL2016 Phishing,1,iscx_group_003785,development,3.0
ISCX::13704,ISCX-URL2016 Phishing,1,iscx_group_009790,development,2.0
ISCX::13705,ISCX-URL2016 Phishing,1,iscx_group_013023,development,3.0
ISCX::13706,ISCX-URL2016 Phishing,1,iscx_group_002032,development,4.0
ISCX::13707,ISCX-URL2016 Phishing,1,iscx_group_008048,development,3.0
ISCX::13708,ISCX-URL2016 Phishing,1,iscx_group_006767,calibration,
ISCX::13709,ISCX-URL2016 Phishing,1,iscx_group_000667,development,5.0
ISCX::13710,ISCX-URL2016 Phishing,1,iscx_group_014579,development,2.0
ISCX::13711,ISCX-URL2016 Phishing,1,iscx_group_001007,development,2.0
ISCX::13712,ISCX-URL2016 Phishing,1,iscx_group_009214,development,5.0
ISCX::13713,ISCX-URL2016 Phishing,1,iscx_group_001453,development,4.0
ISCX::13714,ISCX-URL2016 Phishing,1,iscx_group_002119,development,2.0
ISCX::13715,ISCX-URL2016 Phishing,1,iscx_group_014790,development,1.0
ISCX::13716,ISCX-URL2016 Phishing,1,iscx_group_014665,calibration,
ISCX::13717,ISCX-URL2016 Phishing,1,iscx_group_000072,test,
ISCX::13718,ISCX-URL2016 Phishing,1,iscx_group_013139,calibration,
ISCX::13719,ISCX-URL2016 Phishing,1,iscx_group_010819,development,5.0
ISCX::13720,ISCX-URL2016 Phishing,1,iscx_group_007474,test,
ISCX::13721,ISCX-URL2016 Phishing,1,iscx_group_004834,development,1.0
ISCX::13722,ISCX-URL2016 Phishing,1,iscx_group_014447,development,3.0
ISCX::13723,ISCX-URL2016 Phishing,1,iscx_group_010560,development,3.0
ISCX::13724,ISCX-URL2016 Phishing,1,iscx_group_003992,development,4.0
ISCX::13725,ISCX-URL2016 Phishing,1,iscx_group_011620,development,5.0
ISCX::13726,ISCX-URL2016 Phishing,1,iscx_group_005656,development,4.0
ISCX::13727,ISCX-URL2016 Phishing,1,iscx_group_004022,test,
ISCX::13728,ISCX-URL2016 Phishing,1,iscx_group_011067,development,2.0
ISCX::13729,ISCX-URL2016 Phishing,1,iscx_group_002959,calibration,
ISCX::13730,ISCX-URL2016 Phishing,1,iscx_group_011928,development,1.0
ISCX::13731,ISCX-URL2016 Phishing,1,iscx_group_002952,calibration,
ISCX::13732,ISCX-URL2016 Phishing,1,iscx_group_001805,development,3.0
ISCX::13733,ISCX-URL2016 Phishing,1,iscx_group_007485,development,2.0
ISCX::13734,ISCX-URL2016 Phishing,1,iscx_group_004611,development,2.0
ISCX::13735,ISCX-URL2016 Phishing,1,iscx_group_014796,development,1.0
ISCX::13736,ISCX-URL2016 Phishing,1,iscx_group_014198,development,2.0
ISCX::13737,ISCX-URL2016 Phishing,1,iscx_group_001378,development,4.0
ISCX::13738,ISCX-URL2016 Phishing,1,iscx_group_010247,development,1.0
ISCX::13739,ISCX-URL2016 Phishing,1,iscx_group_014209,calibration,
ISCX::13740,ISCX-URL2016 Phishing,1,iscx_group_014053,development,2.0
ISCX::13741,ISCX-URL2016 Phishing,1,iscx_group_013041,development,1.0
ISCX::13742,ISCX-URL2016 Phishing,1,iscx_group_005793,development,2.0
ISCX::13743,ISCX-URL2016 Phishing,1,iscx_group_006873,development,4.0
ISCX::13744,ISCX-URL2016 Phishing,1,iscx_group_007986,calibration,
ISCX::13745,ISCX-URL2016 Phishing,1,iscx_group_013218,calibration,
ISCX::13746,ISCX-URL2016 Phishing,1,iscx_group_007777,calibration,
ISCX::13747,ISCX-URL2016 Phishing,1,iscx_group_012534,development,2.0
ISCX::13748,ISCX-URL2016 Phishing,1,iscx_group_007539,development,4.0
ISCX::13749,ISCX-URL2016 Phishing,1,iscx_group_004892,development,5.0
ISCX::13750,ISCX-URL2016 Phishing,1,iscx_group_000735,test,
ISCX::13751,ISCX-URL2016 Phishing,1,iscx_group_012579,development,3.0
ISCX::13752,ISCX-URL2016 Phishing,1,iscx_group_003784,calibration,
ISCX::13753,ISCX-URL2016 Phishing,1,iscx_group_002274,development,1.0
ISCX::13754,ISCX-URL2016 Phishing,1,iscx_group_013588,test,
ISCX::13755,ISCX-URL2016 Phishing,1,iscx_group_007069,development,1.0
ISCX::13756,ISCX-URL2016 Phishing,1,iscx_group_006705,test,
ISCX::13757,ISCX-URL2016 Phishing,1,iscx_group_013567,development,1.0
ISCX::13758,ISCX-URL2016 Phishing,1,iscx_group_011302,development,3.0
ISCX::13759,ISCX-URL2016 Phishing,1,iscx_group_003530,development,4.0
ISCX::13760,ISCX-URL2016 Phishing,1,iscx_group_010946,test,
ISCX::13761,ISCX-URL2016 Phishing,1,iscx_group_007816,development,3.0
ISCX::13762,ISCX-URL2016 Phishing,1,iscx_group_012837,test,
ISCX::13763,ISCX-URL2016 Phishing,1,iscx_group_007145,development,1.0
ISCX::13764,ISCX-URL2016 Phishing,1,iscx_group_000250,development,1.0
ISCX::13765,ISCX-URL2016 Phishing,1,iscx_group_005739,test,
ISCX::13766,ISCX-URL2016 Phishing,1,iscx_group_000139,development,3.0
ISCX::13767,ISCX-URL2016 Phishing,1,iscx_group_002561,development,2.0
ISCX::13768,ISCX-URL2016 Phishing,1,iscx_group_009877,test,
ISCX::13769,ISCX-URL2016 Phishing,1,iscx_group_000836,development,1.0
ISCX::13770,ISCX-URL2016 Phishing,1,iscx_group_011683,development,4.0
ISCX::13771,ISCX-URL2016 Phishing,1,iscx_group_007959,test,
ISCX::13772,ISCX-URL2016 Phishing,1,iscx_group_011478,calibration,
ISCX::13773,ISCX-URL2016 Phishing,1,iscx_group_004102,development,1.0
ISCX::13774,ISCX-URL2016 Phishing,1,iscx_group_011949,development,1.0
ISCX::13775,ISCX-URL2016 Phishing,1,iscx_group_002261,development,2.0
ISCX::13776,ISCX-URL2016 Phishing,1,iscx_group_006315,calibration,
ISCX::13777,ISCX-URL2016 Phishing,1,iscx_group_009235,development,3.0
ISCX::13778,ISCX-URL2016 Phishing,1,iscx_group_008695,development,5.0
ISCX::13779,ISCX-URL2016 Phishing,1,iscx_group_003328,development,2.0
ISCX::13780,ISCX-URL2016 Phishing,1,iscx_group_009431,test,
ISCX::13781,ISCX-URL2016 Phishing,1,iscx_group_003626,test,
ISCX::13782,ISCX-URL2016 Phishing,1,iscx_group_010474,calibration,
ISCX::13783,ISCX-URL2016 Phishing,1,iscx_group_001036,development,4.0
ISCX::13784,ISCX-URL2016 Phishing,1,iscx_group_009417,development,1.0
ISCX::13785,ISCX-URL2016 Phishing,1,iscx_group_014444,development,4.0
ISCX::13786,ISCX-URL2016 Phishing,1,iscx_group_003864,development,1.0
ISCX::13787,ISCX-URL2016 Phishing,1,iscx_group_013871,calibration,
ISCX::13788,ISCX-URL2016 Phishing,1,iscx_group_000825,development,4.0
ISCX::13789,ISCX-URL2016 Phishing,1,iscx_group_010625,development,3.0
ISCX::13790,ISCX-URL2016 Phishing,1,iscx_group_014460,development,5.0
ISCX::13791,ISCX-URL2016 Phishing,1,iscx_group_005167,test,
ISCX::13792,ISCX-URL2016 Phishing,1,iscx_group_008135,development,5.0
ISCX::13793,ISCX-URL2016 Phishing,1,iscx_group_003567,development,5.0
ISCX::13794,ISCX-URL2016 Phishing,1,iscx_group_004556,test,
ISCX::13795,ISCX-URL2016 Phishing,1,iscx_group_009898,development,3.0
ISCX::13796,ISCX-URL2016 Phishing,1,iscx_group_009123,development,1.0
ISCX::13797,ISCX-URL2016 Phishing,1,iscx_group_001604,development,5.0
ISCX::13798,ISCX-URL2016 Phishing,1,iscx_group_010565,development,5.0
ISCX::13799,ISCX-URL2016 Phishing,1,iscx_group_007190,development,4.0
ISCX::13800,ISCX-URL2016 Phishing,1,iscx_group_008514,calibration,
ISCX::13801,ISCX-URL2016 Phishing,1,iscx_group_000394,development,4.0
ISCX::13802,ISCX-URL2016 Phishing,1,iscx_group_003347,development,4.0
ISCX::13803,ISCX-URL2016 Phishing,1,iscx_group_012340,development,3.0
ISCX::13804,ISCX-URL2016 Phishing,1,iscx_group_010353,test,
ISCX::13805,ISCX-URL2016 Phishing,1,iscx_group_014540,development,5.0
ISCX::13806,ISCX-URL2016 Phishing,1,iscx_group_012145,development,3.0
ISCX::13807,ISCX-URL2016 Phishing,1,iscx_group_011652,development,3.0
ISCX::13808,ISCX-URL2016 Phishing,1,iscx_group_005084,development,2.0
ISCX::13809,ISCX-URL2016 Phishing,1,iscx_group_013867,development,2.0
ISCX::13810,ISCX-URL2016 Phishing,1,iscx_group_014789,calibration,
ISCX::13811,ISCX-URL2016 Phishing,1,iscx_group_012333,development,2.0
ISCX::13812,ISCX-URL2016 Phishing,1,iscx_group_008651,development,3.0
ISCX::13813,ISCX-URL2016 Phishing,1,iscx_group_001648,calibration,
ISCX::13814,ISCX-URL2016 Phishing,1,iscx_group_010923,development,4.0
ISCX::13815,ISCX-URL2016 Phishing,1,iscx_group_013874,test,
ISCX::13816,ISCX-URL2016 Phishing,1,iscx_group_007220,test,
ISCX::13817,ISCX-URL2016 Phishing,1,iscx_group_009869,calibration,
ISCX::13818,ISCX-URL2016 Phishing,1,iscx_group_004643,development,4.0
ISCX::13819,ISCX-URL2016 Phishing,1,iscx_group_009082,test,
ISCX::13820,ISCX-URL2016 Phishing,1,iscx_group_008497,development,5.0
ISCX::13821,ISCX-URL2016 Phishing,1,iscx_group_014005,development,4.0
ISCX::13822,ISCX-URL2016 Phishing,1,iscx_group_002224,development,4.0
ISCX::13823,ISCX-URL2016 Phishing,1,iscx_group_012908,development,2.0
ISCX::13824,ISCX-URL2016 Phishing,1,iscx_group_009399,development,3.0
ISCX::13825,ISCX-URL2016 Phishing,1,iscx_group_001284,development,2.0
ISCX::13826,ISCX-URL2016 Phishing,1,iscx_group_004555,calibration,
ISCX::13827,ISCX-URL2016 Phishing,1,iscx_group_000148,development,5.0
ISCX::13828,ISCX-URL2016 Phishing,1,iscx_group_005230,test,
ISCX::13829,ISCX-URL2016 Phishing,1,iscx_group_009679,development,1.0
ISCX::13830,ISCX-URL2016 Phishing,1,iscx_group_006891,test,
ISCX::13831,ISCX-URL2016 Phishing,1,iscx_group_003605,development,4.0
ISCX::13832,ISCX-URL2016 Phishing,1,iscx_group_002989,development,1.0
ISCX::13833,ISCX-URL2016 Phishing,1,iscx_group_006646,development,3.0
ISCX::13834,ISCX-URL2016 Phishing,1,iscx_group_012031,development,1.0
ISCX::13835,ISCX-URL2016 Phishing,1,iscx_group_014397,development,5.0
ISCX::13836,ISCX-URL2016 Phishing,1,iscx_group_004481,development,4.0
ISCX::13837,ISCX-URL2016 Phishing,1,iscx_group_010929,development,4.0
ISCX::13838,ISCX-URL2016 Phishing,1,iscx_group_001241,test,
ISCX::13839,ISCX-URL2016 Phishing,1,iscx_group_014367,development,5.0
ISCX::13840,ISCX-URL2016 Phishing,1,iscx_group_013498,calibration,
ISCX::13841,ISCX-URL2016 Phishing,1,iscx_group_006746,development,1.0
ISCX::13842,ISCX-URL2016 Phishing,1,iscx_group_008574,development,4.0
ISCX::13843,ISCX-URL2016 Phishing,1,iscx_group_004288,development,2.0
ISCX::13844,ISCX-URL2016 Phishing,1,iscx_group_006810,development,1.0
ISCX::13845,ISCX-URL2016 Phishing,1,iscx_group_009164,development,1.0
ISCX::13846,ISCX-URL2016 Phishing,1,iscx_group_008638,development,1.0
ISCX::13847,ISCX-URL2016 Phishing,1,iscx_group_005512,development,5.0
ISCX::13848,ISCX-URL2016 Phishing,1,iscx_group_002706,development,5.0
ISCX::13849,ISCX-URL2016 Phishing,1,iscx_group_009976,development,4.0
ISCX::13850,ISCX-URL2016 Phishing,1,iscx_group_009321,development,4.0
ISCX::13851,ISCX-URL2016 Phishing,1,iscx_group_006492,development,5.0
ISCX::13852,ISCX-URL2016 Phishing,1,iscx_group_008912,development,1.0
ISCX::13853,ISCX-URL2016 Phishing,1,iscx_group_003695,development,3.0
ISCX::13854,ISCX-URL2016 Phishing,1,iscx_group_004215,development,2.0
ISCX::13855,ISCX-URL2016 Phishing,1,iscx_group_005397,development,2.0
ISCX::13856,ISCX-URL2016 Phishing,1,iscx_group_001029,development,4.0
ISCX::13857,ISCX-URL2016 Phishing,1,iscx_group_002068,development,3.0
ISCX::13858,ISCX-URL2016 Phishing,1,iscx_group_011745,development,5.0
ISCX::13859,ISCX-URL2016 Phishing,1,iscx_group_000505,development,1.0
ISCX::13860,ISCX-URL2016 Phishing,1,iscx_group_013341,calibration,
ISCX::13861,ISCX-URL2016 Phishing,1,iscx_group_007989,development,3.0
ISCX::13862,ISCX-URL2016 Phishing,1,iscx_group_004967,calibration,
ISCX::13863,ISCX-URL2016 Phishing,1,iscx_group_003409,development,1.0
ISCX::13864,ISCX-URL2016 Phishing,1,iscx_group_006405,calibration,
ISCX::13865,ISCX-URL2016 Phishing,1,iscx_group_008855,development,1.0
ISCX::13866,ISCX-URL2016 Phishing,1,iscx_group_009700,development,4.0
ISCX::13867,ISCX-URL2016 Phishing,1,iscx_group_002575,development,3.0
ISCX::13868,ISCX-URL2016 Phishing,1,iscx_group_002212,development,3.0
ISCX::13869,ISCX-URL2016 Phishing,1,iscx_group_008704,development,4.0
ISCX::13870,ISCX-URL2016 Phishing,1,iscx_group_013944,test,
ISCX::13871,ISCX-URL2016 Phishing,1,iscx_group_005475,test,
ISCX::13872,ISCX-URL2016 Phishing,1,iscx_group_010300,development,2.0
ISCX::13873,ISCX-URL2016 Phishing,1,iscx_group_002929,development,1.0
ISCX::13874,ISCX-URL2016 Phishing,1,iscx_group_012490,test,
ISCX::13875,ISCX-URL2016 Phishing,1,iscx_group_000576,development,3.0
ISCX::13876,ISCX-URL2016 Phishing,1,iscx_group_003699,development,2.0
ISCX::13877,ISCX-URL2016 Phishing,1,iscx_group_010124,calibration,
ISCX::13878,ISCX-URL2016 Phishing,1,iscx_group_010523,development,3.0
ISCX::13879,ISCX-URL2016 Phishing,1,iscx_group_007889,development,1.0
ISCX::13880,ISCX-URL2016 Phishing,1,iscx_group_000068,development,5.0
ISCX::13881,ISCX-URL2016 Phishing,1,iscx_group_011677,development,2.0
ISCX::13882,ISCX-URL2016 Phishing,1,iscx_group_002433,development,3.0
ISCX::13883,ISCX-URL2016 Phishing,1,iscx_group_009852,development,2.0
ISCX::13884,ISCX-URL2016 Phishing,1,iscx_group_009186,test,
ISCX::13885,ISCX-URL2016 Phishing,1,iscx_group_005115,development,3.0
ISCX::13886,ISCX-URL2016 Phishing,1,iscx_group_001751,development,4.0
ISCX::13887,ISCX-URL2016 Phishing,1,iscx_group_011174,test,
ISCX::13888,ISCX-URL2016 Phishing,1,iscx_group_011531,test,
ISCX::13889,ISCX-URL2016 Phishing,1,iscx_group_002599,development,2.0
ISCX::13890,ISCX-URL2016 Phishing,1,iscx_group_000578,development,2.0
ISCX::13891,ISCX-URL2016 Phishing,1,iscx_group_013645,development,5.0
ISCX::13892,ISCX-URL2016 Phishing,1,iscx_group_013589,calibration,
ISCX::13893,ISCX-URL2016 Phishing,1,iscx_group_005552,test,
ISCX::13894,ISCX-URL2016 Phishing,1,iscx_group_008292,development,4.0
ISCX::13895,ISCX-URL2016 Phishing,1,iscx_group_002211,development,3.0
ISCX::13896,ISCX-URL2016 Phishing,1,iscx_group_001359,development,5.0
ISCX::13897,ISCX-URL2016 Phishing,1,iscx_group_009083,development,5.0
ISCX::13898,ISCX-URL2016 Phishing,1,iscx_group_009316,development,1.0
ISCX::13899,ISCX-URL2016 Phishing,1,iscx_group_012751,calibration,
ISCX::13900,ISCX-URL2016 Phishing,1,iscx_group_002180,development,1.0
ISCX::13901,ISCX-URL2016 Phishing,1,iscx_group_002732,development,3.0
ISCX::13902,ISCX-URL2016 Phishing,1,iscx_group_004907,calibration,
ISCX::13903,ISCX-URL2016 Phishing,1,iscx_group_006162,calibration,
ISCX::13904,ISCX-URL2016 Phishing,1,iscx_group_014234,calibration,
ISCX::13905,ISCX-URL2016 Phishing,1,iscx_group_013392,development,1.0
ISCX::13906,ISCX-URL2016 Phishing,1,iscx_group_014477,development,2.0
ISCX::13907,ISCX-URL2016 Phishing,1,iscx_group_004196,development,5.0
ISCX::13908,ISCX-URL2016 Phishing,1,iscx_group_013838,development,5.0
ISCX::13909,ISCX-URL2016 Phishing,1,iscx_group_012627,calibration,
ISCX::13910,ISCX-URL2016 Phishing,1,iscx_group_007873,calibration,
ISCX::13911,ISCX-URL2016 Phishing,1,iscx_group_003483,calibration,
ISCX::13912,ISCX-URL2016 Phishing,1,iscx_group_013887,development,5.0
ISCX::13913,ISCX-URL2016 Phishing,1,iscx_group_008394,development,2.0
ISCX::13914,ISCX-URL2016 Phishing,1,iscx_group_008655,development,1.0
ISCX::13915,ISCX-URL2016 Phishing,1,iscx_group_009945,development,1.0
ISCX::13916,ISCX-URL2016 Phishing,1,iscx_group_000857,test,
ISCX::13917,ISCX-URL2016 Phishing,1,iscx_group_011225,development,4.0
ISCX::13918,ISCX-URL2016 Phishing,1,iscx_group_010529,development,3.0
ISCX::13919,ISCX-URL2016 Phishing,1,iscx_group_012110,test,
ISCX::13920,ISCX-URL2016 Phishing,1,iscx_group_001126,development,2.0
ISCX::13921,ISCX-URL2016 Phishing,1,iscx_group_002144,development,2.0
ISCX::13922,ISCX-URL2016 Phishing,1,iscx_group_006133,test,
ISCX::13923,ISCX-URL2016 Phishing,1,iscx_group_013471,development,5.0
ISCX::13924,ISCX-URL2016 Phishing,1,iscx_group_001906,development,1.0
ISCX::13925,ISCX-URL2016 Phishing,1,iscx_group_000773,development,3.0
ISCX::13926,ISCX-URL2016 Phishing,1,iscx_group_001752,calibration,
ISCX::13927,ISCX-URL2016 Phishing,1,iscx_group_000559,test,
ISCX::13928,ISCX-URL2016 Phishing,1,iscx_group_010004,development,5.0
ISCX::13929,ISCX-URL2016 Phishing,1,iscx_group_000123,development,1.0
ISCX::13930,ISCX-URL2016 Phishing,1,iscx_group_000725,calibration,
ISCX::13931,ISCX-URL2016 Phishing,1,iscx_group_011764,test,
ISCX::13932,ISCX-URL2016 Phishing,1,iscx_group_005504,development,5.0
ISCX::13933,ISCX-URL2016 Phishing,1,iscx_group_005769,development,2.0
ISCX::13934,ISCX-URL2016 Phishing,1,iscx_group_007407,test,
ISCX::13935,ISCX-URL2016 Phishing,1,iscx_group_013515,development,3.0
ISCX::13936,ISCX-URL2016 Phishing,1,iscx_group_003211,calibration,
ISCX::13937,ISCX-URL2016 Phishing,1,iscx_group_008819,calibration,
ISCX::13938,ISCX-URL2016 Phishing,1,iscx_group_007429,development,4.0
ISCX::13939,ISCX-URL2016 Phishing,1,iscx_group_011855,development,2.0
ISCX::13940,ISCX-URL2016 Phishing,1,iscx_group_003015,development,2.0
ISCX::13941,ISCX-URL2016 Phishing,1,iscx_group_011286,development,5.0
ISCX::13942,ISCX-URL2016 Phishing,1,iscx_group_009048,development,4.0
ISCX::13943,ISCX-URL2016 Phishing,1,iscx_group_007563,development,4.0
ISCX::13944,ISCX-URL2016 Phishing,1,iscx_group_004318,development,2.0
ISCX::13945,ISCX-URL2016 Phishing,1,iscx_group_013440,test,
ISCX::13946,ISCX-URL2016 Phishing,1,iscx_group_007250,development,5.0
ISCX::13947,ISCX-URL2016 Phishing,1,iscx_group_009077,development,4.0
ISCX::13948,ISCX-URL2016 Phishing,1,iscx_group_012147,development,1.0
ISCX::13949,ISCX-URL2016 Phishing,1,iscx_group_006786,development,3.0
ISCX::13950,ISCX-URL2016 Phishing,1,iscx_group_013948,development,2.0
ISCX::13951,ISCX-URL2016 Phishing,1,iscx_group_001904,development,2.0
ISCX::13952,ISCX-URL2016 Phishing,1,iscx_group_010886,development,1.0
ISCX::13953,ISCX-URL2016 Phishing,1,iscx_group_002864,development,1.0
ISCX::13954,ISCX-URL2016 Phishing,1,iscx_group_001379,development,2.0
ISCX::13955,ISCX-URL2016 Phishing,1,iscx_group_000297,development,5.0
ISCX::13956,ISCX-URL2016 Phishing,1,iscx_group_009999,development,3.0
ISCX::13957,ISCX-URL2016 Phishing,1,iscx_group_000495,development,3.0
ISCX::13958,ISCX-URL2016 Phishing,1,iscx_group_006189,development,5.0
ISCX::13959,ISCX-URL2016 Phishing,1,iscx_group_003255,development,1.0
ISCX::13960,ISCX-URL2016 Phishing,1,iscx_group_012603,development,5.0
ISCX::13961,ISCX-URL2016 Phishing,1,iscx_group_005443,development,4.0
ISCX::13962,ISCX-URL2016 Phishing,1,iscx_group_008290,development,4.0
ISCX::13963,ISCX-URL2016 Phishing,1,iscx_group_010148,development,3.0
ISCX::13964,ISCX-URL2016 Phishing,1,iscx_group_011995,development,3.0
ISCX::13965,ISCX-URL2016 Phishing,1,iscx_group_005370,development,2.0
ISCX::13966,ISCX-URL2016 Phishing,1,iscx_group_008107,development,4.0
ISCX::13967,ISCX-URL2016 Phishing,1,iscx_group_001221,development,3.0
ISCX::13968,ISCX-URL2016 Phishing,1,iscx_group_004231,development,2.0
ISCX::13969,ISCX-URL2016 Phishing,1,iscx_group_006853,development,3.0
ISCX::13970,ISCX-URL2016 Phishing,1,iscx_group_012550,development,2.0
ISCX::13971,ISCX-URL2016 Phishing,1,iscx_group_002490,development,1.0
ISCX::13972,ISCX-URL2016 Phishing,1,iscx_group_010199,test,
ISCX::13973,ISCX-URL2016 Phishing,1,iscx_group_004154,development,5.0
ISCX::13974,ISCX-URL2016 Phishing,1,iscx_group_013119,development,3.0
ISCX::13975,ISCX-URL2016 Phishing,1,iscx_group_000265,calibration,
ISCX::13976,ISCX-URL2016 Phishing,1,iscx_group_014128,development,5.0
ISCX::13977,ISCX-URL2016 Phishing,1,iscx_group_014693,development,2.0
ISCX::13978,ISCX-URL2016 Phishing,1,iscx_group_003013,calibration,
ISCX::13979,ISCX-URL2016 Phishing,1,iscx_group_011267,test,
ISCX::13980,ISCX-URL2016 Phishing,1,iscx_group_001714,development,5.0
ISCX::13981,ISCX-URL2016 Phishing,1,iscx_group_010205,test,
ISCX::13982,ISCX-URL2016 Phishing,1,iscx_group_011037,development,5.0
ISCX::13983,ISCX-URL2016 Phishing,1,iscx_group_004943,development,3.0
ISCX::13984,ISCX-URL2016 Phishing,1,iscx_group_012778,development,3.0
ISCX::13985,ISCX-URL2016 Phishing,1,iscx_group_010287,development,4.0
ISCX::13986,ISCX-URL2016 Phishing,1,iscx_group_008737,development,3.0
ISCX::13987,ISCX-URL2016 Phishing,1,iscx_group_009402,development,5.0
ISCX::13988,ISCX-URL2016 Phishing,1,iscx_group_013624,development,3.0
ISCX::13989,ISCX-URL2016 Phishing,1,iscx_group_013581,development,1.0
ISCX::13990,ISCX-URL2016 Phishing,1,iscx_group_014650,test,
ISCX::13991,ISCX-URL2016 Phishing,1,iscx_group_007384,development,1.0
ISCX::13992,ISCX-URL2016 Phishing,1,iscx_group_009310,development,5.0
ISCX::13993,ISCX-URL2016 Phishing,1,iscx_group_002294,development,4.0
ISCX::13994,ISCX-URL2016 Phishing,1,iscx_group_012038,development,2.0
ISCX::13995,ISCX-URL2016 Phishing,1,iscx_group_004290,development,5.0
ISCX::13996,ISCX-URL2016 Phishing,1,iscx_group_008469,development,4.0
ISCX::13997,ISCX-URL2016 Phishing,1,iscx_group_013856,development,3.0
ISCX::13998,ISCX-URL2016 Phishing,1,iscx_group_006190,calibration,
ISCX::13999,ISCX-URL2016 Phishing,1,iscx_group_005164,calibration,
ISCX::14000,ISCX-URL2016 Phishing,1,iscx_group_006468,development,4.0
ISCX::14001,ISCX-URL2016 Phishing,1,iscx_group_005297,development,5.0
ISCX::14002,ISCX-URL2016 Phishing,1,iscx_group_012566,development,1.0
ISCX::14003,ISCX-URL2016 Phishing,1,iscx_group_014306,development,5.0
ISCX::14004,ISCX-URL2016 Phishing,1,iscx_group_006611,development,2.0
ISCX::14005,ISCX-URL2016 Phishing,1,iscx_group_009680,development,2.0
ISCX::14006,ISCX-URL2016 Phishing,1,iscx_group_000869,development,2.0
ISCX::14007,ISCX-URL2016 Phishing,1,iscx_group_012594,development,3.0
ISCX::14008,ISCX-URL2016 Phishing,1,iscx_group_001615,development,5.0
ISCX::14009,ISCX-URL2016 Phishing,1,iscx_group_008284,development,1.0
ISCX::14010,ISCX-URL2016 Phishing,1,iscx_group_006094,calibration,
ISCX::14011,ISCX-URL2016 Phishing,1,iscx_group_011991,development,4.0
ISCX::14012,ISCX-URL2016 Phishing,1,iscx_group_000798,calibration,
ISCX::14013,ISCX-URL2016 Phishing,1,iscx_group_002194,development,1.0
ISCX::14014,ISCX-URL2016 Phishing,1,iscx_group_007123,calibration,
ISCX::14015,ISCX-URL2016 Phishing,1,iscx_group_008884,calibration,
ISCX::14016,ISCX-URL2016 Phishing,1,iscx_group_001519,development,5.0
ISCX::14017,ISCX-URL2016 Phishing,1,iscx_group_008200,development,4.0
ISCX::14018,ISCX-URL2016 Phishing,1,iscx_group_006923,development,1.0
ISCX::14019,ISCX-URL2016 Phishing,1,iscx_group_003088,development,1.0
ISCX::14020,ISCX-URL2016 Phishing,1,iscx_group_002915,development,4.0
ISCX::14021,ISCX-URL2016 Phishing,1,iscx_group_004520,development,2.0
ISCX::14022,ISCX-URL2016 Phishing,1,iscx_group_007152,development,1.0
ISCX::14023,ISCX-URL2016 Phishing,1,iscx_group_005675,development,2.0
ISCX::14024,ISCX-URL2016 Phishing,1,iscx_group_007574,calibration,
ISCX::14025,ISCX-URL2016 Phishing,1,iscx_group_006004,development,3.0
ISCX::14026,ISCX-URL2016 Phishing,1,iscx_group_001716,test,
ISCX::14027,ISCX-URL2016 Phishing,1,iscx_group_007516,calibration,
ISCX::14028,ISCX-URL2016 Phishing,1,iscx_group_010907,calibration,
ISCX::14029,ISCX-URL2016 Phishing,1,iscx_group_011053,development,1.0
ISCX::14030,ISCX-URL2016 Phishing,1,iscx_group_002161,development,1.0
ISCX::14031,ISCX-URL2016 Phishing,1,iscx_group_000872,development,3.0
ISCX::14032,ISCX-URL2016 Phishing,1,iscx_group_005889,development,2.0
ISCX::14033,ISCX-URL2016 Phishing,1,iscx_group_005749,calibration,
ISCX::14034,ISCX-URL2016 Phishing,1,iscx_group_008483,development,3.0
ISCX::14035,ISCX-URL2016 Phishing,1,iscx_group_004435,development,5.0
ISCX::14036,ISCX-URL2016 Phishing,1,iscx_group_003029,development,4.0
ISCX::14037,ISCX-URL2016 Phishing,1,iscx_group_000761,development,1.0
ISCX::14038,ISCX-URL2016 Phishing,1,iscx_group_008393,development,3.0
ISCX::14039,ISCX-URL2016 Phishing,1,iscx_group_001909,development,1.0
ISCX::14040,ISCX-URL2016 Phishing,1,iscx_group_012157,development,1.0
ISCX::14041,ISCX-URL2016 Phishing,1,iscx_group_002535,development,3.0
ISCX::14042,ISCX-URL2016 Phishing,1,iscx_group_008955,development,1.0
ISCX::14043,ISCX-URL2016 Phishing,1,iscx_group_009519,development,3.0
ISCX::14044,ISCX-URL2016 Phishing,1,iscx_group_011006,development,3.0
ISCX::14045,ISCX-URL2016 Phishing,1,iscx_group_014679,development,5.0
ISCX::14046,ISCX-URL2016 Phishing,1,iscx_group_005867,calibration,
ISCX::14047,ISCX-URL2016 Phishing,1,iscx_group_001439,test,
ISCX::14048,ISCX-URL2016 Phishing,1,iscx_group_000634,test,
ISCX::14049,ISCX-URL2016 Phishing,1,iscx_group_013313,calibration,
ISCX::14050,ISCX-URL2016 Phishing,1,iscx_group_000020,test,
ISCX::14051,ISCX-URL2016 Phishing,1,iscx_group_003999,development,5.0
ISCX::14052,ISCX-URL2016 Phishing,1,iscx_group_011060,development,4.0
ISCX::14053,ISCX-URL2016 Phishing,1,iscx_group_003558,development,2.0
ISCX::14054,ISCX-URL2016 Phishing,1,iscx_group_012977,development,5.0
ISCX::14055,ISCX-URL2016 Phishing,1,iscx_group_002511,development,1.0
ISCX::14056,ISCX-URL2016 Phishing,1,iscx_group_003756,development,2.0
ISCX::14057,ISCX-URL2016 Phishing,1,iscx_group_007307,development,1.0
ISCX::14058,ISCX-URL2016 Phishing,1,iscx_group_012812,development,3.0
ISCX::14059,ISCX-URL2016 Phishing,1,iscx_group_004320,development,5.0
ISCX::14060,ISCX-URL2016 Phishing,1,iscx_group_005978,development,1.0
ISCX::14061,ISCX-URL2016 Phishing,1,iscx_group_006008,calibration,
ISCX::14062,ISCX-URL2016 Phishing,1,iscx_group_010534,development,1.0
ISCX::14063,ISCX-URL2016 Phishing,1,iscx_group_009956,development,2.0
ISCX::14064,ISCX-URL2016 Phishing,1,iscx_group_003418,development,5.0
ISCX::14065,ISCX-URL2016 Phishing,1,iscx_group_005745,development,4.0
ISCX::14066,ISCX-URL2016 Phishing,1,iscx_group_004453,development,4.0
ISCX::14067,ISCX-URL2016 Phishing,1,iscx_group_013523,development,4.0
ISCX::14068,ISCX-URL2016 Phishing,1,iscx_group_006056,calibration,
ISCX::14069,ISCX-URL2016 Phishing,1,iscx_group_005831,development,5.0
ISCX::14070,ISCX-URL2016 Phishing,1,iscx_group_001156,development,5.0
ISCX::14071,ISCX-URL2016 Phishing,1,iscx_group_005534,development,4.0
ISCX::14072,ISCX-URL2016 Phishing,1,iscx_group_012744,test,
ISCX::14073,ISCX-URL2016 Phishing,1,iscx_group_005741,calibration,
ISCX::14074,ISCX-URL2016 Phishing,1,iscx_group_011662,development,2.0
ISCX::14075,ISCX-URL2016 Phishing,1,iscx_group_006340,development,3.0
ISCX::14076,ISCX-URL2016 Phishing,1,iscx_group_002326,calibration,
ISCX::14077,ISCX-URL2016 Phishing,1,iscx_group_012022,development,3.0
ISCX::14078,ISCX-URL2016 Phishing,1,iscx_group_008940,development,3.0
ISCX::14079,ISCX-URL2016 Phishing,1,iscx_group_006874,development,3.0
ISCX::14080,ISCX-URL2016 Phishing,1,iscx_group_004746,development,3.0
ISCX::14081,ISCX-URL2016 Phishing,1,iscx_group_011719,calibration,
ISCX::14082,ISCX-URL2016 Phishing,1,iscx_group_008240,calibration,
ISCX::14083,ISCX-URL2016 Phishing,1,iscx_group_013642,development,3.0
ISCX::14084,ISCX-URL2016 Phishing,1,iscx_group_014278,development,2.0
ISCX::14085,ISCX-URL2016 Phishing,1,iscx_group_013143,development,2.0
ISCX::14086,ISCX-URL2016 Phishing,1,iscx_group_003008,test,
ISCX::14087,ISCX-URL2016 Phishing,1,iscx_group_014111,development,1.0
ISCX::14088,ISCX-URL2016 Phishing,1,iscx_group_013183,development,3.0
ISCX::14089,ISCX-URL2016 Phishing,1,iscx_group_013454,development,2.0
ISCX::14090,ISCX-URL2016 Phishing,1,iscx_group_013144,calibration,
ISCX::14091,ISCX-URL2016 Phishing,1,iscx_group_011977,development,2.0
ISCX::14092,ISCX-URL2016 Phishing,1,iscx_group_013178,development,2.0
ISCX::14093,ISCX-URL2016 Phishing,1,iscx_group_003364,development,1.0
ISCX::14094,ISCX-URL2016 Phishing,1,iscx_group_000176,development,5.0
ISCX::14095,ISCX-URL2016 Phishing,1,iscx_group_013789,test,
ISCX::14096,ISCX-URL2016 Phishing,1,iscx_group_013946,development,5.0
ISCX::14097,ISCX-URL2016 Phishing,1,iscx_group_002273,development,4.0
ISCX::14098,ISCX-URL2016 Phishing,1,iscx_group_011282,development,4.0
ISCX::14099,ISCX-URL2016 Phishing,1,iscx_group_001024,development,5.0
ISCX::14100,ISCX-URL2016 Phishing,1,iscx_group_008505,development,4.0
ISCX::14101,ISCX-URL2016 Phishing,1,iscx_group_014580,development,1.0
ISCX::14102,ISCX-URL2016 Phishing,1,iscx_group_006581,development,4.0
ISCX::14103,ISCX-URL2016 Phishing,1,iscx_group_004069,development,1.0
ISCX::14104,ISCX-URL2016 Phishing,1,iscx_group_007661,test,
ISCX::14105,ISCX-URL2016 Phishing,1,iscx_group_000445,development,4.0
ISCX::14106,ISCX-URL2016 Phishing,1,iscx_group_011627,development,3.0
ISCX::14107,ISCX-URL2016 Phishing,1,iscx_group_014721,development,4.0
ISCX::14108,ISCX-URL2016 Phishing,1,iscx_group_002284,calibration,
ISCX::14109,ISCX-URL2016 Phishing,1,iscx_group_014555,development,5.0
ISCX::14110,ISCX-URL2016 Phishing,1,iscx_group_006757,test,
ISCX::14111,ISCX-URL2016 Phishing,1,iscx_group_013108,development,2.0
ISCX::14112,ISCX-URL2016 Phishing,1,iscx_group_011674,test,
ISCX::14113,ISCX-URL2016 Phishing,1,iscx_group_010961,development,2.0
ISCX::14114,ISCX-URL2016 Phishing,1,iscx_group_005502,test,
ISCX::14115,ISCX-URL2016 Phishing,1,iscx_group_011219,development,1.0
ISCX::14116,ISCX-URL2016 Phishing,1,iscx_group_001573,development,1.0
ISCX::14117,ISCX-URL2016 Phishing,1,iscx_group_005763,test,
ISCX::14118,ISCX-URL2016 Phishing,1,iscx_group_012431,test,
ISCX::14119,ISCX-URL2016 Phishing,1,iscx_group_005026,development,5.0
ISCX::14120,ISCX-URL2016 Phishing,1,iscx_group_010018,development,1.0
ISCX::14121,ISCX-URL2016 Phishing,1,iscx_group_005913,test,
ISCX::14122,ISCX-URL2016 Phishing,1,iscx_group_000723,development,1.0
ISCX::14123,ISCX-URL2016 Phishing,1,iscx_group_011443,calibration,
ISCX::14124,ISCX-URL2016 Phishing,1,iscx_group_010377,calibration,
ISCX::14125,ISCX-URL2016 Phishing,1,iscx_group_010741,test,
ISCX::14126,ISCX-URL2016 Phishing,1,iscx_group_006119,development,1.0
ISCX::14127,ISCX-URL2016 Phishing,1,iscx_group_012740,development,2.0
ISCX::14128,ISCX-URL2016 Phishing,1,iscx_group_004632,development,2.0
ISCX::14129,ISCX-URL2016 Phishing,1,iscx_group_009484,development,5.0
ISCX::14130,ISCX-URL2016 Phishing,1,iscx_group_006419,development,2.0
ISCX::14131,ISCX-URL2016 Phishing,1,iscx_group_008168,calibration,
ISCX::14132,ISCX-URL2016 Phishing,1,iscx_group_001104,development,1.0
ISCX::14133,ISCX-URL2016 Phishing,1,iscx_group_007482,test,
ISCX::14134,ISCX-URL2016 Phishing,1,iscx_group_011547,development,2.0
ISCX::14135,ISCX-URL2016 Phishing,1,iscx_group_008083,development,1.0
ISCX::14136,ISCX-URL2016 Phishing,1,iscx_group_000848,development,4.0
ISCX::14137,ISCX-URL2016 Phishing,1,iscx_group_010594,calibration,
ISCX::14138,ISCX-URL2016 Phishing,1,iscx_group_006131,development,3.0
ISCX::14139,ISCX-URL2016 Phishing,1,iscx_group_007771,test,
ISCX::14140,ISCX-URL2016 Phishing,1,iscx_group_003149,development,1.0
ISCX::14141,ISCX-URL2016 Phishing,1,iscx_group_002156,development,1.0
ISCX::14142,ISCX-URL2016 Phishing,1,iscx_group_013912,calibration,
ISCX::14143,ISCX-URL2016 Phishing,1,iscx_group_004473,development,4.0
ISCX::14144,ISCX-URL2016 Phishing,1,iscx_group_004475,test,
ISCX::14145,ISCX-URL2016 Phishing,1,iscx_group_010720,calibration,
ISCX::14146,ISCX-URL2016 Phishing,1,iscx_group_000387,development,4.0
ISCX::14147,ISCX-URL2016 Phishing,1,iscx_group_012755,development,4.0
ISCX::14148,ISCX-URL2016 Phishing,1,iscx_group_006956,development,1.0
ISCX::14149,ISCX-URL2016 Phishing,1,iscx_group_000264,development,3.0
ISCX::14150,ISCX-URL2016 Phishing,1,iscx_group_009022,development,4.0
ISCX::14151,ISCX-URL2016 Phishing,1,iscx_group_000102,development,1.0
ISCX::14152,ISCX-URL2016 Phishing,1,iscx_group_004913,test,
ISCX::14153,ISCX-URL2016 Phishing,1,iscx_group_000610,development,2.0
ISCX::14154,ISCX-URL2016 Phishing,1,iscx_group_000120,test,
ISCX::14155,ISCX-URL2016 Phishing,1,iscx_group_008967,development,1.0
ISCX::14156,ISCX-URL2016 Phishing,1,iscx_group_013619,development,2.0
ISCX::14157,ISCX-URL2016 Phishing,1,iscx_group_005024,development,1.0
ISCX::14158,ISCX-URL2016 Phishing,1,iscx_group_001932,test,
ISCX::14159,ISCX-URL2016 Phishing,1,iscx_group_007504,development,5.0
ISCX::14160,ISCX-URL2016 Phishing,1,iscx_group_001257,development,3.0
ISCX::14161,ISCX-URL2016 Phishing,1,iscx_group_006130,calibration,
ISCX::14162,ISCX-URL2016 Phishing,1,iscx_group_011633,development,4.0
ISCX::14163,ISCX-URL2016 Phishing,1,iscx_group_007217,development,4.0
ISCX::14164,ISCX-URL2016 Phishing,1,iscx_group_013836,development,1.0
ISCX::14165,ISCX-URL2016 Phishing,1,iscx_group_004578,development,1.0
ISCX::14166,ISCX-URL2016 Phishing,1,iscx_group_014744,development,4.0
ISCX::14167,ISCX-URL2016 Phishing,1,iscx_group_014434,calibration,
ISCX::14168,ISCX-URL2016 Phishing,1,iscx_group_005213,test,
ISCX::14169,ISCX-URL2016 Phishing,1,iscx_group_009105,test,
ISCX::14170,ISCX-URL2016 Phishing,1,iscx_group_009199,development,1.0
ISCX::14171,ISCX-URL2016 Phishing,1,iscx_group_004932,development,3.0
ISCX::14172,ISCX-URL2016 Phishing,1,iscx_group_009939,development,5.0
ISCX::14173,ISCX-URL2016 Phishing,1,iscx_group_006745,development,4.0
ISCX::14174,ISCX-URL2016 Phishing,1,iscx_group_004405,development,2.0
ISCX::14175,ISCX-URL2016 Phishing,1,iscx_group_011992,development,4.0
ISCX::14176,ISCX-URL2016 Phishing,1,iscx_group_011261,development,3.0
ISCX::14177,ISCX-URL2016 Phishing,1,iscx_group_005977,development,2.0
ISCX::14178,ISCX-URL2016 Phishing,1,iscx_group_002900,calibration,
ISCX::14179,ISCX-URL2016 Phishing,1,iscx_group_007285,development,1.0
ISCX::14180,ISCX-URL2016 Phishing,1,iscx_group_008224,development,3.0
ISCX::14181,ISCX-URL2016 Phishing,1,iscx_group_000879,development,5.0
ISCX::14182,ISCX-URL2016 Phishing,1,iscx_group_012529,development,1.0
ISCX::14183,ISCX-URL2016 Phishing,1,iscx_group_013290,development,5.0
ISCX::14184,ISCX-URL2016 Phishing,1,iscx_group_005232,test,
ISCX::14185,ISCX-URL2016 Phishing,1,iscx_group_001015,development,2.0
ISCX::14186,ISCX-URL2016 Phishing,1,iscx_group_002639,development,4.0
ISCX::14187,ISCX-URL2016 Phishing,1,iscx_group_002269,development,5.0
ISCX::14188,ISCX-URL2016 Phishing,1,iscx_group_004589,calibration,
ISCX::14189,ISCX-URL2016 Phishing,1,iscx_group_010106,calibration,
ISCX::14190,ISCX-URL2016 Phishing,1,iscx_group_000061,development,1.0
ISCX::14191,ISCX-URL2016 Phishing,1,iscx_group_000009,development,3.0
ISCX::14192,ISCX-URL2016 Phishing,1,iscx_group_013353,test,
ISCX::14193,ISCX-URL2016 Phishing,1,iscx_group_001809,test,
ISCX::14194,ISCX-URL2016 Phishing,1,iscx_group_005567,test,
ISCX::14195,ISCX-URL2016 Phishing,1,iscx_group_004434,development,1.0
ISCX::14196,ISCX-URL2016 Phishing,1,iscx_group_011832,development,5.0
ISCX::14197,ISCX-URL2016 Phishing,1,iscx_group_012546,test,
ISCX::14198,ISCX-URL2016 Phishing,1,iscx_group_001493,calibration,
ISCX::14199,ISCX-URL2016 Phishing,1,iscx_group_008067,development,4.0
ISCX::14200,ISCX-URL2016 Phishing,1,iscx_group_009233,calibration,
ISCX::14201,ISCX-URL2016 Phishing,1,iscx_group_001746,development,1.0
ISCX::14202,ISCX-URL2016 Phishing,1,iscx_group_004135,test,
ISCX::14203,ISCX-URL2016 Phishing,1,iscx_group_003425,development,2.0
ISCX::14204,ISCX-URL2016 Phishing,1,iscx_group_005255,development,4.0
ISCX::14205,ISCX-URL2016 Phishing,1,iscx_group_003177,calibration,
ISCX::14206,ISCX-URL2016 Phishing,1,iscx_group_004816,development,4.0
ISCX::14207,ISCX-URL2016 Phishing,1,iscx_group_004225,development,3.0
ISCX::14208,ISCX-URL2016 Phishing,1,iscx_group_011885,development,2.0
ISCX::14209,ISCX-URL2016 Phishing,1,iscx_group_010164,development,2.0
ISCX::14210,ISCX-URL2016 Phishing,1,iscx_group_005604,development,5.0
ISCX::14211,ISCX-URL2016 Phishing,1,iscx_group_013717,development,3.0
ISCX::14212,ISCX-URL2016 Phishing,1,iscx_group_014776,development,1.0
ISCX::14213,ISCX-URL2016 Phishing,1,iscx_group_007579,development,1.0
ISCX::14214,ISCX-URL2016 Phishing,1,iscx_group_012904,development,1.0
ISCX::14215,ISCX-URL2016 Phishing,1,iscx_group_013904,calibration,
ISCX::14216,ISCX-URL2016 Phishing,1,iscx_group_012921,development,2.0
ISCX::14217,ISCX-URL2016 Phishing,1,iscx_group_000235,calibration,
ISCX::14218,ISCX-URL2016 Phishing,1,iscx_group_002792,calibration,
ISCX::14219,ISCX-URL2016 Phishing,1,iscx_group_013373,test,
ISCX::14220,ISCX-URL2016 Phishing,1,iscx_group_009801,development,5.0
ISCX::14221,ISCX-URL2016 Phishing,1,iscx_group_005802,development,2.0
ISCX::14222,ISCX-URL2016 Phishing,1,iscx_group_009649,development,1.0
ISCX::14223,ISCX-URL2016 Phishing,1,iscx_group_012607,development,4.0
ISCX::14224,ISCX-URL2016 Phishing,1,iscx_group_004955,development,3.0
ISCX::14225,ISCX-URL2016 Phishing,1,iscx_group_002622,development,4.0
ISCX::14226,ISCX-URL2016 Phishing,1,iscx_group_013348,test,
ISCX::14227,ISCX-URL2016 Phishing,1,iscx_group_011043,development,3.0
ISCX::14228,ISCX-URL2016 Phishing,1,iscx_group_002677,test,
ISCX::14229,ISCX-URL2016 Phishing,1,iscx_group_005548,development,3.0
ISCX::14230,ISCX-URL2016 Phishing,1,iscx_group_007425,development,2.0
ISCX::14231,ISCX-URL2016 Phishing,1,iscx_group_013357,development,5.0
ISCX::14232,ISCX-URL2016 Phishing,1,iscx_group_011541,calibration,
ISCX::14233,ISCX-URL2016 Phishing,1,iscx_group_001503,calibration,
ISCX::14234,ISCX-URL2016 Phishing,1,iscx_group_013367,development,4.0
ISCX::14235,ISCX-URL2016 Phishing,1,iscx_group_003710,development,4.0
ISCX::14236,ISCX-URL2016 Phishing,1,iscx_group_004725,development,2.0
ISCX::14237,ISCX-URL2016 Phishing,1,iscx_group_001933,development,2.0
ISCX::14238,ISCX-URL2016 Phishing,1,iscx_group_008700,development,3.0
ISCX::14239,ISCX-URL2016 Phishing,1,iscx_group_001397,development,3.0
ISCX::14240,ISCX-URL2016 Phishing,1,iscx_group_006814,development,3.0
ISCX::14241,ISCX-URL2016 Phishing,1,iscx_group_001643,calibration,
ISCX::14242,ISCX-URL2016 Phishing,1,iscx_group_010563,development,2.0
ISCX::14243,ISCX-URL2016 Phishing,1,iscx_group_003296,development,1.0
ISCX::14244,ISCX-URL2016 Phishing,1,iscx_group_013839,development,3.0
ISCX::14245,ISCX-URL2016 Phishing,1,iscx_group_004411,development,4.0
ISCX::14246,ISCX-URL2016 Phishing,1,iscx_group_012170,development,4.0
ISCX::14247,ISCX-URL2016 Phishing,1,iscx_group_002235,calibration,
ISCX::14248,ISCX-URL2016 Phishing,1,iscx_group_005136,development,4.0
ISCX::14249,ISCX-URL2016 Phishing,1,iscx_group_001352,test,
ISCX::14250,ISCX-URL2016 Phishing,1,iscx_group_012498,development,2.0
ISCX::14251,ISCX-URL2016 Phishing,1,iscx_group_011236,calibration,
ISCX::14252,ISCX-URL2016 Phishing,1,iscx_group_007947,development,1.0
ISCX::14253,ISCX-URL2016 Phishing,1,iscx_group_014722,development,3.0
ISCX::14254,ISCX-URL2016 Phishing,1,iscx_group_005941,development,3.0
ISCX::14255,ISCX-URL2016 Phishing,1,iscx_group_012325,test,
ISCX::14256,ISCX-URL2016 Phishing,1,iscx_group_014017,test,
ISCX::14257,ISCX-URL2016 Phishing,1,iscx_group_014479,development,3.0
ISCX::14258,ISCX-URL2016 Phishing,1,iscx_group_003671,development,2.0
ISCX::14259,ISCX-URL2016 Phishing,1,iscx_group_012009,calibration,
ISCX::14260,ISCX-URL2016 Phishing,1,iscx_group_002164,test,
ISCX::14261,ISCX-URL2016 Phishing,1,iscx_group_014117,development,1.0
ISCX::14262,ISCX-URL2016 Phishing,1,iscx_group_010762,calibration,
ISCX::14263,ISCX-URL2016 Phishing,1,iscx_group_007580,development,2.0
ISCX::14264,ISCX-URL2016 Phishing,1,iscx_group_006787,development,5.0
ISCX::14265,ISCX-URL2016 Phishing,1,iscx_group_007048,development,1.0
ISCX::14266,ISCX-URL2016 Phishing,1,iscx_group_005377,test,
ISCX::14267,ISCX-URL2016 Phishing,1,iscx_group_012398,development,2.0
ISCX::14268,ISCX-URL2016 Phishing,1,iscx_group_001224,calibration,
ISCX::14269,ISCX-URL2016 Phishing,1,iscx_group_000777,development,1.0
ISCX::14270,ISCX-URL2016 Phishing,1,iscx_group_013508,test,
ISCX::14271,ISCX-URL2016 Phishing,1,iscx_group_007540,development,5.0
ISCX::14272,ISCX-URL2016 Phishing,1,iscx_group_006828,development,1.0
ISCX::14273,ISCX-URL2016 Phishing,1,iscx_group_014264,calibration,
ISCX::14274,ISCX-URL2016 Phishing,1,iscx_group_000733,test,
ISCX::14275,ISCX-URL2016 Phishing,1,iscx_group_014736,development,5.0
ISCX::14276,ISCX-URL2016 Phishing,1,iscx_group_006306,development,1.0
ISCX::14277,ISCX-URL2016 Phishing,1,iscx_group_006407,test,
ISCX::14278,ISCX-URL2016 Phishing,1,iscx_group_014456,development,5.0
ISCX::14279,ISCX-URL2016 Phishing,1,iscx_group_013492,development,5.0
ISCX::14280,ISCX-URL2016 Phishing,1,iscx_group_011248,development,2.0
ISCX::14281,ISCX-URL2016 Phishing,1,iscx_group_014270,development,3.0
ISCX::14282,ISCX-URL2016 Phishing,1,iscx_group_004653,development,1.0
ISCX::14283,ISCX-URL2016 Phishing,1,iscx_group_009489,development,2.0
ISCX::14284,ISCX-URL2016 Phishing,1,iscx_group_011862,development,5.0
ISCX::14285,ISCX-URL2016 Phishing,1,iscx_group_008031,test,
ISCX::14286,ISCX-URL2016 Phishing,1,iscx_group_004111,development,3.0
ISCX::14287,ISCX-URL2016 Phishing,1,iscx_group_000487,calibration,
ISCX::14288,ISCX-URL2016 Phishing,1,iscx_group_006480,development,5.0
ISCX::14289,ISCX-URL2016 Phishing,1,iscx_group_003068,test,
ISCX::14290,ISCX-URL2016 Phishing,1,iscx_group_009557,development,1.0
ISCX::14291,ISCX-URL2016 Phishing,1,iscx_group_000238,development,1.0
ISCX::14292,ISCX-URL2016 Phishing,1,iscx_group_007930,development,2.0
ISCX::14293,ISCX-URL2016 Phishing,1,iscx_group_014772,development,4.0
ISCX::14294,ISCX-URL2016 Phishing,1,iscx_group_005828,development,5.0
ISCX::14295,ISCX-URL2016 Phishing,1,iscx_group_010275,development,5.0
ISCX::14296,ISCX-URL2016 Phishing,1,iscx_group_013185,development,4.0
ISCX::14297,ISCX-URL2016 Phishing,1,iscx_group_006807,calibration,
ISCX::14298,ISCX-URL2016 Phishing,1,iscx_group_008515,development,1.0
ISCX::14299,ISCX-URL2016 Phishing,1,iscx_group_009983,development,2.0
ISCX::14300,ISCX-URL2016 Phishing,1,iscx_group_011757,development,2.0
ISCX::14301,ISCX-URL2016 Phishing,1,iscx_group_013247,development,1.0
ISCX::14302,ISCX-URL2016 Phishing,1,iscx_group_001840,development,5.0
ISCX::14303,ISCX-URL2016 Phishing,1,iscx_group_000299,development,2.0
ISCX::14304,ISCX-URL2016 Phishing,1,iscx_group_011618,test,
ISCX::14305,ISCX-URL2016 Phishing,1,iscx_group_012493,calibration,
ISCX::14306,ISCX-URL2016 Phishing,1,iscx_group_012474,development,2.0
ISCX::14307,ISCX-URL2016 Phishing,1,iscx_group_003080,development,2.0
ISCX::14308,ISCX-URL2016 Phishing,1,iscx_group_002808,development,1.0
ISCX::14309,ISCX-URL2016 Phishing,1,iscx_group_008072,development,4.0
ISCX::14310,ISCX-URL2016 Phishing,1,iscx_group_001921,development,5.0
ISCX::14311,ISCX-URL2016 Phishing,1,iscx_group_008985,development,2.0
ISCX::14312,ISCX-URL2016 Phishing,1,iscx_group_003876,development,5.0
ISCX::14313,ISCX-URL2016 Phishing,1,iscx_group_010870,development,4.0
ISCX::14314,ISCX-URL2016 Phishing,1,iscx_group_004309,calibration,
ISCX::14315,ISCX-URL2016 Phishing,1,iscx_group_004140,development,4.0
ISCX::14316,ISCX-URL2016 Phishing,1,iscx_group_009033,development,3.0
ISCX::14317,ISCX-URL2016 Phishing,1,iscx_group_006564,development,3.0
ISCX::14318,ISCX-URL2016 Phishing,1,iscx_group_007223,development,4.0
ISCX::14319,ISCX-URL2016 Phishing,1,iscx_group_007003,development,5.0
ISCX::14320,ISCX-URL2016 Phishing,1,iscx_group_013749,calibration,
ISCX::14321,ISCX-URL2016 Phishing,1,iscx_group_003578,test,
ISCX::14322,ISCX-URL2016 Phishing,1,iscx_group_004602,development,4.0
ISCX::14323,ISCX-URL2016 Phishing,1,iscx_group_010029,development,2.0
ISCX::14324,ISCX-URL2016 Phishing,1,iscx_group_010217,development,4.0
ISCX::14325,ISCX-URL2016 Phishing,1,iscx_group_001677,test,
ISCX::14326,ISCX-URL2016 Phishing,1,iscx_group_001822,test,
ISCX::14327,ISCX-URL2016 Phishing,1,iscx_group_001106,development,5.0
ISCX::14328,ISCX-URL2016 Phishing,1,iscx_group_012858,test,
ISCX::14329,ISCX-URL2016 Phishing,1,iscx_group_010520,calibration,
ISCX::14330,ISCX-URL2016 Phishing,1,iscx_group_006017,development,5.0
ISCX::14331,ISCX-URL2016 Phishing,1,iscx_group_002922,development,5.0
ISCX::14332,ISCX-URL2016 Phishing,1,iscx_group_005010,development,1.0
ISCX::14333,ISCX-URL2016 Phishing,1,iscx_group_008709,development,5.0
ISCX::14334,ISCX-URL2016 Phishing,1,iscx_group_004727,development,5.0
ISCX::14335,ISCX-URL2016 Phishing,1,iscx_group_004372,development,1.0
ISCX::14336,ISCX-URL2016 Phishing,1,iscx_group_009220,development,1.0
ISCX::14337,ISCX-URL2016 Phishing,1,iscx_group_008804,development,5.0
ISCX::14338,ISCX-URL2016 Phishing,1,iscx_group_010545,development,1.0
ISCX::14339,ISCX-URL2016 Phishing,1,iscx_group_000465,development,4.0
ISCX::14340,ISCX-URL2016 Phishing,1,iscx_group_012834,development,2.0
ISCX::14341,ISCX-URL2016 Phishing,1,iscx_group_010852,development,4.0
ISCX::14342,ISCX-URL2016 Phishing,1,iscx_group_004378,development,3.0
ISCX::14343,ISCX-URL2016 Phishing,1,iscx_group_005050,test,
ISCX::14344,ISCX-URL2016 Phishing,1,iscx_group_001358,test,
ISCX::14345,ISCX-URL2016 Phishing,1,iscx_group_007165,development,4.0
ISCX::14346,ISCX-URL2016 Phishing,1,iscx_group_006264,development,1.0
ISCX::14347,ISCX-URL2016 Phishing,1,iscx_group_007183,test,
ISCX::14348,ISCX-URL2016 Phishing,1,iscx_group_011592,development,2.0
ISCX::14349,ISCX-URL2016 Phishing,1,iscx_group_005805,development,5.0
ISCX::14350,ISCX-URL2016 Phishing,1,iscx_group_002265,development,4.0
ISCX::14351,ISCX-URL2016 Phishing,1,iscx_group_014143,test,
ISCX::14352,ISCX-URL2016 Phishing,1,iscx_group_007359,development,4.0
ISCX::14353,ISCX-URL2016 Phishing,1,iscx_group_006485,test,
ISCX::14354,ISCX-URL2016 Phishing,1,iscx_group_000459,development,2.0
ISCX::14355,ISCX-URL2016 Phishing,1,iscx_group_012055,development,1.0
ISCX::14356,ISCX-URL2016 Phishing,1,iscx_group_011150,test,
ISCX::14357,ISCX-URL2016 Phishing,1,iscx_group_010179,calibration,
ISCX::14358,ISCX-URL2016 Phishing,1,iscx_group_010411,development,2.0
ISCX::14359,ISCX-URL2016 Phishing,1,iscx_group_000268,test,
ISCX::14360,ISCX-URL2016 Phishing,1,iscx_group_008098,development,3.0
ISCX::14361,ISCX-URL2016 Phishing,1,iscx_group_013322,development,1.0
ISCX::14362,ISCX-URL2016 Phishing,1,iscx_group_013783,development,1.0
ISCX::14363,ISCX-URL2016 Phishing,1,iscx_group_008029,development,3.0
ISCX::14364,ISCX-URL2016 Phishing,1,iscx_group_004621,development,1.0
ISCX::14365,ISCX-URL2016 Phishing,1,iscx_group_005486,test,
ISCX::14366,ISCX-URL2016 Phishing,1,iscx_group_000062,development,4.0
ISCX::14367,ISCX-URL2016 Phishing,1,iscx_group_001991,development,5.0
ISCX::14368,ISCX-URL2016 Phishing,1,iscx_group_005662,test,
ISCX::14369,ISCX-URL2016 Phishing,1,iscx_group_011035,development,2.0
ISCX::14370,ISCX-URL2016 Phishing,1,iscx_group_006030,development,4.0
ISCX::14371,ISCX-URL2016 Phishing,1,iscx_group_014046,development,1.0
ISCX::14372,ISCX-URL2016 Phishing,1,iscx_group_004242,calibration,
ISCX::14373,ISCX-URL2016 Phishing,1,iscx_group_000613,development,4.0
ISCX::14374,ISCX-URL2016 Phishing,1,iscx_group_000889,development,1.0
ISCX::14375,ISCX-URL2016 Phishing,1,iscx_group_004899,calibration,
ISCX::14376,ISCX-URL2016 Phishing,1,iscx_group_006572,development,3.0
ISCX::14377,ISCX-URL2016 Phishing,1,iscx_group_009277,test,
ISCX::14378,ISCX-URL2016 Phishing,1,iscx_group_013371,development,1.0
ISCX::14379,ISCX-URL2016 Phishing,1,iscx_group_013605,development,4.0
ISCX::14380,ISCX-URL2016 Phishing,1,iscx_group_012610,development,1.0
ISCX::14381,ISCX-URL2016 Phishing,1,iscx_group_002375,development,1.0
ISCX::14382,ISCX-URL2016 Phishing,1,iscx_group_010859,development,1.0
ISCX::14383,ISCX-URL2016 Phishing,1,iscx_group_011096,development,4.0
ISCX::14384,ISCX-URL2016 Phishing,1,iscx_group_003946,development,3.0
ISCX::14385,ISCX-URL2016 Phishing,1,iscx_group_002960,development,3.0
ISCX::14386,ISCX-URL2016 Phishing,1,iscx_group_008070,development,4.0
ISCX::14387,ISCX-URL2016 Phishing,1,iscx_group_009206,development,3.0
ISCX::14388,ISCX-URL2016 Phishing,1,iscx_group_001045,development,5.0
ISCX::14389,ISCX-URL2016 Phishing,1,iscx_group_013482,development,2.0
ISCX::14390,ISCX-URL2016 Phishing,1,iscx_group_005089,test,
ISCX::14391,ISCX-URL2016 Phishing,1,iscx_group_008824,test,
ISCX::14392,ISCX-URL2016 Phishing,1,iscx_group_014269,development,4.0
ISCX::14393,ISCX-URL2016 Phishing,1,iscx_group_013090,development,3.0
ISCX::14394,ISCX-URL2016 Phishing,1,iscx_group_000241,development,4.0
ISCX::14395,ISCX-URL2016 Phishing,1,iscx_group_001995,development,4.0
ISCX::14396,ISCX-URL2016 Phishing,1,iscx_group_011901,development,3.0
ISCX::14397,ISCX-URL2016 Phishing,1,iscx_group_001774,development,2.0
ISCX::14398,ISCX-URL2016 Phishing,1,iscx_group_013131,development,3.0
ISCX::14399,ISCX-URL2016 Phishing,1,iscx_group_002800,calibration,
ISCX::14400,ISCX-URL2016 Phishing,1,iscx_group_000918,development,2.0
ISCX::14401,ISCX-URL2016 Phishing,1,iscx_group_008673,calibration,
ISCX::14402,ISCX-URL2016 Phishing,1,iscx_group_012527,development,1.0
ISCX::14403,ISCX-URL2016 Phishing,1,iscx_group_001953,test,
ISCX::14404,ISCX-URL2016 Phishing,1,iscx_group_007256,development,3.0
ISCX::14405,ISCX-URL2016 Phishing,1,iscx_group_010162,development,2.0
ISCX::14406,ISCX-URL2016 Phishing,1,iscx_group_007291,calibration,
ISCX::14407,ISCX-URL2016 Phishing,1,iscx_group_011124,development,3.0
ISCX::14408,ISCX-URL2016 Phishing,1,iscx_group_012887,development,3.0
ISCX::14409,ISCX-URL2016 Phishing,1,iscx_group_009744,development,4.0
ISCX::14410,ISCX-URL2016 Phishing,1,iscx_group_010671,development,4.0
ISCX::14411,ISCX-URL2016 Phishing,1,iscx_group_000483,development,1.0
ISCX::14412,ISCX-URL2016 Phishing,1,iscx_group_003715,development,4.0
ISCX::14413,ISCX-URL2016 Phishing,1,iscx_group_004820,development,3.0
ISCX::14414,ISCX-URL2016 Phishing,1,iscx_group_003720,development,4.0
ISCX::14415,ISCX-URL2016 Phishing,1,iscx_group_009608,test,
ISCX::14416,ISCX-URL2016 Phishing,1,iscx_group_008317,test,
ISCX::14417,ISCX-URL2016 Phishing,1,iscx_group_007080,development,2.0
ISCX::14418,ISCX-URL2016 Phishing,1,iscx_group_005281,development,2.0
ISCX::14419,ISCX-URL2016 Phishing,1,iscx_group_001013,development,5.0
ISCX::14420,ISCX-URL2016 Phishing,1,iscx_group_005772,development,1.0
ISCX::14421,ISCX-URL2016 Phishing,1,iscx_group_013151,development,2.0
ISCX::14422,ISCX-URL2016 Phishing,1,iscx_group_010799,development,2.0
ISCX::14423,ISCX-URL2016 Phishing,1,iscx_group_002905,test,
ISCX::14424,ISCX-URL2016 Phishing,1,iscx_group_014815,development,5.0
ISCX::14425,ISCX-URL2016 Phishing,1,iscx_group_000757,calibration,
ISCX::14426,ISCX-URL2016 Phishing,1,iscx_group_007541,calibration,
ISCX::14427,ISCX-URL2016 Phishing,1,iscx_group_008653,calibration,
ISCX::14428,ISCX-URL2016 Phishing,1,iscx_group_013294,development,4.0
ISCX::14429,ISCX-URL2016 Phishing,1,iscx_group_012059,development,3.0
ISCX::14430,ISCX-URL2016 Phishing,1,iscx_group_003881,development,2.0
ISCX::14431,ISCX-URL2016 Phishing,1,iscx_group_003489,development,4.0
ISCX::14432,ISCX-URL2016 Phishing,1,iscx_group_007520,development,2.0
ISCX::14433,ISCX-URL2016 Phishing,1,iscx_group_010709,development,5.0
ISCX::14434,ISCX-URL2016 Phishing,1,iscx_group_001081,development,1.0
ISCX::14435,ISCX-URL2016 Phishing,1,iscx_group_006715,test,
ISCX::14436,ISCX-URL2016 Phishing,1,iscx_group_013843,development,5.0
ISCX::14437,ISCX-URL2016 Phishing,1,iscx_group_001320,development,2.0
ISCX::14438,ISCX-URL2016 Phishing,1,iscx_group_008282,development,3.0
ISCX::14439,ISCX-URL2016 Phishing,1,iscx_group_012518,calibration,
ISCX::14440,ISCX-URL2016 Phishing,1,iscx_group_003439,development,3.0
ISCX::14441,ISCX-URL2016 Phishing,1,iscx_group_004785,test,
ISCX::14442,ISCX-URL2016 Phishing,1,iscx_group_010077,development,4.0
ISCX::14443,ISCX-URL2016 Phishing,1,iscx_group_002963,test,
ISCX::14444,ISCX-URL2016 Phishing,1,iscx_group_008946,calibration,
ISCX::14445,ISCX-URL2016 Phishing,1,iscx_group_004261,development,2.0
ISCX::14446,ISCX-URL2016 Phishing,1,iscx_group_011034,development,2.0
ISCX::14447,ISCX-URL2016 Phishing,1,iscx_group_008647,test,
ISCX::14448,ISCX-URL2016 Phishing,1,iscx_group_009987,development,3.0
ISCX::14449,ISCX-URL2016 Phishing,1,iscx_group_011457,development,4.0
ISCX::14450,ISCX-URL2016 Phishing,1,iscx_group_006427,development,5.0
ISCX::14451,ISCX-URL2016 Phishing,1,iscx_group_002257,development,5.0
ISCX::14452,ISCX-URL2016 Phishing,1,iscx_group_001254,development,2.0
ISCX::14453,ISCX-URL2016 Phishing,1,iscx_group_002268,development,3.0
ISCX::14454,ISCX-URL2016 Phishing,1,iscx_group_007148,development,2.0
ISCX::14455,ISCX-URL2016 Phishing,1,iscx_group_002777,development,1.0
ISCX::14456,ISCX-URL2016 Phishing,1,iscx_group_006440,development,3.0
ISCX::14457,ISCX-URL2016 Phishing,1,iscx_group_004754,development,2.0
ISCX::14458,ISCX-URL2016 Phishing,1,iscx_group_011658,development,2.0
ISCX::14459,ISCX-URL2016 Phishing,1,iscx_group_002897,calibration,
ISCX::14460,ISCX-URL2016 Phishing,1,iscx_group_004951,calibration,
ISCX::14461,ISCX-URL2016 Phishing,1,iscx_group_010959,calibration,
ISCX::14462,ISCX-URL2016 Phishing,1,iscx_group_009109,calibration,
ISCX::14463,ISCX-URL2016 Phishing,1,iscx_group_007668,test,
ISCX::14464,ISCX-URL2016 Phishing,1,iscx_group_002898,test,
ISCX::14465,ISCX-URL2016 Phishing,1,iscx_group_001830,development,4.0
ISCX::14466,ISCX-URL2016 Phishing,1,iscx_group_007200,development,3.0
ISCX::14467,ISCX-URL2016 Phishing,1,iscx_group_002774,development,2.0
ISCX::14468,ISCX-URL2016 Phishing,1,iscx_group_004257,development,4.0
ISCX::14469,ISCX-URL2016 Phishing,1,iscx_group_004649,development,1.0
ISCX::14470,ISCX-URL2016 Phishing,1,iscx_group_014768,development,1.0
ISCX::14471,ISCX-URL2016 Phishing,1,iscx_group_008115,development,2.0
ISCX::14472,ISCX-URL2016 Phishing,1,iscx_group_011752,calibration,
ISCX::14473,ISCX-URL2016 Phishing,1,iscx_group_002848,development,4.0
ISCX::14474,ISCX-URL2016 Phishing,1,iscx_group_014535,calibration,
ISCX::14475,ISCX-URL2016 Phishing,1,iscx_group_014509,development,1.0
ISCX::14476,ISCX-URL2016 Phishing,1,iscx_group_000180,development,2.0
ISCX::14477,ISCX-URL2016 Phishing,1,iscx_group_007382,development,5.0
ISCX::14478,ISCX-URL2016 Phishing,1,iscx_group_007273,development,2.0
ISCX::14479,ISCX-URL2016 Phishing,1,iscx_group_008614,development,2.0
ISCX::14480,ISCX-URL2016 Phishing,1,iscx_group_009663,development,2.0
ISCX::14481,ISCX-URL2016 Phishing,1,iscx_group_006301,development,5.0
ISCX::14482,ISCX-URL2016 Phishing,1,iscx_group_007471,development,4.0
ISCX::14483,ISCX-URL2016 Phishing,1,iscx_group_013191,development,4.0
ISCX::14484,ISCX-URL2016 Phishing,1,iscx_group_005065,development,1.0
ISCX::14485,ISCX-URL2016 Phishing,1,iscx_group_009914,development,3.0
ISCX::14486,ISCX-URL2016 Phishing,1,iscx_group_009309,development,3.0
ISCX::14487,ISCX-URL2016 Phishing,1,iscx_group_013609,development,1.0
ISCX::14488,ISCX-URL2016 Phishing,1,iscx_group_002820,development,1.0
ISCX::14489,ISCX-URL2016 Phishing,1,iscx_group_007032,development,1.0
ISCX::14490,ISCX-URL2016 Phishing,1,iscx_group_005637,development,3.0
ISCX::14491,ISCX-URL2016 Phishing,1,iscx_group_013208,development,5.0
ISCX::14492,ISCX-URL2016 Phishing,1,iscx_group_003383,development,2.0
ISCX::14493,ISCX-URL2016 Phishing,1,iscx_group_012321,development,4.0
ISCX::14494,ISCX-URL2016 Phishing,1,iscx_group_003227,calibration,
ISCX::14495,ISCX-URL2016 Phishing,1,iscx_group_014621,test,
ISCX::14496,ISCX-URL2016 Phishing,1,iscx_group_009456,development,5.0
ISCX::14497,ISCX-URL2016 Phishing,1,iscx_group_014031,development,5.0
ISCX::14498,ISCX-URL2016 Phishing,1,iscx_group_000838,test,
ISCX::14499,ISCX-URL2016 Phishing,1,iscx_group_002095,development,3.0
ISCX::14500,ISCX-URL2016 Phishing,1,iscx_group_009410,development,3.0
ISCX::14501,ISCX-URL2016 Phishing,1,iscx_group_007194,development,1.0
ISCX::14502,ISCX-URL2016 Phishing,1,iscx_group_005257,calibration,
ISCX::14503,ISCX-URL2016 Phishing,1,iscx_group_009920,development,1.0
ISCX::14504,ISCX-URL2016 Phishing,1,iscx_group_007712,development,1.0
ISCX::14505,ISCX-URL2016 Phishing,1,iscx_group_004610,development,4.0
ISCX::14506,ISCX-URL2016 Phishing,1,iscx_group_006292,development,3.0
ISCX::14507,ISCX-URL2016 Phishing,1,iscx_group_009791,development,2.0
ISCX::14508,ISCX-URL2016 Phishing,1,iscx_group_014711,calibration,
ISCX::14509,ISCX-URL2016 Phishing,1,iscx_group_009251,development,1.0
ISCX::14510,ISCX-URL2016 Phishing,1,iscx_group_006840,calibration,
ISCX::14511,ISCX-URL2016 Phishing,1,iscx_group_013760,test,
ISCX::14512,ISCX-URL2016 Phishing,1,iscx_group_004833,development,1.0
ISCX::14513,ISCX-URL2016 Phishing,1,iscx_group_005890,development,3.0
ISCX::14514,ISCX-URL2016 Phishing,1,iscx_group_006096,calibration,
ISCX::14515,ISCX-URL2016 Phishing,1,iscx_group_002262,calibration,
ISCX::14516,ISCX-URL2016 Phishing,1,iscx_group_009108,development,3.0
ISCX::14517,ISCX-URL2016 Phishing,1,iscx_group_006321,development,2.0
ISCX::14518,ISCX-URL2016 Phishing,1,iscx_group_012647,development,5.0
ISCX::14519,ISCX-URL2016 Phishing,1,iscx_group_005998,development,1.0
ISCX::14520,ISCX-URL2016 Phishing,1,iscx_group_014718,development,2.0
ISCX::14521,ISCX-URL2016 Phishing,1,iscx_group_002702,calibration,
ISCX::14522,ISCX-URL2016 Phishing,1,iscx_group_001594,development,3.0
ISCX::14523,ISCX-URL2016 Phishing,1,iscx_group_012102,development,3.0
ISCX::14524,ISCX-URL2016 Phishing,1,iscx_group_007728,development,4.0
ISCX::14525,ISCX-URL2016 Phishing,1,iscx_group_000526,calibration,
ISCX::14526,ISCX-URL2016 Phishing,1,iscx_group_000851,calibration,
ISCX::14527,ISCX-URL2016 Phishing,1,iscx_group_001343,development,5.0
ISCX::14528,ISCX-URL2016 Phishing,1,iscx_group_000458,development,2.0
ISCX::14529,ISCX-URL2016 Phishing,1,iscx_group_011020,development,1.0
ISCX::14530,ISCX-URL2016 Phishing,1,iscx_group_001737,development,3.0
ISCX::14531,ISCX-URL2016 Phishing,1,iscx_group_003359,calibration,
ISCX::14532,ISCX-URL2016 Phishing,1,iscx_group_007994,test,
ISCX::14533,ISCX-URL2016 Phishing,1,iscx_group_009546,development,4.0
ISCX::14534,ISCX-URL2016 Phishing,1,iscx_group_013975,development,2.0
ISCX::14535,ISCX-URL2016 Phishing,1,iscx_group_001017,development,1.0
ISCX::14536,ISCX-URL2016 Phishing,1,iscx_group_011612,development,4.0
ISCX::14537,ISCX-URL2016 Phishing,1,iscx_group_012752,test,
ISCX::14538,ISCX-URL2016 Phishing,1,iscx_group_014253,calibration,
ISCX::14539,ISCX-URL2016 Phishing,1,iscx_group_013930,development,2.0
ISCX::14540,ISCX-URL2016 Phishing,1,iscx_group_011152,calibration,
ISCX::14541,ISCX-URL2016 Phishing,1,iscx_group_005254,development,5.0
ISCX::14542,ISCX-URL2016 Phishing,1,iscx_group_012562,development,2.0
ISCX::14543,ISCX-URL2016 Phishing,1,iscx_group_003309,development,3.0
ISCX::14544,ISCX-URL2016 Phishing,1,iscx_group_013189,calibration,
ISCX::14545,ISCX-URL2016 Phishing,1,iscx_group_011527,development,4.0
ISCX::14546,ISCX-URL2016 Phishing,1,iscx_group_010876,development,2.0
ISCX::14547,ISCX-URL2016 Phishing,1,iscx_group_005932,development,2.0
ISCX::14548,ISCX-URL2016 Phishing,1,iscx_group_013427,calibration,
ISCX::14549,ISCX-URL2016 Phishing,1,iscx_group_012261,development,4.0
ISCX::14550,ISCX-URL2016 Phishing,1,iscx_group_002865,development,4.0
ISCX::14551,ISCX-URL2016 Phishing,1,iscx_group_009493,calibration,
ISCX::14552,ISCX-URL2016 Phishing,1,iscx_group_009478,development,3.0
ISCX::14553,ISCX-URL2016 Phishing,1,iscx_group_005792,calibration,
ISCX::14554,ISCX-URL2016 Phishing,1,iscx_group_012687,development,3.0
ISCX::14555,ISCX-URL2016 Phishing,1,iscx_group_010696,development,5.0
ISCX::14556,ISCX-URL2016 Phishing,1,iscx_group_004552,calibration,
ISCX::14557,ISCX-URL2016 Phishing,1,iscx_group_011313,test,
ISCX::14558,ISCX-URL2016 Phishing,1,iscx_group_008686,calibration,
ISCX::14559,ISCX-URL2016 Phishing,1,iscx_group_000818,development,3.0
ISCX::14560,ISCX-URL2016 Phishing,1,iscx_group_008349,development,1.0
ISCX::14561,ISCX-URL2016 Phishing,1,iscx_group_009248,development,5.0
ISCX::14562,ISCX-URL2016 Phishing,1,iscx_group_010399,development,1.0
ISCX::14563,ISCX-URL2016 Phishing,1,iscx_group_009788,development,1.0
ISCX::14564,ISCX-URL2016 Phishing,1,iscx_group_014390,development,4.0
ISCX::14565,ISCX-URL2016 Phishing,1,iscx_group_013878,test,
ISCX::14566,ISCX-URL2016 Phishing,1,iscx_group_002166,calibration,
ISCX::14567,ISCX-URL2016 Phishing,1,iscx_group_009930,development,5.0
ISCX::14568,ISCX-URL2016 Phishing,1,iscx_group_008094,development,2.0
ISCX::14569,ISCX-URL2016 Phishing,1,iscx_group_014181,development,2.0
ISCX::14570,ISCX-URL2016 Phishing,1,iscx_group_011392,development,4.0
ISCX::14571,ISCX-URL2016 Phishing,1,iscx_group_006469,development,3.0
ISCX::14572,ISCX-URL2016 Phishing,1,iscx_group_007996,development,2.0
ISCX::14573,ISCX-URL2016 Phishing,1,iscx_group_011489,development,2.0
ISCX::14574,ISCX-URL2016 Phishing,1,iscx_group_004808,development,1.0
ISCX::14575,ISCX-URL2016 Phishing,1,iscx_group_009936,development,5.0
ISCX::14576,ISCX-URL2016 Phishing,1,iscx_group_003566,test,
ISCX::14577,ISCX-URL2016 Phishing,1,iscx_group_003637,development,1.0
ISCX::14578,ISCX-URL2016 Phishing,1,iscx_group_007924,development,1.0
ISCX::14579,ISCX-URL2016 Phishing,1,iscx_group_006774,development,2.0
ISCX::14580,ISCX-URL2016 Phishing,1,iscx_group_006444,calibration,
ISCX::14581,ISCX-URL2016 Phishing,1,iscx_group_006136,development,5.0
ISCX::14582,ISCX-URL2016 Phishing,1,iscx_group_007597,calibration,
ISCX::14583,ISCX-URL2016 Phishing,1,iscx_group_001795,development,1.0
ISCX::14584,ISCX-URL2016 Phishing,1,iscx_group_007867,development,2.0
ISCX::14585,ISCX-URL2016 Phishing,1,iscx_group_014391,development,5.0
ISCX::14586,ISCX-URL2016 Phishing,1,iscx_group_004421,calibration,
ISCX::14587,ISCX-URL2016 Phishing,1,iscx_group_011854,calibration,
ISCX::14588,ISCX-URL2016 Phishing,1,iscx_group_008851,test,
ISCX::14589,ISCX-URL2016 Phishing,1,iscx_group_012062,development,3.0
ISCX::14590,ISCX-URL2016 Phishing,1,iscx_group_011893,test,
ISCX::14591,ISCX-URL2016 Phishing,1,iscx_group_014604,development,4.0
ISCX::14592,ISCX-URL2016 Phishing,1,iscx_group_009748,test,
ISCX::14593,ISCX-URL2016 Phishing,1,iscx_group_012830,calibration,
ISCX::14594,ISCX-URL2016 Phishing,1,iscx_group_002714,calibration,
ISCX::14595,ISCX-URL2016 Phishing,1,iscx_group_011498,development,1.0
ISCX::14596,ISCX-URL2016 Phishing,1,iscx_group_009034,development,3.0
ISCX::14597,ISCX-URL2016 Phishing,1,iscx_group_003667,development,4.0
ISCX::14598,ISCX-URL2016 Phishing,1,iscx_group_012658,development,5.0
ISCX::14599,ISCX-URL2016 Phishing,1,iscx_group_003751,calibration,
ISCX::14600,ISCX-URL2016 Phishing,1,iscx_group_004188,test,
ISCX::14601,ISCX-URL2016 Phishing,1,iscx_group_003890,calibration,
ISCX::14602,ISCX-URL2016 Phishing,1,iscx_group_007521,development,1.0
ISCX::14603,ISCX-URL2016 Phishing,1,iscx_group_008569,development,2.0
ISCX::14604,ISCX-URL2016 Phishing,1,iscx_group_014309,development,4.0
ISCX::14605,ISCX-URL2016 Phishing,1,iscx_group_005628,development,1.0
ISCX::14606,ISCX-URL2016 Phishing,1,iscx_group_008965,calibration,
ISCX::14607,ISCX-URL2016 Phishing,1,iscx_group_006590,development,3.0
ISCX::14608,ISCX-URL2016 Phishing,1,iscx_group_014149,development,2.0
ISCX::14609,ISCX-URL2016 Phishing,1,iscx_group_014102,calibration,
ISCX::14610,ISCX-URL2016 Phishing,1,iscx_group_000452,calibration,
ISCX::14611,ISCX-URL2016 Phishing,1,iscx_group_011378,calibration,
ISCX::14612,ISCX-URL2016 Phishing,1,iscx_group_005378,development,1.0
ISCX::14613,ISCX-URL2016 Phishing,1,iscx_group_011200,development,5.0
ISCX::14614,ISCX-URL2016 Phishing,1,iscx_group_013317,development,3.0
ISCX::14615,ISCX-URL2016 Phishing,1,iscx_group_007736,development,2.0
ISCX::14616,ISCX-URL2016 Phishing,1,iscx_group_001980,development,4.0
ISCX::14617,ISCX-URL2016 Phishing,1,iscx_group_006959,calibration,
ISCX::14618,ISCX-URL2016 Phishing,1,iscx_group_014110,development,1.0
ISCX::14619,ISCX-URL2016 Phishing,1,iscx_group_003492,development,1.0
ISCX::14620,ISCX-URL2016 Phishing,1,iscx_group_001872,development,5.0
ISCX::14621,ISCX-URL2016 Phishing,1,iscx_group_001710,test,
ISCX::14622,ISCX-URL2016 Phishing,1,iscx_group_011700,development,2.0
ISCX::14623,ISCX-URL2016 Phishing,1,iscx_group_001107,development,3.0
ISCX::14624,ISCX-URL2016 Phishing,1,iscx_group_001325,test,
ISCX::14625,ISCX-URL2016 Phishing,1,iscx_group_011159,calibration,
ISCX::14626,ISCX-URL2016 Phishing,1,iscx_group_002369,development,2.0
ISCX::14627,ISCX-URL2016 Phishing,1,iscx_group_007283,development,5.0
ISCX::14628,ISCX-URL2016 Phishing,1,iscx_group_005355,test,
ISCX::14629,ISCX-URL2016 Phishing,1,iscx_group_003880,development,5.0
ISCX::14630,ISCX-URL2016 Phishing,1,iscx_group_004229,calibration,
ISCX::14631,ISCX-URL2016 Phishing,1,iscx_group_007356,development,5.0
ISCX::14632,ISCX-URL2016 Phishing,1,iscx_group_006044,development,1.0
ISCX::14633,ISCX-URL2016 Phishing,1,iscx_group_005346,development,3.0
ISCX::14634,ISCX-URL2016 Phishing,1,iscx_group_010099,development,4.0
ISCX::14635,ISCX-URL2016 Phishing,1,iscx_group_002456,development,4.0
ISCX::14636,ISCX-URL2016 Phishing,1,iscx_group_002306,development,1.0
ISCX::14637,ISCX-URL2016 Phishing,1,iscx_group_012650,development,1.0
ISCX::14638,ISCX-URL2016 Phishing,1,iscx_group_008807,calibration,
ISCX::14639,ISCX-URL2016 Phishing,1,iscx_group_003212,development,3.0
ISCX::14640,ISCX-URL2016 Phishing,1,iscx_group_003655,calibration,
ISCX::14641,ISCX-URL2016 Phishing,1,iscx_group_014741,development,1.0
ISCX::14642,ISCX-URL2016 Phishing,1,iscx_group_012987,development,5.0
ISCX::14643,ISCX-URL2016 Phishing,1,iscx_group_005005,development,2.0
ISCX::14644,ISCX-URL2016 Phishing,1,iscx_group_007828,development,1.0
ISCX::14645,ISCX-URL2016 Phishing,1,iscx_group_010245,development,5.0
ISCX::14646,ISCX-URL2016 Phishing,1,iscx_group_001616,development,5.0
ISCX::14647,ISCX-URL2016 Phishing,1,iscx_group_011139,development,2.0
ISCX::14648,ISCX-URL2016 Phishing,1,iscx_group_009423,development,2.0
ISCX::14649,ISCX-URL2016 Phishing,1,iscx_group_003683,development,1.0
ISCX::14650,ISCX-URL2016 Phishing,1,iscx_group_009189,development,5.0
ISCX::14651,ISCX-URL2016 Phishing,1,iscx_group_008822,development,5.0
ISCX::14652,ISCX-URL2016 Phishing,1,iscx_group_012271,development,1.0
ISCX::14653,ISCX-URL2016 Phishing,1,iscx_group_009767,development,1.0
ISCX::14654,ISCX-URL2016 Phishing,1,iscx_group_003869,development,2.0
ISCX::14655,ISCX-URL2016 Phishing,1,iscx_group_005267,calibration,
ISCX::14656,ISCX-URL2016 Phishing,1,iscx_group_002233,calibration,
ISCX::14657,ISCX-URL2016 Phishing,1,iscx_group_001685,test,
ISCX::14658,ISCX-URL2016 Phishing,1,iscx_group_000231,test,
ISCX::14659,ISCX-URL2016 Phishing,1,iscx_group_007160,test,
ISCX::14660,ISCX-URL2016 Phishing,1,iscx_group_004342,development,3.0
ISCX::14661,ISCX-URL2016 Phishing,1,iscx_group_004765,development,4.0
ISCX::14662,ISCX-URL2016 Phishing,1,iscx_group_014608,development,1.0
ISCX::14663,ISCX-URL2016 Phishing,1,iscx_group_006495,development,5.0
ISCX::14664,ISCX-URL2016 Phishing,1,iscx_group_000314,development,2.0
ISCX::14665,ISCX-URL2016 Phishing,1,iscx_group_008212,development,2.0
ISCX::14666,ISCX-URL2016 Phishing,1,iscx_group_000200,calibration,
ISCX::14667,ISCX-URL2016 Phishing,1,iscx_group_003528,test,
ISCX::14668,ISCX-URL2016 Phishing,1,iscx_group_006369,development,3.0
ISCX::14669,ISCX-URL2016 Phishing,1,iscx_group_014101,development,3.0
ISCX::14670,ISCX-URL2016 Phishing,1,iscx_group_006505,calibration,
ISCX::14671,ISCX-URL2016 Phishing,1,iscx_group_001918,development,2.0
ISCX::14672,ISCX-URL2016 Phishing,1,iscx_group_010428,development,4.0
ISCX::14673,ISCX-URL2016 Phishing,1,iscx_group_012488,development,4.0
ISCX::14674,ISCX-URL2016 Phishing,1,iscx_group_011425,development,2.0
ISCX::14675,ISCX-URL2016 Phishing,1,iscx_group_010862,development,1.0
ISCX::14676,ISCX-URL2016 Phishing,1,iscx_group_003845,test,
ISCX::14677,ISCX-URL2016 Phishing,1,iscx_group_014217,development,3.0
ISCX::14678,ISCX-URL2016 Phishing,1,iscx_group_005982,development,4.0
ISCX::14679,ISCX-URL2016 Phishing,1,iscx_group_003937,development,4.0
ISCX::14680,ISCX-URL2016 Phishing,1,iscx_group_000929,development,5.0
ISCX::14681,ISCX-URL2016 Phishing,1,iscx_group_001308,test,
ISCX::14682,ISCX-URL2016 Phishing,1,iscx_group_006879,development,3.0
ISCX::14683,ISCX-URL2016 Phishing,1,iscx_group_011906,calibration,
ISCX::14684,ISCX-URL2016 Phishing,1,iscx_group_006224,development,5.0
ISCX::14685,ISCX-URL2016 Phishing,1,iscx_group_004256,development,5.0
ISCX::14686,ISCX-URL2016 Phishing,1,iscx_group_010590,development,1.0
ISCX::14687,ISCX-URL2016 Phishing,1,iscx_group_013641,development,5.0
ISCX::14688,ISCX-URL2016 Phishing,1,iscx_group_007849,development,5.0
ISCX::14689,ISCX-URL2016 Phishing,1,iscx_group_012932,test,
ISCX::14690,ISCX-URL2016 Phishing,1,iscx_group_004213,calibration,
ISCX::14691,ISCX-URL2016 Phishing,1,iscx_group_004848,test,
ISCX::14692,ISCX-URL2016 Phishing,1,iscx_group_006653,development,4.0
ISCX::14693,ISCX-URL2016 Phishing,1,iscx_group_010957,calibration,
ISCX::14694,ISCX-URL2016 Phishing,1,iscx_group_003541,development,2.0
ISCX::14695,ISCX-URL2016 Phishing,1,iscx_group_002070,test,
ISCX::14696,ISCX-URL2016 Phishing,1,iscx_group_012317,development,2.0
ISCX::14697,ISCX-URL2016 Phishing,1,iscx_group_008310,calibration,
ISCX::14698,ISCX-URL2016 Phishing,1,iscx_group_006049,development,2.0
ISCX::14699,ISCX-URL2016 Phishing,1,iscx_group_009175,development,1.0
ISCX::14700,ISCX-URL2016 Phishing,1,iscx_group_010551,test,
ISCX::14701,ISCX-URL2016 Phishing,1,iscx_group_012970,development,2.0
ISCX::14702,ISCX-URL2016 Phishing,1,iscx_group_003799,development,1.0
ISCX::14703,ISCX-URL2016 Phishing,1,iscx_group_012063,development,4.0
ISCX::14704,ISCX-URL2016 Phishing,1,iscx_group_008338,calibration,
ISCX::14705,ISCX-URL2016 Phishing,1,iscx_group_012021,test,
ISCX::14706,ISCX-URL2016 Phishing,1,iscx_group_010958,development,1.0
ISCX::14707,ISCX-URL2016 Phishing,1,iscx_group_003882,test,
ISCX::14708,ISCX-URL2016 Phishing,1,iscx_group_005302,development,1.0
ISCX::14709,ISCX-URL2016 Phishing,1,iscx_group_006971,development,2.0
ISCX::14710,ISCX-URL2016 Phishing,1,iscx_group_011939,development,3.0
ISCX::14711,ISCX-URL2016 Phishing,1,iscx_group_006462,calibration,
ISCX::14712,ISCX-URL2016 Phishing,1,iscx_group_001494,development,5.0
ISCX::14713,ISCX-URL2016 Phishing,1,iscx_group_007379,development,1.0
ISCX::14714,ISCX-URL2016 Phishing,1,iscx_group_012486,development,4.0
ISCX::14715,ISCX-URL2016 Phishing,1,iscx_group_014732,calibration,
ISCX::14716,ISCX-URL2016 Phishing,1,iscx_group_006036,development,4.0
ISCX::14717,ISCX-URL2016 Phishing,1,iscx_group_012958,development,5.0
ISCX::14718,ISCX-URL2016 Phishing,1,iscx_group_012494,development,1.0
ISCX::14719,ISCX-URL2016 Phishing,1,iscx_group_001838,calibration,
ISCX::14720,ISCX-URL2016 Phishing,1,iscx_group_012813,calibration,
ISCX::14721,ISCX-URL2016 Phishing,1,iscx_group_013527,development,2.0
ISCX::14722,ISCX-URL2016 Phishing,1,iscx_group_007198,development,5.0
ISCX::14723,ISCX-URL2016 Phishing,1,iscx_group_003515,test,
ISCX::14724,ISCX-URL2016 Phishing,1,iscx_group_004906,development,3.0
ISCX::14725,ISCX-URL2016 Phishing,1,iscx_group_012888,development,4.0
ISCX::14726,ISCX-URL2016 Phishing,1,iscx_group_012366,development,3.0
ISCX::14727,ISCX-URL2016 Phishing,1,iscx_group_013081,test,
ISCX::14728,ISCX-URL2016 Phishing,1,iscx_group_008979,development,5.0
ISCX::14729,ISCX-URL2016 Phishing,1,iscx_group_003219,test,
ISCX::14730,ISCX-URL2016 Phishing,1,iscx_group_007969,development,4.0
ISCX::14731,ISCX-URL2016 Phishing,1,iscx_group_007157,development,3.0
ISCX::14732,ISCX-URL2016 Phishing,1,iscx_group_001905,development,3.0
ISCX::14733,ISCX-URL2016 Phishing,1,iscx_group_009174,test,
ISCX::14734,ISCX-URL2016 Phishing,1,iscx_group_007166,development,4.0
ISCX::14735,ISCX-URL2016 Phishing,1,iscx_group_001350,calibration,
ISCX::14736,ISCX-URL2016 Phishing,1,iscx_group_011297,development,4.0
ISCX::14737,ISCX-URL2016 Phishing,1,iscx_group_008245,calibration,
ISCX::14738,ISCX-URL2016 Phishing,1,iscx_group_002529,development,2.0
ISCX::14739,ISCX-URL2016 Phishing,1,iscx_group_002927,development,5.0
ISCX::14740,ISCX-URL2016 Phishing,1,iscx_group_008302,calibration,
ISCX::14741,ISCX-URL2016 Phishing,1,iscx_group_005415,development,3.0
ISCX::14742,ISCX-URL2016 Phishing,1,iscx_group_009267,development,2.0
ISCX::14743,ISCX-URL2016 Phishing,1,iscx_group_008522,development,1.0
ISCX::14744,ISCX-URL2016 Phishing,1,iscx_group_010730,development,4.0
ISCX::14745,ISCX-URL2016 Phishing,1,iscx_group_005083,calibration,
ISCX::14746,ISCX-URL2016 Phishing,1,iscx_group_004132,development,3.0
ISCX::14747,ISCX-URL2016 Phishing,1,iscx_group_013957,development,4.0
ISCX::14748,ISCX-URL2016 Phishing,1,iscx_group_010243,test,
ISCX::14749,ISCX-URL2016 Phishing,1,iscx_group_009439,development,2.0
ISCX::14750,ISCX-URL2016 Phishing,1,iscx_group_002534,development,5.0
ISCX::14751,ISCX-URL2016 Phishing,1,iscx_group_011189,calibration,
ISCX::14752,ISCX-URL2016 Phishing,1,iscx_group_008540,development,2.0
ISCX::14753,ISCX-URL2016 Phishing,1,iscx_group_008756,development,4.0
ISCX::14754,ISCX-URL2016 Phishing,1,iscx_group_009469,development,1.0
ISCX::14755,ISCX-URL2016 Phishing,1,iscx_group_007188,development,5.0
ISCX::14756,ISCX-URL2016 Phishing,1,iscx_group_008980,development,1.0
ISCX::14757,ISCX-URL2016 Phishing,1,iscx_group_001466,test,
ISCX::14758,ISCX-URL2016 Phishing,1,iscx_group_002998,development,1.0
ISCX::14759,ISCX-URL2016 Phishing,1,iscx_group_006618,test,
ISCX::14760,ISCX-URL2016 Phishing,1,iscx_group_003562,calibration,
ISCX::14761,ISCX-URL2016 Phishing,1,iscx_group_012767,calibration,
ISCX::14762,ISCX-URL2016 Phishing,1,iscx_group_011353,development,3.0
ISCX::14763,ISCX-URL2016 Phishing,1,iscx_group_000826,development,3.0
ISCX::14764,ISCX-URL2016 Phishing,1,iscx_group_000977,development,5.0
ISCX::14765,ISCX-URL2016 Phishing,1,iscx_group_013282,calibration,
ISCX::14766,ISCX-URL2016 Phishing,1,iscx_group_009884,development,5.0
ISCX::14767,ISCX-URL2016 Phishing,1,iscx_group_003292,calibration,
ISCX::14768,ISCX-URL2016 Phishing,1,iscx_group_009021,calibration,
ISCX::14769,ISCX-URL2016 Phishing,1,iscx_group_007118,development,1.0
ISCX::14770,ISCX-URL2016 Phishing,1,iscx_group_006034,development,5.0
ISCX::14771,ISCX-URL2016 Phishing,1,iscx_group_004433,development,2.0
ISCX::14772,ISCX-URL2016 Phishing,1,iscx_group_000662,development,2.0
ISCX::14773,ISCX-URL2016 Phishing,1,iscx_group_014338,calibration,
ISCX::14774,ISCX-URL2016 Phishing,1,iscx_group_013777,development,4.0
ISCX::14775,ISCX-URL2016 Phishing,1,iscx_group_011915,development,1.0
ISCX::14776,ISCX-URL2016 Phishing,1,iscx_group_005781,calibration,
ISCX::14777,ISCX-URL2016 Phishing,1,iscx_group_012504,test,
ISCX::14778,ISCX-URL2016 Phishing,1,iscx_group_012057,development,4.0
ISCX::14779,ISCX-URL2016 Phishing,1,iscx_group_010637,development,2.0
ISCX::14780,ISCX-URL2016 Phishing,1,iscx_group_002715,development,5.0
ISCX::14781,ISCX-URL2016 Phishing,1,iscx_group_008740,development,1.0
ISCX::14782,ISCX-URL2016 Phishing,1,iscx_group_002955,development,2.0
ISCX::14783,ISCX-URL2016 Phishing,1,iscx_group_005751,development,5.0
ISCX::14784,ISCX-URL2016 Phishing,1,iscx_group_007639,calibration,
ISCX::14785,ISCX-URL2016 Phishing,1,iscx_group_010389,development,5.0
ISCX::14786,ISCX-URL2016 Phishing,1,iscx_group_007472,calibration,
ISCX::14787,ISCX-URL2016 Phishing,1,iscx_group_014095,development,2.0
ISCX::14788,ISCX-URL2016 Phishing,1,iscx_group_003871,development,4.0
ISCX::14789,ISCX-URL2016 Phishing,1,iscx_group_003034,development,4.0
ISCX::14790,ISCX-URL2016 Phishing,1,iscx_group_001631,development,1.0
ISCX::14791,ISCX-URL2016 Phishing,1,iscx_group_006519,development,1.0
ISCX::14792,ISCX-URL2016 Phishing,1,iscx_group_006436,development,1.0
ISCX::14793,ISCX-URL2016 Phishing,1,iscx_group_012590,development,5.0
ISCX::14794,ISCX-URL2016 Phishing,1,iscx_group_001298,development,3.0
ISCX::14795,ISCX-URL2016 Phishing,1,iscx_group_003173,development,4.0
ISCX::14796,ISCX-URL2016 Phishing,1,iscx_group_010325,calibration,
ISCX::14797,ISCX-URL2016 Phishing,1,iscx_group_010123,test,
ISCX::14798,ISCX-URL2016 Phishing,1,iscx_group_000627,development,1.0
ISCX::14799,ISCX-URL2016 Phishing,1,iscx_group_005519,test,
ISCX::14800,ISCX-URL2016 Phishing,1,iscx_group_006507,test,
ISCX::14801,ISCX-URL2016 Phishing,1,iscx_group_013422,development,4.0
ISCX::14802,ISCX-URL2016 Phishing,1,iscx_group_010107,development,4.0
ISCX::14803,ISCX-URL2016 Phishing,1,iscx_group_005093,development,1.0
ISCX::14804,ISCX-URL2016 Phishing,1,iscx_group_000137,development,2.0
ISCX::14805,ISCX-URL2016 Phishing,1,iscx_group_010612,development,3.0
ISCX::14806,ISCX-URL2016 Phishing,1,iscx_group_012501,test,
ISCX::14807,ISCX-URL2016 Phishing,1,iscx_group_007060,development,3.0
ISCX::14808,ISCX-URL2016 Phishing,1,iscx_group_009729,development,4.0
ISCX::14809,ISCX-URL2016 Phishing,1,iscx_group_013182,development,2.0
ISCX::14810,ISCX-URL2016 Phishing,1,iscx_group_003936,development,3.0
ISCX::14811,ISCX-URL2016 Phishing,1,iscx_group_010350,calibration,
ISCX::14812,ISCX-URL2016 Phishing,1,iscx_group_003035,development,1.0
ISCX::14813,ISCX-URL2016 Phishing,1,iscx_group_000512,development,1.0
ISCX::14814,ISCX-URL2016 Phishing,1,iscx_group_008891,development,1.0
ISCX::14815,ISCX-URL2016 Phishing,1,iscx_group_004330,development,4.0
ISCX::14816,ISCX-URL2016 Phishing,1,iscx_group_004947,calibration,
ISCX::14817,ISCX-URL2016 Phishing,1,iscx_group_010342,development,3.0
ISCX::14818,ISCX-URL2016 Phishing,1,iscx_group_010354,development,2.0
ISCX::14819,ISCX-URL2016 Phishing,1,iscx_group_007286,development,3.0
ISCX::14820,ISCX-URL2016 Phishing,1,iscx_group_006399,development,4.0
ISCX::14821,ISCX-URL2016 Phishing,1,iscx_group_012997,development,3.0
ISCX::14822,ISCX-URL2016 Phishing,1,iscx_group_007506,calibration,
