observation_id,source_dataset,target,group_id,partition,cv_fold
UCI::0,UCI Phishing Websites,1,uci_group_004337,development,1.0
UCI::1,UCI Phishing Websites,1,uci_group_003032,calibration,
UCI::2,UCI Phishing Websites,1,uci_group_003227,development,2.0
UCI::3,UCI Phishing Websites,1,uci_group_001557,development,3.0
UCI::4,UCI Phishing Websites,0,uci_group_002884,development,4.0
UCI::5,UCI Phishing Websites,0,uci_group_000489,development,4.0
UCI::6,UCI Phishing Websites,1,uci_group_002652,development,3.0
UCI::7,UCI Phishing Websites,1,uci_group_001770,development,5.0
UCI::8,UCI Phishing Websites,0,uci_group_001233,development,4.0
UCI::9,UCI Phishing Websites,1,uci_group_000852,development,4.0
UCI::10,UCI Phishing Websites,0,uci_group_001357,test,
UCI::11,UCI Phishing Websites,1,uci_group_003523,development,1.0
UCI::12,UCI Phishing Websites,1,uci_group_004173,development,1.0
UCI::13,UCI Phishing Websites,1,uci_group_004717,calibration,
UCI::14,UCI Phishing Websites,0,uci_group_001437,development,4.0
UCI::15,UCI Phishing Websites,1,uci_group_002020,development,1.0
UCI::16,UCI Phishing Websites,1,uci_group_003535,development,1.0
UCI::17,UCI Phishing Websites,1,uci_group_004733,development,1.0
UCI::18,UCI Phishing Websites,0,uci_group_001785,calibration,
UCI::19,UCI Phishing Websites,0,uci_group_005282,development,1.0
UCI::20,UCI Phishing Websites,0,uci_group_005147,calibration,
UCI::21,UCI Phishing Websites,0,uci_group_002857,development,3.0
UCI::22,UCI Phishing Websites,0,uci_group_001881,development,1.0
UCI::23,UCI Phishing Websites,0,uci_group_005364,development,4.0
UCI::24,UCI Phishing Websites,0,uci_group_000889,development,4.0
UCI::25,UCI Phishing Websites,0,uci_group_000097,development,1.0
UCI::26,UCI Phishing Websites,1,uci_group_000978,development,2.0
UCI::27,UCI Phishing Websites,0,uci_group_005422,development,2.0
UCI::28,UCI Phishing Websites,0,uci_group_003816,development,3.0
UCI::29,UCI Phishing Websites,0,uci_group_004027,development,5.0
UCI::30,UCI Phishing Websites,0,uci_group_003056,development,1.0
UCI::31,UCI Phishing Websites,0,uci_group_004255,test,
UCI::32,UCI Phishing Websites,0,uci_group_001397,development,4.0
UCI::33,UCI Phishing Websites,0,uci_group_005769,development,2.0
UCI::34,UCI Phishing Websites,1,uci_group_005304,test,
UCI::35,UCI Phishing Websites,1,uci_group_004426,development,2.0
UCI::36,UCI Phishing Websites,1,uci_group_001396,development,5.0
UCI::37,UCI Phishing Websites,1,uci_group_003279,development,4.0
UCI::38,UCI Phishing Websites,0,uci_group_001904,calibration,
UCI::39,UCI Phishing Websites,0,uci_group_004603,development,1.0
UCI::40,UCI Phishing Websites,0,uci_group_003509,development,4.0
UCI::41,UCI Phishing Websites,0,uci_group_003049,test,
UCI::42,UCI Phishing Websites,1,uci_group_002710,development,2.0
UCI::43,UCI Phishing Websites,1,uci_group_005376,development,4.0
UCI::44,UCI Phishing Websites,1,uci_group_003136,development,5.0
UCI::45,UCI Phishing Websites,0,uci_group_000234,development,3.0
UCI::46,UCI Phishing Websites,0,uci_group_001421,calibration,
UCI::47,UCI Phishing Websites,1,uci_group_001501,development,3.0
UCI::48,UCI Phishing Websites,1,uci_group_002104,development,3.0
UCI::49,UCI Phishing Websites,0,uci_group_000073,calibration,
UCI::50,UCI Phishing Websites,1,uci_group_001265,test,
UCI::51,UCI Phishing Websites,0,uci_group_001470,development,5.0
UCI::52,UCI Phishing Websites,0,uci_group_004142,development,2.0
UCI::53,UCI Phishing Websites,1,uci_group_004809,calibration,
UCI::54,UCI Phishing Websites,1,uci_group_001198,test,
UCI::55,UCI Phishing Websites,1,uci_group_001815,development,1.0
UCI::56,UCI Phishing Websites,0,uci_group_001865,development,1.0
UCI::57,UCI Phishing Websites,0,uci_group_003115,development,5.0
UCI::58,UCI Phishing Websites,1,uci_group_001066,test,
UCI::59,UCI Phishing Websites,1,uci_group_000750,calibration,
UCI::60,UCI Phishing Websites,1,uci_group_001984,development,5.0
UCI::61,UCI Phishing Websites,1,uci_group_002745,test,
UCI::62,UCI Phishing Websites,0,uci_group_005585,development,1.0
UCI::63,UCI Phishing Websites,1,uci_group_000959,development,1.0
UCI::64,UCI Phishing Websites,0,uci_group_001269,development,4.0
UCI::65,UCI Phishing Websites,0,uci_group_000294,development,4.0
UCI::66,UCI Phishing Websites,1,uci_group_003709,development,3.0
UCI::67,UCI Phishing Websites,1,uci_group_002414,development,4.0
UCI::68,UCI Phishing Websites,0,uci_group_000910,development,3.0
UCI::69,UCI Phishing Websites,1,uci_group_002035,test,
UCI::70,UCI Phishing Websites,0,uci_group_000466,test,
UCI::71,UCI Phishing Websites,0,uci_group_002579,calibration,
UCI::72,UCI Phishing Websites,1,uci_group_003358,calibration,
UCI::73,UCI Phishing Websites,0,uci_group_004589,development,5.0
UCI::74,UCI Phishing Websites,1,uci_group_005531,calibration,
UCI::75,UCI Phishing Websites,1,uci_group_002777,development,1.0
UCI::76,UCI Phishing Websites,0,uci_group_004575,development,4.0
UCI::77,UCI Phishing Websites,0,uci_group_001208,development,4.0
UCI::78,UCI Phishing Websites,1,uci_group_004835,test,
UCI::79,UCI Phishing Websites,0,uci_group_003142,calibration,
UCI::80,UCI Phishing Websites,1,uci_group_004205,calibration,
UCI::81,UCI Phishing Websites,0,uci_group_003793,development,5.0
UCI::82,UCI Phishing Websites,0,uci_group_001440,development,3.0
UCI::83,UCI Phishing Websites,0,uci_group_005036,development,4.0
UCI::84,UCI Phishing Websites,0,uci_group_002081,development,2.0
UCI::85,UCI Phishing Websites,1,uci_group_003763,development,1.0
UCI::86,UCI Phishing Websites,1,uci_group_002653,development,5.0
UCI::87,UCI Phishing Websites,0,uci_group_004453,test,
UCI::88,UCI Phishing Websites,0,uci_group_005491,development,5.0
UCI::89,UCI Phishing Websites,1,uci_group_000904,development,4.0
UCI::90,UCI Phishing Websites,1,uci_group_004741,development,2.0
UCI::91,UCI Phishing Websites,0,uci_group_003772,development,3.0
UCI::92,UCI Phishing Websites,0,uci_group_001378,test,
UCI::93,UCI Phishing Websites,1,uci_group_004008,development,3.0
UCI::94,UCI Phishing Websites,0,uci_group_001417,development,1.0
UCI::95,UCI Phishing Websites,1,uci_group_004475,development,1.0
UCI::96,UCI Phishing Websites,1,uci_group_000471,development,3.0
UCI::97,UCI Phishing Websites,1,uci_group_000077,test,
UCI::98,UCI Phishing Websites,1,uci_group_000336,development,1.0
UCI::99,UCI Phishing Websites,0,uci_group_005127,development,5.0
UCI::100,UCI Phishing Websites,1,uci_group_000902,development,1.0
UCI::101,UCI Phishing Websites,1,uci_group_000681,calibration,
UCI::102,UCI Phishing Websites,0,uci_group_002918,calibration,
UCI::103,UCI Phishing Websites,1,uci_group_002991,development,4.0
UCI::104,UCI Phishing Websites,0,uci_group_004889,calibration,
UCI::105,UCI Phishing Websites,1,uci_group_005590,development,2.0
UCI::106,UCI Phishing Websites,1,uci_group_000990,development,5.0
UCI::107,UCI Phishing Websites,1,uci_group_000147,calibration,
UCI::108,UCI Phishing Websites,0,uci_group_001194,calibration,
UCI::109,UCI Phishing Websites,1,uci_group_001784,development,2.0
UCI::110,UCI Phishing Websites,0,uci_group_001312,test,
UCI::111,UCI Phishing Websites,1,uci_group_003946,development,5.0
UCI::112,UCI Phishing Websites,1,uci_group_004330,development,1.0
UCI::113,UCI Phishing Websites,0,uci_group_005337,development,5.0
UCI::114,UCI Phishing Websites,1,uci_group_002694,test,
UCI::115,UCI Phishing Websites,0,uci_group_005547,development,4.0
UCI::116,UCI Phishing Websites,1,uci_group_003400,development,4.0
UCI::117,UCI Phishing Websites,1,uci_group_000795,test,
UCI::118,UCI Phishing Websites,0,uci_group_005101,development,5.0
UCI::119,UCI Phishing Websites,0,uci_group_003378,development,4.0
UCI::120,UCI Phishing Websites,0,uci_group_000369,development,2.0
UCI::121,UCI Phishing Websites,0,uci_group_004187,test,
UCI::122,UCI Phishing Websites,0,uci_group_003239,test,
UCI::123,UCI Phishing Websites,0,uci_group_005670,test,
UCI::124,UCI Phishing Websites,1,uci_group_001494,development,2.0
UCI::125,UCI Phishing Websites,0,uci_group_000416,test,
UCI::126,UCI Phishing Websites,0,uci_group_004859,test,
UCI::127,UCI Phishing Websites,0,uci_group_001875,test,
UCI::128,UCI Phishing Websites,0,uci_group_000344,development,4.0
UCI::129,UCI Phishing Websites,1,uci_group_002473,development,2.0
UCI::130,UCI Phishing Websites,1,uci_group_003617,development,2.0
UCI::131,UCI Phishing Websites,0,uci_group_000811,development,5.0
UCI::132,UCI Phishing Websites,1,uci_group_004524,calibration,
UCI::133,UCI Phishing Websites,0,uci_group_001273,calibration,
UCI::134,UCI Phishing Websites,1,uci_group_000634,development,1.0
UCI::135,UCI Phishing Websites,0,uci_group_005114,development,1.0
UCI::136,UCI Phishing Websites,1,uci_group_004742,development,3.0
UCI::137,UCI Phishing Websites,0,uci_group_004870,test,
UCI::138,UCI Phishing Websites,1,uci_group_003675,development,3.0
UCI::139,UCI Phishing Websites,1,uci_group_002512,calibration,
UCI::140,UCI Phishing Websites,1,uci_group_002013,calibration,
UCI::141,UCI Phishing Websites,1,uci_group_000971,development,2.0
UCI::142,UCI Phishing Websites,1,uci_group_000201,calibration,
UCI::143,UCI Phishing Websites,1,uci_group_000036,development,5.0
UCI::144,UCI Phishing Websites,1,uci_group_000642,development,5.0
UCI::145,UCI Phishing Websites,1,uci_group_001767,development,3.0
UCI::146,UCI Phishing Websites,1,uci_group_001842,development,4.0
UCI::147,UCI Phishing Websites,0,uci_group_001304,development,3.0
UCI::148,UCI Phishing Websites,0,uci_group_000017,development,4.0
UCI::149,UCI Phishing Websites,0,uci_group_002108,development,4.0
UCI::150,UCI Phishing Websites,0,uci_group_004548,development,3.0
UCI::151,UCI Phishing Websites,0,uci_group_005625,test,
UCI::152,UCI Phishing Websites,0,uci_group_003669,test,
UCI::153,UCI Phishing Websites,0,uci_group_005116,development,1.0
UCI::154,UCI Phishing Websites,1,uci_group_001777,development,5.0
UCI::155,UCI Phishing Websites,0,uci_group_001836,calibration,
UCI::156,UCI Phishing Websites,1,uci_group_002342,calibration,
UCI::157,UCI Phishing Websites,1,uci_group_003515,development,3.0
UCI::158,UCI Phishing Websites,0,uci_group_000596,development,1.0
UCI::159,UCI Phishing Websites,0,uci_group_001193,development,4.0
UCI::160,UCI Phishing Websites,0,uci_group_003274,development,5.0
UCI::161,UCI Phishing Websites,0,uci_group_003309,development,5.0
UCI::162,UCI Phishing Websites,1,uci_group_002860,calibration,
UCI::163,UCI Phishing Websites,0,uci_group_004102,development,5.0
UCI::164,UCI Phishing Websites,1,uci_group_003631,development,2.0
UCI::165,UCI Phishing Websites,0,uci_group_000919,test,
UCI::166,UCI Phishing Websites,0,uci_group_000374,development,2.0
UCI::167,UCI Phishing Websites,0,uci_group_003937,development,1.0
UCI::168,UCI Phishing Websites,1,uci_group_003390,development,2.0
UCI::169,UCI Phishing Websites,0,uci_group_001888,development,3.0
UCI::170,UCI Phishing Websites,1,uci_group_004620,development,2.0
UCI::171,UCI Phishing Websites,0,uci_group_001329,development,1.0
UCI::172,UCI Phishing Websites,0,uci_group_002504,calibration,
UCI::173,UCI Phishing Websites,0,uci_group_004354,calibration,
UCI::174,UCI Phishing Websites,1,uci_group_005055,development,2.0
UCI::175,UCI Phishing Websites,0,uci_group_004537,calibration,
UCI::176,UCI Phishing Websites,1,uci_group_000749,development,1.0
UCI::177,UCI Phishing Websites,1,uci_group_003971,test,
UCI::178,UCI Phishing Websites,0,uci_group_000764,development,4.0
UCI::179,UCI Phishing Websites,0,uci_group_003885,development,2.0
UCI::180,UCI Phishing Websites,0,uci_group_003435,test,
UCI::181,UCI Phishing Websites,0,uci_group_001969,development,2.0
UCI::182,UCI Phishing Websites,1,uci_group_001870,development,4.0
UCI::183,UCI Phishing Websites,0,uci_group_004597,development,3.0
UCI::184,UCI Phishing Websites,1,uci_group_002388,calibration,
UCI::185,UCI Phishing Websites,0,uci_group_005434,development,3.0
UCI::186,UCI Phishing Websites,1,uci_group_004662,calibration,
UCI::187,UCI Phishing Websites,1,uci_group_000310,development,5.0
UCI::188,UCI Phishing Websites,0,uci_group_005380,development,2.0
UCI::189,UCI Phishing Websites,0,uci_group_002845,test,
UCI::190,UCI Phishing Websites,1,uci_group_000851,development,4.0
UCI::191,UCI Phishing Websites,0,uci_group_005630,development,5.0
UCI::192,UCI Phishing Websites,1,uci_group_005403,development,1.0
UCI::193,UCI Phishing Websites,1,uci_group_002207,development,5.0
UCI::194,UCI Phishing Websites,0,uci_group_004376,development,3.0
UCI::195,UCI Phishing Websites,0,uci_group_005274,development,3.0
UCI::196,UCI Phishing Websites,1,uci_group_003883,development,1.0
UCI::197,UCI Phishing Websites,1,uci_group_001939,calibration,
UCI::198,UCI Phishing Websites,0,uci_group_001506,development,4.0
UCI::199,UCI Phishing Websites,1,uci_group_002329,development,4.0
UCI::200,UCI Phishing Websites,0,uci_group_001763,test,
UCI::201,UCI Phishing Websites,0,uci_group_001122,development,2.0
UCI::202,UCI Phishing Websites,1,uci_group_005556,calibration,
UCI::203,UCI Phishing Websites,1,uci_group_001282,development,4.0
UCI::204,UCI Phishing Websites,0,uci_group_005024,development,3.0
UCI::205,UCI Phishing Websites,0,uci_group_004479,development,5.0
UCI::206,UCI Phishing Websites,0,uci_group_004549,calibration,
UCI::207,UCI Phishing Websites,1,uci_group_004596,calibration,
UCI::208,UCI Phishing Websites,0,uci_group_004383,development,1.0
UCI::209,UCI Phishing Websites,0,uci_group_000070,development,3.0
UCI::210,UCI Phishing Websites,0,uci_group_003373,development,3.0
UCI::211,UCI Phishing Websites,0,uci_group_003518,development,2.0
UCI::212,UCI Phishing Websites,0,uci_group_003319,development,3.0
UCI::213,UCI Phishing Websites,1,uci_group_005004,development,2.0
UCI::214,UCI Phishing Websites,0,uci_group_000352,development,1.0
UCI::215,UCI Phishing Websites,0,uci_group_005093,test,
UCI::216,UCI Phishing Websites,1,uci_group_002931,development,2.0
UCI::217,UCI Phishing Websites,0,uci_group_002625,development,4.0
UCI::218,UCI Phishing Websites,1,uci_group_002855,calibration,
UCI::219,UCI Phishing Websites,0,uci_group_003566,test,
UCI::220,UCI Phishing Websites,0,uci_group_003454,development,1.0
UCI::221,UCI Phishing Websites,1,uci_group_000923,test,
UCI::222,UCI Phishing Websites,1,uci_group_002520,test,
UCI::223,UCI Phishing Websites,1,uci_group_000171,development,4.0
UCI::224,UCI Phishing Websites,1,uci_group_000151,development,4.0
UCI::225,UCI Phishing Websites,0,uci_group_001627,development,5.0
UCI::226,UCI Phishing Websites,0,uci_group_003802,development,4.0
UCI::227,UCI Phishing Websites,1,uci_group_004281,development,4.0
UCI::228,UCI Phishing Websites,1,uci_group_005484,test,
UCI::229,UCI Phishing Websites,0,uci_group_000321,development,4.0
UCI::230,UCI Phishing Websites,0,uci_group_003506,development,3.0
UCI::231,UCI Phishing Websites,0,uci_group_001760,development,3.0
UCI::232,UCI Phishing Websites,0,uci_group_000933,test,
UCI::233,UCI Phishing Websites,0,uci_group_000733,development,1.0
UCI::234,UCI Phishing Websites,0,uci_group_002388,calibration,
UCI::235,UCI Phishing Websites,0,uci_group_002355,test,
UCI::236,UCI Phishing Websites,0,uci_group_000846,development,2.0
UCI::237,UCI Phishing Websites,1,uci_group_004645,development,4.0
UCI::238,UCI Phishing Websites,0,uci_group_001014,development,1.0
UCI::239,UCI Phishing Websites,1,uci_group_000891,development,1.0
UCI::240,UCI Phishing Websites,1,uci_group_003211,development,1.0
UCI::241,UCI Phishing Websites,0,uci_group_002932,development,5.0
UCI::242,UCI Phishing Websites,1,uci_group_000922,development,2.0
UCI::243,UCI Phishing Websites,1,uci_group_001320,calibration,
UCI::244,UCI Phishing Websites,1,uci_group_002526,development,3.0
UCI::245,UCI Phishing Websites,1,uci_group_000661,test,
UCI::246,UCI Phishing Websites,1,uci_group_002335,development,3.0
UCI::247,UCI Phishing Websites,1,uci_group_003373,development,3.0
UCI::248,UCI Phishing Websites,1,uci_group_005243,test,
UCI::249,UCI Phishing Websites,1,uci_group_004718,development,3.0
UCI::250,UCI Phishing Websites,0,uci_group_003946,development,5.0
UCI::251,UCI Phishing Websites,0,uci_group_001416,test,
UCI::252,UCI Phishing Websites,1,uci_group_005129,development,4.0
UCI::253,UCI Phishing Websites,0,uci_group_001847,development,4.0
UCI::254,UCI Phishing Websites,1,uci_group_003911,development,2.0
UCI::255,UCI Phishing Websites,1,uci_group_001946,development,3.0
UCI::256,UCI Phishing Websites,0,uci_group_005075,test,
UCI::257,UCI Phishing Websites,0,uci_group_004535,calibration,
UCI::258,UCI Phishing Websites,0,uci_group_003850,development,1.0
UCI::259,UCI Phishing Websites,0,uci_group_002767,development,1.0
UCI::260,UCI Phishing Websites,0,uci_group_000056,development,4.0
UCI::261,UCI Phishing Websites,0,uci_group_001823,development,1.0
UCI::262,UCI Phishing Websites,1,uci_group_003018,calibration,
UCI::263,UCI Phishing Websites,0,uci_group_003126,development,5.0
UCI::264,UCI Phishing Websites,1,uci_group_004062,calibration,
UCI::265,UCI Phishing Websites,0,uci_group_003712,development,2.0
UCI::266,UCI Phishing Websites,0,uci_group_000765,development,2.0
UCI::267,UCI Phishing Websites,0,uci_group_001829,development,1.0
UCI::268,UCI Phishing Websites,1,uci_group_002307,development,1.0
UCI::269,UCI Phishing Websites,0,uci_group_003087,development,2.0
UCI::270,UCI Phishing Websites,0,uci_group_000948,development,5.0
UCI::271,UCI Phishing Websites,0,uci_group_000841,test,
UCI::272,UCI Phishing Websites,0,uci_group_001465,development,5.0
UCI::273,UCI Phishing Websites,0,uci_group_004218,development,5.0
UCI::274,UCI Phishing Websites,0,uci_group_002286,development,4.0
UCI::275,UCI Phishing Websites,0,uci_group_002259,development,3.0
UCI::276,UCI Phishing Websites,1,uci_group_000616,development,1.0
UCI::277,UCI Phishing Websites,0,uci_group_003926,development,3.0
UCI::278,UCI Phishing Websites,0,uci_group_001515,development,3.0
UCI::279,UCI Phishing Websites,1,uci_group_001119,development,2.0
UCI::280,UCI Phishing Websites,0,uci_group_005325,test,
UCI::281,UCI Phishing Websites,0,uci_group_003635,development,2.0
UCI::282,UCI Phishing Websites,1,uci_group_002660,development,4.0
UCI::283,UCI Phishing Websites,1,uci_group_001892,development,2.0
UCI::284,UCI Phishing Websites,1,uci_group_002223,development,4.0
UCI::285,UCI Phishing Websites,0,uci_group_003180,development,1.0
UCI::286,UCI Phishing Websites,0,uci_group_000646,calibration,
UCI::287,UCI Phishing Websites,1,uci_group_001328,test,
UCI::288,UCI Phishing Websites,0,uci_group_000860,development,1.0
UCI::289,UCI Phishing Websites,0,uci_group_001153,development,4.0
UCI::290,UCI Phishing Websites,0,uci_group_002057,development,3.0
UCI::291,UCI Phishing Websites,1,uci_group_003957,calibration,
UCI::292,UCI Phishing Websites,0,uci_group_002626,development,5.0
UCI::293,UCI Phishing Websites,0,uci_group_003010,development,4.0
UCI::294,UCI Phishing Websites,0,uci_group_002888,development,5.0
UCI::295,UCI Phishing Websites,1,uci_group_001169,development,4.0
UCI::296,UCI Phishing Websites,0,uci_group_000570,development,5.0
UCI::297,UCI Phishing Websites,1,uci_group_005577,test,
UCI::298,UCI Phishing Websites,0,uci_group_003216,development,3.0
UCI::299,UCI Phishing Websites,1,uci_group_002217,test,
UCI::300,UCI Phishing Websites,0,uci_group_004631,development,2.0
UCI::301,UCI Phishing Websites,1,uci_group_004887,development,4.0
UCI::302,UCI Phishing Websites,0,uci_group_005342,development,5.0
UCI::303,UCI Phishing Websites,0,uci_group_003339,calibration,
UCI::304,UCI Phishing Websites,0,uci_group_005159,development,4.0
UCI::305,UCI Phishing Websites,0,uci_group_002537,development,1.0
UCI::306,UCI Phishing Websites,0,uci_group_000130,test,
UCI::307,UCI Phishing Websites,0,uci_group_003570,calibration,
UCI::308,UCI Phishing Websites,0,uci_group_003095,development,5.0
UCI::309,UCI Phishing Websites,1,uci_group_001229,development,4.0
UCI::310,UCI Phishing Websites,1,uci_group_004572,test,
UCI::311,UCI Phishing Websites,0,uci_group_002174,development,3.0
UCI::312,UCI Phishing Websites,0,uci_group_003666,development,1.0
UCI::313,UCI Phishing Websites,1,uci_group_004618,development,2.0
UCI::314,UCI Phishing Websites,1,uci_group_000448,calibration,
UCI::315,UCI Phishing Websites,0,uci_group_004416,development,3.0
UCI::316,UCI Phishing Websites,0,uci_group_005340,calibration,
UCI::317,UCI Phishing Websites,1,uci_group_000556,development,5.0
UCI::318,UCI Phishing Websites,0,uci_group_002505,development,3.0
UCI::319,UCI Phishing Websites,0,uci_group_002022,development,5.0
UCI::320,UCI Phishing Websites,0,uci_group_003001,development,4.0
UCI::321,UCI Phishing Websites,0,uci_group_002980,calibration,
UCI::322,UCI Phishing Websites,0,uci_group_000041,development,3.0
UCI::323,UCI Phishing Websites,1,uci_group_004156,calibration,
UCI::324,UCI Phishing Websites,1,uci_group_005667,test,
UCI::325,UCI Phishing Websites,1,uci_group_002236,development,2.0
UCI::326,UCI Phishing Websites,0,uci_group_001154,calibration,
UCI::327,UCI Phishing Websites,0,uci_group_003192,development,2.0
UCI::328,UCI Phishing Websites,0,uci_group_004802,development,3.0
UCI::329,UCI Phishing Websites,0,uci_group_001728,development,2.0
UCI::330,UCI Phishing Websites,0,uci_group_003333,calibration,
UCI::331,UCI Phishing Websites,1,uci_group_002093,calibration,
UCI::332,UCI Phishing Websites,1,uci_group_004804,development,5.0
UCI::333,UCI Phishing Websites,0,uci_group_000573,development,5.0
UCI::334,UCI Phishing Websites,1,uci_group_001094,development,4.0
UCI::335,UCI Phishing Websites,1,uci_group_001825,development,2.0
UCI::336,UCI Phishing Websites,0,uci_group_004898,development,3.0
UCI::337,UCI Phishing Websites,0,uci_group_005759,development,5.0
UCI::338,UCI Phishing Websites,0,uci_group_005249,test,
UCI::339,UCI Phishing Websites,0,uci_group_001768,calibration,
UCI::340,UCI Phishing Websites,0,uci_group_001012,calibration,
UCI::341,UCI Phishing Websites,0,uci_group_004994,calibration,
UCI::342,UCI Phishing Websites,0,uci_group_003934,development,4.0
UCI::343,UCI Phishing Websites,1,uci_group_000023,development,3.0
UCI::344,UCI Phishing Websites,0,uci_group_005521,development,4.0
UCI::345,UCI Phishing Websites,0,uci_group_005339,test,
UCI::346,UCI Phishing Websites,0,uci_group_002038,test,
UCI::347,UCI Phishing Websites,1,uci_group_004240,calibration,
UCI::348,UCI Phishing Websites,0,uci_group_004493,development,3.0
UCI::349,UCI Phishing Websites,1,uci_group_000768,test,
UCI::350,UCI Phishing Websites,0,uci_group_003866,development,2.0
UCI::351,UCI Phishing Websites,0,uci_group_004073,development,5.0
UCI::352,UCI Phishing Websites,1,uci_group_005386,calibration,
UCI::353,UCI Phishing Websites,0,uci_group_000076,development,1.0
UCI::354,UCI Phishing Websites,0,uci_group_005550,development,4.0
UCI::355,UCI Phishing Websites,0,uci_group_000542,development,5.0
UCI::356,UCI Phishing Websites,0,uci_group_003338,development,4.0
UCI::357,UCI Phishing Websites,1,uci_group_003853,development,2.0
UCI::358,UCI Phishing Websites,1,uci_group_005213,calibration,
UCI::359,UCI Phishing Websites,0,uci_group_000528,calibration,
UCI::360,UCI Phishing Websites,1,uci_group_002474,development,4.0
UCI::361,UCI Phishing Websites,0,uci_group_003290,development,3.0
UCI::362,UCI Phishing Websites,0,uci_group_002107,development,5.0
UCI::363,UCI Phishing Websites,0,uci_group_000177,development,5.0
UCI::364,UCI Phishing Websites,1,uci_group_001659,development,1.0
UCI::365,UCI Phishing Websites,1,uci_group_001670,test,
UCI::366,UCI Phishing Websites,0,uci_group_004125,calibration,
UCI::367,UCI Phishing Websites,0,uci_group_001222,development,1.0
UCI::368,UCI Phishing Websites,1,uci_group_004137,development,4.0
UCI::369,UCI Phishing Websites,0,uci_group_004837,development,1.0
UCI::370,UCI Phishing Websites,1,uci_group_000091,test,
UCI::371,UCI Phishing Websites,0,uci_group_000929,test,
UCI::372,UCI Phishing Websites,0,uci_group_005454,calibration,
UCI::373,UCI Phishing Websites,1,uci_group_000426,development,2.0
UCI::374,UCI Phishing Websites,0,uci_group_003699,development,1.0
UCI::375,UCI Phishing Websites,0,uci_group_001615,development,3.0
UCI::376,UCI Phishing Websites,0,uci_group_004178,development,1.0
UCI::377,UCI Phishing Websites,1,uci_group_002216,development,2.0
UCI::378,UCI Phishing Websites,1,uci_group_001996,development,5.0
UCI::379,UCI Phishing Websites,1,uci_group_001215,development,1.0
UCI::380,UCI Phishing Websites,0,uci_group_000780,development,4.0
UCI::381,UCI Phishing Websites,1,uci_group_005513,development,4.0
UCI::382,UCI Phishing Websites,0,uci_group_001968,development,5.0
UCI::383,UCI Phishing Websites,0,uci_group_000577,development,5.0
UCI::384,UCI Phishing Websites,1,uci_group_004054,test,
UCI::385,UCI Phishing Websites,1,uci_group_000085,development,2.0
UCI::386,UCI Phishing Websites,0,uci_group_002530,development,3.0
UCI::387,UCI Phishing Websites,0,uci_group_002158,development,1.0
UCI::388,UCI Phishing Websites,1,uci_group_005729,development,1.0
UCI::389,UCI Phishing Websites,0,uci_group_005522,calibration,
UCI::390,UCI Phishing Websites,0,uci_group_004792,test,
UCI::391,UCI Phishing Websites,0,uci_group_005054,development,5.0
UCI::392,UCI Phishing Websites,0,uci_group_005588,calibration,
UCI::393,UCI Phishing Websites,0,uci_group_005392,test,
UCI::394,UCI Phishing Websites,0,uci_group_001313,development,3.0
UCI::395,UCI Phishing Websites,0,uci_group_004350,development,1.0
UCI::396,UCI Phishing Websites,1,uci_group_004728,development,4.0
UCI::397,UCI Phishing Websites,0,uci_group_002092,development,4.0
UCI::398,UCI Phishing Websites,0,uci_group_002095,test,
UCI::399,UCI Phishing Websites,0,uci_group_005269,test,
UCI::400,UCI Phishing Websites,0,uci_group_005412,development,2.0
UCI::401,UCI Phishing Websites,0,uci_group_000090,development,5.0
UCI::402,UCI Phishing Websites,0,uci_group_004821,calibration,
UCI::403,UCI Phishing Websites,0,uci_group_002371,development,4.0
UCI::404,UCI Phishing Websites,0,uci_group_005076,development,4.0
UCI::405,UCI Phishing Websites,0,uci_group_003360,test,
UCI::406,UCI Phishing Websites,0,uci_group_002446,development,1.0
UCI::407,UCI Phishing Websites,1,uci_group_003769,calibration,
UCI::408,UCI Phishing Websites,1,uci_group_004941,development,2.0
UCI::409,UCI Phishing Websites,1,uci_group_001367,calibration,
UCI::410,UCI Phishing Websites,1,uci_group_002677,development,1.0
UCI::411,UCI Phishing Websites,1,uci_group_001589,development,1.0
UCI::412,UCI Phishing Websites,1,uci_group_003889,development,5.0
UCI::413,UCI Phishing Websites,1,uci_group_004777,development,3.0
UCI::414,UCI Phishing Websites,1,uci_group_001044,calibration,
UCI::415,UCI Phishing Websites,0,uci_group_000827,development,2.0
UCI::416,UCI Phishing Websites,0,uci_group_002257,development,3.0
UCI::417,UCI Phishing Websites,1,uci_group_003994,test,
UCI::418,UCI Phishing Websites,1,uci_group_003960,development,3.0
UCI::419,UCI Phishing Websites,0,uci_group_002037,development,2.0
UCI::420,UCI Phishing Websites,0,uci_group_003894,calibration,
UCI::421,UCI Phishing Websites,0,uci_group_005198,test,
UCI::422,UCI Phishing Websites,0,uci_group_001976,development,1.0
UCI::423,UCI Phishing Websites,0,uci_group_000913,development,2.0
UCI::424,UCI Phishing Websites,0,uci_group_003547,development,5.0
UCI::425,UCI Phishing Websites,1,uci_group_002494,calibration,
UCI::426,UCI Phishing Websites,0,uci_group_001234,development,4.0
UCI::427,UCI Phishing Websites,1,uci_group_005651,calibration,
UCI::428,UCI Phishing Websites,0,uci_group_005226,development,4.0
UCI::429,UCI Phishing Websites,0,uci_group_001020,test,
UCI::430,UCI Phishing Websites,0,uci_group_003249,calibration,
UCI::431,UCI Phishing Websites,1,uci_group_003503,development,4.0
UCI::432,UCI Phishing Websites,1,uci_group_000056,development,4.0
UCI::433,UCI Phishing Websites,0,uci_group_003640,calibration,
UCI::434,UCI Phishing Websites,1,uci_group_002609,development,1.0
UCI::435,UCI Phishing Websites,0,uci_group_002206,development,2.0
UCI::436,UCI Phishing Websites,1,uci_group_004560,development,5.0
UCI::437,UCI Phishing Websites,0,uci_group_001714,development,3.0
UCI::438,UCI Phishing Websites,1,uci_group_001615,development,3.0
UCI::439,UCI Phishing Websites,1,uci_group_004059,development,5.0
UCI::440,UCI Phishing Websites,0,uci_group_004816,development,4.0
UCI::441,UCI Phishing Websites,1,uci_group_002318,development,2.0
UCI::442,UCI Phishing Websites,1,uci_group_000261,development,5.0
UCI::443,UCI Phishing Websites,1,uci_group_004959,development,3.0
UCI::444,UCI Phishing Websites,1,uci_group_004119,development,5.0
UCI::445,UCI Phishing Websites,0,uci_group_001951,test,
UCI::446,UCI Phishing Websites,0,uci_group_003875,development,2.0
UCI::447,UCI Phishing Websites,0,uci_group_005173,development,2.0
UCI::448,UCI Phishing Websites,1,uci_group_003773,test,
UCI::449,UCI Phishing Websites,1,uci_group_001241,development,4.0
UCI::450,UCI Phishing Websites,1,uci_group_004921,test,
UCI::451,UCI Phishing Websites,1,uci_group_003619,test,
UCI::452,UCI Phishing Websites,0,uci_group_002050,calibration,
UCI::453,UCI Phishing Websites,0,uci_group_001690,development,4.0
UCI::454,UCI Phishing Websites,0,uci_group_004069,development,5.0
UCI::455,UCI Phishing Websites,0,uci_group_005551,calibration,
UCI::456,UCI Phishing Websites,1,uci_group_004394,development,2.0
UCI::457,UCI Phishing Websites,0,uci_group_002464,development,2.0
UCI::458,UCI Phishing Websites,0,uci_group_002367,development,3.0
UCI::459,UCI Phishing Websites,1,uci_group_000526,test,
UCI::460,UCI Phishing Websites,1,uci_group_003050,development,1.0
UCI::461,UCI Phishing Websites,0,uci_group_000669,development,3.0
UCI::462,UCI Phishing Websites,0,uci_group_001876,development,5.0
UCI::463,UCI Phishing Websites,1,uci_group_000245,development,2.0
UCI::464,UCI Phishing Websites,1,uci_group_003292,development,1.0
UCI::465,UCI Phishing Websites,1,uci_group_003469,development,2.0
UCI::466,UCI Phishing Websites,1,uci_group_001898,development,1.0
UCI::467,UCI Phishing Websites,1,uci_group_001813,development,2.0
UCI::468,UCI Phishing Websites,1,uci_group_004106,development,1.0
UCI::469,UCI Phishing Websites,1,uci_group_002533,development,3.0
UCI::470,UCI Phishing Websites,1,uci_group_001730,development,3.0
UCI::471,UCI Phishing Websites,1,uci_group_003728,development,2.0
UCI::472,UCI Phishing Websites,0,uci_group_001013,development,2.0
UCI::473,UCI Phishing Websites,1,uci_group_001129,test,
UCI::474,UCI Phishing Websites,0,uci_group_001541,calibration,
UCI::475,UCI Phishing Websites,1,uci_group_004100,development,3.0
UCI::476,UCI Phishing Websites,0,uci_group_000157,test,
UCI::477,UCI Phishing Websites,0,uci_group_000288,development,3.0
UCI::478,UCI Phishing Websites,0,uci_group_001631,development,3.0
UCI::479,UCI Phishing Websites,0,uci_group_002623,development,5.0
UCI::480,UCI Phishing Websites,1,uci_group_001565,development,4.0
UCI::481,UCI Phishing Websites,0,uci_group_004615,development,5.0
UCI::482,UCI Phishing Websites,1,uci_group_002675,development,3.0
UCI::483,UCI Phishing Websites,0,uci_group_000564,test,
UCI::484,UCI Phishing Websites,0,uci_group_005242,calibration,
UCI::485,UCI Phishing Websites,1,uci_group_004070,development,3.0
UCI::486,UCI Phishing Websites,0,uci_group_001355,development,1.0
UCI::487,UCI Phishing Websites,0,uci_group_000114,development,3.0
UCI::488,UCI Phishing Websites,0,uci_group_005152,calibration,
UCI::489,UCI Phishing Websites,0,uci_group_001109,development,2.0
UCI::490,UCI Phishing Websites,1,uci_group_000355,calibration,
UCI::491,UCI Phishing Websites,0,uci_group_004233,test,
UCI::492,UCI Phishing Websites,0,uci_group_005014,calibration,
UCI::493,UCI Phishing Websites,0,uci_group_004598,test,
UCI::494,UCI Phishing Websites,0,uci_group_005118,development,5.0
UCI::495,UCI Phishing Websites,0,uci_group_005643,development,1.0
UCI::496,UCI Phishing Websites,0,uci_group_003906,development,2.0
UCI::497,UCI Phishing Websites,0,uci_group_001899,test,
UCI::498,UCI Phishing Websites,0,uci_group_002734,test,
UCI::499,UCI Phishing Websites,1,uci_group_004594,development,1.0
UCI::500,UCI Phishing Websites,0,uci_group_004675,calibration,
UCI::501,UCI Phishing Websites,1,uci_group_002607,test,
UCI::502,UCI Phishing Websites,1,uci_group_002789,development,1.0
UCI::503,UCI Phishing Websites,0,uci_group_003165,development,4.0
UCI::504,UCI Phishing Websites,0,uci_group_004194,test,
UCI::505,UCI Phishing Websites,0,uci_group_001098,development,1.0
UCI::506,UCI Phishing Websites,1,uci_group_000502,development,3.0
UCI::507,UCI Phishing Websites,1,uci_group_002865,calibration,
UCI::508,UCI Phishing Websites,0,uci_group_001569,development,5.0
UCI::509,UCI Phishing Websites,1,uci_group_003007,development,4.0
UCI::510,UCI Phishing Websites,0,uci_group_003820,development,3.0
UCI::511,UCI Phishing Websites,0,uci_group_002455,development,5.0
UCI::512,UCI Phishing Websites,1,uci_group_001711,development,5.0
UCI::513,UCI Phishing Websites,0,uci_group_005032,calibration,
UCI::514,UCI Phishing Websites,0,uci_group_001890,development,4.0
UCI::515,UCI Phishing Websites,1,uci_group_004738,development,2.0
UCI::516,UCI Phishing Websites,1,uci_group_005768,calibration,
UCI::517,UCI Phishing Websites,1,uci_group_004445,development,2.0
UCI::518,UCI Phishing Websites,1,uci_group_003457,test,
UCI::519,UCI Phishing Websites,0,uci_group_001390,development,5.0
UCI::520,UCI Phishing Websites,0,uci_group_001067,calibration,
UCI::521,UCI Phishing Websites,0,uci_group_000209,development,4.0
UCI::522,UCI Phishing Websites,1,uci_group_004993,development,4.0
UCI::523,UCI Phishing Websites,1,uci_group_002854,development,2.0
UCI::524,UCI Phishing Websites,1,uci_group_001500,development,2.0
UCI::525,UCI Phishing Websites,0,uci_group_004316,development,3.0
UCI::526,UCI Phishing Websites,0,uci_group_001476,development,5.0
UCI::527,UCI Phishing Websites,0,uci_group_003950,development,5.0
UCI::528,UCI Phishing Websites,0,uci_group_000393,development,1.0
UCI::529,UCI Phishing Websites,0,uci_group_004293,development,2.0
UCI::530,UCI Phishing Websites,1,uci_group_002667,development,4.0
UCI::531,UCI Phishing Websites,0,uci_group_003389,development,4.0
UCI::532,UCI Phishing Websites,1,uci_group_005183,development,4.0
UCI::533,UCI Phishing Websites,0,uci_group_002724,test,
UCI::534,UCI Phishing Websites,0,uci_group_003933,test,
UCI::535,UCI Phishing Websites,0,uci_group_004864,calibration,
UCI::536,UCI Phishing Websites,0,uci_group_000924,development,4.0
UCI::537,UCI Phishing Websites,1,uci_group_000759,test,
UCI::538,UCI Phishing Websites,1,uci_group_001811,test,
UCI::539,UCI Phishing Websites,1,uci_group_002227,calibration,
UCI::540,UCI Phishing Websites,0,uci_group_003145,development,3.0
UCI::541,UCI Phishing Websites,1,uci_group_002956,development,5.0
UCI::542,UCI Phishing Websites,0,uci_group_002602,development,2.0
UCI::543,UCI Phishing Websites,0,uci_group_004846,development,1.0
UCI::544,UCI Phishing Websites,0,uci_group_001261,calibration,
UCI::545,UCI Phishing Websites,0,uci_group_004999,calibration,
UCI::546,UCI Phishing Websites,0,uci_group_000397,development,3.0
UCI::547,UCI Phishing Websites,0,uci_group_002972,development,5.0
UCI::548,UCI Phishing Websites,0,uci_group_001963,development,5.0
UCI::549,UCI Phishing Websites,0,uci_group_005224,development,4.0
UCI::550,UCI Phishing Websites,0,uci_group_000734,development,4.0
UCI::551,UCI Phishing Websites,0,uci_group_002595,test,
UCI::552,UCI Phishing Websites,0,uci_group_002596,development,5.0
UCI::553,UCI Phishing Websites,0,uci_group_002265,development,1.0
UCI::554,UCI Phishing Websites,1,uci_group_003886,development,1.0
UCI::555,UCI Phishing Websites,1,uci_group_003919,test,
UCI::556,UCI Phishing Websites,0,uci_group_003002,development,3.0
UCI::557,UCI Phishing Websites,0,uci_group_001244,test,
UCI::558,UCI Phishing Websites,1,uci_group_003031,test,
UCI::559,UCI Phishing Websites,1,uci_group_002957,development,4.0
UCI::560,UCI Phishing Websites,1,uci_group_003779,development,1.0
UCI::561,UCI Phishing Websites,0,uci_group_002000,development,5.0
UCI::562,UCI Phishing Websites,0,uci_group_001424,development,5.0
UCI::563,UCI Phishing Websites,0,uci_group_005429,development,1.0
UCI::564,UCI Phishing Websites,0,uci_group_004481,development,2.0
UCI::565,UCI Phishing Websites,1,uci_group_000015,calibration,
UCI::566,UCI Phishing Websites,0,uci_group_004884,development,2.0
UCI::567,UCI Phishing Websites,0,uci_group_001771,calibration,
UCI::568,UCI Phishing Websites,1,uci_group_005641,development,4.0
UCI::569,UCI Phishing Websites,0,uci_group_005642,development,1.0
UCI::570,UCI Phishing Websites,0,uci_group_000747,development,1.0
UCI::571,UCI Phishing Websites,0,uci_group_001474,development,3.0
UCI::572,UCI Phishing Websites,0,uci_group_002439,calibration,
UCI::573,UCI Phishing Websites,0,uci_group_005668,calibration,
UCI::574,UCI Phishing Websites,0,uci_group_000947,test,
UCI::575,UCI Phishing Websites,1,uci_group_004564,development,2.0
UCI::576,UCI Phishing Websites,0,uci_group_001892,development,2.0
UCI::577,UCI Phishing Websites,0,uci_group_000776,development,4.0
UCI::578,UCI Phishing Websites,0,uci_group_004885,development,2.0
UCI::579,UCI Phishing Websites,0,uci_group_005271,development,1.0
UCI::580,UCI Phishing Websites,1,uci_group_003903,test,
UCI::581,UCI Phishing Websites,0,uci_group_002842,development,1.0
UCI::582,UCI Phishing Websites,0,uci_group_005280,development,5.0
UCI::583,UCI Phishing Websites,0,uci_group_002401,development,2.0
UCI::584,UCI Phishing Websites,0,uci_group_002717,test,
UCI::585,UCI Phishing Websites,0,uci_group_004606,development,2.0
UCI::586,UCI Phishing Websites,0,uci_group_004259,development,5.0
UCI::587,UCI Phishing Websites,1,uci_group_000225,development,1.0
UCI::588,UCI Phishing Websites,0,uci_group_003608,development,5.0
UCI::589,UCI Phishing Websites,0,uci_group_004894,calibration,
UCI::590,UCI Phishing Websites,0,uci_group_000984,development,1.0
UCI::591,UCI Phishing Websites,1,uci_group_002141,development,3.0
UCI::592,UCI Phishing Websites,0,uci_group_001097,development,1.0
UCI::593,UCI Phishing Websites,1,uci_group_005359,development,4.0
UCI::594,UCI Phishing Websites,1,uci_group_004991,test,
UCI::595,UCI Phishing Websites,1,uci_group_003743,development,5.0
UCI::596,UCI Phishing Websites,0,uci_group_003900,development,2.0
UCI::597,UCI Phishing Websites,0,uci_group_001411,development,5.0
UCI::598,UCI Phishing Websites,1,uci_group_005546,development,2.0
UCI::599,UCI Phishing Websites,1,uci_group_001794,development,1.0
UCI::600,UCI Phishing Websites,1,uci_group_004340,test,
UCI::601,UCI Phishing Websites,1,uci_group_001167,test,
UCI::602,UCI Phishing Websites,0,uci_group_005238,development,3.0
UCI::603,UCI Phishing Websites,1,uci_group_001188,development,3.0
UCI::604,UCI Phishing Websites,1,uci_group_003439,development,1.0
UCI::605,UCI Phishing Websites,0,uci_group_000249,development,4.0
UCI::606,UCI Phishing Websites,0,uci_group_001741,development,5.0
UCI::607,UCI Phishing Websites,0,uci_group_002852,development,4.0
UCI::608,UCI Phishing Websites,1,uci_group_002118,calibration,
UCI::609,UCI Phishing Websites,0,uci_group_000370,calibration,
UCI::610,UCI Phishing Websites,1,uci_group_001537,development,5.0
UCI::611,UCI Phishing Websites,0,uci_group_000824,calibration,
UCI::612,UCI Phishing Websites,0,uci_group_000908,development,1.0
UCI::613,UCI Phishing Websites,1,uci_group_001605,development,2.0
UCI::614,UCI Phishing Websites,1,uci_group_001721,development,1.0
UCI::615,UCI Phishing Websites,0,uci_group_003148,development,5.0
UCI::616,UCI Phishing Websites,1,uci_group_000592,test,
UCI::617,UCI Phishing Websites,0,uci_group_004673,development,1.0
UCI::618,UCI Phishing Websites,1,uci_group_004055,development,4.0
UCI::619,UCI Phishing Websites,1,uci_group_002648,development,5.0
UCI::620,UCI Phishing Websites,0,uci_group_001934,development,2.0
UCI::621,UCI Phishing Websites,1,uci_group_003847,development,1.0
UCI::622,UCI Phishing Websites,0,uci_group_004292,development,1.0
UCI::623,UCI Phishing Websites,1,uci_group_005690,development,2.0
UCI::624,UCI Phishing Websites,1,uci_group_002005,calibration,
UCI::625,UCI Phishing Websites,1,uci_group_003350,development,5.0
UCI::626,UCI Phishing Websites,0,uci_group_000243,development,2.0
UCI::627,UCI Phishing Websites,1,uci_group_005381,test,
UCI::628,UCI Phishing Websites,1,uci_group_003462,development,5.0
UCI::629,UCI Phishing Websites,0,uci_group_001388,test,
UCI::630,UCI Phishing Websites,1,uci_group_005134,development,1.0
UCI::631,UCI Phishing Websites,1,uci_group_000926,development,1.0
UCI::632,UCI Phishing Websites,1,uci_group_001957,development,1.0
UCI::633,UCI Phishing Websites,1,uci_group_005096,development,3.0
UCI::634,UCI Phishing Websites,1,uci_group_001628,calibration,
UCI::635,UCI Phishing Websites,0,uci_group_005691,development,1.0
UCI::636,UCI Phishing Websites,0,uci_group_001081,development,1.0
UCI::637,UCI Phishing Websites,0,uci_group_004297,development,2.0
UCI::638,UCI Phishing Websites,0,uci_group_002425,calibration,
UCI::639,UCI Phishing Websites,1,uci_group_003427,test,
UCI::640,UCI Phishing Websites,0,uci_group_005388,calibration,
UCI::641,UCI Phishing Websites,0,uci_group_004630,development,3.0
UCI::642,UCI Phishing Websites,0,uci_group_005111,development,5.0
UCI::643,UCI Phishing Websites,0,uci_group_004148,development,2.0
UCI::644,UCI Phishing Websites,1,uci_group_003306,development,5.0
UCI::645,UCI Phishing Websites,0,uci_group_005404,test,
UCI::646,UCI Phishing Websites,0,uci_group_004390,development,5.0
UCI::647,UCI Phishing Websites,1,uci_group_000930,development,1.0
UCI::648,UCI Phishing Websites,1,uci_group_002569,development,1.0
UCI::649,UCI Phishing Websites,0,uci_group_005477,calibration,
UCI::650,UCI Phishing Websites,0,uci_group_004726,development,5.0
UCI::651,UCI Phishing Websites,0,uci_group_000562,test,
UCI::652,UCI Phishing Websites,0,uci_group_004577,development,1.0
UCI::653,UCI Phishing Websites,0,uci_group_005600,development,5.0
UCI::654,UCI Phishing Websites,1,uci_group_000833,development,1.0
UCI::655,UCI Phishing Websites,0,uci_group_000706,development,3.0
UCI::656,UCI Phishing Websites,0,uci_group_002282,development,4.0
UCI::657,UCI Phishing Websites,0,uci_group_003876,test,
UCI::658,UCI Phishing Websites,1,uci_group_000864,test,
UCI::659,UCI Phishing Websites,0,uci_group_001719,development,2.0
UCI::660,UCI Phishing Websites,1,uci_group_002743,development,2.0
UCI::661,UCI Phishing Websites,1,uci_group_005540,development,5.0
UCI::662,UCI Phishing Websites,0,uci_group_004480,calibration,
UCI::663,UCI Phishing Websites,1,uci_group_005692,development,4.0
UCI::664,UCI Phishing Websites,1,uci_group_003507,test,
UCI::665,UCI Phishing Websites,1,uci_group_004306,calibration,
UCI::666,UCI Phishing Websites,1,uci_group_004084,test,
UCI::667,UCI Phishing Websites,0,uci_group_002073,development,3.0
UCI::668,UCI Phishing Websites,0,uci_group_004571,test,
UCI::669,UCI Phishing Websites,1,uci_group_004821,calibration,
UCI::670,UCI Phishing Websites,1,uci_group_003422,development,5.0
UCI::671,UCI Phishing Websites,0,uci_group_004387,calibration,
UCI::672,UCI Phishing Websites,0,uci_group_004828,development,4.0
UCI::673,UCI Phishing Websites,1,uci_group_000358,development,3.0
UCI::674,UCI Phishing Websites,0,uci_group_002298,development,5.0
UCI::675,UCI Phishing Websites,0,uci_group_002553,calibration,
UCI::676,UCI Phishing Websites,1,uci_group_002697,development,1.0
UCI::677,UCI Phishing Websites,1,uci_group_001621,development,5.0
UCI::678,UCI Phishing Websites,0,uci_group_004035,calibration,
UCI::679,UCI Phishing Websites,1,uci_group_004434,development,5.0
UCI::680,UCI Phishing Websites,1,uci_group_005589,development,5.0
UCI::681,UCI Phishing Websites,0,uci_group_001041,test,
UCI::682,UCI Phishing Websites,0,uci_group_000020,development,3.0
UCI::683,UCI Phishing Websites,1,uci_group_003555,test,
UCI::684,UCI Phishing Websites,0,uci_group_004458,calibration,
UCI::685,UCI Phishing Websites,1,uci_group_003550,test,
UCI::686,UCI Phishing Websites,0,uci_group_004460,development,5.0
UCI::687,UCI Phishing Websites,1,uci_group_002542,development,3.0
UCI::688,UCI Phishing Websites,1,uci_group_000568,development,4.0
UCI::689,UCI Phishing Websites,0,uci_group_004288,development,3.0
UCI::690,UCI Phishing Websites,0,uci_group_002529,development,3.0
UCI::691,UCI Phishing Websites,1,uci_group_001955,development,4.0
UCI::692,UCI Phishing Websites,1,uci_group_003543,calibration,
UCI::693,UCI Phishing Websites,0,uci_group_002078,development,4.0
UCI::694,UCI Phishing Websites,1,uci_group_001341,test,
UCI::695,UCI Phishing Websites,0,uci_group_004813,development,1.0
UCI::696,UCI Phishing Websites,1,uci_group_000674,development,3.0
UCI::697,UCI Phishing Websites,0,uci_group_001031,test,
UCI::698,UCI Phishing Websites,0,uci_group_002228,development,1.0
UCI::699,UCI Phishing Websites,0,uci_group_004655,test,
UCI::700,UCI Phishing Websites,0,uci_group_004446,test,
UCI::701,UCI Phishing Websites,1,uci_group_004501,development,5.0
UCI::702,UCI Phishing Websites,1,uci_group_003939,development,3.0
UCI::703,UCI Phishing Websites,0,uci_group_000875,test,
UCI::704,UCI Phishing Websites,0,uci_group_000605,development,3.0
UCI::705,UCI Phishing Websites,1,uci_group_004480,calibration,
UCI::706,UCI Phishing Websites,0,uci_group_002121,development,2.0
UCI::707,UCI Phishing Websites,1,uci_group_005741,development,4.0
UCI::708,UCI Phishing Websites,1,uci_group_002589,calibration,
UCI::709,UCI Phishing Websites,0,uci_group_001023,test,
UCI::710,UCI Phishing Websites,0,uci_group_004110,development,4.0
UCI::711,UCI Phishing Websites,1,uci_group_000381,test,
UCI::712,UCI Phishing Websites,0,uci_group_001106,development,4.0
UCI::713,UCI Phishing Websites,1,uci_group_002794,development,4.0
UCI::714,UCI Phishing Websites,0,uci_group_003930,calibration,
UCI::715,UCI Phishing Websites,0,uci_group_001686,development,3.0
UCI::716,UCI Phishing Websites,0,uci_group_001482,development,1.0
UCI::717,UCI Phishing Websites,1,uci_group_004278,development,3.0
UCI::718,UCI Phishing Websites,0,uci_group_005673,calibration,
UCI::719,UCI Phishing Websites,1,uci_group_003909,development,1.0
UCI::720,UCI Phishing Websites,0,uci_group_005154,development,4.0
UCI::721,UCI Phishing Websites,1,uci_group_001172,calibration,
UCI::722,UCI Phishing Websites,0,uci_group_005611,calibration,
UCI::723,UCI Phishing Websites,0,uci_group_004944,test,
UCI::724,UCI Phishing Websites,0,uci_group_004793,calibration,
UCI::725,UCI Phishing Websites,1,uci_group_005595,development,3.0
UCI::726,UCI Phishing Websites,0,uci_group_003014,calibration,
UCI::727,UCI Phishing Websites,0,uci_group_001733,development,2.0
UCI::728,UCI Phishing Websites,1,uci_group_004986,development,2.0
UCI::729,UCI Phishing Websites,1,uci_group_004157,development,5.0
UCI::730,UCI Phishing Websites,0,uci_group_002199,test,
UCI::731,UCI Phishing Websites,1,uci_group_001245,development,4.0
UCI::732,UCI Phishing Websites,1,uci_group_003267,development,2.0
UCI::733,UCI Phishing Websites,1,uci_group_002670,development,3.0
UCI::734,UCI Phishing Websites,1,uci_group_002415,development,5.0
UCI::735,UCI Phishing Websites,1,uci_group_005137,development,1.0
UCI::736,UCI Phishing Websites,1,uci_group_001887,development,2.0
UCI::737,UCI Phishing Websites,0,uci_group_002152,development,2.0
UCI::738,UCI Phishing Websites,1,uci_group_001125,calibration,
UCI::739,UCI Phishing Websites,0,uci_group_002997,development,4.0
UCI::740,UCI Phishing Websites,0,uci_group_004359,development,4.0
UCI::741,UCI Phishing Websites,1,uci_group_002224,development,4.0
UCI::742,UCI Phishing Websites,1,uci_group_001201,test,
UCI::743,UCI Phishing Websites,0,uci_group_001949,development,2.0
UCI::744,UCI Phishing Websites,1,uci_group_003157,development,4.0
UCI::745,UCI Phishing Websites,1,uci_group_003741,calibration,
UCI::746,UCI Phishing Websites,0,uci_group_003560,development,5.0
UCI::747,UCI Phishing Websites,1,uci_group_004304,development,3.0
UCI::748,UCI Phishing Websites,0,uci_group_001870,development,4.0
UCI::749,UCI Phishing Websites,1,uci_group_002499,development,5.0
UCI::750,UCI Phishing Websites,1,uci_group_002211,development,5.0
UCI::751,UCI Phishing Websites,0,uci_group_005085,test,
UCI::752,UCI Phishing Websites,1,uci_group_001816,development,3.0
UCI::753,UCI Phishing Websites,1,uci_group_002273,development,5.0
UCI::754,UCI Phishing Websites,1,uci_group_005763,development,5.0
UCI::755,UCI Phishing Websites,0,uci_group_001658,development,1.0
UCI::756,UCI Phishing Websites,0,uci_group_001126,development,3.0
UCI::757,UCI Phishing Websites,0,uci_group_005312,development,2.0
UCI::758,UCI Phishing Websites,1,uci_group_001306,development,4.0
UCI::759,UCI Phishing Websites,1,uci_group_002451,development,3.0
UCI::760,UCI Phishing Websites,1,uci_group_002665,development,4.0
UCI::761,UCI Phishing Websites,0,uci_group_003510,test,
UCI::762,UCI Phishing Websites,0,uci_group_000038,development,4.0
UCI::763,UCI Phishing Websites,0,uci_group_003855,development,3.0
UCI::764,UCI Phishing Websites,1,uci_group_001250,test,
UCI::765,UCI Phishing Websites,1,uci_group_004291,development,5.0
UCI::766,UCI Phishing Websites,1,uci_group_005766,development,2.0
UCI::767,UCI Phishing Websites,0,uci_group_004470,test,
UCI::768,UCI Phishing Websites,1,uci_group_000809,development,2.0
UCI::769,UCI Phishing Websites,0,uci_group_003035,development,1.0
UCI::770,UCI Phishing Websites,1,uci_group_003696,development,1.0
UCI::771,UCI Phishing Websites,0,uci_group_004701,development,5.0
UCI::772,UCI Phishing Websites,1,uci_group_003722,development,4.0
UCI::773,UCI Phishing Websites,0,uci_group_003893,development,5.0
UCI::774,UCI Phishing Websites,0,uci_group_004009,development,5.0
UCI::775,UCI Phishing Websites,0,uci_group_002210,development,3.0
UCI::776,UCI Phishing Websites,0,uci_group_000608,development,4.0
UCI::777,UCI Phishing Websites,0,uci_group_002769,development,1.0
UCI::778,UCI Phishing Websites,0,uci_group_002366,development,5.0
UCI::779,UCI Phishing Websites,0,uci_group_003200,development,4.0
UCI::780,UCI Phishing Websites,0,uci_group_004497,calibration,
UCI::781,UCI Phishing Websites,1,uci_group_005110,development,3.0
UCI::782,UCI Phishing Websites,0,uci_group_001604,test,
UCI::783,UCI Phishing Websites,1,uci_group_003949,development,3.0
UCI::784,UCI Phishing Websites,0,uci_group_004666,development,1.0
UCI::785,UCI Phishing Websites,1,uci_group_003815,development,3.0
UCI::786,UCI Phishing Websites,1,uci_group_005106,development,5.0
UCI::787,UCI Phishing Websites,0,uci_group_001827,test,
UCI::788,UCI Phishing Websites,1,uci_group_002279,development,3.0
UCI::789,UCI Phishing Websites,0,uci_group_000206,calibration,
UCI::790,UCI Phishing Websites,1,uci_group_002472,test,
UCI::791,UCI Phishing Websites,1,uci_group_003549,development,4.0
UCI::792,UCI Phishing Websites,1,uci_group_001310,development,1.0
UCI::793,UCI Phishing Websites,0,uci_group_002645,calibration,
UCI::794,UCI Phishing Websites,0,uci_group_002921,development,1.0
UCI::795,UCI Phishing Websites,0,uci_group_002584,calibration,
UCI::796,UCI Phishing Websites,0,uci_group_005307,development,3.0
UCI::797,UCI Phishing Websites,1,uci_group_003832,development,1.0
UCI::798,UCI Phishing Websites,0,uci_group_004677,development,3.0
UCI::799,UCI Phishing Websites,1,uci_group_001016,development,1.0
UCI::800,UCI Phishing Websites,0,uci_group_001607,development,5.0
UCI::801,UCI Phishing Websites,0,uci_group_000631,development,3.0
UCI::802,UCI Phishing Websites,0,uci_group_002847,development,5.0
UCI::803,UCI Phishing Websites,0,uci_group_003516,development,5.0
UCI::804,UCI Phishing Websites,0,uci_group_003211,development,1.0
UCI::805,UCI Phishing Websites,1,uci_group_004888,development,2.0
UCI::806,UCI Phishing Websites,0,uci_group_001486,development,3.0
UCI::807,UCI Phishing Websites,1,uci_group_002147,calibration,
UCI::808,UCI Phishing Websites,0,uci_group_004799,development,4.0
UCI::809,UCI Phishing Websites,1,uci_group_004981,test,
UCI::810,UCI Phishing Websites,1,uci_group_005523,calibration,
UCI::811,UCI Phishing Websites,0,uci_group_002978,development,5.0
UCI::812,UCI Phishing Websites,0,uci_group_000868,test,
UCI::813,UCI Phishing Websites,0,uci_group_000259,test,
UCI::814,UCI Phishing Websites,1,uci_group_000395,development,2.0
UCI::815,UCI Phishing Websites,1,uci_group_000028,development,2.0
UCI::816,UCI Phishing Websites,0,uci_group_005719,development,3.0
UCI::817,UCI Phishing Websites,0,uci_group_003978,test,
UCI::818,UCI Phishing Websites,1,uci_group_004719,test,
UCI::819,UCI Phishing Websites,1,uci_group_001490,test,
UCI::820,UCI Phishing Websites,1,uci_group_004482,development,1.0
UCI::821,UCI Phishing Websites,0,uci_group_004878,calibration,
UCI::822,UCI Phishing Websites,0,uci_group_002592,development,4.0
UCI::823,UCI Phishing Websites,0,uci_group_002510,development,3.0
UCI::824,UCI Phishing Websites,0,uci_group_005236,development,4.0
UCI::825,UCI Phishing Websites,0,uci_group_002427,test,
UCI::826,UCI Phishing Websites,0,uci_group_005383,development,4.0
UCI::827,UCI Phishing Websites,0,uci_group_002456,calibration,
UCI::828,UCI Phishing Websites,1,uci_group_004000,development,3.0
UCI::829,UCI Phishing Websites,1,uci_group_005457,test,
UCI::830,UCI Phishing Websites,1,uci_group_001502,development,1.0
UCI::831,UCI Phishing Websites,0,uci_group_005506,development,5.0
UCI::832,UCI Phishing Websites,0,uci_group_004660,test,
UCI::833,UCI Phishing Websites,0,uci_group_000456,test,
UCI::834,UCI Phishing Websites,0,uci_group_001173,test,
UCI::835,UCI Phishing Websites,0,uci_group_003466,calibration,
UCI::836,UCI Phishing Websites,0,uci_group_001215,development,1.0
UCI::837,UCI Phishing Websites,1,uci_group_003084,development,3.0
UCI::838,UCI Phishing Websites,1,uci_group_000095,calibration,
UCI::839,UCI Phishing Websites,0,uci_group_002964,test,
UCI::840,UCI Phishing Websites,0,uci_group_001766,development,2.0
UCI::841,UCI Phishing Websites,1,uci_group_004896,development,1.0
UCI::842,UCI Phishing Websites,0,uci_group_003015,development,1.0
UCI::843,UCI Phishing Websites,1,uci_group_000561,calibration,
UCI::844,UCI Phishing Websites,0,uci_group_000338,test,
UCI::845,UCI Phishing Websites,1,uci_group_001971,development,3.0
UCI::846,UCI Phishing Websites,0,uci_group_001993,calibration,
UCI::847,UCI Phishing Websites,1,uci_group_005009,development,1.0
UCI::848,UCI Phishing Websites,1,uci_group_000755,development,3.0
UCI::849,UCI Phishing Websites,1,uci_group_002630,development,1.0
UCI::850,UCI Phishing Websites,1,uci_group_005468,development,4.0
UCI::851,UCI Phishing Websites,1,uci_group_003099,development,1.0
UCI::852,UCI Phishing Websites,0,uci_group_004891,development,4.0
UCI::853,UCI Phishing Websites,0,uci_group_001296,development,5.0
UCI::854,UCI Phishing Websites,1,uci_group_000127,test,
UCI::855,UCI Phishing Websites,0,uci_group_004602,test,
UCI::856,UCI Phishing Websites,1,uci_group_001634,development,1.0
UCI::857,UCI Phishing Websites,1,uci_group_004204,development,5.0
UCI::858,UCI Phishing Websites,0,uci_group_003929,calibration,
UCI::859,UCI Phishing Websites,1,uci_group_003817,development,4.0
UCI::860,UCI Phishing Websites,1,uci_group_003683,development,1.0
UCI::861,UCI Phishing Websites,0,uci_group_002514,test,
UCI::862,UCI Phishing Websites,1,uci_group_003184,test,
UCI::863,UCI Phishing Websites,0,uci_group_004034,development,5.0
UCI::864,UCI Phishing Websites,1,uci_group_003355,development,1.0
UCI::865,UCI Phishing Websites,1,uci_group_001757,development,4.0
UCI::866,UCI Phishing Websites,0,uci_group_002908,calibration,
UCI::867,UCI Phishing Websites,1,uci_group_003498,development,3.0
UCI::868,UCI Phishing Websites,0,uci_group_000737,development,5.0
UCI::869,UCI Phishing Websites,0,uci_group_000917,test,
UCI::870,UCI Phishing Websites,1,uci_group_002212,development,2.0
UCI::871,UCI Phishing Websites,1,uci_group_002393,calibration,
UCI::872,UCI Phishing Websites,0,uci_group_003641,test,
UCI::873,UCI Phishing Websites,1,uci_group_002815,development,4.0
UCI::874,UCI Phishing Websites,1,uci_group_001280,development,2.0
UCI::875,UCI Phishing Websites,1,uci_group_000963,calibration,
UCI::876,UCI Phishing Websites,1,uci_group_001716,development,2.0
UCI::877,UCI Phishing Websites,1,uci_group_000437,development,3.0
UCI::878,UCI Phishing Websites,0,uci_group_000628,calibration,
UCI::879,UCI Phishing Websites,0,uci_group_004780,test,
UCI::880,UCI Phishing Websites,1,uci_group_001516,test,
UCI::881,UCI Phishing Websites,0,uci_group_001742,development,2.0
UCI::882,UCI Phishing Websites,1,uci_group_004256,development,3.0
UCI::883,UCI Phishing Websites,1,uci_group_005703,development,1.0
UCI::884,UCI Phishing Websites,1,uci_group_001593,development,5.0
UCI::885,UCI Phishing Websites,0,uci_group_005019,development,3.0
UCI::886,UCI Phishing Websites,0,uci_group_001415,development,2.0
UCI::887,UCI Phishing Websites,1,uci_group_003590,development,2.0
UCI::888,UCI Phishing Websites,0,uci_group_001449,development,1.0
UCI::889,UCI Phishing Websites,0,uci_group_000379,calibration,
UCI::890,UCI Phishing Websites,1,uci_group_005067,development,5.0
UCI::891,UCI Phishing Websites,0,uci_group_001497,test,
UCI::892,UCI Phishing Websites,1,uci_group_001466,development,3.0
UCI::893,UCI Phishing Websites,0,uci_group_000200,development,2.0
UCI::894,UCI Phishing Websites,0,uci_group_000538,development,2.0
UCI::895,UCI Phishing Websites,0,uci_group_005065,test,
UCI::896,UCI Phishing Websites,0,uci_group_001152,development,3.0
UCI::897,UCI Phishing Websites,1,uci_group_004277,calibration,
UCI::898,UCI Phishing Websites,1,uci_group_005543,development,1.0
UCI::899,UCI Phishing Websites,0,uci_group_001331,development,1.0
UCI::900,UCI Phishing Websites,0,uci_group_005722,development,3.0
UCI::901,UCI Phishing Websites,0,uci_group_000207,development,3.0
UCI::902,UCI Phishing Websites,0,uci_group_002841,development,3.0
UCI::903,UCI Phishing Websites,0,uci_group_002136,development,2.0
UCI::904,UCI Phishing Websites,1,uci_group_004567,development,1.0
UCI::905,UCI Phishing Websites,1,uci_group_000995,development,4.0
UCI::906,UCI Phishing Websites,0,uci_group_002749,development,2.0
UCI::907,UCI Phishing Websites,0,uci_group_005078,development,1.0
UCI::908,UCI Phishing Websites,0,uci_group_002297,test,
UCI::909,UCI Phishing Websites,1,uci_group_003790,development,5.0
UCI::910,UCI Phishing Websites,1,uci_group_000163,development,5.0
UCI::911,UCI Phishing Websites,1,uci_group_005579,development,3.0
UCI::912,UCI Phishing Websites,0,uci_group_003398,development,3.0
UCI::913,UCI Phishing Websites,1,uci_group_005040,development,4.0
UCI::914,UCI Phishing Websites,1,uci_group_002824,development,2.0
UCI::915,UCI Phishing Websites,0,uci_group_000566,development,3.0
UCI::916,UCI Phishing Websites,0,uci_group_003369,development,3.0
UCI::917,UCI Phishing Websites,1,uci_group_003388,development,4.0
UCI::918,UCI Phishing Websites,1,uci_group_005669,calibration,
UCI::919,UCI Phishing Websites,0,uci_group_001573,development,2.0
UCI::920,UCI Phishing Websites,1,uci_group_000018,test,
UCI::921,UCI Phishing Websites,0,uci_group_003053,development,3.0
UCI::922,UCI Phishing Websites,0,uci_group_001348,development,2.0
UCI::923,UCI Phishing Websites,0,uci_group_001826,development,4.0
UCI::924,UCI Phishing Websites,1,uci_group_003844,test,
UCI::925,UCI Phishing Websites,1,uci_group_003118,development,2.0
UCI::926,UCI Phishing Websites,1,uci_group_003846,calibration,
UCI::927,UCI Phishing Websites,0,uci_group_005511,development,5.0
UCI::928,UCI Phishing Websites,1,uci_group_002606,development,3.0
UCI::929,UCI Phishing Websites,0,uci_group_000119,development,4.0
UCI::930,UCI Phishing Websites,1,uci_group_005679,test,
UCI::931,UCI Phishing Websites,1,uci_group_001028,development,1.0
UCI::932,UCI Phishing Websites,0,uci_group_000197,test,
UCI::933,UCI Phishing Websites,1,uci_group_005441,development,3.0
UCI::934,UCI Phishing Websites,0,uci_group_000536,development,2.0
UCI::935,UCI Phishing Websites,0,uci_group_000446,development,3.0
UCI::936,UCI Phishing Websites,0,uci_group_001285,development,4.0
UCI::937,UCI Phishing Websites,1,uci_group_000732,calibration,
UCI::938,UCI Phishing Websites,1,uci_group_003486,calibration,
UCI::939,UCI Phishing Websites,1,uci_group_002045,development,2.0
UCI::940,UCI Phishing Websites,1,uci_group_002620,test,
UCI::941,UCI Phishing Websites,1,uci_group_003984,development,2.0
UCI::942,UCI Phishing Websites,1,uci_group_001782,development,3.0
UCI::943,UCI Phishing Websites,1,uci_group_005196,calibration,
UCI::944,UCI Phishing Websites,0,uci_group_005474,development,3.0
UCI::945,UCI Phishing Websites,1,uci_group_002519,development,4.0
UCI::946,UCI Phishing Websites,0,uci_group_001439,development,5.0
UCI::947,UCI Phishing Websites,1,uci_group_003303,test,
UCI::948,UCI Phishing Websites,0,uci_group_000985,development,3.0
UCI::949,UCI Phishing Websites,0,uci_group_001145,development,3.0
UCI::950,UCI Phishing Websites,0,uci_group_003668,test,
UCI::951,UCI Phishing Websites,1,uci_group_001699,development,2.0
UCI::952,UCI Phishing Websites,1,uci_group_001567,development,5.0
UCI::953,UCI Phishing Websites,1,uci_group_001601,test,
UCI::954,UCI Phishing Websites,0,uci_group_002442,development,4.0
UCI::955,UCI Phishing Websites,0,uci_group_004513,development,2.0
UCI::956,UCI Phishing Websites,1,uci_group_002037,development,2.0
UCI::957,UCI Phishing Websites,1,uci_group_003097,development,2.0
UCI::958,UCI Phishing Websites,0,uci_group_001702,development,1.0
UCI::959,UCI Phishing Websites,1,uci_group_001908,development,3.0
UCI::960,UCI Phishing Websites,1,uci_group_003657,development,4.0
UCI::961,UCI Phishing Websites,0,uci_group_003594,calibration,
UCI::962,UCI Phishing Websites,1,uci_group_002369,development,4.0
UCI::963,UCI Phishing Websites,0,uci_group_002641,test,
UCI::964,UCI Phishing Websites,1,uci_group_004004,development,4.0
UCI::965,UCI Phishing Websites,1,uci_group_003945,development,1.0
UCI::966,UCI Phishing Websites,0,uci_group_001775,development,4.0
UCI::967,UCI Phishing Websites,0,uci_group_003034,development,5.0
UCI::968,UCI Phishing Websites,1,uci_group_005045,development,4.0
UCI::969,UCI Phishing Websites,1,uci_group_003803,development,5.0
UCI::970,UCI Phishing Websites,0,uci_group_002770,calibration,
UCI::971,UCI Phishing Websites,0,uci_group_002096,test,
UCI::972,UCI Phishing Websites,1,uci_group_001451,test,
UCI::973,UCI Phishing Websites,0,uci_group_002007,development,4.0
UCI::974,UCI Phishing Websites,1,uci_group_005296,development,3.0
UCI::975,UCI Phishing Websites,1,uci_group_000438,development,5.0
UCI::976,UCI Phishing Websites,0,uci_group_004540,development,4.0
UCI::977,UCI Phishing Websites,0,uci_group_000843,development,5.0
UCI::978,UCI Phishing Websites,1,uci_group_003385,development,4.0
UCI::979,UCI Phishing Websites,1,uci_group_002611,development,1.0
UCI::980,UCI Phishing Websites,1,uci_group_002900,test,
UCI::981,UCI Phishing Websites,0,uci_group_003895,development,4.0
UCI::982,UCI Phishing Websites,0,uci_group_001998,development,1.0
UCI::983,UCI Phishing Websites,0,uci_group_003899,development,1.0
UCI::984,UCI Phishing Websites,1,uci_group_004208,development,4.0
UCI::985,UCI Phishing Websites,0,uci_group_004129,calibration,
UCI::986,UCI Phishing Websites,1,uci_group_001147,development,5.0
UCI::987,UCI Phishing Websites,1,uci_group_001643,development,5.0
UCI::988,UCI Phishing Websites,1,uci_group_000219,calibration,
UCI::989,UCI Phishing Websites,0,uci_group_003122,development,1.0
UCI::990,UCI Phishing Websites,0,uci_group_004130,test,
UCI::991,UCI Phishing Websites,0,uci_group_003090,development,5.0
UCI::992,UCI Phishing Websites,1,uci_group_002139,development,1.0
UCI::993,UCI Phishing Websites,0,uci_group_004461,test,
UCI::994,UCI Phishing Websites,0,uci_group_002708,development,4.0
UCI::995,UCI Phishing Websites,0,uci_group_005537,development,4.0
UCI::996,UCI Phishing Websites,0,uci_group_005571,development,4.0
UCI::997,UCI Phishing Websites,1,uci_group_003369,development,3.0
UCI::998,UCI Phishing Websites,1,uci_group_003624,development,3.0
UCI::999,UCI Phishing Websites,0,uci_group_000805,development,1.0
UCI::1000,UCI Phishing Websites,0,uci_group_002757,calibration,
UCI::1001,UCI Phishing Websites,0,uci_group_004282,development,3.0
UCI::1002,UCI Phishing Websites,1,uci_group_002492,development,4.0
UCI::1003,UCI Phishing Websites,1,uci_group_004532,development,3.0
UCI::1004,UCI Phishing Websites,1,uci_group_005360,calibration,
UCI::1005,UCI Phishing Websites,1,uci_group_002950,development,5.0
UCI::1006,UCI Phishing Websites,1,uci_group_002735,development,5.0
UCI::1007,UCI Phishing Websites,0,uci_group_001485,development,2.0
UCI::1008,UCI Phishing Websites,1,uci_group_002782,development,2.0
UCI::1009,UCI Phishing Websites,1,uci_group_003524,development,1.0
UCI::1010,UCI Phishing Websites,1,uci_group_004977,calibration,
UCI::1011,UCI Phishing Websites,1,uci_group_002266,development,5.0
UCI::1012,UCI Phishing Websites,1,uci_group_002346,calibration,
UCI::1013,UCI Phishing Websites,0,uci_group_004323,development,2.0
UCI::1014,UCI Phishing Websites,1,uci_group_001008,calibration,
UCI::1015,UCI Phishing Websites,1,uci_group_003108,development,1.0
UCI::1016,UCI Phishing Websites,0,uci_group_000641,test,
UCI::1017,UCI Phishing Websites,1,uci_group_001372,test,
UCI::1018,UCI Phishing Websites,0,uci_group_003554,calibration,
UCI::1019,UCI Phishing Websites,1,uci_group_002389,development,5.0
UCI::1020,UCI Phishing Websites,0,uci_group_003243,test,
UCI::1021,UCI Phishing Websites,0,uci_group_002251,development,4.0
UCI::1022,UCI Phishing Websites,0,uci_group_002180,calibration,
UCI::1023,UCI Phishing Websites,1,uci_group_000283,development,1.0
UCI::1024,UCI Phishing Websites,1,uci_group_004220,calibration,
UCI::1025,UCI Phishing Websites,0,uci_group_002110,development,5.0
UCI::1026,UCI Phishing Websites,0,uci_group_000701,development,2.0
UCI::1027,UCI Phishing Websites,0,uci_group_001058,development,1.0
UCI::1028,UCI Phishing Websites,1,uci_group_004058,development,2.0
UCI::1029,UCI Phishing Websites,1,uci_group_000665,test,
UCI::1030,UCI Phishing Websites,0,uci_group_004560,development,5.0
UCI::1031,UCI Phishing Websites,0,uci_group_005352,calibration,
UCI::1032,UCI Phishing Websites,0,uci_group_002739,development,3.0
UCI::1033,UCI Phishing Websites,1,uci_group_003076,calibration,
UCI::1034,UCI Phishing Websites,1,uci_group_005565,development,3.0
UCI::1035,UCI Phishing Websites,0,uci_group_003672,development,5.0
UCI::1036,UCI Phishing Websites,1,uci_group_003755,development,5.0
UCI::1037,UCI Phishing Websites,1,uci_group_001677,development,2.0
UCI::1038,UCI Phishing Websites,0,uci_group_004964,development,3.0
UCI::1039,UCI Phishing Websites,0,uci_group_004136,calibration,
UCI::1040,UCI Phishing Websites,0,uci_group_000834,development,4.0
UCI::1041,UCI Phishing Websites,0,uci_group_002574,development,3.0
UCI::1042,UCI Phishing Websites,0,uci_group_005762,calibration,
UCI::1043,UCI Phishing Websites,1,uci_group_002229,calibration,
UCI::1044,UCI Phishing Websites,0,uci_group_000257,development,4.0
UCI::1045,UCI Phishing Websites,0,uci_group_002364,development,1.0
UCI::1046,UCI Phishing Websites,0,uci_group_004469,development,3.0
UCI::1047,UCI Phishing Websites,1,uci_group_003697,test,
UCI::1048,UCI Phishing Websites,1,uci_group_000464,development,5.0
UCI::1049,UCI Phishing Websites,1,uci_group_004646,development,3.0
UCI::1050,UCI Phishing Websites,0,uci_group_001472,development,1.0
UCI::1051,UCI Phishing Websites,0,uci_group_005591,development,5.0
UCI::1052,UCI Phishing Websites,1,uci_group_004128,development,3.0
UCI::1053,UCI Phishing Websites,1,uci_group_002524,development,2.0
UCI::1054,UCI Phishing Websites,1,uci_group_000587,calibration,
UCI::1055,UCI Phishing Websites,1,uci_group_004065,development,3.0
UCI::1056,UCI Phishing Websites,0,uci_group_004753,calibration,
UCI::1057,UCI Phishing Websites,1,uci_group_004686,test,
UCI::1058,UCI Phishing Websites,1,uci_group_004622,development,5.0
UCI::1059,UCI Phishing Websites,1,uci_group_001967,development,1.0
UCI::1060,UCI Phishing Websites,0,uci_group_002912,test,
UCI::1061,UCI Phishing Websites,0,uci_group_005353,development,4.0
UCI::1062,UCI Phishing Websites,0,uci_group_004190,calibration,
UCI::1063,UCI Phishing Websites,0,uci_group_000593,development,1.0
UCI::1064,UCI Phishing Websites,0,uci_group_002405,development,1.0
UCI::1065,UCI Phishing Websites,0,uci_group_002264,calibration,
UCI::1066,UCI Phishing Websites,0,uci_group_003627,test,
UCI::1067,UCI Phishing Websites,1,uci_group_002202,development,2.0
UCI::1068,UCI Phishing Websites,0,uci_group_003959,test,
UCI::1069,UCI Phishing Websites,1,uci_group_001600,development,2.0
UCI::1070,UCI Phishing Websites,0,uci_group_000295,development,5.0
UCI::1071,UCI Phishing Websites,0,uci_group_000302,development,3.0
UCI::1072,UCI Phishing Websites,0,uci_group_000069,calibration,
UCI::1073,UCI Phishing Websites,0,uci_group_003235,calibration,
UCI::1074,UCI Phishing Websites,1,uci_group_004332,development,5.0
UCI::1075,UCI Phishing Websites,1,uci_group_002055,development,5.0
UCI::1076,UCI Phishing Websites,1,uci_group_002493,development,5.0
UCI::1077,UCI Phishing Websites,0,uci_group_002289,development,1.0
UCI::1078,UCI Phishing Websites,1,uci_group_003424,development,3.0
UCI::1079,UCI Phishing Websites,1,uci_group_005629,development,5.0
UCI::1080,UCI Phishing Websites,0,uci_group_004899,test,
UCI::1081,UCI Phishing Websites,0,uci_group_004392,test,
UCI::1082,UCI Phishing Websites,1,uci_group_002909,development,3.0
UCI::1083,UCI Phishing Websites,0,uci_group_005654,development,1.0
UCI::1084,UCI Phishing Websites,0,uci_group_000597,development,4.0
UCI::1085,UCI Phishing Websites,1,uci_group_004242,development,1.0
UCI::1086,UCI Phishing Websites,0,uci_group_003865,development,4.0
UCI::1087,UCI Phishing Websites,1,uci_group_004746,development,4.0
UCI::1088,UCI Phishing Websites,1,uci_group_004695,test,
UCI::1089,UCI Phishing Websites,0,uci_group_004045,development,1.0
UCI::1090,UCI Phishing Websites,0,uci_group_002138,development,2.0
UCI::1091,UCI Phishing Websites,0,uci_group_000997,development,1.0
UCI::1092,UCI Phishing Websites,0,uci_group_002701,development,4.0
UCI::1093,UCI Phishing Websites,0,uci_group_003301,calibration,
UCI::1094,UCI Phishing Websites,1,uci_group_003419,development,3.0
UCI::1095,UCI Phishing Websites,1,uci_group_004408,development,4.0
UCI::1096,UCI Phishing Websites,0,uci_group_004132,development,1.0
UCI::1097,UCI Phishing Websites,0,uci_group_002509,development,3.0
UCI::1098,UCI Phishing Websites,1,uci_group_000781,development,3.0
UCI::1099,UCI Phishing Websites,1,uci_group_005446,calibration,
UCI::1100,UCI Phishing Websites,0,uci_group_003296,calibration,
UCI::1101,UCI Phishing Websites,1,uci_group_001495,calibration,
UCI::1102,UCI Phishing Websites,0,uci_group_001480,development,3.0
UCI::1103,UCI Phishing Websites,0,uci_group_005639,calibration,
UCI::1104,UCI Phishing Websites,1,uci_group_003225,development,2.0
UCI::1105,UCI Phishing Websites,1,uci_group_000675,development,3.0
UCI::1106,UCI Phishing Websites,0,uci_group_003410,calibration,
UCI::1107,UCI Phishing Websites,0,uci_group_001685,development,3.0
UCI::1108,UCI Phishing Websites,0,uci_group_005099,test,
UCI::1109,UCI Phishing Websites,0,uci_group_005552,development,1.0
UCI::1110,UCI Phishing Websites,1,uci_group_001135,development,2.0
UCI::1111,UCI Phishing Websites,1,uci_group_005317,development,5.0
UCI::1112,UCI Phishing Websites,1,uci_group_005677,development,1.0
UCI::1113,UCI Phishing Websites,1,uci_group_000447,test,
UCI::1114,UCI Phishing Websites,0,uci_group_003062,development,3.0
UCI::1115,UCI Phishing Websites,0,uci_group_000532,development,3.0
UCI::1116,UCI Phishing Websites,1,uci_group_005663,development,1.0
UCI::1117,UCI Phishing Websites,0,uci_group_001858,test,
UCI::1118,UCI Phishing Websites,0,uci_group_002313,calibration,
UCI::1119,UCI Phishing Websites,0,uci_group_005612,development,3.0
UCI::1120,UCI Phishing Websites,1,uci_group_003198,development,4.0
UCI::1121,UCI Phishing Websites,1,uci_group_002846,development,1.0
UCI::1122,UCI Phishing Websites,0,uci_group_003714,development,3.0
UCI::1123,UCI Phishing Websites,1,uci_group_004957,test,
UCI::1124,UCI Phishing Websites,0,uci_group_000226,test,
UCI::1125,UCI Phishing Websites,1,uci_group_004270,development,4.0
UCI::1126,UCI Phishing Websites,1,uci_group_000974,development,3.0
UCI::1127,UCI Phishing Websites,1,uci_group_002261,development,1.0
UCI::1128,UCI Phishing Websites,1,uci_group_001905,development,3.0
UCI::1129,UCI Phishing Websites,1,uci_group_002471,development,5.0
UCI::1130,UCI Phishing Websites,0,uci_group_001616,development,2.0
UCI::1131,UCI Phishing Websites,0,uci_group_005308,development,1.0
UCI::1132,UCI Phishing Websites,0,uci_group_002712,calibration,
UCI::1133,UCI Phishing Websites,0,uci_group_004230,calibration,
UCI::1134,UCI Phishing Websites,0,uci_group_003262,development,1.0
UCI::1135,UCI Phishing Websites,0,uci_group_001879,development,3.0
UCI::1136,UCI Phishing Websites,0,uci_group_002372,test,
UCI::1137,UCI Phishing Websites,1,uci_group_000208,test,
UCI::1138,UCI Phishing Websites,0,uci_group_005423,development,4.0
UCI::1139,UCI Phishing Websites,0,uci_group_002545,development,1.0
UCI::1140,UCI Phishing Websites,1,uci_group_005675,calibration,
UCI::1141,UCI Phishing Websites,1,uci_group_000474,development,4.0
UCI::1142,UCI Phishing Websites,0,uci_group_000351,development,2.0
UCI::1143,UCI Phishing Websites,0,uci_group_003255,calibration,
UCI::1144,UCI Phishing Websites,0,uci_group_001086,development,1.0
UCI::1145,UCI Phishing Websites,0,uci_group_003837,development,2.0
UCI::1146,UCI Phishing Websites,1,uci_group_002995,test,
UCI::1147,UCI Phishing Websites,0,uci_group_005634,calibration,
UCI::1148,UCI Phishing Websites,0,uci_group_001952,test,
UCI::1149,UCI Phishing Websites,0,uci_group_004108,development,3.0
UCI::1150,UCI Phishing Websites,1,uci_group_002213,development,5.0
UCI::1151,UCI Phishing Websites,0,uci_group_002419,test,
UCI::1152,UCI Phishing Websites,0,uci_group_002032,development,4.0
UCI::1153,UCI Phishing Websites,1,uci_group_004198,development,4.0
UCI::1154,UCI Phishing Websites,0,uci_group_002971,calibration,
UCI::1155,UCI Phishing Websites,0,uci_group_004643,development,2.0
UCI::1156,UCI Phishing Websites,1,uci_group_002590,test,
UCI::1157,UCI Phishing Websites,0,uci_group_000515,calibration,
UCI::1158,UCI Phishing Websites,1,uci_group_003443,development,3.0
UCI::1159,UCI Phishing Websites,0,uci_group_002840,development,5.0
UCI::1160,UCI Phishing Websites,1,uci_group_005358,development,5.0
UCI::1161,UCI Phishing Websites,0,uci_group_005013,development,2.0
UCI::1162,UCI Phishing Websites,0,uci_group_000724,development,5.0
UCI::1163,UCI Phishing Websites,0,uci_group_003974,development,2.0
UCI::1164,UCI Phishing Websites,0,uci_group_001298,test,
UCI::1165,UCI Phishing Websites,0,uci_group_001057,development,1.0
UCI::1166,UCI Phishing Websites,1,uci_group_001161,development,2.0
UCI::1167,UCI Phishing Websites,0,uci_group_003067,development,2.0
UCI::1168,UCI Phishing Websites,0,uci_group_002311,test,
UCI::1169,UCI Phishing Websites,0,uci_group_002907,development,2.0
UCI::1170,UCI Phishing Websites,1,uci_group_002034,development,2.0
UCI::1171,UCI Phishing Websites,1,uci_group_005636,development,5.0
UCI::1172,UCI Phishing Websites,1,uci_group_005469,development,4.0
UCI::1173,UCI Phishing Websites,1,uci_group_002683,development,1.0
UCI::1174,UCI Phishing Websites,0,uci_group_002486,test,
UCI::1175,UCI Phishing Websites,1,uci_group_004950,calibration,
UCI::1176,UCI Phishing Websites,1,uci_group_003324,development,1.0
UCI::1177,UCI Phishing Websites,0,uci_group_000899,test,
UCI::1178,UCI Phishing Websites,1,uci_group_003538,development,4.0
UCI::1179,UCI Phishing Websites,1,uci_group_002015,development,5.0
UCI::1180,UCI Phishing Websites,0,uci_group_003534,development,4.0
UCI::1181,UCI Phishing Websites,0,uci_group_001926,test,
UCI::1182,UCI Phishing Websites,0,uci_group_002467,calibration,
UCI::1183,UCI Phishing Websites,0,uci_group_001338,calibration,
UCI::1184,UCI Phishing Websites,0,uci_group_004683,development,5.0
UCI::1185,UCI Phishing Websites,0,uci_group_004309,development,1.0
UCI::1186,UCI Phishing Websites,1,uci_group_003326,test,
UCI::1187,UCI Phishing Websites,1,uci_group_005662,development,3.0
UCI::1188,UCI Phishing Websites,0,uci_group_005602,development,1.0
UCI::1189,UCI Phishing Websites,1,uci_group_001353,development,5.0
UCI::1190,UCI Phishing Websites,0,uci_group_004967,development,2.0
UCI::1191,UCI Phishing Websites,1,uci_group_000366,calibration,
UCI::1192,UCI Phishing Websites,1,uci_group_003907,development,2.0
UCI::1193,UCI Phishing Websites,1,uci_group_000262,test,
UCI::1194,UCI Phishing Websites,1,uci_group_001478,development,1.0
UCI::1195,UCI Phishing Websites,0,uci_group_003139,development,3.0
UCI::1196,UCI Phishing Websites,0,uci_group_002822,calibration,
UCI::1197,UCI Phishing Websites,1,uci_group_004640,development,2.0
UCI::1198,UCI Phishing Websites,0,uci_group_001001,development,5.0
UCI::1199,UCI Phishing Websites,1,uci_group_003928,test,
UCI::1200,UCI Phishing Websites,1,uci_group_003218,development,1.0
UCI::1201,UCI Phishing Websites,0,uci_group_003806,development,3.0
UCI::1202,UCI Phishing Websites,0,uci_group_000040,test,
UCI::1203,UCI Phishing Websites,1,uci_group_003149,development,1.0
UCI::1204,UCI Phishing Websites,0,uci_group_002061,test,
UCI::1205,UCI Phishing Websites,1,uci_group_004707,development,5.0
UCI::1206,UCI Phishing Websites,1,uci_group_001406,development,1.0
UCI::1207,UCI Phishing Websites,0,uci_group_004251,development,5.0
UCI::1208,UCI Phishing Websites,0,uci_group_000424,development,2.0
UCI::1209,UCI Phishing Websites,0,uci_group_003671,development,2.0
UCI::1210,UCI Phishing Websites,1,uci_group_000472,development,2.0
UCI::1211,UCI Phishing Websites,0,uci_group_003173,development,2.0
UCI::1212,UCI Phishing Websites,1,uci_group_002877,development,1.0
UCI::1213,UCI Phishing Websites,0,uci_group_002573,development,2.0
UCI::1214,UCI Phishing Websites,1,uci_group_003915,calibration,
UCI::1215,UCI Phishing Websites,0,uci_group_001005,calibration,
UCI::1216,UCI Phishing Websites,1,uci_group_001074,development,1.0
UCI::1217,UCI Phishing Websites,1,uci_group_005708,development,4.0
UCI::1218,UCI Phishing Websites,0,uci_group_004667,calibration,
UCI::1219,UCI Phishing Websites,1,uci_group_000531,calibration,
UCI::1220,UCI Phishing Websites,1,uci_group_001231,calibration,
UCI::1221,UCI Phishing Websites,0,uci_group_003238,development,3.0
UCI::1222,UCI Phishing Websites,1,uci_group_002507,development,1.0
UCI::1223,UCI Phishing Websites,0,uci_group_002063,development,4.0
UCI::1224,UCI Phishing Websites,0,uci_group_000751,development,1.0
UCI::1225,UCI Phishing Websites,1,uci_group_003783,development,2.0
UCI::1226,UCI Phishing Websites,0,uci_group_000008,development,1.0
UCI::1227,UCI Phishing Websites,0,uci_group_000427,development,4.0
UCI::1228,UCI Phishing Websites,1,uci_group_004635,test,
UCI::1229,UCI Phishing Websites,0,uci_group_003703,development,3.0
UCI::1230,UCI Phishing Websites,1,uci_group_004165,calibration,
UCI::1231,UCI Phishing Websites,0,uci_group_000440,development,2.0
UCI::1232,UCI Phishing Websites,0,uci_group_005071,development,1.0
UCI::1233,UCI Phishing Websites,1,uci_group_001617,development,5.0
UCI::1234,UCI Phishing Websites,1,uci_group_004201,development,1.0
UCI::1235,UCI Phishing Websites,0,uci_group_001286,calibration,
UCI::1236,UCI Phishing Websites,0,uci_group_004644,development,2.0
UCI::1237,UCI Phishing Websites,0,uci_group_003288,development,4.0
UCI::1238,UCI Phishing Websites,1,uci_group_000875,test,
UCI::1239,UCI Phishing Websites,1,uci_group_005113,test,
UCI::1240,UCI Phishing Websites,1,uci_group_001243,development,1.0
UCI::1241,UCI Phishing Websites,1,uci_group_000803,development,4.0
UCI::1242,UCI Phishing Websites,1,uci_group_003055,test,
UCI::1243,UCI Phishing Websites,1,uci_group_003496,test,
UCI::1244,UCI Phishing Websites,0,uci_group_002351,calibration,
UCI::1245,UCI Phishing Websites,1,uci_group_005736,development,2.0
UCI::1246,UCI Phishing Websites,0,uci_group_002488,development,5.0
UCI::1247,UCI Phishing Websites,0,uci_group_001530,calibration,
UCI::1248,UCI Phishing Websites,1,uci_group_003215,development,2.0
UCI::1249,UCI Phishing Websites,0,uci_group_001459,development,4.0
UCI::1250,UCI Phishing Websites,0,uci_group_001582,development,5.0
UCI::1251,UCI Phishing Websites,0,uci_group_000789,development,4.0
UCI::1252,UCI Phishing Websites,1,uci_group_005178,development,5.0
UCI::1253,UCI Phishing Websites,1,uci_group_000196,development,2.0
UCI::1254,UCI Phishing Websites,0,uci_group_002877,development,1.0
UCI::1255,UCI Phishing Websites,0,uci_group_002695,development,3.0
UCI::1256,UCI Phishing Websites,1,uci_group_004454,development,5.0
UCI::1257,UCI Phishing Websites,1,uci_group_002828,development,1.0
UCI::1258,UCI Phishing Websites,0,uci_group_003137,development,2.0
UCI::1259,UCI Phishing Websites,0,uci_group_001102,development,3.0
UCI::1260,UCI Phishing Websites,1,uci_group_002233,development,4.0
UCI::1261,UCI Phishing Websites,0,uci_group_002627,test,
UCI::1262,UCI Phishing Websites,0,uci_group_000786,test,
UCI::1263,UCI Phishing Websites,1,uci_group_005329,development,2.0
UCI::1264,UCI Phishing Websites,0,uci_group_000429,development,5.0
UCI::1265,UCI Phishing Websites,0,uci_group_002742,test,
UCI::1266,UCI Phishing Websites,0,uci_group_004657,development,5.0
UCI::1267,UCI Phishing Websites,0,uci_group_000806,calibration,
UCI::1268,UCI Phishing Websites,0,uci_group_000565,development,1.0
UCI::1269,UCI Phishing Websites,0,uci_group_001698,development,2.0
UCI::1270,UCI Phishing Websites,1,uci_group_000088,calibration,
UCI::1271,UCI Phishing Websites,1,uci_group_001540,development,2.0
UCI::1272,UCI Phishing Websites,0,uci_group_004787,development,3.0
UCI::1273,UCI Phishing Websites,1,uci_group_004968,development,2.0
UCI::1274,UCI Phishing Websites,1,uci_group_002661,test,
UCI::1275,UCI Phishing Websites,0,uci_group_002445,development,1.0
UCI::1276,UCI Phishing Websites,0,uci_group_000911,development,1.0
UCI::1277,UCI Phishing Websites,0,uci_group_002316,development,1.0
UCI::1278,UCI Phishing Websites,0,uci_group_005233,development,5.0
UCI::1279,UCI Phishing Websites,0,uci_group_001346,calibration,
UCI::1280,UCI Phishing Websites,1,uci_group_000694,development,5.0
UCI::1281,UCI Phishing Websites,0,uci_group_000121,development,5.0
UCI::1282,UCI Phishing Websites,1,uci_group_004075,development,5.0
UCI::1283,UCI Phishing Websites,1,uci_group_005150,development,5.0
UCI::1284,UCI Phishing Websites,0,uci_group_000649,calibration,
UCI::1285,UCI Phishing Websites,0,uci_group_002672,development,2.0
UCI::1286,UCI Phishing Websites,1,uci_group_005345,calibration,
UCI::1287,UCI Phishing Websites,1,uci_group_002805,development,4.0
UCI::1288,UCI Phishing Websites,0,uci_group_004897,development,3.0
UCI::1289,UCI Phishing Websites,0,uci_group_001039,calibration,
UCI::1290,UCI Phishing Websites,0,uci_group_002406,development,2.0
UCI::1291,UCI Phishing Websites,0,uci_group_004565,calibration,
UCI::1292,UCI Phishing Websites,0,uci_group_005390,development,1.0
UCI::1293,UCI Phishing Websites,1,uci_group_003265,development,2.0
UCI::1294,UCI Phishing Websites,1,uci_group_002017,development,3.0
UCI::1295,UCI Phishing Websites,1,uci_group_004120,development,1.0
UCI::1296,UCI Phishing Websites,1,uci_group_003908,development,4.0
UCI::1297,UCI Phishing Websites,1,uci_group_002082,development,5.0
UCI::1298,UCI Phishing Websites,1,uci_group_001599,calibration,
UCI::1299,UCI Phishing Websites,0,uci_group_004763,development,2.0
UCI::1300,UCI Phishing Websites,0,uci_group_000893,development,2.0
UCI::1301,UCI Phishing Websites,0,uci_group_001860,development,5.0
UCI::1302,UCI Phishing Websites,0,uci_group_004819,development,5.0
UCI::1303,UCI Phishing Websites,1,uci_group_002448,development,5.0
UCI::1304,UCI Phishing Websites,1,uci_group_004375,development,5.0
UCI::1305,UCI Phishing Websites,1,uci_group_005038,development,4.0
UCI::1306,UCI Phishing Websites,1,uci_group_002658,development,2.0
UCI::1307,UCI Phishing Websites,1,uci_group_003354,development,3.0
UCI::1308,UCI Phishing Websites,0,uci_group_003483,development,1.0
UCI::1309,UCI Phishing Websites,0,uci_group_000382,development,1.0
UCI::1310,UCI Phishing Websites,1,uci_group_000569,development,3.0
UCI::1311,UCI Phishing Websites,1,uci_group_002637,development,3.0
UCI::1312,UCI Phishing Websites,0,uci_group_003583,development,5.0
UCI::1313,UCI Phishing Websites,1,uci_group_003744,development,4.0
UCI::1314,UCI Phishing Websites,1,uci_group_000788,development,2.0
UCI::1315,UCI Phishing Websites,1,uci_group_002819,development,4.0
UCI::1316,UCI Phishing Websites,1,uci_group_004449,development,3.0
UCI::1317,UCI Phishing Websites,0,uci_group_004623,development,5.0
UCI::1318,UCI Phishing Websites,1,uci_group_001604,test,
UCI::1319,UCI Phishing Websites,1,uci_group_003363,development,2.0
UCI::1320,UCI Phishing Websites,0,uci_group_004506,development,3.0
UCI::1321,UCI Phishing Websites,0,uci_group_004412,development,5.0
UCI::1322,UCI Phishing Websites,0,uci_group_001661,calibration,
UCI::1323,UCI Phishing Websites,0,uci_group_004377,test,
UCI::1324,UCI Phishing Websites,0,uci_group_003294,calibration,
UCI::1325,UCI Phishing Websites,0,uci_group_004028,development,2.0
UCI::1326,UCI Phishing Websites,0,uci_group_004308,development,1.0
UCI::1327,UCI Phishing Websites,0,uci_group_000964,test,
UCI::1328,UCI Phishing Websites,0,uci_group_004940,development,3.0
UCI::1329,UCI Phishing Websites,0,uci_group_001364,development,5.0
UCI::1330,UCI Phishing Websites,1,uci_group_002893,calibration,
UCI::1331,UCI Phishing Websites,0,uci_group_000845,test,
UCI::1332,UCI Phishing Websites,1,uci_group_000218,development,4.0
UCI::1333,UCI Phishing Websites,1,uci_group_003995,development,1.0
UCI::1334,UCI Phishing Websites,1,uci_group_001196,calibration,
UCI::1335,UCI Phishing Websites,1,uci_group_002458,development,2.0
UCI::1336,UCI Phishing Websites,0,uci_group_002460,development,3.0
UCI::1337,UCI Phishing Websites,1,uci_group_005607,development,5.0
UCI::1338,UCI Phishing Websites,0,uci_group_002774,development,5.0
UCI::1339,UCI Phishing Websites,1,uci_group_000796,development,4.0
UCI::1340,UCI Phishing Websites,1,uci_group_001850,test,
UCI::1341,UCI Phishing Websites,0,uci_group_003038,calibration,
UCI::1342,UCI Phishing Websites,0,uci_group_004441,development,1.0
UCI::1343,UCI Phishing Websites,1,uci_group_005199,development,5.0
UCI::1344,UCI Phishing Websites,1,uci_group_000794,development,5.0
UCI::1345,UCI Phishing Websites,1,uci_group_003505,development,4.0
UCI::1346,UCI Phishing Websites,0,uci_group_001345,development,1.0
UCI::1347,UCI Phishing Websites,0,uci_group_004433,development,2.0
UCI::1348,UCI Phishing Websites,1,uci_group_004188,development,5.0
UCI::1349,UCI Phishing Websites,1,uci_group_002004,development,1.0
UCI::1350,UCI Phishing Websites,0,uci_group_004738,development,2.0
UCI::1351,UCI Phishing Websites,0,uci_group_002002,development,3.0
UCI::1352,UCI Phishing Websites,0,uci_group_005510,development,2.0
UCI::1353,UCI Phishing Websites,0,uci_group_001011,development,2.0
UCI::1354,UCI Phishing Websites,0,uci_group_000637,development,2.0
UCI::1355,UCI Phishing Websites,0,uci_group_002958,development,3.0
UCI::1356,UCI Phishing Websites,1,uci_group_000711,calibration,
UCI::1357,UCI Phishing Websites,1,uci_group_003596,test,
UCI::1358,UCI Phishing Websites,0,uci_group_005267,calibration,
UCI::1359,UCI Phishing Websites,1,uci_group_000122,calibration,
UCI::1360,UCI Phishing Websites,0,uci_group_004743,development,3.0
UCI::1361,UCI Phishing Websites,1,uci_group_001429,development,3.0
UCI::1362,UCI Phishing Websites,1,uci_group_002733,development,4.0
UCI::1363,UCI Phishing Websites,1,uci_group_000155,test,
UCI::1364,UCI Phishing Websites,1,uci_group_000951,development,5.0
UCI::1365,UCI Phishing Websites,1,uci_group_001981,development,2.0
UCI::1366,UCI Phishing Websites,1,uci_group_005012,calibration,
UCI::1367,UCI Phishing Websites,1,uci_group_003091,calibration,
UCI::1368,UCI Phishing Websites,1,uci_group_004710,test,
UCI::1369,UCI Phishing Websites,1,uci_group_000044,test,
UCI::1370,UCI Phishing Websites,0,uci_group_001925,calibration,
UCI::1371,UCI Phishing Websites,1,uci_group_003758,development,2.0
UCI::1372,UCI Phishing Websites,1,uci_group_000024,calibration,
UCI::1373,UCI Phishing Websites,0,uci_group_001883,development,5.0
UCI::1374,UCI Phishing Websites,1,uci_group_001704,development,2.0
UCI::1375,UCI Phishing Websites,1,uci_group_004510,test,
UCI::1376,UCI Phishing Websites,0,uci_group_000799,development,4.0
UCI::1377,UCI Phishing Websites,1,uci_group_005490,calibration,
UCI::1378,UCI Phishing Websites,0,uci_group_005764,calibration,
UCI::1379,UCI Phishing Websites,1,uci_group_005720,development,5.0
UCI::1380,UCI Phishing Websites,0,uci_group_003024,development,4.0
UCI::1381,UCI Phishing Websites,1,uci_group_000787,calibration,
UCI::1382,UCI Phishing Websites,0,uci_group_004648,development,3.0
UCI::1383,UCI Phishing Websites,1,uci_group_000527,development,3.0
UCI::1384,UCI Phishing Websites,1,uci_group_003062,development,3.0
UCI::1385,UCI Phishing Websites,1,uci_group_004313,calibration,
UCI::1386,UCI Phishing Websites,1,uci_group_001947,development,4.0
UCI::1387,UCI Phishing Websites,1,uci_group_000927,development,4.0
UCI::1388,UCI Phishing Websites,1,uci_group_000300,development,4.0
UCI::1389,UCI Phishing Websites,0,uci_group_001379,development,3.0
UCI::1390,UCI Phishing Websites,0,uci_group_000886,development,5.0
UCI::1391,UCI Phishing Websites,0,uci_group_002546,development,4.0
UCI::1392,UCI Phishing Websites,0,uci_group_005439,development,1.0
UCI::1393,UCI Phishing Websites,1,uci_group_004834,development,1.0
UCI::1394,UCI Phishing Websites,0,uci_group_004798,development,1.0
UCI::1395,UCI Phishing Websites,1,uci_group_004551,development,4.0
UCI::1396,UCI Phishing Websites,1,uci_group_003241,development,4.0
UCI::1397,UCI Phishing Websites,1,uci_group_005052,development,3.0
UCI::1398,UCI Phishing Websites,0,uci_group_000648,development,5.0
UCI::1399,UCI Phishing Websites,0,uci_group_002716,development,1.0
UCI::1400,UCI Phishing Websites,1,uci_group_005444,development,4.0
UCI::1401,UCI Phishing Websites,1,uci_group_005666,development,2.0
UCI::1402,UCI Phishing Websites,0,uci_group_004265,development,5.0
UCI::1403,UCI Phishing Websites,1,uci_group_001987,development,4.0
UCI::1404,UCI Phishing Websites,1,uci_group_004553,development,2.0
UCI::1405,UCI Phishing Websites,1,uci_group_004155,development,5.0
UCI::1406,UCI Phishing Websites,1,uci_group_000808,development,1.0
UCI::1407,UCI Phishing Websites,1,uci_group_004642,development,3.0
UCI::1408,UCI Phishing Websites,1,uci_group_004698,development,2.0
UCI::1409,UCI Phishing Websites,1,uci_group_002883,development,4.0
UCI::1410,UCI Phishing Websites,1,uci_group_003020,test,
UCI::1411,UCI Phishing Websites,0,uci_group_000454,development,3.0
UCI::1412,UCI Phishing Websites,0,uci_group_004992,development,2.0
UCI::1413,UCI Phishing Websites,1,uci_group_000702,development,1.0
UCI::1414,UCI Phishing Websites,1,uci_group_005466,calibration,
UCI::1415,UCI Phishing Websites,1,uci_group_005575,development,3.0
UCI::1416,UCI Phishing Websites,1,uci_group_004795,development,2.0
UCI::1417,UCI Phishing Websites,0,uci_group_004794,test,
UCI::1418,UCI Phishing Websites,1,uci_group_003827,development,3.0
UCI::1419,UCI Phishing Websites,0,uci_group_003021,development,4.0
UCI::1420,UCI Phishing Websites,1,uci_group_001055,calibration,
UCI::1421,UCI Phishing Websites,1,uci_group_004285,test,
UCI::1422,UCI Phishing Websites,0,uci_group_000530,test,
UCI::1423,UCI Phishing Websites,0,uci_group_001048,development,1.0
UCI::1424,UCI Phishing Websites,0,uci_group_002131,development,1.0
UCI::1425,UCI Phishing Websites,0,uci_group_001260,development,1.0
UCI::1426,UCI Phishing Websites,0,uci_group_005555,development,5.0
UCI::1427,UCI Phishing Websites,0,uci_group_002126,development,4.0
UCI::1428,UCI Phishing Websites,0,uci_group_001293,development,2.0
UCI::1429,UCI Phishing Websites,1,uci_group_004485,calibration,
UCI::1430,UCI Phishing Websites,0,uci_group_005382,calibration,
UCI::1431,UCI Phishing Websites,0,uci_group_003150,development,4.0
UCI::1432,UCI Phishing Websites,1,uci_group_005189,development,2.0
UCI::1433,UCI Phishing Websites,1,uci_group_000353,development,4.0
UCI::1434,UCI Phishing Websites,0,uci_group_003647,calibration,
UCI::1435,UCI Phishing Websites,1,uci_group_005066,calibration,
UCI::1436,UCI Phishing Websites,1,uci_group_003027,development,4.0
UCI::1437,UCI Phishing Websites,1,uci_group_003814,test,
UCI::1438,UCI Phishing Websites,1,uci_group_004424,development,2.0
UCI::1439,UCI Phishing Websites,0,uci_group_002876,development,1.0
UCI::1440,UCI Phishing Websites,1,uci_group_000135,development,2.0
UCI::1441,UCI Phishing Websites,1,uci_group_003365,development,1.0
UCI::1442,UCI Phishing Websites,0,uci_group_001110,test,
UCI::1443,UCI Phishing Websites,0,uci_group_004591,development,1.0
UCI::1444,UCI Phishing Websites,1,uci_group_005229,development,4.0
UCI::1445,UCI Phishing Websites,1,uci_group_001657,development,3.0
UCI::1446,UCI Phishing Websites,1,uci_group_001030,calibration,
UCI::1447,UCI Phishing Websites,1,uci_group_003944,development,5.0
UCI::1448,UCI Phishing Websites,1,uci_group_004624,development,5.0
UCI::1449,UCI Phishing Websites,1,uci_group_004374,development,3.0
UCI::1450,UCI Phishing Websites,0,uci_group_003472,development,1.0
UCI::1451,UCI Phishing Websites,1,uci_group_002413,development,3.0
UCI::1452,UCI Phishing Websites,0,uci_group_005748,development,4.0
UCI::1453,UCI Phishing Websites,0,uci_group_004744,test,
UCI::1454,UCI Phishing Websites,1,uci_group_004998,development,5.0
UCI::1455,UCI Phishing Websites,1,uci_group_004600,development,2.0
UCI::1456,UCI Phishing Websites,1,uci_group_004072,development,5.0
UCI::1457,UCI Phishing Websites,1,uci_group_004352,calibration,
UCI::1458,UCI Phishing Websites,1,uci_group_002390,development,5.0
UCI::1459,UCI Phishing Websites,1,uci_group_001391,development,4.0
UCI::1460,UCI Phishing Websites,0,uci_group_000101,development,5.0
UCI::1461,UCI Phishing Websites,0,uci_group_002235,development,4.0
UCI::1462,UCI Phishing Websites,0,uci_group_000862,development,3.0
UCI::1463,UCI Phishing Websites,0,uci_group_002301,development,2.0
UCI::1464,UCI Phishing Websites,1,uci_group_003966,development,5.0
UCI::1465,UCI Phishing Websites,0,uci_group_004473,test,
UCI::1466,UCI Phishing Websites,1,uci_group_005472,development,2.0
UCI::1467,UCI Phishing Websites,1,uci_group_001133,development,3.0
UCI::1468,UCI Phishing Websites,1,uci_group_005586,calibration,
UCI::1469,UCI Phishing Websites,1,uci_group_003818,calibration,
UCI::1470,UCI Phishing Websites,0,uci_group_000653,development,1.0
UCI::1471,UCI Phishing Websites,1,uci_group_005445,development,4.0
UCI::1472,UCI Phishing Websites,1,uci_group_003356,development,1.0
UCI::1473,UCI Phishing Websites,1,uci_group_001874,development,1.0
UCI::1474,UCI Phishing Websites,1,uci_group_001750,development,1.0
UCI::1475,UCI Phishing Websites,0,uci_group_001519,development,3.0
UCI::1476,UCI Phishing Websites,1,uci_group_002025,development,2.0
UCI::1477,UCI Phishing Websites,1,uci_group_002791,development,4.0
UCI::1478,UCI Phishing Websites,1,uci_group_004325,development,4.0
UCI::1479,UCI Phishing Websites,0,uci_group_001578,development,5.0
UCI::1480,UCI Phishing Websites,1,uci_group_003061,development,2.0
UCI::1481,UCI Phishing Websites,1,uci_group_002392,development,1.0
UCI::1482,UCI Phishing Websites,1,uci_group_000033,development,3.0
UCI::1483,UCI Phishing Websites,1,uci_group_001544,development,2.0
UCI::1484,UCI Phishing Websites,0,uci_group_001956,development,1.0
UCI::1485,UCI Phishing Websites,0,uci_group_004025,calibration,
UCI::1486,UCI Phishing Websites,1,uci_group_004446,test,
UCI::1487,UCI Phishing Websites,1,uci_group_003842,calibration,
UCI::1488,UCI Phishing Websites,1,uci_group_001647,development,3.0
UCI::1489,UCI Phishing Websites,1,uci_group_002401,development,2.0
UCI::1490,UCI Phishing Websites,1,uci_group_004925,development,3.0
UCI::1491,UCI Phishing Websites,1,uci_group_001821,calibration,
UCI::1492,UCI Phishing Websites,1,uci_group_002402,test,
UCI::1493,UCI Phishing Websites,0,uci_group_001384,development,2.0
UCI::1494,UCI Phishing Websites,1,uci_group_000421,development,5.0
UCI::1495,UCI Phishing Websites,1,uci_group_000058,development,2.0
UCI::1496,UCI Phishing Websites,1,uci_group_000003,development,4.0
UCI::1497,UCI Phishing Websites,1,uci_group_002221,development,2.0
UCI::1498,UCI Phishing Websites,0,uci_group_005520,development,2.0
UCI::1499,UCI Phishing Websites,1,uci_group_000385,development,4.0
UCI::1500,UCI Phishing Websites,0,uci_group_003003,development,5.0
UCI::1501,UCI Phishing Websites,1,uci_group_001279,development,2.0
UCI::1502,UCI Phishing Websites,0,uci_group_002412,development,2.0
UCI::1503,UCI Phishing Websites,1,uci_group_004668,test,
UCI::1504,UCI Phishing Websites,1,uci_group_004033,development,1.0
UCI::1505,UCI Phishing Websites,0,uci_group_005716,calibration,
UCI::1506,UCI Phishing Websites,1,uci_group_004143,development,4.0
UCI::1507,UCI Phishing Websites,1,uci_group_003999,development,5.0
UCI::1508,UCI Phishing Websites,1,uci_group_001251,development,1.0
UCI::1509,UCI Phishing Websites,1,uci_group_002433,development,4.0
UCI::1510,UCI Phishing Websites,1,uci_group_000723,test,
UCI::1511,UCI Phishing Websites,1,uci_group_001613,development,4.0
UCI::1512,UCI Phishing Websites,1,uci_group_002650,development,5.0
UCI::1513,UCI Phishing Websites,0,uci_group_004727,development,3.0
UCI::1514,UCI Phishing Websites,1,uci_group_004556,development,2.0
UCI::1515,UCI Phishing Websites,0,uci_group_004099,development,5.0
UCI::1516,UCI Phishing Websites,0,uci_group_001543,development,1.0
UCI::1517,UCI Phishing Websites,1,uci_group_001248,test,
UCI::1518,UCI Phishing Websites,0,uci_group_001838,development,3.0
UCI::1519,UCI Phishing Websites,1,uci_group_003252,development,2.0
UCI::1520,UCI Phishing Websites,1,uci_group_003481,test,
UCI::1521,UCI Phishing Websites,1,uci_group_005240,calibration,
UCI::1522,UCI Phishing Websites,0,uci_group_003734,test,
UCI::1523,UCI Phishing Websites,0,uci_group_000506,development,1.0
UCI::1524,UCI Phishing Websites,0,uci_group_000523,development,2.0
UCI::1525,UCI Phishing Websites,0,uci_group_004320,development,1.0
UCI::1526,UCI Phishing Websites,1,uci_group_000817,development,2.0
UCI::1527,UCI Phishing Websites,0,uci_group_002833,development,5.0
UCI::1528,UCI Phishing Websites,1,uci_group_001618,calibration,
UCI::1529,UCI Phishing Websites,1,uci_group_005698,test,
UCI::1530,UCI Phishing Websites,0,uci_group_004909,development,3.0
UCI::1531,UCI Phishing Websites,0,uci_group_005415,development,3.0
UCI::1532,UCI Phishing Websites,0,uci_group_003898,development,4.0
UCI::1533,UCI Phishing Websites,1,uci_group_003622,development,2.0
UCI::1534,UCI Phishing Websites,0,uci_group_005628,development,5.0
UCI::1535,UCI Phishing Websites,0,uci_group_000587,calibration,
UCI::1536,UCI Phishing Websites,0,uci_group_003742,test,
UCI::1537,UCI Phishing Websites,1,uci_group_002642,development,3.0
UCI::1538,UCI Phishing Websites,1,uci_group_002196,development,5.0
UCI::1539,UCI Phishing Websites,1,uci_group_001184,test,
UCI::1540,UCI Phishing Websites,1,uci_group_004810,calibration,
UCI::1541,UCI Phishing Websites,1,uci_group_004172,calibration,
UCI::1542,UCI Phishing Websites,1,uci_group_002714,development,1.0
UCI::1543,UCI Phishing Websites,0,uci_group_000099,test,
UCI::1544,UCI Phishing Websites,0,uci_group_001973,development,2.0
UCI::1545,UCI Phishing Websites,1,uci_group_002807,development,1.0
UCI::1546,UCI Phishing Websites,1,uci_group_002191,development,2.0
UCI::1547,UCI Phishing Websites,0,uci_group_005731,development,5.0
UCI::1548,UCI Phishing Websites,0,uci_group_005023,development,4.0
UCI::1549,UCI Phishing Websites,1,uci_group_001034,development,4.0
UCI::1550,UCI Phishing Websites,1,uci_group_004026,calibration,
UCI::1551,UCI Phishing Websites,0,uci_group_003253,development,1.0
UCI::1552,UCI Phishing Websites,0,uci_group_000331,development,3.0
UCI::1553,UCI Phishing Websites,1,uci_group_001801,development,2.0
UCI::1554,UCI Phishing Websites,0,uci_group_000142,test,
UCI::1555,UCI Phishing Websites,1,uci_group_002129,calibration,
UCI::1556,UCI Phishing Websites,1,uci_group_003936,development,4.0
UCI::1557,UCI Phishing Websites,1,uci_group_005169,development,3.0
UCI::1558,UCI Phishing Websites,1,uci_group_003164,development,1.0
UCI::1559,UCI Phishing Websites,0,uci_group_005504,development,5.0
UCI::1560,UCI Phishing Websites,0,uci_group_001199,development,4.0
UCI::1561,UCI Phishing Websites,0,uci_group_005548,calibration,
UCI::1562,UCI Phishing Websites,0,uci_group_002954,calibration,
UCI::1563,UCI Phishing Websites,1,uci_group_000098,development,2.0
UCI::1564,UCI Phishing Websites,0,uci_group_002327,development,3.0
UCI::1565,UCI Phishing Websites,1,uci_group_004505,development,5.0
UCI::1566,UCI Phishing Websites,0,uci_group_002679,development,4.0
UCI::1567,UCI Phishing Websites,0,uci_group_000060,development,1.0
UCI::1568,UCI Phishing Websites,1,uci_group_002849,development,2.0
UCI::1569,UCI Phishing Websites,1,uci_group_001791,test,
UCI::1570,UCI Phishing Websites,1,uci_group_001219,development,3.0
UCI::1571,UCI Phishing Websites,0,uci_group_000668,development,4.0
UCI::1572,UCI Phishing Websites,1,uci_group_002772,test,
UCI::1573,UCI Phishing Websites,1,uci_group_003941,test,
UCI::1574,UCI Phishing Websites,1,uci_group_004879,calibration,
UCI::1575,UCI Phishing Websites,0,uci_group_003896,development,5.0
UCI::1576,UCI Phishing Websites,0,uci_group_000915,calibration,
UCI::1577,UCI Phishing Websites,0,uci_group_004608,test,
UCI::1578,UCI Phishing Websites,0,uci_group_003315,development,5.0
UCI::1579,UCI Phishing Websites,1,uci_group_001948,development,2.0
UCI::1580,UCI Phishing Websites,1,uci_group_003344,development,3.0
UCI::1581,UCI Phishing Websites,0,uci_group_004370,development,4.0
UCI::1582,UCI Phishing Websites,0,uci_group_005760,calibration,
UCI::1583,UCI Phishing Websites,1,uci_group_001896,test,
UCI::1584,UCI Phishing Websites,1,uci_group_000770,development,3.0
UCI::1585,UCI Phishing Websites,0,uci_group_005020,test,
UCI::1586,UCI Phishing Websites,0,uci_group_005162,test,
UCI::1587,UCI Phishing Websites,0,uci_group_003544,development,2.0
UCI::1588,UCI Phishing Websites,0,uci_group_002543,development,3.0
UCI::1589,UCI Phishing Websites,0,uci_group_002955,development,3.0
UCI::1590,UCI Phishing Websites,0,uci_group_001954,development,5.0
UCI::1591,UCI Phishing Websites,0,uci_group_004680,development,4.0
UCI::1592,UCI Phishing Websites,1,uci_group_005297,development,4.0
UCI::1593,UCI Phishing Websites,1,uci_group_004561,test,
UCI::1594,UCI Phishing Websites,0,uci_group_002420,development,1.0
UCI::1595,UCI Phishing Websites,0,uci_group_002989,development,2.0
UCI::1596,UCI Phishing Websites,0,uci_group_001923,development,4.0
UCI::1597,UCI Phishing Websites,1,uci_group_000045,development,1.0
UCI::1598,UCI Phishing Websites,0,uci_group_005025,development,1.0
UCI::1599,UCI Phishing Websites,0,uci_group_002331,test,
UCI::1600,UCI Phishing Websites,0,uci_group_004150,development,3.0
UCI::1601,UCI Phishing Websites,1,uci_group_005542,development,5.0
UCI::1602,UCI Phishing Websites,1,uci_group_000258,test,
UCI::1603,UCI Phishing Websites,1,uci_group_002194,development,2.0
UCI::1604,UCI Phishing Websites,0,uci_group_002723,development,2.0
UCI::1605,UCI Phishing Websites,1,uci_group_000647,development,1.0
UCI::1606,UCI Phishing Websites,0,uci_group_004195,development,3.0
UCI::1607,UCI Phishing Websites,0,uci_group_001914,calibration,
UCI::1608,UCI Phishing Websites,0,uci_group_000699,development,4.0
UCI::1609,UCI Phishing Websites,0,uci_group_000445,development,4.0
UCI::1610,UCI Phishing Websites,1,uci_group_000298,development,2.0
UCI::1611,UCI Phishing Websites,0,uci_group_003575,development,2.0
UCI::1612,UCI Phishing Websites,1,uci_group_001143,calibration,
UCI::1613,UCI Phishing Websites,0,uci_group_005211,test,
UCI::1614,UCI Phishing Websites,0,uci_group_000482,development,5.0
UCI::1615,UCI Phishing Websites,1,uci_group_004052,development,3.0
UCI::1616,UCI Phishing Websites,1,uci_group_000685,development,1.0
UCI::1617,UCI Phishing Websites,0,uci_group_004512,development,3.0
UCI::1618,UCI Phishing Websites,0,uci_group_005202,calibration,
UCI::1619,UCI Phishing Websites,1,uci_group_001584,development,2.0
UCI::1620,UCI Phishing Websites,1,uci_group_000035,development,2.0
UCI::1621,UCI Phishing Websites,1,uci_group_003089,test,
UCI::1622,UCI Phishing Websites,0,uci_group_001609,development,2.0
UCI::1623,UCI Phishing Websites,0,uci_group_005315,development,4.0
UCI::1624,UCI Phishing Websites,1,uci_group_004196,development,3.0
UCI::1625,UCI Phishing Websites,0,uci_group_005119,calibration,
UCI::1626,UCI Phishing Websites,1,uci_group_004665,development,4.0
UCI::1627,UCI Phishing Websites,1,uci_group_001735,development,4.0
UCI::1628,UCI Phishing Websites,0,uci_group_005266,development,3.0
UCI::1629,UCI Phishing Websites,1,uci_group_004013,development,1.0
UCI::1630,UCI Phishing Websites,1,uci_group_004770,development,1.0
UCI::1631,UCI Phishing Websites,0,uci_group_000178,development,4.0
UCI::1632,UCI Phishing Websites,1,uci_group_002704,development,3.0
UCI::1633,UCI Phishing Websites,1,uci_group_003059,development,2.0
UCI::1634,UCI Phishing Websites,1,uci_group_003248,calibration,
UCI::1635,UCI Phishing Websites,1,uci_group_004585,calibration,
UCI::1636,UCI Phishing Websites,0,uci_group_005391,development,2.0
UCI::1637,UCI Phishing Websites,1,uci_group_001693,development,1.0
UCI::1638,UCI Phishing Websites,0,uci_group_004948,development,5.0
UCI::1639,UCI Phishing Websites,0,uci_group_004423,development,3.0
UCI::1640,UCI Phishing Websites,1,uci_group_001688,development,2.0
UCI::1641,UCI Phishing Websites,0,uci_group_003990,test,
UCI::1642,UCI Phishing Websites,1,uci_group_004502,test,
UCI::1643,UCI Phishing Websites,0,uci_group_004353,development,1.0
UCI::1644,UCI Phishing Websites,1,uci_group_003442,test,
UCI::1645,UCI Phishing Websites,0,uci_group_003327,calibration,
UCI::1646,UCI Phishing Websites,0,uci_group_005084,test,
UCI::1647,UCI Phishing Websites,1,uci_group_004284,test,
UCI::1648,UCI Phishing Websites,1,uci_group_000129,calibration,
UCI::1649,UCI Phishing Websites,0,uci_group_003917,development,1.0
UCI::1650,UCI Phishing Websites,1,uci_group_003224,test,
UCI::1651,UCI Phishing Websites,0,uci_group_002730,development,3.0
UCI::1652,UCI Phishing Websites,0,uci_group_001915,development,5.0
UCI::1653,UCI Phishing Websites,1,uci_group_000404,test,
UCI::1654,UCI Phishing Websites,1,uci_group_001473,test,
UCI::1655,UCI Phishing Websites,1,uci_group_005136,development,5.0
UCI::1656,UCI Phishing Websites,1,uci_group_004431,development,3.0
UCI::1657,UCI Phishing Websites,1,uci_group_005683,development,4.0
UCI::1658,UCI Phishing Websites,0,uci_group_000179,development,2.0
UCI::1659,UCI Phishing Websites,1,uci_group_005558,calibration,
UCI::1660,UCI Phishing Websites,1,uci_group_004338,calibration,
UCI::1661,UCI Phishing Websites,0,uci_group_003077,development,3.0
UCI::1662,UCI Phishing Websites,0,uci_group_002938,development,3.0
UCI::1663,UCI Phishing Websites,0,uci_group_005064,development,3.0
UCI::1664,UCI Phishing Websites,1,uci_group_003686,test,
UCI::1665,UCI Phishing Websites,1,uci_group_001563,development,3.0
UCI::1666,UCI Phishing Websites,1,uci_group_001596,development,4.0
UCI::1667,UCI Phishing Websites,1,uci_group_002555,development,4.0
UCI::1668,UCI Phishing Websites,1,uci_group_001103,development,4.0
UCI::1669,UCI Phishing Websites,0,uci_group_003632,development,3.0
UCI::1670,UCI Phishing Websites,1,uci_group_002721,test,
UCI::1671,UCI Phishing Websites,1,uci_group_001845,calibration,
UCI::1672,UCI Phishing Websites,0,uci_group_000581,development,3.0
UCI::1673,UCI Phishing Websites,0,uci_group_001983,development,2.0
UCI::1674,UCI Phishing Websites,1,uci_group_003206,development,1.0
UCI::1675,UCI Phishing Websites,0,uci_group_004012,test,
UCI::1676,UCI Phishing Websites,1,uci_group_000949,test,
UCI::1677,UCI Phishing Websites,1,uci_group_004984,test,
UCI::1678,UCI Phishing Websites,1,uci_group_001225,development,4.0
UCI::1679,UCI Phishing Websites,1,uci_group_005728,development,4.0
UCI::1680,UCI Phishing Websites,1,uci_group_004865,test,
UCI::1681,UCI Phishing Websites,1,uci_group_004627,development,1.0
UCI::1682,UCI Phishing Websites,1,uci_group_001042,development,4.0
UCI::1683,UCI Phishing Websites,0,uci_group_000248,development,3.0
UCI::1684,UCI Phishing Websites,1,uci_group_003652,development,3.0
UCI::1685,UCI Phishing Websites,0,uci_group_000676,test,
UCI::1686,UCI Phishing Websites,0,uci_group_002496,test,
UCI::1687,UCI Phishing Websites,0,uci_group_001493,development,5.0
UCI::1688,UCI Phishing Websites,1,uci_group_000970,development,5.0
UCI::1689,UCI Phishing Websites,1,uci_group_003656,development,1.0
UCI::1690,UCI Phishing Websites,1,uci_group_000693,development,4.0
UCI::1691,UCI Phishing Websites,1,uci_group_002230,development,2.0
UCI::1692,UCI Phishing Websites,1,uci_group_002940,calibration,
UCI::1693,UCI Phishing Websites,0,uci_group_000534,development,3.0
UCI::1694,UCI Phishing Websites,0,uci_group_001727,development,4.0
UCI::1695,UCI Phishing Websites,1,uci_group_001054,development,3.0
UCI::1696,UCI Phishing Websites,0,uci_group_005783,development,1.0
UCI::1697,UCI Phishing Websites,0,uci_group_002036,development,4.0
UCI::1698,UCI Phishing Websites,1,uci_group_002359,development,4.0
UCI::1699,UCI Phishing Websites,1,uci_group_001228,development,5.0
UCI::1700,UCI Phishing Websites,0,uci_group_002878,test,
UCI::1701,UCI Phishing Websites,1,uci_group_005367,test,
UCI::1702,UCI Phishing Websites,0,uci_group_001259,development,3.0
UCI::1703,UCI Phishing Websites,1,uci_group_005313,development,3.0
UCI::1704,UCI Phishing Websites,0,uci_group_002276,test,
UCI::1705,UCI Phishing Websites,0,uci_group_005656,calibration,
UCI::1706,UCI Phishing Websites,1,uci_group_003080,calibration,
UCI::1707,UCI Phishing Websites,1,uci_group_000757,test,
UCI::1708,UCI Phishing Websites,1,uci_group_000213,calibration,
UCI::1709,UCI Phishing Websites,1,uci_group_001483,development,4.0
UCI::1710,UCI Phishing Websites,1,uci_group_004249,development,4.0
UCI::1711,UCI Phishing Websites,1,uci_group_001848,calibration,
UCI::1712,UCI Phishing Websites,0,uci_group_000604,calibration,
UCI::1713,UCI Phishing Websites,0,uci_group_001037,development,3.0
UCI::1714,UCI Phishing Websites,0,uci_group_003765,calibration,
UCI::1715,UCI Phishing Websites,1,uci_group_005186,development,3.0
UCI::1716,UCI Phishing Websites,0,uci_group_000467,development,5.0
UCI::1717,UCI Phishing Websites,1,uci_group_005007,development,2.0
UCI::1718,UCI Phishing Websites,1,uci_group_002885,development,3.0
UCI::1719,UCI Phishing Websites,1,uci_group_003552,development,1.0
UCI::1720,UCI Phishing Websites,1,uci_group_005338,test,
UCI::1721,UCI Phishing Websites,1,uci_group_001882,development,4.0
UCI::1722,UCI Phishing Websites,1,uci_group_003879,development,4.0
UCI::1723,UCI Phishing Websites,1,uci_group_000869,development,4.0
UCI::1724,UCI Phishing Websites,1,uci_group_002287,development,4.0
UCI::1725,UCI Phishing Websites,0,uci_group_001549,calibration,
UCI::1726,UCI Phishing Websites,1,uci_group_005465,calibration,
UCI::1727,UCI Phishing Websites,1,uci_group_002601,development,4.0
UCI::1728,UCI Phishing Websites,1,uci_group_002685,calibration,
UCI::1729,UCI Phishing Websites,1,uci_group_005560,development,2.0
UCI::1730,UCI Phishing Websites,0,uci_group_004462,development,5.0
UCI::1731,UCI Phishing Websites,0,uci_group_000686,development,2.0
UCI::1732,UCI Phishing Websites,1,uci_group_002495,development,1.0
UCI::1733,UCI Phishing Websites,1,uci_group_003497,test,
UCI::1734,UCI Phishing Websites,1,uci_group_000775,development,5.0
UCI::1735,UCI Phishing Websites,1,uci_group_000170,development,2.0
UCI::1736,UCI Phishing Websites,1,uci_group_003938,development,4.0
UCI::1737,UCI Phishing Websites,1,uci_group_004542,calibration,
UCI::1738,UCI Phishing Websites,0,uci_group_000399,development,4.0
UCI::1739,UCI Phishing Websites,0,uci_group_002508,development,4.0
UCI::1740,UCI Phishing Websites,1,uci_group_004162,development,3.0
UCI::1741,UCI Phishing Websites,1,uci_group_002975,development,3.0
UCI::1742,UCI Phishing Websites,1,uci_group_005414,development,2.0
UCI::1743,UCI Phishing Websites,1,uci_group_004650,test,
UCI::1744,UCI Phishing Websites,1,uci_group_005091,development,5.0
UCI::1745,UCI Phishing Websites,0,uci_group_004534,development,5.0
UCI::1746,UCI Phishing Websites,1,uci_group_002699,development,3.0
UCI::1747,UCI Phishing Websites,1,uci_group_005776,test,
UCI::1748,UCI Phishing Websites,1,uci_group_004183,development,4.0
UCI::1749,UCI Phishing Websites,0,uci_group_003182,development,3.0
UCI::1750,UCI Phishing Websites,0,uci_group_003729,test,
UCI::1751,UCI Phishing Websites,1,uci_group_000383,calibration,
UCI::1752,UCI Phishing Websites,1,uci_group_001625,development,4.0
UCI::1753,UCI Phishing Websites,1,uci_group_005372,development,4.0
UCI::1754,UCI Phishing Websites,1,uci_group_005201,development,1.0
UCI::1755,UCI Phishing Websites,1,uci_group_001570,development,3.0
UCI::1756,UCI Phishing Websites,1,uci_group_004886,calibration,
UCI::1757,UCI Phishing Websites,1,uci_group_000220,development,4.0
UCI::1758,UCI Phishing Websites,0,uci_group_001580,development,3.0
UCI::1759,UCI Phishing Websites,1,uci_group_001210,test,
UCI::1760,UCI Phishing Websites,1,uci_group_000305,development,2.0
UCI::1761,UCI Phishing Websites,0,uci_group_004274,development,4.0
UCI::1762,UCI Phishing Websites,1,uci_group_002021,test,
UCI::1763,UCI Phishing Websites,1,uci_group_003310,development,1.0
UCI::1764,UCI Phishing Websites,1,uci_group_002698,development,3.0
UCI::1765,UCI Phishing Websites,1,uci_group_002247,development,1.0
UCI::1766,UCI Phishing Websites,1,uci_group_004096,development,4.0
UCI::1767,UCI Phishing Websites,1,uci_group_001929,test,
UCI::1768,UCI Phishing Websites,1,uci_group_001149,development,2.0
UCI::1769,UCI Phishing Websites,1,uci_group_004840,development,3.0
UCI::1770,UCI Phishing Websites,0,uci_group_001977,calibration,
UCI::1771,UCI Phishing Websites,1,uci_group_000849,development,1.0
UCI::1772,UCI Phishing Websites,1,uci_group_005208,calibration,
UCI::1773,UCI Phishing Websites,1,uci_group_004843,calibration,
UCI::1774,UCI Phishing Websites,1,uci_group_004217,development,4.0
UCI::1775,UCI Phishing Websites,1,uci_group_004876,development,2.0
UCI::1776,UCI Phishing Websites,1,uci_group_002222,development,2.0
UCI::1777,UCI Phishing Websites,0,uci_group_003423,calibration,
UCI::1778,UCI Phishing Websites,1,uci_group_005165,development,4.0
UCI::1779,UCI Phishing Websites,0,uci_group_003270,development,4.0
UCI::1780,UCI Phishing Websites,0,uci_group_001772,test,
UCI::1781,UCI Phishing Websites,1,uci_group_003093,development,5.0
UCI::1782,UCI Phishing Websites,1,uci_group_001873,calibration,
UCI::1783,UCI Phishing Websites,1,uci_group_001195,development,5.0
UCI::1784,UCI Phishing Websites,1,uci_group_004112,development,3.0
UCI::1785,UCI Phishing Websites,1,uci_group_001218,development,2.0
UCI::1786,UCI Phishing Websites,1,uci_group_003026,test,
UCI::1787,UCI Phishing Websites,1,uci_group_001581,development,5.0
UCI::1788,UCI Phishing Websites,1,uci_group_004578,calibration,
UCI::1789,UCI Phishing Websites,1,uci_group_003280,development,5.0
UCI::1790,UCI Phishing Websites,1,uci_group_000505,calibration,
UCI::1791,UCI Phishing Websites,1,uci_group_002480,test,
UCI::1792,UCI Phishing Websites,1,uci_group_002875,development,3.0
UCI::1793,UCI Phishing Websites,1,uci_group_004472,calibration,
UCI::1794,UCI Phishing Websites,1,uci_group_004616,calibration,
UCI::1795,UCI Phishing Websites,1,uci_group_000303,calibration,
UCI::1796,UCI Phishing Websites,1,uci_group_000912,calibration,
UCI::1797,UCI Phishing Websites,1,uci_group_004113,test,
UCI::1798,UCI Phishing Websites,1,uci_group_004024,calibration,
UCI::1799,UCI Phishing Websites,1,uci_group_005324,development,5.0
UCI::1800,UCI Phishing Websites,1,uci_group_001937,development,5.0
UCI::1801,UCI Phishing Websites,1,uci_group_005109,development,4.0
UCI::1802,UCI Phishing Websites,1,uci_group_003088,calibration,
UCI::1803,UCI Phishing Websites,1,uci_group_004711,test,
UCI::1804,UCI Phishing Websites,1,uci_group_004664,development,1.0
UCI::1805,UCI Phishing Websites,1,uci_group_000238,development,4.0
UCI::1806,UCI Phishing Websites,1,uci_group_003892,development,5.0
UCI::1807,UCI Phishing Websites,1,uci_group_001206,development,2.0
UCI::1808,UCI Phishing Websites,1,uci_group_001935,development,3.0
UCI::1809,UCI Phishing Websites,1,uci_group_003788,calibration,
UCI::1810,UCI Phishing Websites,1,uci_group_004931,development,2.0
UCI::1811,UCI Phishing Websites,1,uci_group_002463,test,
UCI::1812,UCI Phishing Websites,1,uci_group_001731,calibration,
UCI::1813,UCI Phishing Websites,1,uci_group_003786,test,
UCI::1814,UCI Phishing Websites,1,uci_group_003536,development,1.0
UCI::1815,UCI Phishing Websites,1,uci_group_001358,development,1.0
UCI::1816,UCI Phishing Websites,1,uci_group_005678,development,1.0
UCI::1817,UCI Phishing Websites,0,uci_group_000107,development,3.0
UCI::1818,UCI Phishing Websites,1,uci_group_005048,test,
UCI::1819,UCI Phishing Websites,1,uci_group_002588,calibration,
UCI::1820,UCI Phishing Websites,1,uci_group_002780,development,4.0
UCI::1821,UCI Phishing Websites,1,uci_group_003981,development,5.0
UCI::1822,UCI Phishing Websites,1,uci_group_003748,development,2.0
UCI::1823,UCI Phishing Websites,1,uci_group_001214,development,2.0
UCI::1824,UCI Phishing Websites,1,uci_group_004716,development,5.0
UCI::1825,UCI Phishing Websites,1,uci_group_005471,test,
UCI::1826,UCI Phishing Websites,1,uci_group_000214,development,1.0
UCI::1827,UCI Phishing Websites,1,uci_group_001162,test,
UCI::1828,UCI Phishing Websites,1,uci_group_005384,development,5.0
UCI::1829,UCI Phishing Websites,1,uci_group_001521,development,2.0
UCI::1830,UCI Phishing Websites,1,uci_group_002594,test,
UCI::1831,UCI Phishing Websites,1,uci_group_004829,development,5.0
UCI::1832,UCI Phishing Websites,1,uci_group_000769,development,5.0
UCI::1833,UCI Phishing Websites,1,uci_group_000243,development,2.0
UCI::1834,UCI Phishing Websites,1,uci_group_004534,development,5.0
UCI::1835,UCI Phishing Websites,1,uci_group_005617,test,
UCI::1836,UCI Phishing Websites,1,uci_group_003471,calibration,
UCI::1837,UCI Phishing Websites,1,uci_group_002394,development,1.0
UCI::1838,UCI Phishing Websites,1,uci_group_005017,development,5.0
UCI::1839,UCI Phishing Websites,1,uci_group_002280,calibration,
UCI::1840,UCI Phishing Websites,1,uci_group_004041,development,5.0
UCI::1841,UCI Phishing Websites,1,uci_group_004123,development,1.0
UCI::1842,UCI Phishing Websites,1,uci_group_002370,calibration,
UCI::1843,UCI Phishing Websites,1,uci_group_003599,development,1.0
UCI::1844,UCI Phishing Websites,1,uci_group_000401,development,5.0
UCI::1845,UCI Phishing Websites,1,uci_group_003011,development,4.0
UCI::1846,UCI Phishing Websites,1,uci_group_002566,development,3.0
UCI::1847,UCI Phishing Websites,1,uci_group_001361,test,
UCI::1848,UCI Phishing Websites,1,uci_group_000545,development,5.0
UCI::1849,UCI Phishing Websites,1,uci_group_003533,development,5.0
UCI::1850,UCI Phishing Websites,1,uci_group_000428,calibration,
UCI::1851,UCI Phishing Websites,1,uci_group_004684,development,1.0
UCI::1852,UCI Phishing Websites,1,uci_group_002385,development,1.0
UCI::1853,UCI Phishing Websites,1,uci_group_000934,calibration,
UCI::1854,UCI Phishing Websites,1,uci_group_000016,development,4.0
UCI::1855,UCI Phishing Websites,1,uci_group_004689,development,5.0
UCI::1856,UCI Phishing Websites,1,uci_group_003502,development,4.0
UCI::1857,UCI Phishing Websites,1,uci_group_004528,calibration,
UCI::1858,UCI Phishing Websites,1,uci_group_004767,development,4.0
UCI::1859,UCI Phishing Websites,1,uci_group_002134,development,2.0
UCI::1860,UCI Phishing Websites,1,uci_group_003256,development,1.0
UCI::1861,UCI Phishing Websites,1,uci_group_004824,development,3.0
UCI::1862,UCI Phishing Websites,1,uci_group_003826,development,1.0
UCI::1863,UCI Phishing Websites,1,uci_group_004271,calibration,
UCI::1864,UCI Phishing Websites,1,uci_group_002426,development,2.0
UCI::1865,UCI Phishing Websites,1,uci_group_003795,development,5.0
UCI::1866,UCI Phishing Websites,1,uci_group_001606,development,5.0
UCI::1867,UCI Phishing Websites,1,uci_group_002398,development,1.0
UCI::1868,UCI Phishing Websites,1,uci_group_002165,development,2.0
UCI::1869,UCI Phishing Websites,1,uci_group_002754,development,2.0
UCI::1870,UCI Phishing Websites,1,uci_group_004261,calibration,
UCI::1871,UCI Phishing Websites,1,uci_group_001707,calibration,
UCI::1872,UCI Phishing Websites,1,uci_group_001681,calibration,
UCI::1873,UCI Phishing Websites,1,uci_group_004151,development,3.0
UCI::1874,UCI Phishing Websites,1,uci_group_001893,development,2.0
UCI::1875,UCI Phishing Websites,1,uci_group_001000,calibration,
UCI::1876,UCI Phishing Websites,1,uci_group_004017,development,1.0
UCI::1877,UCI Phishing Websites,1,uci_group_000363,development,4.0
UCI::1878,UCI Phishing Websites,1,uci_group_005733,development,1.0
UCI::1879,UCI Phishing Websites,1,uci_group_003426,development,2.0
UCI::1880,UCI Phishing Websites,1,uci_group_004147,development,4.0
UCI::1881,UCI Phishing Websites,1,uci_group_001068,calibration,
UCI::1882,UCI Phishing Websites,0,uci_group_003918,development,5.0
UCI::1883,UCI Phishing Websites,0,uci_group_005174,development,2.0
UCI::1884,UCI Phishing Websites,1,uci_group_004932,development,2.0
UCI::1885,UCI Phishing Websites,0,uci_group_002465,calibration,
UCI::1886,UCI Phishing Websites,1,uci_group_001022,development,1.0
UCI::1887,UCI Phishing Websites,1,uci_group_003808,test,
UCI::1888,UCI Phishing Websites,1,uci_group_004903,test,
UCI::1889,UCI Phishing Websites,1,uci_group_000979,test,
UCI::1890,UCI Phishing Websites,0,uci_group_001970,calibration,
UCI::1891,UCI Phishing Websites,0,uci_group_004527,development,2.0
UCI::1892,UCI Phishing Websites,0,uci_group_005214,development,4.0
UCI::1893,UCI Phishing Websites,0,uci_group_005714,development,1.0
UCI::1894,UCI Phishing Websites,1,uci_group_003461,development,5.0
UCI::1895,UCI Phishing Websites,0,uci_group_002300,calibration,
UCI::1896,UCI Phishing Websites,1,uci_group_001073,test,
UCI::1897,UCI Phishing Websites,0,uci_group_001692,development,1.0
UCI::1898,UCI Phishing Websites,0,uci_group_000223,development,3.0
UCI::1899,UCI Phishing Websites,0,uci_group_002379,test,
UCI::1900,UCI Phishing Websites,1,uci_group_001134,development,1.0
UCI::1901,UCI Phishing Websites,0,uci_group_002489,test,
UCI::1902,UCI Phishing Websites,1,uci_group_003781,test,
UCI::1903,UCI Phishing Websites,1,uci_group_005700,development,1.0
UCI::1904,UCI Phishing Websites,1,uci_group_003785,development,5.0
UCI::1905,UCI Phishing Websites,0,uci_group_005664,development,1.0
UCI::1906,UCI Phishing Websites,1,uci_group_004614,development,3.0
UCI::1907,UCI Phishing Websites,1,uci_group_000143,development,2.0
UCI::1908,UCI Phishing Websites,0,uci_group_005509,development,3.0
UCI::1909,UCI Phishing Websites,0,uci_group_004863,development,2.0
UCI::1910,UCI Phishing Websites,1,uci_group_002720,development,5.0
UCI::1911,UCI Phishing Websites,1,uci_group_003066,calibration,
UCI::1912,UCI Phishing Websites,0,uci_group_004574,development,4.0
UCI::1913,UCI Phishing Websites,0,uci_group_000498,calibration,
UCI::1914,UCI Phishing Websites,0,uci_group_005377,development,1.0
UCI::1915,UCI Phishing Websites,0,uci_group_005168,development,4.0
UCI::1916,UCI Phishing Websites,1,uci_group_000320,development,2.0
UCI::1917,UCI Phishing Websites,0,uci_group_003736,development,2.0
UCI::1918,UCI Phishing Websites,0,uci_group_000183,development,4.0
UCI::1919,UCI Phishing Websites,0,uci_group_003335,development,3.0
UCI::1920,UCI Phishing Websites,1,uci_group_001598,development,1.0
UCI::1921,UCI Phishing Websites,1,uci_group_001673,development,2.0
UCI::1922,UCI Phishing Websites,0,uci_group_000309,development,5.0
UCI::1923,UCI Phishing Websites,0,uci_group_001629,development,4.0
UCI::1924,UCI Phishing Websites,1,uci_group_001166,test,
UCI::1925,UCI Phishing Websites,1,uci_group_000516,development,2.0
UCI::1926,UCI Phishing Websites,0,uci_group_001921,test,
UCI::1927,UCI Phishing Websites,0,uci_group_001284,development,4.0
UCI::1928,UCI Phishing Websites,0,uci_group_002781,development,5.0
UCI::1929,UCI Phishing Websites,0,uci_group_000250,calibration,
UCI::1930,UCI Phishing Websites,0,uci_group_000739,development,1.0
UCI::1931,UCI Phishing Websites,0,uci_group_003920,development,4.0
UCI::1932,UCI Phishing Websites,0,uci_group_001335,test,
UCI::1933,UCI Phishing Websites,0,uci_group_003689,development,1.0
UCI::1934,UCI Phishing Websites,0,uci_group_004663,development,4.0
UCI::1935,UCI Phishing Websites,1,uci_group_002944,calibration,
UCI::1936,UCI Phishing Websites,0,uci_group_002881,development,1.0
UCI::1937,UCI Phishing Websites,0,uci_group_004046,calibration,
UCI::1938,UCI Phishing Websites,0,uci_group_003739,development,5.0
UCI::1939,UCI Phishing Websites,1,uci_group_005197,development,3.0
UCI::1940,UCI Phishing Websites,0,uci_group_000337,development,5.0
UCI::1941,UCI Phishing Websites,0,uci_group_002418,development,1.0
UCI::1942,UCI Phishing Websites,0,uci_group_002041,development,1.0
UCI::1943,UCI Phishing Websites,1,uci_group_004203,development,3.0
UCI::1944,UCI Phishing Websites,0,uci_group_002375,development,2.0
UCI::1945,UCI Phishing Websites,0,uci_group_005615,test,
UCI::1946,UCI Phishing Websites,0,uci_group_004465,development,2.0
UCI::1947,UCI Phishing Websites,1,uci_group_002018,development,4.0
UCI::1948,UCI Phishing Websites,1,uci_group_000314,calibration,
UCI::1949,UCI Phishing Websites,1,uci_group_000700,calibration,
UCI::1950,UCI Phishing Websites,0,uci_group_005488,development,5.0
UCI::1951,UCI Phishing Websites,1,uci_group_001422,development,5.0
UCI::1952,UCI Phishing Websites,0,uci_group_002215,calibration,
UCI::1953,UCI Phishing Websites,0,uci_group_001523,development,2.0
UCI::1954,UCI Phishing Websites,0,uci_group_001918,development,5.0
UCI::1955,UCI Phishing Websites,0,uci_group_005765,development,4.0
UCI::1956,UCI Phishing Websites,1,uci_group_003804,development,4.0
UCI::1957,UCI Phishing Websites,0,uci_group_004647,development,1.0
UCI::1958,UCI Phishing Websites,1,uci_group_001040,development,5.0
UCI::1959,UCI Phishing Websites,0,uci_group_003775,development,5.0
UCI::1960,UCI Phishing Websites,1,uci_group_002407,test,
UCI::1961,UCI Phishing Websites,0,uci_group_000626,development,5.0
UCI::1962,UCI Phishing Websites,0,uci_group_001792,calibration,
UCI::1963,UCI Phishing Websites,0,uci_group_005156,development,3.0
UCI::1964,UCI Phishing Websites,1,uci_group_003495,development,4.0
UCI::1965,UCI Phishing Websites,0,uci_group_000784,development,2.0
UCI::1966,UCI Phishing Websites,0,uci_group_005264,development,1.0
UCI::1967,UCI Phishing Websites,1,uci_group_005365,development,3.0
UCI::1968,UCI Phishing Websites,0,uci_group_004266,development,4.0
UCI::1969,UCI Phishing Websites,0,uci_group_002088,development,5.0
UCI::1970,UCI Phishing Websites,0,uci_group_005034,development,2.0
UCI::1971,UCI Phishing Websites,1,uci_group_004158,development,3.0
UCI::1972,UCI Phishing Websites,1,uci_group_002444,development,5.0
UCI::1973,UCI Phishing Websites,0,uci_group_005779,development,1.0
UCI::1974,UCI Phishing Websites,1,uci_group_002167,development,2.0
UCI::1975,UCI Phishing Websites,0,uci_group_001342,development,5.0
UCI::1976,UCI Phishing Websites,0,uci_group_002967,calibration,
UCI::1977,UCI Phishing Websites,0,uci_group_004805,development,2.0
UCI::1978,UCI Phishing Websites,0,uci_group_002850,development,1.0
UCI::1979,UCI Phishing Websites,0,uci_group_003749,calibration,
UCI::1980,UCI Phishing Websites,1,uci_group_004404,development,5.0
UCI::1981,UCI Phishing Websites,1,uci_group_001592,development,5.0
UCI::1982,UCI Phishing Websites,0,uci_group_004914,development,2.0
UCI::1983,UCI Phishing Websites,1,uci_group_000854,calibration,
UCI::1984,UCI Phishing Websites,0,uci_group_005597,development,3.0
UCI::1985,UCI Phishing Websites,1,uci_group_000012,development,5.0
UCI::1986,UCI Phishing Websites,0,uci_group_000425,development,5.0
UCI::1987,UCI Phishing Websites,1,uci_group_004979,development,4.0
UCI::1988,UCI Phishing Websites,0,uci_group_003862,calibration,
UCI::1989,UCI Phishing Websites,0,uci_group_002538,development,5.0
UCI::1990,UCI Phishing Websites,1,uci_group_000695,development,2.0
UCI::1991,UCI Phishing Websites,1,uci_group_005478,development,3.0
UCI::1992,UCI Phishing Websites,0,uci_group_002684,test,
UCI::1993,UCI Phishing Websites,0,uci_group_000032,development,2.0
UCI::1994,UCI Phishing Websites,1,uci_group_004327,test,
UCI::1995,UCI Phishing Websites,1,uci_group_004611,development,2.0
UCI::1996,UCI Phishing Websites,1,uci_group_001817,development,2.0
UCI::1997,UCI Phishing Websites,0,uci_group_000071,development,3.0
UCI::1998,UCI Phishing Websites,1,uci_group_004875,development,3.0
UCI::1999,UCI Phishing Websites,0,uci_group_004326,development,1.0
UCI::2000,UCI Phishing Websites,0,uci_group_001619,development,1.0
UCI::2001,UCI Phishing Websites,0,uci_group_001548,development,3.0
UCI::2002,UCI Phishing Websites,1,uci_group_005689,calibration,
UCI::2003,UCI Phishing Websites,0,uci_group_003807,development,4.0
UCI::2004,UCI Phishing Websites,0,uci_group_002143,development,5.0
UCI::2005,UCI Phishing Websites,1,uci_group_000729,development,1.0
UCI::2006,UCI Phishing Websites,1,uci_group_001221,development,5.0
UCI::2007,UCI Phishing Websites,0,uci_group_002786,development,3.0
UCI::2008,UCI Phishing Websites,1,uci_group_000920,development,5.0
UCI::2009,UCI Phishing Websites,0,uci_group_003812,test,
UCI::2010,UCI Phishing Websites,1,uci_group_004581,development,5.0
UCI::2011,UCI Phishing Websites,1,uci_group_005696,development,2.0
UCI::2012,UCI Phishing Websites,1,uci_group_000279,test,
UCI::2013,UCI Phishing Websites,0,uci_group_005270,calibration,
UCI::2014,UCI Phishing Websites,1,uci_group_003240,test,
UCI::2015,UCI Phishing Websites,0,uci_group_001849,calibration,
UCI::2016,UCI Phishing Websites,0,uci_group_000269,development,1.0
UCI::2017,UCI Phishing Websites,0,uci_group_003131,development,1.0
UCI::2018,UCI Phishing Websites,1,uci_group_000444,development,1.0
UCI::2019,UCI Phishing Websites,0,uci_group_005647,development,5.0
UCI::2020,UCI Phishing Websites,0,uci_group_004086,development,3.0
UCI::2021,UCI Phishing Websites,0,uci_group_002391,development,2.0
UCI::2022,UCI Phishing Websites,0,uci_group_000176,development,3.0
UCI::2023,UCI Phishing Websites,1,uci_group_004703,calibration,
UCI::2024,UCI Phishing Websites,0,uci_group_003284,development,2.0
UCI::2025,UCI Phishing Websites,1,uci_group_005187,development,2.0
UCI::2026,UCI Phishing Websites,0,uci_group_000940,development,5.0
UCI::2027,UCI Phishing Websites,0,uci_group_005455,test,
UCI::2028,UCI Phishing Websites,1,uci_group_000468,calibration,
UCI::2029,UCI Phishing Websites,0,uci_group_000722,development,4.0
UCI::2030,UCI Phishing Websites,1,uci_group_002643,development,5.0
UCI::2031,UCI Phishing Websites,1,uci_group_002299,development,2.0
UCI::2032,UCI Phishing Websites,1,uci_group_004489,calibration,
UCI::2033,UCI Phishing Websites,1,uci_group_001112,development,2.0
UCI::2034,UCI Phishing Websites,1,uci_group_003582,development,1.0
UCI::2035,UCI Phishing Websites,1,uci_group_005508,development,2.0
UCI::2036,UCI Phishing Websites,0,uci_group_001087,development,3.0
UCI::2037,UCI Phishing Websites,1,uci_group_005693,development,1.0
UCI::2038,UCI Phishing Websites,1,uci_group_005311,development,1.0
UCI::2039,UCI Phishing Websites,0,uci_group_001032,development,3.0
UCI::2040,UCI Phishing Websites,0,uci_group_005405,calibration,
UCI::2041,UCI Phishing Websites,0,uci_group_002829,calibration,
UCI::2042,UCI Phishing Websites,0,uci_group_000625,test,
UCI::2043,UCI Phishing Websites,0,uci_group_000972,development,2.0
UCI::2044,UCI Phishing Websites,0,uci_group_003952,development,4.0
UCI::2045,UCI Phishing Websites,0,uci_group_002003,development,5.0
UCI::2046,UCI Phishing Websites,0,uci_group_000691,calibration,
UCI::2047,UCI Phishing Websites,0,uci_group_004057,development,2.0
UCI::2048,UCI Phishing Websites,0,uci_group_001254,development,3.0
UCI::2049,UCI Phishing Websites,0,uci_group_000340,development,4.0
UCI::2050,UCI Phishing Websites,0,uci_group_000887,development,2.0
UCI::2051,UCI Phishing Websites,0,uci_group_004139,development,3.0
UCI::2052,UCI Phishing Websites,0,uci_group_003591,calibration,
UCI::2053,UCI Phishing Websites,1,uci_group_001919,development,2.0
UCI::2054,UCI Phishing Websites,0,uci_group_002132,development,5.0
UCI::2055,UCI Phishing Websites,0,uci_group_001597,development,2.0
UCI::2056,UCI Phishing Websites,1,uci_group_005486,development,2.0
UCI::2057,UCI Phishing Websites,0,uci_group_004694,development,5.0
UCI::2058,UCI Phishing Websites,0,uci_group_001709,test,
UCI::2059,UCI Phishing Websites,1,uci_group_003670,development,4.0
UCI::2060,UCI Phishing Websites,1,uci_group_001093,calibration,
UCI::2061,UCI Phishing Websites,1,uci_group_002267,development,1.0
UCI::2062,UCI Phishing Websites,1,uci_group_000703,development,1.0
UCI::2063,UCI Phishing Websites,1,uci_group_004681,calibration,
UCI::2064,UCI Phishing Websites,1,uci_group_000317,development,5.0
UCI::2065,UCI Phishing Websites,1,uci_group_005453,development,1.0
UCI::2066,UCI Phishing Websites,0,uci_group_004632,development,5.0
UCI::2067,UCI Phishing Websites,0,uci_group_000195,development,4.0
UCI::2068,UCI Phishing Websites,1,uci_group_002291,calibration,
UCI::2069,UCI Phishing Websites,1,uci_group_001107,development,2.0
UCI::2070,UCI Phishing Websites,1,uci_group_000334,development,3.0
UCI::2071,UCI Phishing Websites,0,uci_group_003258,development,5.0
UCI::2072,UCI Phishing Websites,0,uci_group_001769,development,5.0
UCI::2073,UCI Phishing Websites,1,uci_group_002795,development,2.0
UCI::2074,UCI Phishing Websites,0,uci_group_003604,test,
UCI::2075,UCI Phishing Websites,1,uci_group_001648,development,4.0
UCI::2076,UCI Phishing Websites,0,uci_group_004020,test,
UCI::2077,UCI Phishing Websites,1,uci_group_003113,calibration,
UCI::2078,UCI Phishing Websites,1,uci_group_005265,development,3.0
UCI::2079,UCI Phishing Websites,0,uci_group_004484,development,4.0
UCI::2080,UCI Phishing Websites,0,uci_group_000324,development,1.0
UCI::2081,UCI Phishing Websites,0,uci_group_003197,test,
UCI::2082,UCI Phishing Websites,1,uci_group_004298,development,3.0
UCI::2083,UCI Phishing Websites,1,uci_group_003677,calibration,
UCI::2084,UCI Phishing Websites,1,uci_group_002830,calibration,
UCI::2085,UCI Phishing Websites,1,uci_group_002706,development,1.0
UCI::2086,UCI Phishing Websites,1,uci_group_004264,development,1.0
UCI::2087,UCI Phishing Websites,0,uci_group_001503,test,
UCI::2088,UCI Phishing Websites,0,uci_group_005164,test,
UCI::2089,UCI Phishing Websites,0,uci_group_001463,development,1.0
UCI::2090,UCI Phishing Websites,0,uci_group_003208,calibration,
UCI::2091,UCI Phishing Websites,0,uci_group_002309,development,1.0
UCI::2092,UCI Phishing Websites,1,uci_group_002302,development,1.0
UCI::2093,UCI Phishing Websites,0,uci_group_003357,development,1.0
UCI::2094,UCI Phishing Websites,0,uci_group_001779,development,4.0
UCI::2095,UCI Phishing Websites,0,uci_group_002728,development,5.0
UCI::2096,UCI Phishing Websites,0,uci_group_005485,test,
UCI::2097,UCI Phishing Websites,0,uci_group_005665,development,4.0
UCI::2098,UCI Phishing Websites,0,uci_group_002053,calibration,
UCI::2099,UCI Phishing Websites,1,uci_group_003308,development,3.0
UCI::2100,UCI Phishing Websites,1,uci_group_000034,development,4.0
UCI::2101,UCI Phishing Websites,0,uci_group_003643,calibration,
UCI::2102,UCI Phishing Websites,0,uci_group_001435,development,5.0
UCI::2103,UCI Phishing Websites,1,uci_group_001256,development,1.0
UCI::2104,UCI Phishing Websites,0,uci_group_001679,development,5.0
UCI::2105,UCI Phishing Websites,0,uci_group_005620,development,3.0
UCI::2106,UCI Phishing Websites,1,uci_group_001410,development,3.0
UCI::2107,UCI Phishing Websites,1,uci_group_005459,development,1.0
UCI::2108,UCI Phishing Websites,0,uci_group_001212,development,5.0
UCI::2109,UCI Phishing Websites,0,uci_group_004459,development,5.0
UCI::2110,UCI Phishing Websites,0,uci_group_000072,development,1.0
UCI::2111,UCI Phishing Websites,1,uci_group_000318,test,
UCI::2112,UCI Phishing Websites,0,uci_group_000601,development,1.0
UCI::2113,UCI Phishing Websites,0,uci_group_002949,development,3.0
UCI::2114,UCI Phishing Websites,0,uci_group_002400,development,1.0
UCI::2115,UCI Phishing Websites,0,uci_group_001853,development,3.0
UCI::2116,UCI Phishing Websites,1,uci_group_003293,development,5.0
UCI::2117,UCI Phishing Websites,0,uci_group_003985,test,
UCI::2118,UCI Phishing Websites,1,uci_group_003452,development,1.0
UCI::2119,UCI Phishing Websites,0,uci_group_000679,calibration,
UCI::2120,UCI Phishing Websites,0,uci_group_004927,development,4.0
UCI::2121,UCI Phishing Websites,1,uci_group_003036,development,1.0
UCI::2122,UCI Phishing Websites,0,uci_group_000332,calibration,
UCI::2123,UCI Phishing Websites,0,uci_group_000386,development,5.0
UCI::2124,UCI Phishing Websites,1,uci_group_004049,test,
UCI::2125,UCI Phishing Websites,1,uci_group_000453,development,2.0
UCI::2126,UCI Phishing Websites,1,uci_group_001917,development,4.0
UCI::2127,UCI Phishing Websites,1,uci_group_000513,development,2.0
UCI::2128,UCI Phishing Websites,0,uci_group_003438,development,5.0
UCI::2129,UCI Phishing Websites,1,uci_group_002741,development,5.0
UCI::2130,UCI Phishing Websites,0,uci_group_002785,test,
UCI::2131,UCI Phishing Websites,0,uci_group_005401,development,3.0
UCI::2132,UCI Phishing Websites,0,uci_group_001171,calibration,
UCI::2133,UCI Phishing Websites,1,uci_group_001872,development,5.0
UCI::2134,UCI Phishing Websites,0,uci_group_004690,development,1.0
UCI::2135,UCI Phishing Websites,0,uci_group_005773,development,1.0
UCI::2136,UCI Phishing Websites,1,uci_group_004262,development,2.0
UCI::2137,UCI Phishing Websites,0,uci_group_003634,development,4.0
UCI::2138,UCI Phishing Websites,0,uci_group_005000,test,
UCI::2139,UCI Phishing Websites,0,uci_group_003902,test,
UCI::2140,UCI Phishing Websites,1,uci_group_004929,development,4.0
UCI::2141,UCI Phishing Websites,0,uci_group_004490,development,1.0
UCI::2142,UCI Phishing Websites,1,uci_group_002825,development,2.0
UCI::2143,UCI Phishing Websites,1,uci_group_005561,development,3.0
UCI::2144,UCI Phishing Websites,0,uci_group_002738,test,
UCI::2145,UCI Phishing Websites,1,uci_group_005553,development,1.0
UCI::2146,UCI Phishing Websites,1,uci_group_001822,test,
UCI::2147,UCI Phishing Websites,0,uci_group_005074,development,5.0
UCI::2148,UCI Phishing Websites,0,uci_group_003513,development,4.0
UCI::2149,UCI Phishing Websites,1,uci_group_000006,development,3.0
UCI::2150,UCI Phishing Websites,0,uci_group_000512,development,3.0
UCI::2151,UCI Phishing Websites,0,uci_group_004520,development,3.0
UCI::2152,UCI Phishing Websites,0,uci_group_004407,development,4.0
UCI::2153,UCI Phishing Websites,0,uci_group_003489,calibration,
UCI::2154,UCI Phishing Websites,1,uci_group_005235,test,
UCI::2155,UCI Phishing Websites,1,uci_group_000118,calibration,
UCI::2156,UCI Phishing Websites,0,uci_group_002523,development,2.0
UCI::2157,UCI Phishing Websites,0,uci_group_002599,development,5.0
UCI::2158,UCI Phishing Websites,1,uci_group_001668,development,2.0
UCI::2159,UCI Phishing Websites,1,uci_group_002303,development,2.0
UCI::2160,UCI Phishing Websites,0,uci_group_002655,test,
UCI::2161,UCI Phishing Websites,1,uci_group_004951,development,5.0
UCI::2162,UCI Phishing Websites,0,uci_group_002294,development,2.0
UCI::2163,UCI Phishing Websites,0,uci_group_003637,development,4.0
UCI::2164,UCI Phishing Websites,0,uci_group_002914,development,2.0
UCI::2165,UCI Phishing Websites,0,uci_group_000539,development,1.0
UCI::2166,UCI Phishing Websites,0,uci_group_005393,development,1.0
UCI::2167,UCI Phishing Websites,0,uci_group_001404,development,1.0
UCI::2168,UCI Phishing Websites,1,uci_group_001614,development,3.0
UCI::2169,UCI Phishing Websites,1,uci_group_001368,development,5.0
UCI::2170,UCI Phishing Websites,1,uci_group_004160,calibration,
UCI::2171,UCI Phishing Websites,1,uci_group_003345,development,3.0
UCI::2172,UCI Phishing Websites,1,uci_group_004853,development,1.0
UCI::2173,UCI Phishing Websites,1,uci_group_001744,development,3.0
UCI::2174,UCI Phishing Websites,1,uci_group_002350,development,4.0
UCI::2175,UCI Phishing Websites,0,uci_group_004937,test,
UCI::2176,UCI Phishing Websites,0,uci_group_005501,test,
UCI::2177,UCI Phishing Websites,0,uci_group_000360,development,4.0
UCI::2178,UCI Phishing Websites,1,uci_group_005632,development,1.0
UCI::2179,UCI Phishing Websites,0,uci_group_003679,development,1.0
UCI::2180,UCI Phishing Websites,0,uci_group_001790,test,
UCI::2181,UCI Phishing Websites,1,uci_group_003019,development,1.0
UCI::2182,UCI Phishing Websites,1,uci_group_004781,development,4.0
UCI::2183,UCI Phishing Websites,0,uci_group_003757,development,5.0
UCI::2184,UCI Phishing Websites,1,uci_group_003598,test,
UCI::2185,UCI Phishing Websites,0,uci_group_000890,development,3.0
UCI::2186,UCI Phishing Websites,0,uci_group_000719,development,3.0
UCI::2187,UCI Phishing Websites,1,uci_group_004402,test,
UCI::2188,UCI Phishing Websites,0,uci_group_000198,development,1.0
UCI::2189,UCI Phishing Websites,1,uci_group_002571,development,3.0
UCI::2190,UCI Phishing Websites,1,uci_group_003220,development,4.0
UCI::2191,UCI Phishing Websites,0,uci_group_001552,development,1.0
UCI::2192,UCI Phishing Websites,1,uci_group_003621,development,4.0
UCI::2193,UCI Phishing Websites,0,uci_group_000465,development,4.0
UCI::2194,UCI Phishing Websites,0,uci_group_001533,development,2.0
UCI::2195,UCI Phishing Websites,0,uci_group_003295,development,2.0
UCI::2196,UCI Phishing Websites,0,uci_group_002440,development,3.0
UCI::2197,UCI Phishing Websites,0,uci_group_004189,test,
UCI::2198,UCI Phishing Websites,1,uci_group_004071,calibration,
UCI::2199,UCI Phishing Websites,1,uci_group_005104,calibration,
UCI::2200,UCI Phishing Websites,1,uci_group_004447,test,
UCI::2201,UCI Phishing Websites,1,uci_group_004509,development,3.0
UCI::2202,UCI Phishing Websites,1,uci_group_003111,development,2.0
UCI::2203,UCI Phishing Websites,1,uci_group_000698,development,5.0
UCI::2204,UCI Phishing Websites,1,uci_group_000325,development,2.0
UCI::2205,UCI Phishing Websites,1,uci_group_005005,development,5.0
UCI::2206,UCI Phishing Websites,0,uci_group_003711,calibration,
UCI::2207,UCI Phishing Websites,0,uci_group_003592,development,2.0
UCI::2208,UCI Phishing Websites,0,uci_group_004987,development,5.0
UCI::2209,UCI Phishing Websites,0,uci_group_002657,development,5.0
UCI::2210,UCI Phishing Websites,0,uci_group_002149,test,
UCI::2211,UCI Phishing Websites,0,uci_group_005464,development,1.0
UCI::2212,UCI Phishing Websites,0,uci_group_004923,development,1.0
UCI::2213,UCI Phishing Websites,0,uci_group_001696,development,4.0
UCI::2214,UCI Phishing Websites,1,uci_group_004935,development,2.0
UCI::2215,UCI Phishing Websites,1,uci_group_001479,calibration,
UCI::2216,UCI Phishing Websites,1,uci_group_002386,calibration,
UCI::2217,UCI Phishing Websites,0,uci_group_005502,development,4.0
UCI::2218,UCI Phishing Websites,0,uci_group_004823,development,5.0
UCI::2219,UCI Phishing Websites,0,uci_group_003721,development,2.0
UCI::2220,UCI Phishing Websites,0,uci_group_004145,calibration,
UCI::2221,UCI Phishing Websites,0,uci_group_005263,development,3.0
UCI::2222,UCI Phishing Websites,0,uci_group_001315,development,5.0
UCI::2223,UCI Phishing Websites,1,uci_group_005435,development,2.0
UCI::2224,UCI Phishing Websites,0,uci_group_002198,development,3.0
UCI::2225,UCI Phishing Websites,1,uci_group_003475,development,4.0
UCI::2226,UCI Phishing Websites,1,uci_group_005451,development,2.0
UCI::2227,UCI Phishing Websites,0,uci_group_002916,development,5.0
UCI::2228,UCI Phishing Websites,1,uci_group_000728,development,2.0
UCI::2229,UCI Phishing Websites,0,uci_group_005635,development,1.0
UCI::2230,UCI Phishing Websites,1,uci_group_000909,calibration,
UCI::2231,UCI Phishing Websites,1,uci_group_003871,development,4.0
UCI::2232,UCI Phishing Websites,1,uci_group_003107,development,3.0
UCI::2233,UCI Phishing Websites,0,uci_group_001168,development,1.0
UCI::2234,UCI Phishing Websites,0,uci_group_003831,development,3.0
UCI::2235,UCI Phishing Websites,0,uci_group_005419,test,
UCI::2236,UCI Phishing Websites,0,uci_group_003665,development,4.0
UCI::2237,UCI Phishing Websites,0,uci_group_000832,development,3.0
UCI::2238,UCI Phishing Websites,0,uci_group_000079,development,2.0
UCI::2239,UCI Phishing Websites,0,uci_group_001461,development,3.0
UCI::2240,UCI Phishing Websites,0,uci_group_000362,development,2.0
UCI::2241,UCI Phishing Websites,1,uci_group_003433,development,3.0
UCI::2242,UCI Phishing Websites,1,uci_group_003119,test,
UCI::2243,UCI Phishing Websites,0,uci_group_000059,development,4.0
UCI::2244,UCI Phishing Websites,1,uci_group_004083,development,4.0
UCI::2245,UCI Phishing Websites,0,uci_group_001115,development,1.0
UCI::2246,UCI Phishing Websites,0,uci_group_005203,test,
UCI::2247,UCI Phishing Websites,1,uci_group_004094,development,3.0
UCI::2248,UCI Phishing Websites,0,uci_group_003450,development,1.0
UCI::2249,UCI Phishing Websites,0,uci_group_005002,development,5.0
UCI::2250,UCI Phishing Websites,0,uci_group_004181,development,3.0
UCI::2251,UCI Phishing Websites,0,uci_group_000684,development,1.0
UCI::2252,UCI Phishing Websites,0,uci_group_000480,test,
UCI::2253,UCI Phishing Websites,0,uci_group_004801,development,4.0
UCI::2254,UCI Phishing Websites,1,uci_group_002200,test,
UCI::2255,UCI Phishing Websites,0,uci_group_001340,test,
UCI::2256,UCI Phishing Websites,0,uci_group_004351,development,2.0
UCI::2257,UCI Phishing Websites,1,uci_group_002535,development,5.0
UCI::2258,UCI Phishing Websites,0,uci_group_001759,development,1.0
UCI::2259,UCI Phishing Websites,1,uci_group_000501,development,2.0
UCI::2260,UCI Phishing Websites,0,uci_group_000571,development,1.0
UCI::2261,UCI Phishing Websites,1,uci_group_001705,development,5.0
UCI::2262,UCI Phishing Websites,1,uci_group_003069,calibration,
UCI::2263,UCI Phishing Websites,1,uci_group_000173,development,3.0
UCI::2264,UCI Phishing Websites,0,uci_group_002644,calibration,
UCI::2265,UCI Phishing Websites,1,uci_group_001635,development,3.0
UCI::2266,UCI Phishing Websites,0,uci_group_001123,development,4.0
UCI::2267,UCI Phishing Websites,0,uci_group_002534,development,5.0
UCI::2268,UCI Phishing Websites,0,uci_group_004257,development,1.0
UCI::2269,UCI Phishing Websites,0,uci_group_000210,development,3.0
UCI::2270,UCI Phishing Websites,0,uci_group_003499,calibration,
UCI::2271,UCI Phishing Websites,1,uci_group_000550,test,
UCI::2272,UCI Phishing Websites,1,uci_group_003720,development,3.0
UCI::2273,UCI Phishing Websites,0,uci_group_001043,development,5.0
UCI::2274,UCI Phishing Websites,0,uci_group_002818,development,4.0
UCI::2275,UCI Phishing Websites,0,uci_group_000037,development,2.0
UCI::2276,UCI Phishing Websites,1,uci_group_000823,test,
UCI::2277,UCI Phishing Websites,1,uci_group_004990,development,3.0
UCI::2278,UCI Phishing Websites,0,uci_group_000639,test,
UCI::2279,UCI Phishing Websites,1,uci_group_001708,development,1.0
UCI::2280,UCI Phishing Websites,1,uci_group_005427,development,5.0
UCI::2281,UCI Phishing Websites,1,uci_group_002663,development,4.0
UCI::2282,UCI Phishing Websites,0,uci_group_005069,development,2.0
UCI::2283,UCI Phishing Websites,1,uci_group_000988,development,3.0
UCI::2284,UCI Phishing Websites,0,uci_group_000483,development,2.0
UCI::2285,UCI Phishing Websites,1,uci_group_002970,development,1.0
UCI::2286,UCI Phishing Websites,1,uci_group_002646,development,3.0
UCI::2287,UCI Phishing Websites,1,uci_group_001021,calibration,
UCI::2288,UCI Phishing Websites,0,uci_group_000622,development,3.0
UCI::2289,UCI Phishing Websites,0,uci_group_005452,calibration,
UCI::2290,UCI Phishing Websites,0,uci_group_001764,development,2.0
UCI::2291,UCI Phishing Websites,1,uci_group_003464,development,2.0
UCI::2292,UCI Phishing Websites,1,uci_group_002993,development,5.0
UCI::2293,UCI Phishing Websites,1,uci_group_001576,test,
UCI::2294,UCI Phishing Websites,1,uci_group_003877,development,2.0
UCI::2295,UCI Phishing Websites,0,uci_group_004289,test,
UCI::2296,UCI Phishing Websites,1,uci_group_002775,development,2.0
UCI::2297,UCI Phishing Websites,0,uci_group_002404,development,5.0
UCI::2298,UCI Phishing Websites,0,uci_group_004418,development,5.0
UCI::2299,UCI Phishing Websites,0,uci_group_001458,development,2.0
UCI::2300,UCI Phishing Websites,0,uci_group_004674,development,2.0
UCI::2301,UCI Phishing Websites,1,uci_group_001644,development,4.0
UCI::2302,UCI Phishing Websites,0,uci_group_000423,test,
UCI::2303,UCI Phishing Websites,0,uci_group_001579,development,2.0
UCI::2304,UCI Phishing Websites,1,uci_group_005672,development,4.0
UCI::2305,UCI Phishing Websites,1,uci_group_000644,development,2.0
UCI::2306,UCI Phishing Websites,0,uci_group_002766,development,1.0
UCI::2307,UCI Phishing Websites,1,uci_group_002345,development,1.0
UCI::2308,UCI Phishing Websites,0,uci_group_000133,development,4.0
UCI::2309,UCI Phishing Websites,0,uci_group_004361,calibration,
UCI::2310,UCI Phishing Websites,0,uci_group_004098,development,3.0
UCI::2311,UCI Phishing Websites,0,uci_group_003448,development,5.0
UCI::2312,UCI Phishing Websites,1,uci_group_000793,test,
UCI::2313,UCI Phishing Websites,0,uci_group_001080,development,4.0
UCI::2314,UCI Phishing Websites,0,uci_group_002686,development,5.0
UCI::2315,UCI Phishing Websites,0,uci_group_005128,development,1.0
UCI::2316,UCI Phishing Websites,0,uci_group_004607,development,3.0
UCI::2317,UCI Phishing Websites,0,uci_group_001205,development,5.0
UCI::2318,UCI Phishing Websites,1,uci_group_005322,test,
UCI::2319,UCI Phishing Websites,0,uci_group_001720,development,2.0
UCI::2320,UCI Phishing Websites,0,uci_group_000391,development,4.0
UCI::2321,UCI Phishing Websites,1,uci_group_003229,development,1.0
UCI::2322,UCI Phishing Websites,1,uci_group_003402,test,
UCI::2323,UCI Phishing Websites,1,uci_group_000865,development,3.0
UCI::2324,UCI Phishing Websites,1,uci_group_000212,development,5.0
UCI::2325,UCI Phishing Websites,0,uci_group_000230,calibration,
UCI::2326,UCI Phishing Websites,0,uci_group_000689,development,5.0
UCI::2327,UCI Phishing Websites,1,uci_group_003916,development,3.0
UCI::2328,UCI Phishing Websites,1,uci_group_002087,development,3.0
UCI::2329,UCI Phishing Websites,0,uci_group_000885,test,
UCI::2330,UCI Phishing Websites,1,uci_group_001662,development,2.0
UCI::2331,UCI Phishing Websites,0,uci_group_000503,calibration,
UCI::2332,UCI Phishing Websites,1,uci_group_002068,test,
UCI::2333,UCI Phishing Websites,1,uci_group_000937,development,5.0
UCI::2334,UCI Phishing Websites,1,uci_group_001187,development,3.0
UCI::2335,UCI Phishing Websites,0,uci_group_003664,development,4.0
UCI::2336,UCI Phishing Websites,0,uci_group_005751,development,5.0
UCI::2337,UCI Phishing Websites,1,uci_group_002591,development,1.0
UCI::2338,UCI Phishing Websites,0,uci_group_002567,development,3.0
UCI::2339,UCI Phishing Websites,1,uci_group_004723,test,
UCI::2340,UCI Phishing Websites,0,uci_group_000242,test,
UCI::2341,UCI Phishing Websites,1,uci_group_001546,development,2.0
UCI::2342,UCI Phishing Websites,0,uci_group_002498,development,1.0
UCI::2343,UCI Phishing Websites,0,uci_group_002516,test,
UCI::2344,UCI Phishing Websites,0,uci_group_003341,development,5.0
UCI::2345,UCI Phishing Websites,1,uci_group_000046,development,1.0
UCI::2346,UCI Phishing Websites,0,uci_group_004226,calibration,
UCI::2347,UCI Phishing Websites,1,uci_group_000392,development,5.0
UCI::2348,UCI Phishing Websites,0,uci_group_003287,development,1.0
UCI::2349,UCI Phishing Websites,0,uci_group_005021,development,2.0
UCI::2350,UCI Phishing Websites,1,uci_group_000241,development,1.0
UCI::2351,UCI Phishing Websites,1,uci_group_001255,development,1.0
UCI::2352,UCI Phishing Websites,1,uci_group_004766,development,2.0
UCI::2353,UCI Phishing Websites,1,uci_group_004456,development,2.0
UCI::2354,UCI Phishing Websites,0,uci_group_000986,development,2.0
UCI::2355,UCI Phishing Websites,1,uci_group_001683,development,1.0
UCI::2356,UCI Phishing Websites,1,uci_group_001558,development,2.0
UCI::2357,UCI Phishing Websites,1,uci_group_002169,development,3.0
UCI::2358,UCI Phishing Websites,0,uci_group_005037,development,3.0
UCI::2359,UCI Phishing Websites,0,uci_group_004476,development,2.0
UCI::2360,UCI Phishing Websites,0,uci_group_004782,development,1.0
UCI::2361,UCI Phishing Websites,0,uci_group_005564,test,
UCI::2362,UCI Phishing Websites,0,uci_group_001318,development,1.0
UCI::2363,UCI Phishing Websites,0,uci_group_000350,development,1.0
UCI::2364,UCI Phishing Websites,1,uci_group_005563,development,4.0
UCI::2365,UCI Phishing Websites,1,uci_group_000896,calibration,
UCI::2366,UCI Phishing Websites,0,uci_group_001561,test,
UCI::2367,UCI Phishing Websites,1,uci_group_002861,development,3.0
UCI::2368,UCI Phishing Websites,0,uci_group_001319,calibration,
UCI::2369,UCI Phishing Websites,0,uci_group_005704,calibration,
UCI::2370,UCI Phishing Websites,1,uci_group_001755,test,
UCI::2371,UCI Phishing Websites,1,uci_group_004411,development,3.0
UCI::2372,UCI Phishing Websites,0,uci_group_004855,development,5.0
UCI::2373,UCI Phishing Websites,0,uci_group_004868,test,
UCI::2374,UCI Phishing Websites,0,uci_group_000092,development,1.0
UCI::2375,UCI Phishing Websites,1,uci_group_001725,development,1.0
UCI::2376,UCI Phishing Websites,0,uci_group_003927,calibration,
UCI::2377,UCI Phishing Websites,0,uci_group_005418,calibration,
UCI::2378,UCI Phishing Websites,1,uci_group_000777,test,
UCI::2379,UCI Phishing Websites,1,uci_group_001988,test,
UCI::2380,UCI Phishing Websites,0,uci_group_003134,development,3.0
UCI::2381,UCI Phishing Websites,0,uci_group_000957,development,1.0
UCI::2382,UCI Phishing Websites,0,uci_group_004471,development,2.0
UCI::2383,UCI Phishing Websites,1,uci_group_005775,development,3.0
UCI::2384,UCI Phishing Websites,0,uci_group_003434,development,2.0
UCI::2385,UCI Phishing Websites,1,uci_group_000588,test,
UCI::2386,UCI Phishing Websites,1,uci_group_003394,test,
UCI::2387,UCI Phishing Websites,1,uci_group_005580,development,4.0
UCI::2388,UCI Phishing Websites,0,uci_group_005033,development,3.0
UCI::2389,UCI Phishing Websites,0,uci_group_004907,development,3.0
UCI::2390,UCI Phishing Websites,1,uci_group_000102,calibration,
UCI::2391,UCI Phishing Websites,0,uci_group_000895,development,1.0
UCI::2392,UCI Phishing Websites,0,uci_group_001156,development,2.0
UCI::2393,UCI Phishing Websites,0,uci_group_002469,development,1.0
UCI::2394,UCI Phishing Websites,1,uci_group_002902,development,1.0
UCI::2395,UCI Phishing Websites,1,uci_group_002115,test,
UCI::2396,UCI Phishing Websites,1,uci_group_000265,test,
UCI::2397,UCI Phishing Websites,0,uci_group_000019,development,1.0
UCI::2398,UCI Phishing Websites,0,uci_group_001812,development,2.0
UCI::2399,UCI Phishing Websites,1,uci_group_002930,development,2.0
UCI::2400,UCI Phishing Websites,0,uci_group_003101,development,1.0
UCI::2401,UCI Phishing Websites,1,uci_group_001678,development,2.0
UCI::2402,UCI Phishing Websites,1,uci_group_000463,development,3.0
UCI::2403,UCI Phishing Websites,1,uci_group_005410,test,
UCI::2404,UCI Phishing Websites,0,uci_group_003268,development,3.0
UCI::2405,UCI Phishing Websites,0,uci_group_000112,test,
UCI::2406,UCI Phishing Websites,1,uci_group_001033,development,1.0
UCI::2407,UCI Phishing Websites,1,uci_group_000434,calibration,
UCI::2408,UCI Phishing Websites,1,uci_group_000954,development,2.0
UCI::2409,UCI Phishing Websites,0,uci_group_003992,development,1.0
UCI::2410,UCI Phishing Websites,0,uci_group_000339,development,4.0
UCI::2411,UCI Phishing Websites,0,uci_group_002397,development,4.0
UCI::2412,UCI Phishing Websites,0,uci_group_002086,development,3.0
UCI::2413,UCI Phishing Websites,1,uci_group_001266,development,4.0
UCI::2414,UCI Phishing Websites,1,uci_group_000255,calibration,
UCI::2415,UCI Phishing Websites,1,uci_group_000108,development,4.0
UCI::2416,UCI Phishing Websites,0,uci_group_000714,development,4.0
UCI::2417,UCI Phishing Websites,1,uci_group_000497,development,5.0
UCI::2418,UCI Phishing Websites,0,uci_group_000260,development,4.0
UCI::2419,UCI Phishing Websites,1,uci_group_004388,development,2.0
UCI::2420,UCI Phishing Websites,0,uci_group_002539,calibration,
UCI::2421,UCI Phishing Websites,1,uci_group_002905,development,5.0
UCI::2422,UCI Phishing Websites,0,uci_group_001726,development,1.0
UCI::2423,UCI Phishing Websites,1,uci_group_002295,development,5.0
UCI::2424,UCI Phishing Websites,0,uci_group_004371,development,1.0
UCI::2425,UCI Phishing Websites,0,uci_group_002924,test,
UCI::2426,UCI Phishing Websites,1,uci_group_002982,development,3.0
UCI::2427,UCI Phishing Websites,0,uci_group_001749,development,2.0
UCI::2428,UCI Phishing Websites,0,uci_group_003079,test,
UCI::2429,UCI Phishing Websites,1,uci_group_002410,development,4.0
UCI::2430,UCI Phishing Websites,1,uci_group_005245,development,2.0
UCI::2431,UCI Phishing Websites,0,uci_group_001989,calibration,
UCI::2432,UCI Phishing Websites,1,uci_group_004900,development,5.0
UCI::2433,UCI Phishing Websites,1,uci_group_001942,calibration,
UCI::2434,UCI Phishing Websites,1,uci_group_002719,development,1.0
UCI::2435,UCI Phishing Websites,0,uci_group_000203,development,3.0
UCI::2436,UCI Phishing Websites,0,uci_group_004091,development,5.0
UCI::2437,UCI Phishing Websites,1,uci_group_000835,development,1.0
UCI::2438,UCI Phishing Websites,1,uci_group_005278,test,
UCI::2439,UCI Phishing Websites,1,uci_group_002097,development,2.0
UCI::2440,UCI Phishing Websites,1,uci_group_003440,development,2.0
UCI::2441,UCI Phishing Websites,1,uci_group_001333,development,3.0
UCI::2442,UCI Phishing Websites,1,uci_group_000086,development,5.0
UCI::2443,UCI Phishing Websites,1,uci_group_000346,test,
UCI::2444,UCI Phishing Websites,1,uci_group_003805,development,3.0
UCI::2445,UCI Phishing Websites,0,uci_group_000322,test,
UCI::2446,UCI Phishing Websites,1,uci_group_004670,development,2.0
UCI::2447,UCI Phishing Websites,0,uci_group_003403,development,5.0
UCI::2448,UCI Phishing Websites,1,uci_group_000782,development,5.0
UCI::2449,UCI Phishing Websites,1,uci_group_000031,development,3.0
UCI::2450,UCI Phishing Websites,1,uci_group_002009,development,5.0
UCI::2451,UCI Phishing Websites,1,uci_group_001641,development,3.0
UCI::2452,UCI Phishing Websites,1,uci_group_005685,development,3.0
UCI::2453,UCI Phishing Websites,0,uci_group_001412,development,2.0
UCI::2454,UCI Phishing Websites,1,uci_group_003130,development,3.0
UCI::2455,UCI Phishing Websites,0,uci_group_004555,test,
UCI::2456,UCI Phishing Websites,1,uci_group_005227,development,1.0
UCI::2457,UCI Phishing Websites,0,uci_group_004247,development,2.0
UCI::2458,UCI Phishing Websites,1,uci_group_005421,test,
UCI::2459,UCI Phishing Websites,1,uci_group_000312,development,2.0
UCI::2460,UCI Phishing Websites,1,uci_group_004659,development,5.0
UCI::2461,UCI Phishing Websites,1,uci_group_000704,calibration,
UCI::2462,UCI Phishing Websites,0,uci_group_001433,calibration,
UCI::2463,UCI Phishing Websites,1,uci_group_001443,development,4.0
UCI::2464,UCI Phishing Websites,0,uci_group_003913,test,
UCI::2465,UCI Phishing Websites,0,uci_group_001092,development,3.0
UCI::2466,UCI Phishing Websites,1,uci_group_005514,development,4.0
UCI::2467,UCI Phishing Websites,0,uci_group_002080,development,3.0
UCI::2468,UCI Phishing Websites,0,uci_group_003508,development,3.0
UCI::2469,UCI Phishing Websites,0,uci_group_001308,calibration,
UCI::2470,UCI Phishing Websites,1,uci_group_005100,calibration,
UCI::2471,UCI Phishing Websites,1,uci_group_003659,development,3.0
UCI::2472,UCI Phishing Websites,1,uci_group_001326,test,
UCI::2473,UCI Phishing Websites,0,uci_group_005702,development,4.0
UCI::2474,UCI Phishing Websites,0,uci_group_000105,development,5.0
UCI::2475,UCI Phishing Websites,1,uci_group_005618,development,4.0
UCI::2476,UCI Phishing Websites,1,uci_group_002572,development,3.0
UCI::2477,UCI Phishing Websites,0,uci_group_004515,development,2.0
UCI::2478,UCI Phishing Websites,1,uci_group_002243,calibration,
UCI::2479,UCI Phishing Websites,0,uci_group_001633,test,
UCI::2480,UCI Phishing Websites,0,uci_group_005170,development,5.0
UCI::2481,UCI Phishing Websites,0,uci_group_002357,test,
UCI::2482,UCI Phishing Websites,1,uci_group_004464,development,2.0
UCI::2483,UCI Phishing Websites,0,uci_group_000839,development,4.0
UCI::2484,UCI Phishing Websites,1,uci_group_005482,development,2.0
UCI::2485,UCI Phishing Websites,0,uci_group_005443,development,4.0
UCI::2486,UCI Phishing Websites,0,uci_group_003205,development,4.0
UCI::2487,UCI Phishing Websites,1,uci_group_001432,development,3.0
UCI::2488,UCI Phishing Websites,1,uci_group_003370,development,3.0
UCI::2489,UCI Phishing Websites,1,uci_group_005622,development,4.0
UCI::2490,UCI Phishing Websites,1,uci_group_000540,development,3.0
UCI::2491,UCI Phishing Websites,1,uci_group_002511,test,
UCI::2492,UCI Phishing Websites,1,uci_group_004866,test,
UCI::2493,UCI Phishing Websites,1,uci_group_000931,development,4.0
UCI::2494,UCI Phishing Websites,1,uci_group_005309,development,4.0
UCI::2495,UCI Phishing Websites,1,uci_group_000167,calibration,
UCI::2496,UCI Phishing Websites,0,uci_group_001979,development,5.0
UCI::2497,UCI Phishing Websites,0,uci_group_005355,test,
UCI::2498,UCI Phishing Websites,0,uci_group_002353,development,4.0
UCI::2499,UCI Phishing Websites,1,uci_group_004652,development,5.0
UCI::2500,UCI Phishing Websites,0,uci_group_004440,development,4.0
UCI::2501,UCI Phishing Websites,1,uci_group_004905,calibration,
UCI::2502,UCI Phishing Websites,0,uci_group_001409,development,1.0
UCI::2503,UCI Phishing Websites,1,uci_group_000106,development,5.0
UCI::2504,UCI Phishing Websites,0,uci_group_001932,development,4.0
UCI::2505,UCI Phishing Websites,1,uci_group_002341,development,1.0
UCI::2506,UCI Phishing Websites,1,uci_group_004104,development,2.0
UCI::2507,UCI Phishing Websites,0,uci_group_000932,development,2.0
UCI::2508,UCI Phishing Websites,1,uci_group_005695,development,4.0
UCI::2509,UCI Phishing Websites,1,uci_group_003232,development,4.0
UCI::2510,UCI Phishing Websites,0,uci_group_002478,calibration,
UCI::2511,UCI Phishing Websites,0,uci_group_003747,development,5.0
UCI::2512,UCI Phishing Websites,0,uci_group_003488,development,3.0
UCI::2513,UCI Phishing Websites,0,uci_group_000180,test,
UCI::2514,UCI Phishing Websites,1,uci_group_002308,development,2.0
UCI::2515,UCI Phishing Websites,1,uci_group_004812,development,5.0
UCI::2516,UCI Phishing Websites,1,uci_group_003522,development,1.0
UCI::2517,UCI Phishing Websites,1,uci_group_000080,development,2.0
UCI::2518,UCI Phishing Websites,1,uci_group_005095,development,2.0
UCI::2519,UCI Phishing Websites,1,uci_group_002853,development,4.0
UCI::2520,UCI Phishing Websites,1,uci_group_005417,calibration,
UCI::2521,UCI Phishing Websites,1,uci_group_005644,development,4.0
UCI::2522,UCI Phishing Websites,0,uci_group_003456,test,
UCI::2523,UCI Phishing Websites,0,uci_group_002550,development,4.0
UCI::2524,UCI Phishing Websites,0,uci_group_005686,development,3.0
UCI::2525,UCI Phishing Websites,1,uci_group_003393,test,
UCI::2526,UCI Phishing Websites,1,uci_group_001050,development,3.0
UCI::2527,UCI Phishing Websites,0,uci_group_003480,development,4.0
UCI::2528,UCI Phishing Websites,0,uci_group_002869,development,4.0
UCI::2529,UCI Phishing Websites,1,uci_group_000357,development,3.0
UCI::2530,UCI Phishing Websites,0,uci_group_000013,development,3.0
UCI::2531,UCI Phishing Websites,1,uci_group_005081,development,5.0
UCI::2532,UCI Phishing Websites,0,uci_group_003778,development,2.0
UCI::2533,UCI Phishing Websites,0,uci_group_000549,calibration,
UCI::2534,UCI Phishing Websites,0,uci_group_002323,test,
UCI::2535,UCI Phishing Websites,0,uci_group_001745,development,5.0
UCI::2536,UCI Phishing Websites,1,uci_group_001132,test,
UCI::2537,UCI Phishing Websites,0,uci_group_000590,development,2.0
UCI::2538,UCI Phishing Websites,0,uci_group_004296,development,5.0
UCI::2539,UCI Phishing Websites,1,uci_group_003526,calibration,
UCI::2540,UCI Phishing Websites,1,uci_group_005140,development,3.0
UCI::2541,UCI Phishing Websites,1,uci_group_005205,development,1.0
UCI::2542,UCI Phishing Websites,1,uci_group_001136,test,
UCI::2543,UCI Phishing Websites,0,uci_group_003277,development,2.0
UCI::2544,UCI Phishing Websites,1,uci_group_001810,development,1.0
UCI::2545,UCI Phishing Websites,1,uci_group_004159,development,3.0
UCI::2546,UCI Phishing Websites,0,uci_group_005241,development,3.0
UCI::2547,UCI Phishing Websites,1,uci_group_004550,test,
UCI::2548,UCI Phishing Websites,1,uci_group_001428,calibration,
UCI::2549,UCI Phishing Websites,1,uci_group_001191,development,2.0
UCI::2550,UCI Phishing Websites,0,uci_group_005130,development,2.0
UCI::2551,UCI Phishing Websites,0,uci_group_002693,development,2.0
UCI::2552,UCI Phishing Websites,0,uci_group_003580,development,4.0
UCI::2553,UCI Phishing Websites,1,uci_group_005533,calibration,
UCI::2554,UCI Phishing Websites,1,uci_group_003473,development,2.0
UCI::2555,UCI Phishing Websites,1,uci_group_003723,development,5.0
UCI::2556,UCI Phishing Websites,0,uci_group_004389,development,2.0
UCI::2557,UCI Phishing Websites,1,uci_group_001052,development,5.0
UCI::2558,UCI Phishing Websites,0,uci_group_004881,calibration,
UCI::2559,UCI Phishing Websites,1,uci_group_003943,test,
UCI::2560,UCI Phishing Websites,0,uci_group_004922,development,4.0
UCI::2561,UCI Phishing Websites,1,uci_group_003112,development,3.0
UCI::2562,UCI Phishing Websites,0,uci_group_001178,development,1.0
UCI::2563,UCI Phishing Websites,0,uci_group_001322,development,4.0
UCI::2564,UCI Phishing Websites,0,uci_group_002431,development,3.0
UCI::2565,UCI Phishing Websites,0,uci_group_000495,development,1.0
UCI::2566,UCI Phishing Websites,1,uci_group_004949,development,5.0
UCI::2567,UCI Phishing Websites,1,uci_group_000999,calibration,
UCI::2568,UCI Phishing Websites,1,uci_group_005572,development,3.0
UCI::2569,UCI Phishing Websites,0,uci_group_000611,development,3.0
UCI::2570,UCI Phishing Websites,0,uci_group_005723,development,5.0
UCI::2571,UCI Phishing Websites,1,uci_group_002306,development,3.0
UCI::2572,UCI Phishing Websites,0,uci_group_000094,development,4.0
UCI::2573,UCI Phishing Websites,1,uci_group_001350,development,1.0
UCI::2574,UCI Phishing Websites,0,uci_group_005047,development,1.0
UCI::2575,UCI Phishing Websites,1,uci_group_002319,calibration,
UCI::2576,UCI Phishing Websites,1,uci_group_000417,calibration,
UCI::2577,UCI Phishing Websites,1,uci_group_003551,development,4.0
UCI::2578,UCI Phishing Websites,1,uci_group_000128,development,2.0
UCI::2579,UCI Phishing Websites,1,uci_group_000938,development,3.0
UCI::2580,UCI Phishing Websites,0,uci_group_003328,development,1.0
UCI::2581,UCI Phishing Websites,1,uci_group_001496,development,1.0
UCI::2582,UCI Phishing Websites,1,uci_group_003521,development,2.0
UCI::2583,UCI Phishing Websites,1,uci_group_002711,development,3.0
UCI::2584,UCI Phishing Websites,0,uci_group_005275,development,3.0
UCI::2585,UCI Phishing Websites,1,uci_group_003104,development,3.0
UCI::2586,UCI Phishing Websites,0,uci_group_001736,development,2.0
UCI::2587,UCI Phishing Websites,0,uci_group_003075,test,
UCI::2588,UCI Phishing Websites,0,uci_group_005103,development,4.0
UCI::2589,UCI Phishing Websites,1,uci_group_001830,development,1.0
UCI::2590,UCI Phishing Websites,0,uci_group_001113,development,2.0
UCI::2591,UCI Phishing Websites,1,uci_group_004287,development,4.0
UCI::2592,UCI Phishing Websites,1,uci_group_000936,development,1.0
UCI::2593,UCI Phishing Websites,1,uci_group_005655,development,4.0
UCI::2594,UCI Phishing Websites,1,uci_group_005247,development,5.0
UCI::2595,UCI Phishing Websites,0,uci_group_003329,calibration,
UCI::2596,UCI Phishing Websites,1,uci_group_002334,development,1.0
UCI::2597,UCI Phishing Websites,0,uci_group_003408,test,
UCI::2598,UCI Phishing Websites,0,uci_group_002333,calibration,
UCI::2599,UCI Phishing Websites,1,uci_group_005699,development,1.0
UCI::2600,UCI Phishing Websites,0,uci_group_004149,development,3.0
UCI::2601,UCI Phishing Websites,0,uci_group_004912,development,4.0
UCI::2602,UCI Phishing Websites,0,uci_group_002810,development,2.0
UCI::2603,UCI Phishing Websites,0,uci_group_001150,test,
UCI::2604,UCI Phishing Websites,0,uci_group_002577,development,4.0
UCI::2605,UCI Phishing Websites,0,uci_group_004330,development,1.0
UCI::2606,UCI Phishing Websites,0,uci_group_001789,development,4.0
UCI::2607,UCI Phishing Websites,1,uci_group_003888,development,2.0
UCI::2608,UCI Phishing Websites,0,uci_group_002059,test,
UCI::2609,UCI Phishing Websites,0,uci_group_003251,development,2.0
UCI::2610,UCI Phishing Websites,0,uci_group_002387,development,2.0
UCI::2611,UCI Phishing Websites,0,uci_group_003600,development,1.0
UCI::2612,UCI Phishing Websites,0,uci_group_000973,development,2.0
UCI::2613,UCI Phishing Websites,0,uci_group_001574,development,5.0
UCI::2614,UCI Phishing Websites,1,uci_group_003962,calibration,
UCI::2615,UCI Phishing Websites,1,uci_group_002563,development,5.0
UCI::2616,UCI Phishing Websites,0,uci_group_002381,development,3.0
UCI::2617,UCI Phishing Websites,1,uci_group_005492,development,3.0
UCI::2618,UCI Phishing Websites,1,uci_group_004825,development,3.0
UCI::2619,UCI Phishing Websites,1,uci_group_002238,development,5.0
UCI::2620,UCI Phishing Websites,0,uci_group_000193,development,3.0
UCI::2621,UCI Phishing Websites,0,uci_group_003028,test,
UCI::2622,UCI Phishing Websites,0,uci_group_003947,development,2.0
UCI::2623,UCI Phishing Websites,0,uci_group_001740,test,
UCI::2624,UCI Phishing Websites,1,uci_group_005756,development,3.0
UCI::2625,UCI Phishing Websites,1,uci_group_003199,calibration,
UCI::2626,UCI Phishing Websites,1,uci_group_001128,development,2.0
UCI::2627,UCI Phishing Websites,1,uci_group_001653,development,2.0
UCI::2628,UCI Phishing Websites,0,uci_group_002030,development,2.0
UCI::2629,UCI Phishing Websites,1,uci_group_000840,development,5.0
UCI::2630,UCI Phishing Websites,1,uci_group_005516,test,
UCI::2631,UCI Phishing Websites,1,uci_group_000880,development,2.0
UCI::2632,UCI Phishing Websites,0,uci_group_004755,calibration,
UCI::2633,UCI Phishing Websites,0,uci_group_000273,development,3.0
UCI::2634,UCI Phishing Websites,1,uci_group_002673,development,2.0
UCI::2635,UCI Phishing Websites,1,uci_group_005022,calibration,
UCI::2636,UCI Phishing Websites,1,uci_group_000048,calibration,
UCI::2637,UCI Phishing Websites,0,uci_group_004847,development,5.0
UCI::2638,UCI Phishing Websites,0,uci_group_005734,test,
UCI::2639,UCI Phishing Websites,1,uci_group_002449,development,5.0
UCI::2640,UCI Phishing Websites,0,uci_group_002262,development,2.0
UCI::2641,UCI Phishing Websites,0,uci_group_001588,development,4.0
UCI::2642,UCI Phishing Websites,0,uci_group_002755,development,5.0
UCI::2643,UCI Phishing Websites,1,uci_group_001980,development,1.0
UCI::2644,UCI Phishing Websites,1,uci_group_005246,development,4.0
UCI::2645,UCI Phishing Websites,0,uci_group_004391,calibration,
UCI::2646,UCI Phishing Websites,1,uci_group_002898,development,3.0
UCI::2647,UCI Phishing Websites,0,uci_group_004671,calibration,
UCI::2648,UCI Phishing Websites,1,uci_group_003250,calibration,
UCI::2649,UCI Phishing Websites,0,uci_group_001941,development,5.0
UCI::2650,UCI Phishing Websites,1,uci_group_000514,development,3.0
UCI::2651,UCI Phishing Websites,1,uci_group_005348,development,4.0
UCI::2652,UCI Phishing Websites,0,uci_group_002315,development,4.0
UCI::2653,UCI Phishing Websites,1,uci_group_005549,development,1.0
UCI::2654,UCI Phishing Websites,1,uci_group_003105,development,2.0
UCI::2655,UCI Phishing Websites,0,uci_group_002939,development,2.0
UCI::2656,UCI Phishing Websites,1,uci_group_001192,test,
UCI::2657,UCI Phishing Websites,1,uci_group_002894,development,3.0
UCI::2658,UCI Phishing Websites,0,uci_group_000828,development,1.0
UCI::2659,UCI Phishing Websites,1,uci_group_002725,test,
UCI::2660,UCI Phishing Websites,1,uci_group_005098,development,2.0
UCI::2661,UCI Phishing Websites,0,uci_group_002732,development,3.0
UCI::2662,UCI Phishing Websites,0,uci_group_005524,calibration,
UCI::2663,UCI Phishing Websites,1,uci_group_005374,development,1.0
UCI::2664,UCI Phishing Websites,0,uci_group_002441,development,1.0
UCI::2665,UCI Phishing Websites,1,uci_group_004063,development,2.0
UCI::2666,UCI Phishing Websites,0,uci_group_004413,test,
UCI::2667,UCI Phishing Websites,0,uci_group_000372,development,1.0
UCI::2668,UCI Phishing Websites,0,uci_group_005545,calibration,
UCI::2669,UCI Phishing Websites,0,uci_group_001940,development,1.0
UCI::2670,UCI Phishing Websites,1,uci_group_001336,development,4.0
UCI::2671,UCI Phishing Websites,1,uci_group_002556,development,3.0
UCI::2672,UCI Phishing Websites,0,uci_group_003856,development,5.0
UCI::2673,UCI Phishing Websites,1,uci_group_004085,test,
UCI::2674,UCI Phishing Websites,0,uci_group_002765,calibration,
UCI::2675,UCI Phishing Websites,1,uci_group_000192,calibration,
UCI::2676,UCI Phishing Websites,0,uci_group_003572,calibration,
UCI::2677,UCI Phishing Websites,0,uci_group_000636,development,1.0
UCI::2678,UCI Phishing Websites,1,uci_group_001177,test,
UCI::2679,UCI Phishing Websites,0,uci_group_001864,calibration,
UCI::2680,UCI Phishing Websites,1,uci_group_005743,development,3.0
UCI::2681,UCI Phishing Websites,0,uci_group_004467,development,1.0
UCI::2682,UCI Phishing Websites,0,uci_group_004658,development,4.0
UCI::2683,UCI Phishing Websites,1,uci_group_004893,development,2.0
UCI::2684,UCI Phishing Websites,0,uci_group_001138,development,2.0
UCI::2685,UCI Phishing Websites,1,uci_group_003870,development,2.0
UCI::2686,UCI Phishing Websites,1,uci_group_002435,test,
UCI::2687,UCI Phishing Websites,0,uci_group_005191,development,2.0
UCI::2688,UCI Phishing Websites,1,uci_group_002870,calibration,
UCI::2689,UCI Phishing Websites,0,uci_group_005583,calibration,
UCI::2690,UCI Phishing Websites,0,uci_group_003415,development,1.0
UCI::2691,UCI Phishing Websites,0,uci_group_003667,development,4.0
UCI::2692,UCI Phishing Websites,1,uci_group_004228,development,1.0
UCI::2693,UCI Phishing Websites,0,uci_group_004960,test,
UCI::2694,UCI Phishing Websites,1,uci_group_004980,development,4.0
UCI::2695,UCI Phishing Websites,0,uci_group_001833,calibration,
UCI::2696,UCI Phishing Websites,0,uci_group_002834,test,
UCI::2697,UCI Phishing Websites,0,uci_group_003485,development,5.0
UCI::2698,UCI Phishing Websites,0,uci_group_005089,development,1.0
UCI::2699,UCI Phishing Websites,1,uci_group_005133,development,5.0
UCI::2700,UCI Phishing Websites,0,uci_group_001159,development,2.0
UCI::2701,UCI Phishing Websites,1,uci_group_004061,development,3.0
UCI::2702,UCI Phishing Websites,1,uci_group_000476,development,2.0
UCI::2703,UCI Phishing Websites,0,uci_group_003761,development,1.0
UCI::2704,UCI Phishing Websites,1,uci_group_003307,development,5.0
UCI::2705,UCI Phishing Websites,0,uci_group_001534,development,5.0
UCI::2706,UCI Phishing Websites,0,uci_group_001155,development,4.0
UCI::2707,UCI Phishing Websites,1,uci_group_000443,calibration,
UCI::2708,UCI Phishing Websites,1,uci_group_003064,development,4.0
UCI::2709,UCI Phishing Websites,1,uci_group_000246,development,2.0
UCI::2710,UCI Phishing Websites,1,uci_group_002437,development,1.0
UCI::2711,UCI Phishing Websites,0,uci_group_001477,test,
UCI::2712,UCI Phishing Websites,0,uci_group_002690,calibration,
UCI::2713,UCI Phishing Websites,0,uci_group_005738,calibration,
UCI::2714,UCI Phishing Websites,0,uci_group_000535,development,3.0
UCI::2715,UCI Phishing Websites,1,uci_group_001895,test,
UCI::2716,UCI Phishing Websites,0,uci_group_001099,development,3.0
UCI::2717,UCI Phishing Websites,0,uci_group_005166,development,1.0
UCI::2718,UCI Phishing Websites,1,uci_group_000718,development,1.0
UCI::2719,UCI Phishing Websites,0,uci_group_003825,development,4.0
UCI::2720,UCI Phishing Websites,0,uci_group_003332,development,5.0
UCI::2721,UCI Phishing Websites,1,uci_group_000149,test,
UCI::2722,UCI Phishing Websites,0,uci_group_001183,calibration,
UCI::2723,UCI Phishing Websites,1,uci_group_004372,test,
UCI::2724,UCI Phishing Websites,0,uci_group_002148,development,4.0
UCI::2725,UCI Phishing Websites,0,uci_group_005185,test,
UCI::2726,UCI Phishing Websites,0,uci_group_002058,test,
UCI::2727,UCI Phishing Websites,0,uci_group_000656,development,5.0
UCI::2728,UCI Phishing Websites,1,uci_group_001509,development,3.0
UCI::2729,UCI Phishing Websites,1,uci_group_005163,development,3.0
UCI::2730,UCI Phishing Websites,0,uci_group_003487,development,3.0
UCI::2731,UCI Phishing Websites,0,uci_group_002288,calibration,
UCI::2732,UCI Phishing Websites,1,uci_group_001385,calibration,
UCI::2733,UCI Phishing Websites,0,uci_group_001536,development,3.0
UCI::2734,UCI Phishing Websites,0,uci_group_002866,test,
UCI::2735,UCI Phishing Websites,0,uci_group_004831,test,
UCI::2736,UCI Phishing Websites,0,uci_group_003133,development,4.0
UCI::2737,UCI Phishing Websites,0,uci_group_004197,development,3.0
UCI::2738,UCI Phishing Websites,1,uci_group_003325,development,5.0
UCI::2739,UCI Phishing Websites,1,uci_group_005277,development,1.0
UCI::2740,UCI Phishing Websites,0,uci_group_000613,development,1.0
UCI::2741,UCI Phishing Websites,1,uci_group_000541,development,4.0
UCI::2742,UCI Phishing Websites,1,uci_group_004315,development,3.0
UCI::2743,UCI Phishing Websites,0,uci_group_005709,development,3.0
UCI::2744,UCI Phishing Websites,0,uci_group_001163,development,1.0
UCI::2745,UCI Phishing Websites,0,uci_group_001131,development,3.0
UCI::2746,UCI Phishing Websites,1,uci_group_000688,development,3.0
UCI::2747,UCI Phishing Websites,0,uci_group_002049,development,1.0
UCI::2748,UCI Phishing Websites,0,uci_group_003921,calibration,
UCI::2749,UCI Phishing Websites,1,uci_group_004491,development,3.0
UCI::2750,UCI Phishing Websites,1,uci_group_004349,test,
UCI::2751,UCI Phishing Websites,1,uci_group_004360,development,3.0
UCI::2752,UCI Phishing Websites,1,uci_group_004342,development,5.0
UCI::2753,UCI Phishing Websites,1,uci_group_004267,development,3.0
UCI::2754,UCI Phishing Websites,0,uci_group_002801,development,3.0
UCI::2755,UCI Phishing Websites,1,uci_group_002513,calibration,
UCI::2756,UCI Phishing Websites,1,uci_group_001272,development,3.0
UCI::2757,UCI Phishing Websites,1,uci_group_001986,calibration,
UCI::2758,UCI Phishing Websites,0,uci_group_002043,development,4.0
UCI::2759,UCI Phishing Websites,0,uci_group_003254,development,2.0
UCI::2760,UCI Phishing Websites,1,uci_group_004721,development,5.0
UCI::2761,UCI Phishing Websites,0,uci_group_000682,development,1.0
UCI::2762,UCI Phishing Websites,1,uci_group_000189,development,3.0
UCI::2763,UCI Phishing Websites,1,uci_group_000455,development,4.0
UCI::2764,UCI Phishing Websites,0,uci_group_003869,development,3.0
UCI::2765,UCI Phishing Websites,0,uci_group_004933,development,1.0
UCI::2766,UCI Phishing Websites,1,uci_group_000888,development,2.0
UCI::2767,UCI Phishing Websites,1,uci_group_005149,development,2.0
UCI::2768,UCI Phishing Websites,1,uci_group_004747,development,3.0
UCI::2769,UCI Phishing Websites,0,uci_group_001370,development,4.0
UCI::2770,UCI Phishing Websites,0,uci_group_003409,development,5.0
UCI::2771,UCI Phishing Websites,0,uci_group_000867,development,1.0
UCI::2772,UCI Phishing Websites,0,uci_group_003625,development,4.0
UCI::2773,UCI Phishing Websites,0,uci_group_000807,development,4.0
UCI::2774,UCI Phishing Websites,1,uci_group_003829,calibration,
UCI::2775,UCI Phishing Websites,0,uci_group_000225,development,1.0
UCI::2776,UCI Phishing Websites,1,uci_group_000761,development,3.0
UCI::2777,UCI Phishing Websites,0,uci_group_001911,development,2.0
UCI::2778,UCI Phishing Websites,0,uci_group_004691,development,4.0
UCI::2779,UCI Phishing Websites,1,uci_group_002945,development,3.0
UCI::2780,UCI Phishing Websites,1,uci_group_001602,test,
UCI::2781,UCI Phishing Websites,0,uci_group_001807,development,4.0
UCI::2782,UCI Phishing Websites,1,uci_group_002926,development,5.0
UCI::2783,UCI Phishing Websites,1,uci_group_000871,development,1.0
UCI::2784,UCI Phishing Websites,0,uci_group_001663,development,5.0
UCI::2785,UCI Phishing Websites,0,uci_group_001837,development,3.0
UCI::2786,UCI Phishing Websites,1,uci_group_003961,calibration,
UCI::2787,UCI Phishing Websites,1,uci_group_000289,test,
UCI::2788,UCI Phishing Websites,0,uci_group_000326,calibration,
UCI::2789,UCI Phishing Websites,0,uci_group_001111,test,
UCI::2790,UCI Phishing Websites,1,uci_group_003386,development,1.0
UCI::2791,UCI Phishing Websites,0,uci_group_004974,development,4.0
UCI::2792,UCI Phishing Websites,0,uci_group_002651,test,
UCI::2793,UCI Phishing Websites,0,uci_group_001471,development,5.0
UCI::2794,UCI Phishing Websites,0,uci_group_000096,development,4.0
UCI::2795,UCI Phishing Websites,1,uci_group_002173,development,3.0
UCI::2796,UCI Phishing Websites,1,uci_group_003044,calibration,
UCI::2797,UCI Phishing Websites,1,uci_group_005573,development,3.0
UCI::2798,UCI Phishing Websites,1,uci_group_005379,development,5.0
UCI::2799,UCI Phishing Websites,1,uci_group_000341,development,1.0
UCI::2800,UCI Phishing Websites,0,uci_group_002135,test,
UCI::2801,UCI Phishing Websites,1,uci_group_001703,development,5.0
UCI::2802,UCI Phishing Websites,1,uci_group_003923,development,5.0
UCI::2803,UCI Phishing Websites,0,uci_group_002974,test,
UCI::2804,UCI Phishing Websites,1,uci_group_005456,calibration,
UCI::2805,UCI Phishing Websites,1,uci_group_003013,development,5.0
UCI::2806,UCI Phishing Websites,1,uci_group_002629,development,4.0
UCI::2807,UCI Phishing Websites,1,uci_group_004207,test,
UCI::2808,UCI Phishing Websites,1,uci_group_004814,test,
UCI::2809,UCI Phishing Websites,1,uci_group_004253,development,1.0
UCI::2810,UCI Phishing Websites,0,uci_group_004348,development,5.0
UCI::2811,UCI Phishing Websites,0,uci_group_005378,development,1.0
UCI::2812,UCI Phishing Websites,1,uci_group_001562,development,1.0
UCI::2813,UCI Phishing Websites,0,uci_group_002239,test,
UCI::2814,UCI Phishing Websites,0,uci_group_003085,calibration,
UCI::2815,UCI Phishing Websites,1,uci_group_004428,calibration,
UCI::2816,UCI Phishing Websites,1,uci_group_004324,development,5.0
UCI::2817,UCI Phishing Websites,1,uci_group_005402,test,
UCI::2818,UCI Phishing Websites,0,uci_group_003504,calibration,
UCI::2819,UCI Phishing Websites,0,uci_group_003465,development,3.0
UCI::2820,UCI Phishing Websites,0,uci_group_003071,development,2.0
UCI::2821,UCI Phishing Websites,1,uci_group_004785,development,2.0
UCI::2822,UCI Phishing Websites,1,uci_group_000470,development,4.0
UCI::2823,UCI Phishing Websites,0,uci_group_002422,development,3.0
UCI::2824,UCI Phishing Websites,1,uci_group_005135,development,5.0
UCI::2825,UCI Phishing Websites,1,uci_group_003620,development,1.0
UCI::2826,UCI Phishing Websites,1,uci_group_001018,development,4.0
UCI::2827,UCI Phishing Websites,0,uci_group_000658,development,1.0
UCI::2828,UCI Phishing Websites,1,uci_group_001960,development,2.0
UCI::2829,UCI Phishing Websites,1,uci_group_004574,development,4.0
UCI::2830,UCI Phishing Websites,0,uci_group_005496,calibration,
UCI::2831,UCI Phishing Websites,1,uci_group_003155,development,1.0
UCI::2832,UCI Phishing Websites,1,uci_group_004713,development,5.0
UCI::2833,UCI Phishing Websites,0,uci_group_002403,development,2.0
UCI::2834,UCI Phishing Websites,0,uci_group_001142,calibration,
UCI::2835,UCI Phishing Websites,0,uci_group_002411,development,2.0
UCI::2836,UCI Phishing Websites,1,uci_group_004944,test,
UCI::2837,UCI Phishing Websites,0,uci_group_003733,development,2.0
UCI::2838,UCI Phishing Websites,1,uci_group_003968,development,5.0
UCI::2839,UCI Phishing Websites,1,uci_group_000125,development,4.0
UCI::2840,UCI Phishing Websites,1,uci_group_002659,development,3.0
UCI::2841,UCI Phishing Websites,0,uci_group_004252,development,1.0
UCI::2842,UCI Phishing Websites,0,uci_group_005467,development,1.0
UCI::2843,UCI Phishing Websites,0,uci_group_000816,development,4.0
UCI::2844,UCI Phishing Websites,1,uci_group_004429,test,
UCI::2845,UCI Phishing Websites,0,uci_group_004815,development,3.0
UCI::2846,UCI Phishing Websites,1,uci_group_002800,development,1.0
UCI::2847,UCI Phishing Websites,1,uci_group_000187,calibration,
UCI::2848,UCI Phishing Websites,0,uci_group_003052,calibration,
UCI::2849,UCI Phishing Websites,1,uci_group_003613,calibration,
UCI::2850,UCI Phishing Websites,0,uci_group_002344,test,
UCI::2851,UCI Phishing Websites,1,uci_group_002140,development,4.0
UCI::2852,UCI Phishing Websites,1,uci_group_004356,test,
UCI::2853,UCI Phishing Websites,0,uci_group_005346,development,4.0
UCI::2854,UCI Phishing Websites,1,uci_group_001235,development,2.0
UCI::2855,UCI Phishing Websites,1,uci_group_001527,development,5.0
UCI::2856,UCI Phishing Websites,1,uci_group_003798,development,1.0
UCI::2857,UCI Phishing Websites,0,uci_group_003030,test,
UCI::2858,UCI Phishing Websites,0,uci_group_003771,development,4.0
UCI::2859,UCI Phishing Websites,0,uci_group_000301,development,2.0
UCI::2860,UCI Phishing Websites,0,uci_group_004526,test,
UCI::2861,UCI Phishing Websites,1,uci_group_000900,development,3.0
UCI::2862,UCI Phishing Websites,1,uci_group_005146,development,4.0
UCI::2863,UCI Phishing Websites,1,uci_group_002751,calibration,
UCI::2864,UCI Phishing Websites,0,uci_group_003673,development,3.0
UCI::2865,UCI Phishing Websites,0,uci_group_004975,development,5.0
UCI::2866,UCI Phishing Websites,0,uci_group_002984,development,5.0
UCI::2867,UCI Phishing Websites,0,uci_group_001877,test,
UCI::2868,UCI Phishing Websites,1,uci_group_005584,calibration,
UCI::2869,UCI Phishing Websites,0,uci_group_002252,development,3.0
UCI::2870,UCI Phishing Websites,0,uci_group_002756,development,3.0
UCI::2871,UCI Phishing Websites,1,uci_group_002072,development,5.0
UCI::2872,UCI Phishing Websites,0,uci_group_002692,calibration,
UCI::2873,UCI Phishing Websites,1,uci_group_002631,test,
UCI::2874,UCI Phishing Websites,0,uci_group_003178,development,5.0
UCI::2875,UCI Phishing Websites,0,uci_group_002999,test,
UCI::2876,UCI Phishing Websites,1,uci_group_002040,development,2.0
UCI::2877,UCI Phishing Websites,1,uci_group_005735,development,1.0
UCI::2878,UCI Phishing Websites,0,uci_group_003051,calibration,
UCI::2879,UCI Phishing Websites,1,uci_group_005326,calibration,
UCI::2880,UCI Phishing Websites,1,uci_group_003160,development,4.0
UCI::2881,UCI Phishing Websites,1,uci_group_003756,calibration,
UCI::2882,UCI Phishing Websites,0,uci_group_002561,development,2.0
UCI::2883,UCI Phishing Websites,0,uci_group_000773,development,5.0
UCI::2884,UCI Phishing Websites,1,uci_group_004166,development,5.0
UCI::2885,UCI Phishing Websites,1,uci_group_004714,development,1.0
UCI::2886,UCI Phishing Websites,0,uci_group_001711,development,5.0
UCI::2887,UCI Phishing Websites,1,uci_group_001642,development,2.0
UCI::2888,UCI Phishing Websites,0,uci_group_005507,development,2.0
UCI::2889,UCI Phishing Websites,1,uci_group_004841,development,1.0
UCI::2890,UCI Phishing Websites,0,uci_group_004525,development,4.0
UCI::2891,UCI Phishing Websites,0,uci_group_001900,development,4.0
UCI::2892,UCI Phishing Websites,0,uci_group_000235,development,3.0
UCI::2893,UCI Phishing Websites,1,uci_group_003912,development,5.0
UCI::2894,UCI Phishing Websites,0,uci_group_000120,development,1.0
UCI::2895,UCI Phishing Websites,1,uci_group_003266,development,4.0
UCI::2896,UCI Phishing Websites,0,uci_group_000484,development,2.0
UCI::2897,UCI Phishing Websites,0,uci_group_001586,development,5.0
UCI::2898,UCI Phishing Websites,1,uci_group_004516,calibration,
UCI::2899,UCI Phishing Websites,1,uci_group_000276,development,1.0
UCI::2900,UCI Phishing Websites,1,uci_group_001334,development,3.0
UCI::2901,UCI Phishing Websites,0,uci_group_004319,development,4.0
UCI::2902,UCI Phishing Websites,0,uci_group_000222,development,5.0
UCI::2903,UCI Phishing Websites,1,uci_group_000378,calibration,
UCI::2904,UCI Phishing Websites,0,uci_group_005608,test,
UCI::2905,UCI Phishing Websites,0,uci_group_005145,development,3.0
UCI::2906,UCI Phishing Websites,1,uci_group_004629,development,5.0
UCI::2907,UCI Phishing Websites,1,uci_group_005336,development,5.0
UCI::2908,UCI Phishing Websites,1,uci_group_003824,development,1.0
UCI::2909,UCI Phishing Websites,0,uci_group_002024,test,
UCI::2910,UCI Phishing Websites,0,uci_group_001538,calibration,
UCI::2911,UCI Phishing Websites,1,uci_group_001441,test,
UCI::2912,UCI Phishing Websites,1,uci_group_003289,calibration,
UCI::2913,UCI Phishing Websites,0,uci_group_002604,development,2.0
UCI::2914,UCI Phishing Websites,1,uci_group_000430,development,5.0
UCI::2915,UCI Phishing Websites,0,uci_group_002640,test,
UCI::2916,UCI Phishing Websites,0,uci_group_003727,development,2.0
UCI::2917,UCI Phishing Websites,0,uci_group_001997,development,4.0
UCI::2918,UCI Phishing Websites,0,uci_group_003877,development,2.0
UCI::2919,UCI Phishing Websites,1,uci_group_004547,development,4.0
UCI::2920,UCI Phishing Websites,0,uci_group_003616,test,
UCI::2921,UCI Phishing Websites,0,uci_group_005770,development,3.0
UCI::2922,UCI Phishing Websites,1,uci_group_003801,calibration,
UCI::2923,UCI Phishing Websites,1,uci_group_000842,development,4.0
UCI::2924,UCI Phishing Websites,1,uci_group_003512,development,1.0
UCI::2925,UCI Phishing Websites,0,uci_group_001452,test,
UCI::2926,UCI Phishing Websites,1,uci_group_000962,development,2.0
UCI::2927,UCI Phishing Websites,0,uci_group_005587,development,1.0
UCI::2928,UCI Phishing Websites,1,uci_group_001114,development,2.0
UCI::2929,UCI Phishing Websites,0,uci_group_000982,development,5.0
UCI::2930,UCI Phishing Websites,1,uci_group_002882,development,2.0
UCI::2931,UCI Phishing Websites,0,uci_group_005747,calibration,
UCI::2932,UCI Phishing Websites,1,uci_group_005158,development,5.0
UCI::2933,UCI Phishing Websites,1,uci_group_002548,development,4.0
UCI::2934,UCI Phishing Websites,0,uci_group_002838,development,2.0
UCI::2935,UCI Phishing Websites,0,uci_group_003597,development,3.0
UCI::2936,UCI Phishing Websites,0,uci_group_005594,development,5.0
UCI::2937,UCI Phishing Websites,0,uci_group_004692,test,
UCI::2938,UCI Phishing Websites,0,uci_group_002775,development,2.0
UCI::2939,UCI Phishing Websites,1,uci_group_003692,development,5.0
UCI::2940,UCI Phishing Websites,1,uci_group_004427,test,
UCI::2941,UCI Phishing Websites,0,uci_group_001182,development,4.0
UCI::2942,UCI Phishing Websites,0,uci_group_000567,development,2.0
UCI::2943,UCI Phishing Websites,1,uci_group_005117,development,2.0
UCI::2944,UCI Phishing Websites,1,uci_group_000496,development,1.0
UCI::2945,UCI Phishing Websites,0,uci_group_003057,development,2.0
UCI::2946,UCI Phishing Websites,0,uci_group_000052,development,2.0
UCI::2947,UCI Phishing Websites,1,uci_group_003766,development,5.0
UCI::2948,UCI Phishing Websites,1,uci_group_002621,development,1.0
UCI::2949,UCI Phishing Websites,1,uci_group_004043,development,5.0
UCI::2950,UCI Phishing Websites,0,uci_group_003650,calibration,
UCI::2951,UCI Phishing Websites,1,uci_group_004379,development,2.0
UCI::2952,UCI Phishing Websites,1,uci_group_000663,development,5.0
UCI::2953,UCI Phishing Websites,1,uci_group_004032,development,4.0
UCI::2954,UCI Phishing Websites,1,uci_group_002423,development,5.0
UCI::2955,UCI Phishing Websites,0,uci_group_005473,development,1.0
UCI::2956,UCI Phishing Websites,0,uci_group_004610,development,5.0
UCI::2957,UCI Phishing Websites,0,uci_group_001373,development,5.0
UCI::2958,UCI Phishing Websites,1,uci_group_005346,development,4.0
UCI::2959,UCI Phishing Websites,1,uci_group_002628,development,5.0
UCI::2960,UCI Phishing Websites,0,uci_group_000955,development,5.0
UCI::2961,UCI Phishing Websites,0,uci_group_002968,development,3.0
UCI::2962,UCI Phishing Websites,1,uci_group_003479,development,1.0
UCI::2963,UCI Phishing Websites,1,uci_group_002603,calibration,
UCI::2964,UCI Phishing Websites,0,uci_group_001395,development,5.0
UCI::2965,UCI Phishing Websites,1,uci_group_005624,development,5.0
UCI::2966,UCI Phishing Websites,1,uci_group_000291,development,3.0
UCI::2967,UCI Phishing Websites,1,uci_group_003042,development,3.0
UCI::2968,UCI Phishing Websites,0,uci_group_000610,development,3.0
UCI::2969,UCI Phishing Websites,1,uci_group_004965,development,5.0
UCI::2970,UCI Phishing Websites,0,uci_group_002377,development,1.0
UCI::2971,UCI Phishing Websites,1,uci_group_004176,calibration,
UCI::2972,UCI Phishing Websites,1,uci_group_002996,test,
UCI::2973,UCI Phishing Websites,1,uci_group_001253,development,4.0
UCI::2974,UCI Phishing Websites,1,uci_group_002485,development,5.0
UCI::2975,UCI Phishing Websites,1,uci_group_002554,development,5.0
UCI::2976,UCI Phishing Websites,0,uci_group_001407,calibration,
UCI::2977,UCI Phishing Websites,1,uci_group_000524,development,2.0
UCI::2978,UCI Phishing Websites,1,uci_group_002324,development,2.0
UCI::2979,UCI Phishing Websites,1,uci_group_004295,development,3.0
UCI::2980,UCI Phishing Websites,0,uci_group_004845,test,
UCI::2981,UCI Phishing Websites,0,uci_group_002363,calibration,
UCI::2982,UCI Phishing Websites,1,uci_group_003925,test,
UCI::2983,UCI Phishing Websites,0,uci_group_000057,development,4.0
UCI::2984,UCI Phishing Websites,0,uci_group_001323,development,4.0
UCI::2985,UCI Phishing Websites,0,uci_group_004634,calibration,
UCI::2986,UCI Phishing Websites,1,uci_group_004543,development,5.0
UCI::2987,UCI Phishing Websites,0,uci_group_004654,development,3.0
UCI::2988,UCI Phishing Websites,0,uci_group_000876,test,
UCI::2989,UCI Phishing Websites,0,uci_group_003963,development,4.0
UCI::2990,UCI Phishing Websites,1,uci_group_001776,development,1.0
UCI::2991,UCI Phishing Websites,1,uci_group_000389,development,3.0
UCI::2992,UCI Phishing Websites,0,uci_group_003628,development,1.0
UCI::2993,UCI Phishing Websites,1,uci_group_003563,development,3.0
UCI::2994,UCI Phishing Websites,1,uci_group_002891,development,5.0
UCI::2995,UCI Phishing Websites,0,uci_group_001953,development,3.0
UCI::2996,UCI Phishing Websites,1,uci_group_002746,development,4.0
UCI::2997,UCI Phishing Websites,1,uci_group_000410,development,4.0
UCI::2998,UCI Phishing Websites,0,uci_group_002424,development,2.0
UCI::2999,UCI Phishing Websites,1,uci_group_000254,development,5.0
UCI::3000,UCI Phishing Websites,0,uci_group_003124,development,1.0
UCI::3001,UCI Phishing Websites,0,uci_group_000730,development,2.0
UCI::3002,UCI Phishing Websites,1,uci_group_003429,development,5.0
UCI::3003,UCI Phishing Websites,1,uci_group_002047,development,4.0
UCI::3004,UCI Phishing Websites,0,uci_group_005333,development,3.0
UCI::3005,UCI Phishing Websites,0,uci_group_004850,test,
UCI::3006,UCI Phishing Websites,0,uci_group_001175,calibration,
UCI::3007,UCI Phishing Websites,0,uci_group_005470,development,4.0
UCI::3008,UCI Phishing Websites,0,uci_group_005544,development,2.0
UCI::3009,UCI Phishing Websites,0,uci_group_001551,development,3.0
UCI::3010,UCI Phishing Websites,0,uci_group_005318,development,3.0
UCI::3011,UCI Phishing Websites,0,uci_group_002111,development,3.0
UCI::3012,UCI Phishing Websites,0,uci_group_005260,development,4.0
UCI::3013,UCI Phishing Websites,0,uci_group_002700,development,1.0
UCI::3014,UCI Phishing Websites,1,uci_group_003336,development,1.0
UCI::3015,UCI Phishing Websites,1,uci_group_001624,development,1.0
UCI::3016,UCI Phishing Websites,0,uci_group_004229,development,3.0
UCI::3017,UCI Phishing Websites,1,uci_group_003517,development,4.0
UCI::3018,UCI Phishing Websites,0,uci_group_000791,development,4.0
UCI::3019,UCI Phishing Websites,1,uci_group_003639,test,
UCI::3020,UCI Phishing Websites,0,uci_group_004302,calibration,
UCI::3021,UCI Phishing Websites,1,uci_group_001258,development,4.0
UCI::3022,UCI Phishing Websites,1,uci_group_004037,development,5.0
UCI::3023,UCI Phishing Websites,1,uci_group_000710,calibration,
UCI::3024,UCI Phishing Websites,1,uci_group_002903,development,5.0
UCI::3025,UCI Phishing Websites,1,uci_group_001871,development,1.0
UCI::3026,UCI Phishing Websites,1,uci_group_004225,development,2.0
UCI::3027,UCI Phishing Websites,1,uci_group_000253,development,1.0
UCI::3028,UCI Phishing Websites,1,uci_group_002358,calibration,
UCI::3029,UCI Phishing Websites,1,uci_group_000152,development,5.0
UCI::3030,UCI Phishing Websites,0,uci_group_002779,development,4.0
UCI::3031,UCI Phishing Websites,1,uci_group_001491,test,
UCI::3032,UCI Phishing Websites,1,uci_group_001687,development,4.0
UCI::3033,UCI Phishing Websites,1,uci_group_003525,test,
UCI::3034,UCI Phishing Websites,1,uci_group_003416,calibration,
UCI::3035,UCI Phishing Websites,1,uci_group_003642,development,5.0
UCI::3036,UCI Phishing Websites,0,uci_group_001655,development,2.0
UCI::3037,UCI Phishing Websites,1,uci_group_004605,development,3.0
UCI::3038,UCI Phishing Websites,0,uci_group_000579,development,4.0
UCI::3039,UCI Phishing Websites,1,uci_group_004048,development,5.0
UCI::3040,UCI Phishing Websites,0,uci_group_003940,test,
UCI::3041,UCI Phishing Websites,0,uci_group_001232,development,2.0
UCI::3042,UCI Phishing Websites,0,uci_group_004892,development,4.0
UCI::3043,UCI Phishing Websites,1,uci_group_002123,development,3.0
UCI::3044,UCI Phishing Websites,1,uci_group_000284,development,4.0
UCI::3045,UCI Phishing Websites,0,uci_group_001796,development,4.0
UCI::3046,UCI Phishing Websites,1,uci_group_004790,test,
UCI::3047,UCI Phishing Websites,0,uci_group_000520,development,5.0
UCI::3048,UCI Phishing Websites,0,uci_group_003800,development,3.0
UCI::3049,UCI Phishing Websites,0,uci_group_001532,development,3.0
UCI::3050,UCI Phishing Websites,0,uci_group_004706,development,2.0
UCI::3051,UCI Phishing Websites,1,uci_group_005413,development,4.0
UCI::3052,UCI Phishing Websites,0,uci_group_003214,development,3.0
UCI::3053,UCI Phishing Websites,1,uci_group_001672,development,2.0
UCI::3054,UCI Phishing Websites,1,uci_group_001469,development,3.0
UCI::3055,UCI Phishing Websites,1,uci_group_003942,calibration,
UCI::3056,UCI Phishing Websites,1,uci_group_005530,development,4.0
UCI::3057,UCI Phishing Websites,0,uci_group_000228,development,1.0
UCI::3058,UCI Phishing Websites,1,uci_group_004844,development,1.0
UCI::3059,UCI Phishing Websites,1,uci_group_005335,test,
UCI::3060,UCI Phishing Websites,1,uci_group_000359,development,2.0
UCI::3061,UCI Phishing Websites,1,uci_group_005527,development,3.0
UCI::3062,UCI Phishing Websites,1,uci_group_004341,development,3.0
UCI::3063,UCI Phishing Websites,0,uci_group_000004,development,1.0
UCI::3064,UCI Phishing Websites,0,uci_group_000783,development,4.0
UCI::3065,UCI Phishing Websites,0,uci_group_003834,calibration,
UCI::3066,UCI Phishing Websites,0,uci_group_000555,test,
UCI::3067,UCI Phishing Websites,0,uci_group_004206,calibration,
UCI::3068,UCI Phishing Websites,0,uci_group_004290,development,4.0
UCI::3069,UCI Phishing Websites,1,uci_group_003468,test,
UCI::3070,UCI Phishing Websites,1,uci_group_002935,development,5.0
UCI::3071,UCI Phishing Websites,0,uci_group_002133,development,1.0
UCI::3072,UCI Phishing Websites,1,uci_group_003706,test,
UCI::3073,UCI Phishing Websites,0,uci_group_001063,development,5.0
UCI::3074,UCI Phishing Websites,1,uci_group_002551,development,1.0
UCI::3075,UCI Phishing Websites,0,uci_group_004344,development,2.0
UCI::3076,UCI Phishing Websites,1,uci_group_004076,development,5.0
UCI::3077,UCI Phishing Websites,1,uci_group_000599,development,5.0
UCI::3078,UCI Phishing Websites,1,uci_group_003353,development,2.0
UCI::3079,UCI Phishing Websites,1,uci_group_002241,calibration,
UCI::3080,UCI Phishing Websites,0,uci_group_004328,test,
UCI::3081,UCI Phishing Websites,0,uci_group_002290,development,3.0
UCI::3082,UCI Phishing Websites,1,uci_group_001146,development,3.0
UCI::3083,UCI Phishing Websites,1,uci_group_004811,development,3.0
UCI::3084,UCI Phishing Websites,0,uci_group_003273,development,1.0
UCI::3085,UCI Phishing Websites,1,uci_group_003593,calibration,
UCI::3086,UCI Phishing Websites,0,uci_group_004904,development,5.0
UCI::3087,UCI Phishing Websites,0,uci_group_000618,calibration,
UCI::3088,UCI Phishing Websites,1,uci_group_000221,development,1.0
UCI::3089,UCI Phishing Websites,1,uci_group_004989,development,3.0
UCI::3090,UCI Phishing Websites,0,uci_group_000657,development,2.0
UCI::3091,UCI Phishing Websites,1,uci_group_004760,development,5.0
UCI::3092,UCI Phishing Websites,0,uci_group_003351,development,4.0
UCI::3093,UCI Phishing Websites,0,uci_group_003559,calibration,
UCI::3094,UCI Phishing Websites,0,uci_group_003474,development,4.0
UCI::3095,UCI Phishing Websites,0,uci_group_005026,development,3.0
UCI::3096,UCI Phishing Websites,0,uci_group_000442,development,1.0
UCI::3097,UCI Phishing Websites,1,uci_group_005044,test,
UCI::3098,UCI Phishing Websites,1,uci_group_000268,calibration,
UCI::3099,UCI Phishing Websites,0,uci_group_004807,development,3.0
UCI::3100,UCI Phishing Websites,0,uci_group_005177,development,3.0
UCI::3101,UCI Phishing Websites,0,uci_group_001035,development,4.0
UCI::3102,UCI Phishing Websites,1,uci_group_003116,development,1.0
UCI::3103,UCI Phishing Websites,0,uci_group_004101,development,2.0
UCI::3104,UCI Phishing Websites,0,uci_group_004486,test,
UCI::3105,UCI Phishing Websites,0,uci_group_005294,development,4.0
UCI::3106,UCI Phishing Websites,0,uci_group_004006,development,5.0
UCI::3107,UCI Phishing Websites,1,uci_group_005122,development,5.0
UCI::3108,UCI Phishing Websites,1,uci_group_005041,development,1.0
UCI::3109,UCI Phishing Websites,0,uci_group_003414,development,4.0
UCI::3110,UCI Phishing Websites,0,uci_group_003092,development,4.0
UCI::3111,UCI Phishing Websites,0,uci_group_002836,development,4.0
UCI::3112,UCI Phishing Websites,1,uci_group_000315,development,1.0
UCI::3113,UCI Phishing Websites,1,uci_group_001820,development,3.0
UCI::3114,UCI Phishing Websites,1,uci_group_001434,development,2.0
UCI::3115,UCI Phishing Websites,0,uci_group_004970,test,
UCI::3116,UCI Phishing Websites,0,uci_group_003431,test,
UCI::3117,UCI Phishing Websites,1,uci_group_005262,development,2.0
UCI::3118,UCI Phishing Websites,0,uci_group_005424,development,3.0
UCI::3119,UCI Phishing Websites,0,uci_group_005687,development,4.0
UCI::3120,UCI Phishing Websites,1,uci_group_005398,test,
UCI::3121,UCI Phishing Websites,1,uci_group_002547,development,3.0
UCI::3122,UCI Phishing Websites,0,uci_group_002033,development,5.0
UCI::3123,UCI Phishing Websites,1,uci_group_001759,development,1.0
UCI::3124,UCI Phishing Websites,1,uci_group_002054,development,1.0
UCI::3125,UCI Phishing Websites,0,uci_group_003342,development,1.0
UCI::3126,UCI Phishing Websites,0,uci_group_002872,development,5.0
UCI::3127,UCI Phishing Websites,1,uci_group_001303,test,
UCI::3128,UCI Phishing Websites,1,uci_group_001832,development,5.0
UCI::3129,UCI Phishing Websites,1,uci_group_002070,development,5.0
UCI::3130,UCI Phishing Websites,0,uci_group_001130,calibration,
UCI::3131,UCI Phishing Websites,1,uci_group_000612,development,3.0
UCI::3132,UCI Phishing Websites,1,uci_group_003750,development,4.0
UCI::3133,UCI Phishing Websites,1,uci_group_000872,calibration,
UCI::3134,UCI Phishing Websites,0,uci_group_003890,development,2.0
UCI::3135,UCI Phishing Websites,0,uci_group_000292,development,4.0
UCI::3136,UCI Phishing Websites,0,uci_group_004039,test,
UCI::3137,UCI Phishing Websites,1,uci_group_002066,development,2.0
UCI::3138,UCI Phishing Websites,0,uci_group_004956,development,4.0
UCI::3139,UCI Phishing Websites,1,uci_group_003361,calibration,
UCI::3140,UCI Phishing Websites,0,uci_group_001710,development,1.0
UCI::3141,UCI Phishing Websites,1,uci_group_004448,calibration,
UCI::3142,UCI Phishing Websites,0,uci_group_001665,calibration,
UCI::3143,UCI Phishing Websites,0,uci_group_005028,development,3.0
UCI::3144,UCI Phishing Websites,0,uci_group_003638,calibration,
UCI::3145,UCI Phishing Websites,0,uci_group_002943,development,3.0
UCI::3146,UCI Phishing Websites,1,uci_group_002896,development,2.0
UCI::3147,UCI Phishing Websites,1,uci_group_005371,development,2.0
UCI::3148,UCI Phishing Websites,1,uci_group_004682,test,
UCI::3149,UCI Phishing Websites,1,uci_group_004415,development,3.0
UCI::3150,UCI Phishing Websites,0,uci_group_003063,development,4.0
UCI::3151,UCI Phishing Websites,0,uci_group_002715,development,4.0
UCI::3152,UCI Phishing Websites,0,uci_group_005535,development,2.0
UCI::3153,UCI Phishing Websites,0,uci_group_004146,development,4.0
UCI::3154,UCI Phishing Websites,1,uci_group_000779,development,2.0
UCI::3155,UCI Phishing Websites,0,uci_group_003872,development,5.0
UCI::3156,UCI Phishing Websites,1,uci_group_003103,development,4.0
UCI::3157,UCI Phishing Websites,1,uci_group_002225,development,5.0
UCI::3158,UCI Phishing Websites,0,uci_group_000544,development,2.0
UCI::3159,UCI Phishing Websites,1,uci_group_000818,development,5.0
UCI::3160,UCI Phishing Websites,1,uci_group_002619,calibration,
UCI::3161,UCI Phishing Websites,1,uci_group_000306,development,1.0
UCI::3162,UCI Phishing Websites,1,uci_group_001071,development,5.0
UCI::3163,UCI Phishing Websites,1,uci_group_005188,development,2.0
UCI::3164,UCI Phishing Websites,1,uci_group_000450,development,1.0
UCI::3165,UCI Phishing Websites,0,uci_group_003025,development,5.0
UCI::3166,UCI Phishing Websites,0,uci_group_002965,calibration,
UCI::3167,UCI Phishing Websites,0,uci_group_003681,development,4.0
UCI::3168,UCI Phishing Websites,0,uci_group_000083,test,
UCI::3169,UCI Phishing Websites,1,uci_group_001082,development,1.0
UCI::3170,UCI Phishing Websites,0,uci_group_000328,development,4.0
UCI::3171,UCI Phishing Websites,1,uci_group_004114,development,5.0
UCI::3172,UCI Phishing Websites,0,uci_group_004958,development,5.0
UCI::3173,UCI Phishing Websites,0,uci_group_002635,development,1.0
UCI::3174,UCI Phishing Websites,0,uci_group_005301,development,1.0
UCI::3175,UCI Phishing Websites,1,uci_group_002726,development,4.0
UCI::3176,UCI Phishing Websites,0,uci_group_003660,development,3.0
UCI::3177,UCI Phishing Websites,1,uci_group_002150,development,2.0
UCI::3178,UCI Phishing Websites,0,uci_group_002859,development,2.0
UCI::3179,UCI Phishing Websites,1,uci_group_003982,development,4.0
UCI::3180,UCI Phishing Websites,0,uci_group_004800,development,5.0
UCI::3181,UCI Phishing Websites,0,uci_group_003451,development,1.0
UCI::3182,UCI Phishing Websites,1,uci_group_002434,calibration,
UCI::3183,UCI Phishing Websites,1,uci_group_001723,calibration,
UCI::3184,UCI Phishing Websites,1,uci_group_005476,development,2.0
UCI::3185,UCI Phishing Websites,1,uci_group_001240,test,
UCI::3186,UCI Phishing Websites,1,uci_group_002209,test,
UCI::3187,UCI Phishing Websites,1,uci_group_002023,development,4.0
UCI::3188,UCI Phishing Websites,1,uci_group_005495,test,
UCI::3189,UCI Phishing Websites,1,uci_group_002897,development,4.0
UCI::3190,UCI Phishing Websites,0,uci_group_000717,calibration,
UCI::3191,UCI Phishing Websites,1,uci_group_005574,development,3.0
UCI::3192,UCI Phishing Websites,0,uci_group_002603,calibration,
UCI::3193,UCI Phishing Websites,0,uci_group_004212,test,
UCI::3194,UCI Phishing Websites,1,uci_group_003302,test,
UCI::3195,UCI Phishing Websites,0,uci_group_003477,development,3.0
UCI::3196,UCI Phishing Websites,1,uci_group_000659,test,
UCI::3197,UCI Phishing Websites,0,uci_group_004826,calibration,
UCI::3198,UCI Phishing Websites,1,uci_group_002808,test,
UCI::3199,UCI Phishing Websites,1,uci_group_003490,test,
UCI::3200,UCI Phishing Websites,0,uci_group_005366,calibration,
UCI::3201,UCI Phishing Websites,1,uci_group_000863,test,
UCI::3202,UCI Phishing Websites,0,uci_group_005633,calibration,
UCI::3203,UCI Phishing Websites,1,uci_group_004874,development,3.0
UCI::3204,UCI Phishing Websites,1,uci_group_003931,test,
UCI::3205,UCI Phishing Websites,0,uci_group_002305,development,2.0
UCI::3206,UCI Phishing Websites,0,uci_group_003573,test,
UCI::3207,UCI Phishing Websites,1,uci_group_002879,development,2.0
UCI::3208,UCI Phishing Websites,0,uci_group_002263,test,
UCI::3209,UCI Phishing Websites,1,uci_group_005008,development,1.0
UCI::3210,UCI Phishing Websites,1,uci_group_003340,development,3.0
UCI::3211,UCI Phishing Websites,0,uci_group_001700,development,2.0
UCI::3212,UCI Phishing Websites,0,uci_group_002186,development,4.0
UCI::3213,UCI Phishing Websites,1,uci_group_005661,development,1.0
UCI::3214,UCI Phishing Websites,1,uci_group_002868,development,3.0
UCI::3215,UCI Phishing Websites,0,uci_group_002234,development,2.0
UCI::3216,UCI Phishing Websites,1,uci_group_001294,development,4.0
UCI::3217,UCI Phishing Websites,0,uci_group_001141,development,4.0
UCI::3218,UCI Phishing Websites,0,uci_group_005650,development,4.0
UCI::3219,UCI Phishing Websites,0,uci_group_003653,development,2.0
UCI::3220,UCI Phishing Websites,0,uci_group_003972,calibration,
UCI::3221,UCI Phishing Websites,1,uci_group_001297,development,4.0
UCI::3222,UCI Phishing Websites,0,uci_group_004468,development,5.0
UCI::3223,UCI Phishing Websites,0,uci_group_001069,development,1.0
UCI::3224,UCI Phishing Websites,1,uci_group_001514,test,
UCI::3225,UCI Phishing Websites,0,uci_group_000493,development,2.0
UCI::3226,UCI Phishing Websites,1,uci_group_000185,development,1.0
UCI::3227,UCI Phishing Websites,0,uci_group_000697,calibration,
UCI::3228,UCI Phishing Websites,0,uci_group_004050,development,3.0
UCI::3229,UCI Phishing Websites,0,uci_group_002249,development,1.0
UCI::3230,UCI Phishing Websites,0,uci_group_000373,development,2.0
UCI::3231,UCI Phishing Websites,1,uci_group_003074,development,2.0
UCI::3232,UCI Phishing Websites,1,uci_group_001608,development,5.0
UCI::3233,UCI Phishing Websites,1,uci_group_004400,test,
UCI::3234,UCI Phishing Websites,0,uci_group_004030,calibration,
UCI::3235,UCI Phishing Websites,0,uci_group_004797,development,1.0
UCI::3236,UCI Phishing Websites,1,uci_group_005777,development,1.0
UCI::3237,UCI Phishing Websites,1,uci_group_004318,development,1.0
UCI::3238,UCI Phishing Websites,1,uci_group_005218,development,4.0
UCI::3239,UCI Phishing Websites,0,uci_group_003589,development,5.0
UCI::3240,UCI Phishing Websites,1,uci_group_004199,calibration,
UCI::3241,UCI Phishing Websites,1,uci_group_003794,development,3.0
UCI::3242,UCI Phishing Websites,0,uci_group_000683,development,3.0
UCI::3243,UCI Phishing Websites,0,uci_group_004474,development,2.0
UCI::3244,UCI Phishing Websites,1,uci_group_005356,development,1.0
UCI::3245,UCI Phishing Websites,1,uci_group_004010,development,5.0
UCI::3246,UCI Phishing Websites,0,uci_group_005354,development,1.0
UCI::3247,UCI Phishing Websites,1,uci_group_003470,test,
UCI::3248,UCI Phishing Websites,0,uci_group_000825,calibration,
UCI::3249,UCI Phishing Websites,1,uci_group_004087,calibration,
UCI::3250,UCI Phishing Websites,0,uci_group_004191,development,4.0
UCI::3251,UCI Phishing Websites,1,uci_group_000744,development,1.0
UCI::3252,UCI Phishing Websites,0,uci_group_003611,development,5.0
UCI::3253,UCI Phishing Websites,1,uci_group_003366,development,4.0
UCI::3254,UCI Phishing Websites,1,uci_group_003958,development,1.0
UCI::3255,UCI Phishing Websites,0,uci_group_000134,development,3.0
UCI::3256,UCI Phishing Websites,0,uci_group_003891,development,4.0
UCI::3257,UCI Phishing Websites,0,uci_group_005298,test,
UCI::3258,UCI Phishing Websites,1,uci_group_002151,development,3.0
UCI::3259,UCI Phishing Websites,0,uci_group_001197,development,4.0
UCI::3260,UCI Phishing Websites,0,uci_group_000449,development,1.0
UCI::3261,UCI Phishing Websites,1,uci_group_004699,calibration,
UCI::3262,UCI Phishing Websites,1,uci_group_000651,development,2.0
UCI::3263,UCI Phishing Websites,1,uci_group_001715,development,4.0
UCI::3264,UCI Phishing Websites,0,uci_group_004789,development,1.0
UCI::3265,UCI Phishing Websites,0,uci_group_005406,development,3.0
UCI::3266,UCI Phishing Websites,0,uci_group_004962,calibration,
UCI::3267,UCI Phishing Websites,1,uci_group_002671,development,5.0
UCI::3268,UCI Phishing Websites,0,uci_group_002365,calibration,
UCI::3269,UCI Phishing Websites,1,uci_group_000507,development,5.0
UCI::3270,UCI Phishing Websites,0,uci_group_000319,test,
UCI::3271,UCI Phishing Websites,0,uci_group_002204,development,5.0
UCI::3272,UCI Phishing Websites,0,uci_group_001787,calibration,
UCI::3273,UCI Phishing Websites,0,uci_group_003177,development,4.0
UCI::3274,UCI Phishing Websites,0,uci_group_004420,development,4.0
UCI::3275,UCI Phishing Websites,1,uci_group_001277,test,
UCI::3276,UCI Phishing Websites,1,uci_group_005475,development,1.0
UCI::3277,UCI Phishing Websites,1,uci_group_002028,development,1.0
UCI::3278,UCI Phishing Websites,0,uci_group_004893,development,2.0
UCI::3279,UCI Phishing Websites,1,uci_group_000687,development,4.0
UCI::3280,UCI Phishing Websites,0,uci_group_000996,development,5.0
UCI::3281,UCI Phishing Websites,0,uci_group_004725,calibration,
UCI::3282,UCI Phishing Websites,0,uci_group_001230,development,3.0
UCI::3283,UCI Phishing Websites,0,uci_group_002470,development,1.0
UCI::3284,UCI Phishing Websites,0,uci_group_000485,development,5.0
UCI::3285,UCI Phishing Websites,1,uci_group_004442,test,
UCI::3286,UCI Phishing Websites,1,uci_group_001910,development,4.0
UCI::3287,UCI Phishing Websites,0,uci_group_003843,development,4.0
UCI::3288,UCI Phishing Websites,0,uci_group_004651,development,5.0
UCI::3289,UCI Phishing Websites,0,uci_group_001036,development,4.0
UCI::3290,UCI Phishing Websites,0,uci_group_004346,test,
UCI::3291,UCI Phishing Websites,0,uci_group_005604,development,5.0
UCI::3292,UCI Phishing Websites,1,uci_group_002636,test,
UCI::3293,UCI Phishing Websites,1,uci_group_003813,test,
UCI::3294,UCI Phishing Websites,1,uci_group_003868,development,2.0
UCI::3295,UCI Phishing Websites,1,uci_group_005582,calibration,
UCI::3296,UCI Phishing Websites,0,uci_group_001724,development,4.0
UCI::3297,UCI Phishing Websites,1,uci_group_002052,development,1.0
UCI::3298,UCI Phishing Websites,1,uci_group_004430,development,4.0
UCI::3299,UCI Phishing Websites,1,uci_group_000740,development,1.0
UCI::3300,UCI Phishing Websites,0,uci_group_002176,development,2.0
UCI::3301,UCI Phishing Websites,1,uci_group_004232,development,2.0
UCI::3302,UCI Phishing Websites,1,uci_group_000563,development,3.0
UCI::3303,UCI Phishing Websites,0,uci_group_005237,calibration,
UCI::3304,UCI Phishing Websites,0,uci_group_001492,test,
UCI::3305,UCI Phishing Websites,0,uci_group_000049,test,
UCI::3306,UCI Phishing Websites,0,uci_group_003346,development,3.0
UCI::3307,UCI Phishing Websites,1,uci_group_005292,calibration,
UCI::3308,UCI Phishing Websites,0,uci_group_003609,development,4.0
UCI::3309,UCI Phishing Websites,1,uci_group_003694,development,4.0
UCI::3310,UCI Phishing Websites,0,uci_group_001386,development,3.0
UCI::3311,UCI Phishing Websites,1,uci_group_002116,development,3.0
UCI::3312,UCI Phishing Websites,1,uci_group_000169,development,3.0
UCI::3313,UCI Phishing Websites,0,uci_group_003986,development,1.0
UCI::3314,UCI Phishing Websites,1,uci_group_002484,calibration,
UCI::3315,UCI Phishing Websites,0,uci_group_005739,test,
UCI::3316,UCI Phishing Websites,0,uci_group_005397,calibration,
UCI::3317,UCI Phishing Websites,1,uci_group_001324,development,4.0
UCI::3318,UCI Phishing Websites,1,uci_group_003568,calibration,
UCI::3319,UCI Phishing Websites,1,uci_group_005254,test,
UCI::3320,UCI Phishing Websites,1,uci_group_003081,development,3.0
UCI::3321,UCI Phishing Websites,0,uci_group_004911,calibration,
UCI::3322,UCI Phishing Websites,0,uci_group_001389,development,4.0
UCI::3323,UCI Phishing Websites,1,uci_group_002185,development,4.0
UCI::3324,UCI Phishing Websites,1,uci_group_004357,development,4.0
UCI::3325,UCI Phishing Websites,0,uci_group_003314,development,4.0
UCI::3326,UCI Phishing Websites,1,uci_group_005701,development,2.0
UCI::3327,UCI Phishing Websites,1,uci_group_002130,test,
UCI::3328,UCI Phishing Websites,0,uci_group_004432,development,5.0
UCI::3329,UCI Phishing Websites,0,uci_group_003459,development,3.0
UCI::3330,UCI Phishing Websites,0,uci_group_001999,development,3.0
UCI::3331,UCI Phishing Websites,1,uci_group_004126,development,5.0
UCI::3332,UCI Phishing Websites,0,uci_group_004491,development,3.0
UCI::3333,UCI Phishing Websites,1,uci_group_005279,development,2.0
UCI::3334,UCI Phishing Websites,1,uci_group_004545,development,2.0
UCI::3335,UCI Phishing Websites,1,uci_group_000874,development,4.0
UCI::3336,UCI Phishing Websites,1,uci_group_004163,development,3.0
UCI::3337,UCI Phishing Websites,0,uci_group_002156,test,
UCI::3338,UCI Phishing Websites,1,uci_group_002638,development,1.0
UCI::3339,UCI Phishing Websites,1,uci_group_002977,calibration,
UCI::3340,UCI Phishing Websites,0,uci_group_003186,calibration,
UCI::3341,UCI Phishing Websites,0,uci_group_000022,test,
UCI::3342,UCI Phishing Websites,1,uci_group_002161,development,1.0
UCI::3343,UCI Phishing Websites,1,uci_group_000408,development,3.0
UCI::3344,UCI Phishing Websites,1,uci_group_004934,development,4.0
UCI::3345,UCI Phishing Websites,1,uci_group_001078,development,2.0
UCI::3346,UCI Phishing Websites,1,uci_group_001559,test,
UCI::3347,UCI Phishing Websites,1,uci_group_001393,calibration,
UCI::3348,UCI Phishing Websites,1,uci_group_000282,development,4.0
UCI::3349,UCI Phishing Websites,1,uci_group_004761,calibration,
UCI::3350,UCI Phishing Websites,0,uci_group_000405,development,2.0
UCI::3351,UCI Phishing Websites,0,uci_group_004518,test,
UCI::3352,UCI Phishing Websites,0,uci_group_001765,development,1.0
UCI::3353,UCI Phishing Websites,1,uci_group_005090,development,5.0
UCI::3354,UCI Phishing Websites,0,uci_group_002549,development,4.0
UCI::3355,UCI Phishing Websites,1,uci_group_002462,development,3.0
UCI::3356,UCI Phishing Websites,1,uci_group_002803,calibration,
UCI::3357,UCI Phishing Websites,0,uci_group_002966,development,5.0
UCI::3358,UCI Phishing Websites,1,uci_group_003700,test,
UCI::3359,UCI Phishing Websites,1,uci_group_004133,calibration,
UCI::3360,UCI Phishing Websites,0,uci_group_005613,development,3.0
UCI::3361,UCI Phishing Websites,1,uci_group_005181,development,1.0
UCI::3362,UCI Phishing Websites,0,uci_group_000735,development,4.0
UCI::3363,UCI Phishing Websites,0,uci_group_003630,calibration,
UCI::3364,UCI Phishing Websites,0,uci_group_001380,development,4.0
UCI::3365,UCI Phishing Websites,1,uci_group_000578,development,4.0
UCI::3366,UCI Phishing Websites,1,uci_group_003228,development,2.0
UCI::3367,UCI Phishing Websites,1,uci_group_001076,development,4.0
UCI::3368,UCI Phishing Websites,0,uci_group_005688,test,
UCI::3369,UCI Phishing Websites,0,uci_group_000821,development,2.0
UCI::3370,UCI Phishing Websites,1,uci_group_002927,development,1.0
UCI::3371,UCI Phishing Websites,0,uci_group_002798,development,4.0
UCI::3372,UCI Phishing Websites,0,uci_group_003662,development,3.0
UCI::3373,UCI Phishing Websites,1,uci_group_004791,development,3.0
UCI::3374,UCI Phishing Websites,1,uci_group_002477,development,2.0
UCI::3375,UCI Phishing Websites,0,uci_group_002203,calibration,
UCI::3376,UCI Phishing Websites,1,uci_group_005541,development,3.0
UCI::3377,UCI Phishing Websites,1,uci_group_002531,calibration,
UCI::3378,UCI Phishing Websites,1,uci_group_005394,development,4.0
UCI::3379,UCI Phishing Websites,1,uci_group_002941,development,1.0
UCI::3380,UCI Phishing Websites,0,uci_group_004873,development,4.0
UCI::3381,UCI Phishing Websites,1,uci_group_005532,development,1.0
UCI::3382,UCI Phishing Websites,0,uci_group_001930,development,1.0
UCI::3383,UCI Phishing Websites,1,uci_group_005525,development,2.0
UCI::3384,UCI Phishing Websites,0,uci_group_000879,development,4.0
UCI::3385,UCI Phishing Websites,1,uci_group_000422,development,3.0
UCI::3386,UCI Phishing Websites,1,uci_group_000347,development,5.0
UCI::3387,UCI Phishing Websites,1,uci_group_005321,development,2.0
UCI::3388,UCI Phishing Websites,1,uci_group_005112,test,
UCI::3389,UCI Phishing Websites,1,uci_group_003965,development,4.0
UCI::3390,UCI Phishing Websites,0,uci_group_002612,test,
UCI::3391,UCI Phishing Websites,0,uci_group_000543,test,
UCI::3392,UCI Phishing Websites,0,uci_group_005310,development,3.0
UCI::3393,UCI Phishing Websites,0,uci_group_004200,development,4.0
UCI::3394,UCI Phishing Websites,1,uci_group_001275,test,
UCI::3395,UCI Phishing Websites,0,uci_group_002268,development,1.0
UCI::3396,UCI Phishing Websites,1,uci_group_002454,development,2.0
UCI::3397,UCI Phishing Websites,0,uci_group_004153,test,
UCI::3398,UCI Phishing Websites,1,uci_group_002527,development,5.0
UCI::3399,UCI Phishing Websites,1,uci_group_003584,test,
UCI::3400,UCI Phishing Websites,1,uci_group_000829,development,2.0
UCI::3401,UCI Phishing Websites,1,uci_group_005073,development,3.0
UCI::3402,UCI Phishing Websites,0,uci_group_000696,development,5.0
UCI::3403,UCI Phishing Websites,0,uci_group_000998,test,
UCI::3404,UCI Phishing Websites,0,uci_group_003967,development,2.0
UCI::3405,UCI Phishing Websites,1,uci_group_001489,development,1.0
UCI::3406,UCI Phishing Websites,0,uci_group_000367,calibration,
UCI::3407,UCI Phishing Websites,0,uci_group_000066,development,3.0
UCI::3408,UCI Phishing Websites,0,uci_group_003158,test,
UCI::3409,UCI Phishing Websites,1,uci_group_004778,development,5.0
UCI::3410,UCI Phishing Websites,0,uci_group_000460,calibration,
UCI::3411,UCI Phishing Websites,0,uci_group_002744,development,1.0
UCI::3412,UCI Phishing Websites,1,uci_group_005399,development,2.0
UCI::3413,UCI Phishing Websites,0,uci_group_002953,development,4.0
UCI::3414,UCI Phishing Websites,1,uci_group_001639,development,2.0
UCI::3415,UCI Phishing Websites,1,uci_group_000607,development,1.0
UCI::3416,UCI Phishing Websites,1,uci_group_001445,development,5.0
UCI::3417,UCI Phishing Websites,0,uci_group_004263,development,4.0
UCI::3418,UCI Phishing Websites,0,uci_group_000327,development,5.0
UCI::3419,UCI Phishing Websites,0,uci_group_001603,development,1.0
UCI::3420,UCI Phishing Websites,0,uci_group_005448,development,1.0
UCI::3421,UCI Phishing Websites,0,uci_group_005409,development,5.0
UCI::3422,UCI Phishing Websites,1,uci_group_005161,development,5.0
UCI::3423,UCI Phishing Websites,1,uci_group_003384,test,
UCI::3424,UCI Phishing Websites,0,uci_group_004078,development,4.0
UCI::3425,UCI Phishing Websites,1,uci_group_001363,development,5.0
UCI::3426,UCI Phishing Websites,0,uci_group_003278,development,4.0
UCI::3427,UCI Phishing Websites,1,uci_group_000103,development,4.0
UCI::3428,UCI Phishing Websites,1,uci_group_004141,test,
UCI::3429,UCI Phishing Websites,1,uci_group_004732,test,
UCI::3430,UCI Phishing Websites,1,uci_group_000977,development,1.0
UCI::3431,UCI Phishing Websites,1,uci_group_003768,test,
UCI::3432,UCI Phishing Websites,1,uci_group_003371,development,1.0
UCI::3433,UCI Phishing Websites,1,uci_group_003691,test,
UCI::3434,UCI Phishing Websites,0,uci_group_003858,development,5.0
UCI::3435,UCI Phishing Websites,0,uci_group_005732,test,
UCI::3436,UCI Phishing Websites,1,uci_group_001330,development,3.0
UCI::3437,UCI Phishing Websites,0,uci_group_000316,development,2.0
UCI::3438,UCI Phishing Websites,1,uci_group_002915,development,2.0
UCI::3439,UCI Phishing Websites,1,uci_group_005049,development,4.0
UCI::3440,UCI Phishing Websites,1,uci_group_001781,development,4.0
UCI::3441,UCI Phishing Websites,0,uci_group_001756,calibration,
UCI::3442,UCI Phishing Websites,0,uci_group_000304,test,
UCI::3443,UCI Phishing Websites,0,uci_group_003491,calibration,
UCI::3444,UCI Phishing Websites,1,uci_group_004715,development,1.0
UCI::3445,UCI Phishing Websites,0,uci_group_004613,development,3.0
UCI::3446,UCI Phishing Websites,1,uci_group_001278,development,4.0
UCI::3447,UCI Phishing Websites,0,uci_group_004966,development,2.0
UCI::3448,UCI Phishing Websites,0,uci_group_002452,development,5.0
UCI::3449,UCI Phishing Websites,0,uci_group_000552,development,4.0
UCI::3450,UCI Phishing Websites,1,uci_group_004568,development,1.0
UCI::3451,UCI Phishing Websites,1,uci_group_003016,development,4.0
UCI::3452,UCI Phishing Websites,1,uci_group_001006,development,5.0
UCI::3453,UCI Phishing Websites,1,uci_group_003106,test,
UCI::3454,UCI Phishing Websites,1,uci_group_003167,development,1.0
UCI::3455,UCI Phishing Websites,0,uci_group_002084,development,5.0
UCI::3456,UCI Phishing Websites,0,uci_group_004244,test,
UCI::3457,UCI Phishing Websites,1,uci_group_002069,development,1.0
UCI::3458,UCI Phishing Websites,1,uci_group_000753,development,4.0
UCI::3459,UCI Phishing Websites,0,uci_group_003997,development,1.0
UCI::3460,UCI Phishing Websites,0,uci_group_000104,development,4.0
UCI::3461,UCI Phishing Websites,0,uci_group_002600,test,
UCI::3462,UCI Phishing Websites,0,uci_group_004023,development,5.0
UCI::3463,UCI Phishing Websites,0,uci_group_002615,development,3.0
UCI::3464,UCI Phishing Websites,1,uci_group_004213,calibration,
UCI::3465,UCI Phishing Websites,0,uci_group_003348,test,
UCI::3466,UCI Phishing Websites,0,uci_group_003276,test,
UCI::3467,UCI Phishing Websites,1,uci_group_002525,development,4.0
UCI::3468,UCI Phishing Websites,1,uci_group_003791,development,3.0
UCI::3469,UCI Phishing Websites,1,uci_group_005272,development,1.0
UCI::3470,UCI Phishing Websites,1,uci_group_001637,development,2.0
UCI::3471,UCI Phishing Websites,1,uci_group_001289,development,2.0
UCI::3472,UCI Phishing Websites,0,uci_group_000580,development,3.0
UCI::3473,UCI Phishing Websites,0,uci_group_004582,development,2.0
UCI::3474,UCI Phishing Websites,0,uci_group_001880,development,2.0
UCI::3475,UCI Phishing Websites,1,uci_group_003603,development,4.0
UCI::3476,UCI Phishing Websites,0,uci_group_000156,development,4.0
UCI::3477,UCI Phishing Websites,0,uci_group_002837,development,3.0
UCI::3478,UCI Phishing Websites,1,uci_group_004444,development,1.0
UCI::3479,UCI Phishing Websites,1,uci_group_004756,calibration,
UCI::3480,UCI Phishing Websites,0,uci_group_005351,development,2.0
UCI::3481,UCI Phishing Websites,0,uci_group_002973,development,4.0
UCI::3482,UCI Phishing Websites,0,uci_group_003343,test,
UCI::3483,UCI Phishing Websites,1,uci_group_001756,calibration,
UCI::3484,UCI Phishing Websites,0,uci_group_000227,development,4.0
UCI::3485,UCI Phishing Websites,0,uci_group_003412,development,2.0
UCI::3486,UCI Phishing Websites,0,uci_group_000632,development,4.0
UCI::3487,UCI Phishing Websites,0,uci_group_003539,test,
UCI::3488,UCI Phishing Websites,1,uci_group_003704,development,1.0
UCI::3489,UCI Phishing Websites,0,uci_group_003334,test,
UCI::3490,UCI Phishing Websites,0,uci_group_002668,development,3.0
UCI::3491,UCI Phishing Websites,0,uci_group_001802,calibration,
UCI::3492,UCI Phishing Websites,0,uci_group_005083,calibration,
UCI::3493,UCI Phishing Websites,1,uci_group_002085,test,
UCI::3494,UCI Phishing Websites,0,uci_group_001835,development,3.0
UCI::3495,UCI Phishing Websites,1,uci_group_003882,development,1.0
UCI::3496,UCI Phishing Websites,0,uci_group_003172,development,3.0
UCI::3497,UCI Phishing Websites,0,uci_group_000348,test,
UCI::3498,UCI Phishing Websites,0,uci_group_001186,development,1.0
UCI::3499,UCI Phishing Websites,1,uci_group_002707,development,4.0
UCI::3500,UCI Phishing Websites,1,uci_group_001743,development,2.0
UCI::3501,UCI Phishing Websites,1,uci_group_001748,development,1.0
UCI::3502,UCI Phishing Websites,0,uci_group_005030,development,1.0
UCI::3503,UCI Phishing Websites,1,uci_group_003017,development,5.0
UCI::3504,UCI Phishing Websites,0,uci_group_005500,test,
UCI::3505,UCI Phishing Websites,0,uci_group_005219,development,2.0
UCI::3506,UCI Phishing Websites,1,uci_group_003973,development,4.0
UCI::3507,UCI Phishing Websites,0,uci_group_004656,development,4.0
UCI::3508,UCI Phishing Websites,0,uci_group_004895,calibration,
UCI::3509,UCI Phishing Websites,0,uci_group_000141,test,
UCI::3510,UCI Phishing Websites,1,uci_group_000087,calibration,
UCI::3511,UCI Phishing Websites,1,uci_group_000002,development,1.0
UCI::3512,UCI Phishing Websites,0,uci_group_000654,development,1.0
UCI::3513,UCI Phishing Websites,1,uci_group_005668,calibration,
UCI::3514,UCI Phishing Websites,1,uci_group_003362,development,4.0
UCI::3515,UCI Phishing Websites,1,uci_group_005503,development,3.0
UCI::3516,UCI Phishing Websites,1,uci_group_001866,calibration,
UCI::3517,UCI Phishing Websites,1,uci_group_001834,development,2.0
UCI::3518,UCI Phishing Websites,0,uci_group_003127,calibration,
UCI::3519,UCI Phishing Websites,0,uci_group_005057,development,4.0
UCI::3520,UCI Phishing Websites,0,uci_group_003776,development,5.0
UCI::3521,UCI Phishing Websites,0,uci_group_001484,development,2.0
UCI::3522,UCI Phishing Websites,0,uci_group_004393,development,5.0
UCI::3523,UCI Phishing Websites,1,uci_group_002347,development,2.0
UCI::3524,UCI Phishing Websites,0,uci_group_002835,development,5.0
UCI::3525,UCI Phishing Websites,0,uci_group_002168,development,4.0
UCI::3526,UCI Phishing Websites,0,uci_group_002674,test,
UCI::3527,UCI Phishing Websites,1,uci_group_001309,development,4.0
UCI::3528,UCI Phishing Websites,1,uci_group_000650,development,2.0
UCI::3529,UCI Phishing Websites,0,uci_group_000609,development,2.0
UCI::3530,UCI Phishing Websites,0,uci_group_004179,test,
UCI::3531,UCI Phishing Websites,0,uci_group_002436,calibration,
UCI::3532,UCI Phishing Websites,0,uci_group_004523,development,3.0
UCI::3533,UCI Phishing Websites,0,uci_group_001455,development,2.0
UCI::3534,UCI Phishing Websites,1,uci_group_001157,development,5.0
UCI::3535,UCI Phishing Websites,0,uci_group_000743,development,2.0
UCI::3536,UCI Phishing Websites,0,uci_group_000145,development,1.0
UCI::3537,UCI Phishing Websites,0,uci_group_004500,development,2.0
UCI::3538,UCI Phishing Websites,1,uci_group_004439,development,2.0
UCI::3539,UCI Phishing Websites,0,uci_group_003300,test,
UCI::3540,UCI Phishing Websites,0,uci_group_004920,development,1.0
UCI::3541,UCI Phishing Websites,1,uci_group_004538,development,3.0
UCI::3542,UCI Phishing Websites,0,uci_group_002886,development,1.0
UCI::3543,UCI Phishing Websites,1,uci_group_000237,calibration,
UCI::3544,UCI Phishing Websites,1,uci_group_003195,development,5.0
UCI::3545,UCI Phishing Websites,0,uci_group_000054,development,1.0
UCI::3546,UCI Phishing Websites,1,uci_group_004286,development,1.0
UCI::3547,UCI Phishing Websites,0,uci_group_005782,development,1.0
UCI::3548,UCI Phishing Websites,1,uci_group_000627,development,5.0
UCI::3549,UCI Phishing Websites,0,uci_group_003655,development,5.0
UCI::3550,UCI Phishing Websites,0,uci_group_000882,development,3.0
UCI::3551,UCI Phishing Websites,1,uci_group_000804,development,4.0
UCI::3552,UCI Phishing Websites,0,uci_group_005050,development,4.0
UCI::3553,UCI Phishing Websites,1,uci_group_005182,development,3.0
UCI::3554,UCI Phishing Websites,1,uci_group_000146,development,4.0
UCI::3555,UCI Phishing Websites,1,uci_group_001798,test,
UCI::3556,UCI Phishing Websites,1,uci_group_002934,test,
UCI::3557,UCI Phishing Websites,1,uci_group_004103,calibration,
UCI::3558,UCI Phishing Websites,1,uci_group_005411,development,2.0
UCI::3559,UCI Phishing Websites,1,uci_group_003607,test,
UCI::3560,UCI Phishing Websites,1,uci_group_001729,development,2.0
UCI::3561,UCI Phishing Websites,0,uci_group_005761,development,4.0
UCI::3562,UCI Phishing Websites,0,uci_group_003153,development,5.0
UCI::3563,UCI Phishing Websites,0,uci_group_004995,development,4.0
UCI::3564,UCI Phishing Websites,1,uci_group_003996,development,4.0
UCI::3565,UCI Phishing Websites,1,uci_group_002077,calibration,
UCI::3566,UCI Phishing Websites,0,uci_group_005175,development,1.0
UCI::3567,UCI Phishing Websites,1,uci_group_004952,development,4.0
UCI::3568,UCI Phishing Websites,1,uci_group_002012,development,2.0
UCI::3569,UCI Phishing Websites,0,uci_group_002026,test,
UCI::3570,UCI Phishing Websites,1,uci_group_001065,development,2.0
UCI::3571,UCI Phishing Websites,0,uci_group_003023,development,5.0
UCI::3572,UCI Phishing Websites,0,uci_group_000271,development,4.0
UCI::3573,UCI Phishing Websites,1,uci_group_001994,test,
UCI::3574,UCI Phishing Websites,1,uci_group_005176,development,5.0
UCI::3575,UCI Phishing Websites,1,uci_group_002613,development,2.0
UCI::3576,UCI Phishing Websites,0,uci_group_003000,development,5.0
UCI::3577,UCI Phishing Websites,1,uci_group_002098,development,1.0
UCI::3578,UCI Phishing Websites,1,uci_group_003318,test,
UCI::3579,UCI Phishing Websites,1,uci_group_003283,test,
UCI::3580,UCI Phishing Websites,0,uci_group_002758,development,3.0
UCI::3581,UCI Phishing Websites,1,uci_group_000594,development,2.0
UCI::3582,UCI Phishing Websites,0,uci_group_004682,test,
UCI::3583,UCI Phishing Websites,0,uci_group_003873,development,3.0
UCI::3584,UCI Phishing Websites,0,uci_group_004708,development,4.0
UCI::3585,UCI Phishing Websites,1,uci_group_003159,development,1.0
UCI::3586,UCI Phishing Websites,1,uci_group_004093,development,5.0
UCI::3587,UCI Phishing Websites,1,uci_group_001884,calibration,
UCI::3588,UCI Phishing Websites,0,uci_group_004260,development,2.0
UCI::3589,UCI Phishing Websites,1,uci_group_004135,development,5.0
UCI::3590,UCI Phishing Websites,1,uci_group_003988,test,
UCI::3591,UCI Phishing Websites,1,uci_group_004279,development,5.0
UCI::3592,UCI Phishing Websites,1,uci_group_003168,development,1.0
UCI::3593,UCI Phishing Websites,1,uci_group_003286,development,2.0
UCI::3594,UCI Phishing Websites,1,uci_group_005068,development,5.0
UCI::3595,UCI Phishing Websites,1,uci_group_004918,development,3.0
UCI::3596,UCI Phishing Websites,0,uci_group_002812,development,1.0
UCI::3597,UCI Phishing Websites,1,uci_group_004830,development,1.0
UCI::3598,UCI Phishing Websites,0,uci_group_001560,development,5.0
UCI::3599,UCI Phishing Websites,0,uci_group_001846,development,5.0
UCI::3600,UCI Phishing Websites,1,uci_group_005712,development,5.0
UCI::3601,UCI Phishing Websites,1,uci_group_001936,calibration,
UCI::3602,UCI Phishing Websites,0,uci_group_002181,calibration,
UCI::3603,UCI Phishing Websites,1,uci_group_003581,development,2.0
UCI::3604,UCI Phishing Websites,1,uci_group_001224,test,
UCI::3605,UCI Phishing Websites,0,uci_group_002483,development,1.0
UCI::3606,UCI Phishing Websites,0,uci_group_003746,development,4.0
UCI::3607,UCI Phishing Websites,1,uci_group_002919,test,
UCI::3608,UCI Phishing Websites,0,uci_group_003135,development,1.0
UCI::3609,UCI Phishing Websites,0,uci_group_004601,development,3.0
UCI::3610,UCI Phishing Websites,1,uci_group_002763,development,4.0
UCI::3611,UCI Phishing Websites,1,uci_group_000537,development,3.0
UCI::3612,UCI Phishing Websites,0,uci_group_004722,calibration,
UCI::3613,UCI Phishing Websites,0,uci_group_003754,development,4.0
UCI::3614,UCI Phishing Websites,1,uci_group_003183,development,4.0
UCI::3615,UCI Phishing Websites,1,uci_group_000244,development,5.0
UCI::3616,UCI Phishing Websites,1,uci_group_005674,development,2.0
UCI::3617,UCI Phishing Websites,1,uci_group_005027,development,2.0
UCI::3618,UCI Phishing Websites,0,uci_group_005705,development,4.0
UCI::3619,UCI Phishing Websites,1,uci_group_002713,development,4.0
UCI::3620,UCI Phishing Websites,1,uci_group_004854,development,5.0
UCI::3621,UCI Phishing Websites,1,uci_group_000067,development,4.0
UCI::3622,UCI Phishing Websites,1,uci_group_000546,development,5.0
UCI::3623,UCI Phishing Websites,0,uci_group_002183,development,3.0
UCI::3624,UCI Phishing Websites,1,uci_group_002696,development,1.0
UCI::3625,UCI Phishing Websites,0,uci_group_005576,development,5.0
UCI::3626,UCI Phishing Websites,1,uci_group_000285,test,
UCI::3627,UCI Phishing Websites,0,uci_group_001966,development,3.0
UCI::3628,UCI Phishing Websites,0,uci_group_003349,development,3.0
UCI::3629,UCI Phishing Websites,1,uci_group_005408,test,
UCI::3630,UCI Phishing Websites,0,uci_group_003821,calibration,
UCI::3631,UCI Phishing Websites,1,uci_group_004405,development,4.0
UCI::3632,UCI Phishing Websites,0,uci_group_002090,development,5.0
UCI::3633,UCI Phishing Websites,0,uci_group_003140,test,
UCI::3634,UCI Phishing Websites,1,uci_group_000396,test,
UCI::3635,UCI Phishing Websites,1,uci_group_005369,calibration,
UCI::3636,UCI Phishing Websites,0,uci_group_000065,calibration,
UCI::3637,UCI Phishing Websites,1,uci_group_003100,calibration,
UCI::3638,UCI Phishing Websites,0,uci_group_001288,development,1.0
UCI::3639,UCI Phishing Websites,1,uci_group_001526,development,5.0
UCI::3640,UCI Phishing Websites,1,uci_group_000731,development,5.0
UCI::3641,UCI Phishing Websites,1,uci_group_003740,calibration,
UCI::3642,UCI Phishing Websites,1,uci_group_003626,development,4.0
UCI::3643,UCI Phishing Websites,1,uci_group_001510,development,3.0
UCI::3644,UCI Phishing Websites,1,uci_group_003548,development,1.0
UCI::3645,UCI Phishing Websites,0,uci_group_005094,development,4.0
UCI::3646,UCI Phishing Websites,1,uci_group_004926,calibration,
UCI::3647,UCI Phishing Websites,0,uci_group_003764,development,4.0
UCI::3648,UCI Phishing Websites,1,uci_group_003212,test,
UCI::3649,UCI Phishing Websites,1,uci_group_003455,test,
UCI::3650,UCI Phishing Websites,0,uci_group_002190,development,3.0
UCI::3651,UCI Phishing Websites,1,uci_group_003969,development,1.0
UCI::3652,UCI Phishing Websites,0,uci_group_004300,test,
UCI::3653,UCI Phishing Websites,1,uci_group_002048,development,1.0
UCI::3654,UCI Phishing Websites,0,uci_group_003004,development,3.0
UCI::3655,UCI Phishing Websites,1,uci_group_000403,development,4.0
UCI::3656,UCI Phishing Websites,1,uci_group_000407,development,1.0
UCI::3657,UCI Phishing Websites,1,uci_group_000664,development,1.0
UCI::3658,UCI Phishing Websites,0,uci_group_003381,development,5.0
UCI::3659,UCI Phishing Websites,1,uci_group_005526,development,1.0
UCI::3660,UCI Phishing Websites,1,uci_group_003005,development,4.0
UCI::3661,UCI Phishing Websites,0,uci_group_005288,development,3.0
UCI::3662,UCI Phishing Websites,0,uci_group_000762,development,1.0
UCI::3663,UCI Phishing Websites,0,uci_group_005082,development,5.0
UCI::3664,UCI Phishing Websites,1,uci_group_001376,test,
UCI::3665,UCI Phishing Websites,0,uci_group_005449,development,2.0
UCI::3666,UCI Phishing Websites,1,uci_group_005389,calibration,
UCI::3667,UCI Phishing Websites,1,uci_group_002343,calibration,
UCI::3668,UCI Phishing Websites,1,uci_group_002582,development,3.0
UCI::3669,UCI Phishing Websites,0,uci_group_002948,development,4.0
UCI::3670,UCI Phishing Websites,1,uci_group_002987,development,2.0
UCI::3671,UCI Phishing Websites,0,uci_group_003041,calibration,
UCI::3672,UCI Phishing Websites,1,uci_group_004111,development,2.0
UCI::3673,UCI Phishing Websites,0,uci_group_003047,development,1.0
UCI::3674,UCI Phishing Websites,1,uci_group_000488,development,5.0
UCI::3675,UCI Phishing Websites,0,uci_group_001359,test,
UCI::3676,UCI Phishing Websites,1,uci_group_001220,development,2.0
UCI::3677,UCI Phishing Websites,1,uci_group_000132,development,1.0
UCI::3678,UCI Phishing Websites,1,uci_group_005232,calibration,
UCI::3679,UCI Phishing Websites,1,uci_group_002823,development,5.0
UCI::3680,UCI Phishing Websites,0,uci_group_002270,development,1.0
UCI::3681,UCI Phishing Websites,1,uci_group_005291,development,3.0
UCI::3682,UCI Phishing Websites,1,uci_group_003556,test,
UCI::3683,UCI Phishing Websites,0,uci_group_000813,development,5.0
UCI::3684,UCI Phishing Websites,1,uci_group_003482,development,1.0
UCI::3685,UCI Phishing Websites,1,uci_group_003528,development,5.0
UCI::3686,UCI Phishing Websites,1,uci_group_002829,calibration,
UCI::3687,UCI Phishing Websites,1,uci_group_000630,test,
UCI::3688,UCI Phishing Websites,1,uci_group_003110,calibration,
UCI::3689,UCI Phishing Websites,1,uci_group_003376,development,2.0
UCI::3690,UCI Phishing Websites,1,uci_group_005653,calibration,
UCI::3691,UCI Phishing Websites,1,uci_group_001399,calibration,
UCI::3692,UCI Phishing Websites,1,uci_group_005230,calibration,
UCI::3693,UCI Phishing Websites,1,uci_group_001064,test,
UCI::3694,UCI Phishing Websites,1,uci_group_001878,development,1.0
UCI::3695,UCI Phishing Websites,1,uci_group_004917,development,5.0
UCI::3696,UCI Phishing Websites,1,uci_group_000390,development,4.0
UCI::3697,UCI Phishing Websites,1,uci_group_003725,development,2.0
UCI::3698,UCI Phishing Websites,1,uci_group_004031,development,2.0
UCI::3699,UCI Phishing Websites,0,uci_group_003330,calibration,
UCI::3700,UCI Phishing Websites,1,uci_group_003407,development,1.0
UCI::3701,UCI Phishing Websites,0,uci_group_003676,calibration,
UCI::3702,UCI Phishing Websites,1,uci_group_001360,development,2.0
UCI::3703,UCI Phishing Websites,1,uci_group_003191,development,2.0
UCI::3704,UCI Phishing Websites,0,uci_group_002197,development,3.0
UCI::3705,UCI Phishing Websites,0,uci_group_000165,calibration,
UCI::3706,UCI Phishing Websites,0,uci_group_004140,development,1.0
UCI::3707,UCI Phishing Websites,0,uci_group_002491,development,3.0
UCI::3708,UCI Phishing Websites,1,uci_group_002827,test,
UCI::3709,UCI Phishing Websites,0,uci_group_003073,development,4.0
UCI::3710,UCI Phishing Websites,1,uci_group_005778,test,
UCI::3711,UCI Phishing Websites,0,uci_group_002633,development,1.0
UCI::3712,UCI Phishing Websites,1,uci_group_004982,test,
UCI::3713,UCI Phishing Websites,0,uci_group_005652,calibration,
UCI::3714,UCI Phishing Websites,0,uci_group_003181,development,4.0
UCI::3715,UCI Phishing Websites,0,uci_group_002680,development,4.0
UCI::3716,UCI Phishing Websites,1,uci_group_001783,development,3.0
UCI::3717,UCI Phishing Websites,0,uci_group_000406,test,
UCI::3718,UCI Phishing Websites,1,uci_group_000956,calibration,
UCI::3719,UCI Phishing Websites,0,uci_group_002368,development,4.0
UCI::3720,UCI Phishing Websites,1,uci_group_003377,calibration,
UCI::3721,UCI Phishing Websites,1,uci_group_000051,test,
UCI::3722,UCI Phishing Websites,1,uci_group_001575,development,5.0
UCI::3723,UCI Phishing Websites,0,uci_group_003752,development,5.0
UCI::3724,UCI Phishing Websites,1,uci_group_005088,development,1.0
UCI::3725,UCI Phishing Websites,1,uci_group_004452,development,1.0
UCI::3726,UCI Phishing Websites,0,uci_group_001025,development,4.0
UCI::3727,UCI Phishing Websites,1,uci_group_001116,development,1.0
UCI::3728,UCI Phishing Websites,1,uci_group_004248,test,
UCI::3729,UCI Phishing Websites,1,uci_group_005420,development,1.0
UCI::3730,UCI Phishing Websites,1,uci_group_000670,development,4.0
UCI::3731,UCI Phishing Websites,0,uci_group_003633,development,2.0
UCI::3732,UCI Phishing Websites,0,uci_group_001512,development,1.0
UCI::3733,UCI Phishing Websites,1,uci_group_005627,development,4.0
UCI::3734,UCI Phishing Websites,1,uci_group_003887,development,4.0
UCI::3735,UCI Phishing Websites,0,uci_group_005268,development,4.0
UCI::3736,UCI Phishing Websites,1,uci_group_003719,calibration,
UCI::3737,UCI Phishing Websites,0,uci_group_004936,development,3.0
UCI::3738,UCI Phishing Websites,1,uci_group_001413,development,3.0
UCI::3739,UCI Phishing Websites,1,uci_group_003698,development,3.0
UCI::3740,UCI Phishing Websites,1,uci_group_001095,calibration,
UCI::3741,UCI Phishing Websites,1,uci_group_001676,development,4.0
UCI::3742,UCI Phishing Websites,0,uci_group_001299,development,2.0
UCI::3743,UCI Phishing Websites,0,uci_group_004303,calibration,
UCI::3744,UCI Phishing Websites,1,uci_group_005167,calibration,
UCI::3745,UCI Phishing Websites,1,uci_group_003585,calibration,
UCI::3746,UCI Phishing Websites,0,uci_group_003109,development,4.0
UCI::3747,UCI Phishing Websites,0,uci_group_000074,calibration,
UCI::3748,UCI Phishing Websites,0,uci_group_005648,development,5.0
UCI::3749,UCI Phishing Websites,0,uci_group_000560,development,3.0
UCI::3750,UCI Phishing Websites,0,uci_group_003271,development,3.0
UCI::3751,UCI Phishing Websites,1,uci_group_001403,development,1.0
UCI::3752,UCI Phishing Websites,0,uci_group_005581,test,
UCI::3753,UCI Phishing Websites,0,uci_group_003193,development,5.0
UCI::3754,UCI Phishing Websites,0,uci_group_000519,development,4.0
UCI::3755,UCI Phishing Websites,1,uci_group_005450,development,2.0
UCI::3756,UCI Phishing Websites,1,uci_group_002583,development,5.0
UCI::3757,UCI Phishing Websites,1,uci_group_005228,development,1.0
UCI::3758,UCI Phishing Websites,1,uci_group_003530,test,
UCI::3759,UCI Phishing Websites,0,uci_group_001646,development,5.0
UCI::3760,UCI Phishing Websites,1,uci_group_002117,test,
UCI::3761,UCI Phishing Websites,1,uci_group_003138,development,1.0
UCI::3762,UCI Phishing Websites,1,uci_group_000394,calibration,
UCI::3763,UCI Phishing Websites,1,uci_group_002560,test,
UCI::3764,UCI Phishing Websites,0,uci_group_004239,development,5.0
UCI::3765,UCI Phishing Websites,1,uci_group_004636,development,2.0
UCI::3766,UCI Phishing Websites,1,uci_group_003337,development,2.0
UCI::3767,UCI Phishing Websites,0,uci_group_002272,development,1.0
UCI::3768,UCI Phishing Websites,0,uci_group_004236,development,1.0
UCI::3769,UCI Phishing Websites,1,uci_group_002177,development,3.0
UCI::3770,UCI Phishing Websites,1,uci_group_003529,development,5.0
UCI::3771,UCI Phishing Websites,1,uci_group_000136,development,2.0
UCI::3772,UCI Phishing Websites,1,uci_group_000812,development,1.0
UCI::3773,UCI Phishing Websites,1,uci_group_003078,development,2.0
UCI::3774,UCI Phishing Websites,0,uci_group_005567,development,5.0
UCI::3775,UCI Phishing Websites,0,uci_group_002906,development,2.0
UCI::3776,UCI Phishing Websites,1,uci_group_003231,test,
UCI::3777,UCI Phishing Websites,0,uci_group_000522,calibration,
UCI::3778,UCI Phishing Websites,1,uci_group_001620,development,3.0
UCI::3779,UCI Phishing Websites,0,uci_group_003397,test,
UCI::3780,UCI Phishing Websites,0,uci_group_003222,development,3.0
UCI::3781,UCI Phishing Websites,1,uci_group_002321,calibration,
UCI::3782,UCI Phishing Websites,0,uci_group_003347,development,4.0
UCI::3783,UCI Phishing Websites,1,uci_group_000975,development,1.0
UCI::3784,UCI Phishing Websites,1,uci_group_004311,development,4.0
UCI::3785,UCI Phishing Websites,1,uci_group_002568,calibration,
UCI::3786,UCI Phishing Websites,0,uci_group_001831,calibration,
UCI::3787,UCI Phishing Websites,1,uci_group_000643,calibration,
UCI::3788,UCI Phishing Websites,1,uci_group_000582,development,4.0
UCI::3789,UCI Phishing Websites,0,uci_group_002864,development,2.0
UCI::3790,UCI Phishing Websites,1,uci_group_002399,development,4.0
UCI::3791,UCI Phishing Websites,1,uci_group_001780,development,4.0
UCI::3792,UCI Phishing Websites,1,uci_group_000251,development,5.0
UCI::3793,UCI Phishing Websites,1,uci_group_004653,development,4.0
UCI::3794,UCI Phishing Websites,0,uci_group_003571,development,1.0
UCI::3795,UCI Phishing Websites,1,uci_group_005216,development,1.0
UCI::3796,UCI Phishing Websites,1,uci_group_000384,development,5.0
UCI::3797,UCI Phishing Websites,0,uci_group_005657,development,5.0
UCI::3798,UCI Phishing Websites,0,uci_group_000655,test,
UCI::3799,UCI Phishing Websites,1,uci_group_002322,development,2.0
UCI::3800,UCI Phishing Websites,0,uci_group_003822,calibration,
UCI::3801,UCI Phishing Websites,0,uci_group_003514,development,2.0
UCI::3802,UCI Phishing Websites,1,uci_group_002925,development,2.0
UCI::3803,UCI Phishing Websites,1,uci_group_001746,development,2.0
UCI::3804,UCI Phishing Websites,1,uci_group_002481,calibration,
UCI::3805,UCI Phishing Websites,1,uci_group_005142,development,5.0
UCI::3806,UCI Phishing Websites,1,uci_group_000619,development,1.0
UCI::3807,UCI Phishing Websites,1,uci_group_000478,development,1.0
UCI::3808,UCI Phishing Websites,1,uci_group_004771,development,5.0
UCI::3809,UCI Phishing Websites,0,uci_group_001311,development,2.0
UCI::3810,UCI Phishing Websites,1,uci_group_002788,development,5.0
UCI::3811,UCI Phishing Websites,1,uci_group_001227,development,5.0
UCI::3812,UCI Phishing Websites,1,uci_group_000277,development,4.0
UCI::3813,UCI Phishing Websites,1,uci_group_001739,calibration,
UCI::3814,UCI Phishing Websites,1,uci_group_003072,development,4.0
UCI::3815,UCI Phishing Websites,0,uci_group_003738,development,3.0
UCI::3816,UCI Phishing Websites,0,uci_group_003531,development,5.0
UCI::3817,UCI Phishing Websites,1,uci_group_004443,test,
UCI::3818,UCI Phishing Websites,1,uci_group_001841,development,1.0
UCI::3819,UCI Phishing Websites,1,uci_group_005752,development,2.0
UCI::3820,UCI Phishing Websites,1,uci_group_001982,calibration,
UCI::3821,UCI Phishing Websites,1,uci_group_004842,calibration,
UCI::3822,UCI Phishing Websites,1,uci_group_003760,development,5.0
UCI::3823,UCI Phishing Websites,0,uci_group_004704,test,
UCI::3824,UCI Phishing Websites,1,uci_group_001211,development,4.0
UCI::3825,UCI Phishing Websites,1,uci_group_004366,development,3.0
UCI::3826,UCI Phishing Websites,1,uci_group_005125,development,2.0
UCI::3827,UCI Phishing Websites,1,uci_group_003567,development,3.0
UCI::3828,UCI Phishing Websites,1,uci_group_001938,test,
UCI::3829,UCI Phishing Websites,0,uci_group_002979,development,4.0
UCI::3830,UCI Phishing Websites,1,uci_group_004425,development,5.0
UCI::3831,UCI Phishing Websites,1,uci_group_004358,test,
UCI::3832,UCI Phishing Websites,1,uci_group_000499,calibration,
UCI::3833,UCI Phishing Websites,1,uci_group_005368,development,2.0
UCI::3834,UCI Phishing Websites,1,uci_group_001640,development,4.0
UCI::3835,UCI Phishing Websites,1,uci_group_001165,calibration,
UCI::3836,UCI Phishing Websites,0,uci_group_001507,test,
UCI::3837,UCI Phishing Websites,1,uci_group_004730,calibration,
UCI::3838,UCI Phishing Websites,1,uci_group_000591,test,
UCI::3839,UCI Phishing Websites,1,uci_group_005659,calibration,
UCI::3840,UCI Phishing Websites,1,uci_group_005212,development,4.0
UCI::3841,UCI Phishing Websites,1,uci_group_000481,calibration,
UCI::3842,UCI Phishing Websites,1,uci_group_001339,development,2.0
UCI::3843,UCI Phishing Websites,1,uci_group_001274,calibration,
UCI::3844,UCI Phishing Websites,1,uci_group_003674,calibration,
UCI::3845,UCI Phishing Websites,1,uci_group_000204,test,
UCI::3846,UCI Phishing Websites,1,uci_group_001906,development,2.0
UCI::3847,UCI Phishing Websites,1,uci_group_002106,development,1.0
UCI::3848,UCI Phishing Websites,1,uci_group_003151,development,1.0
UCI::3849,UCI Phishing Websites,0,uci_group_003799,development,1.0
UCI::3850,UCI Phishing Websites,1,uci_group_003838,test,
UCI::3851,UCI Phishing Websites,1,uci_group_002226,development,1.0
UCI::3852,UCI Phishing Websites,1,uci_group_003569,calibration,
UCI::3853,UCI Phishing Websites,1,uci_group_004839,development,4.0
UCI::3854,UCI Phishing Websites,1,uci_group_003449,development,1.0
UCI::3855,UCI Phishing Websites,1,uci_group_002947,test,
UCI::3856,UCI Phishing Websites,1,uci_group_000992,development,5.0
UCI::3857,UCI Phishing Websites,1,uci_group_002986,development,2.0
UCI::3858,UCI Phishing Websites,1,uci_group_001307,calibration,
UCI::3859,UCI Phishing Websites,1,uci_group_004882,development,3.0
UCI::3860,UCI Phishing Websites,0,uci_group_003132,development,3.0
UCI::3861,UCI Phishing Websites,1,uci_group_002278,calibration,
UCI::3862,UCI Phishing Websites,1,uci_group_000554,development,1.0
UCI::3863,UCI Phishing Websites,1,uci_group_000205,development,4.0
UCI::3864,UCI Phishing Websites,1,uci_group_005528,development,3.0
UCI::3865,UCI Phishing Websites,0,uci_group_003678,development,2.0
UCI::3866,UCI Phishing Websites,1,uci_group_000280,development,2.0
UCI::3867,UCI Phishing Websites,1,uci_group_000969,test,
UCI::3868,UCI Phishing Websites,1,uci_group_005772,development,3.0
UCI::3869,UCI Phishing Websites,1,uci_group_004915,development,1.0
UCI::3870,UCI Phishing Websites,1,uci_group_004021,test,
UCI::3871,UCI Phishing Websites,0,uci_group_004539,development,5.0
UCI::3872,UCI Phishing Websites,1,uci_group_003022,development,1.0
UCI::3873,UCI Phishing Websites,1,uci_group_004406,test,
UCI::3874,UCI Phishing Websites,0,uci_group_002688,test,
UCI::3875,UCI Phishing Websites,1,uci_group_003245,calibration,
UCI::3876,UCI Phishing Websites,1,uci_group_005426,development,2.0
UCI::3877,UCI Phishing Websites,1,uci_group_001564,development,4.0
UCI::3878,UCI Phishing Websites,1,uci_group_004860,test,
UCI::3879,UCI Phishing Websites,1,uci_group_005515,calibration,
UCI::3880,UCI Phishing Websites,1,uci_group_003234,development,5.0
UCI::3881,UCI Phishing Websites,1,uci_group_003840,test,
UCI::3882,UCI Phishing Websites,1,uci_group_004276,calibration,
UCI::3883,UCI Phishing Websites,1,uci_group_002409,development,2.0
UCI::3884,UCI Phishing Websites,0,uci_group_005144,calibration,
UCI::3885,UCI Phishing Websites,1,uci_group_003602,development,3.0
UCI::3886,UCI Phishing Websites,1,uci_group_000330,development,5.0
UCI::3887,UCI Phishing Websites,0,uci_group_003520,development,4.0
UCI::3888,UCI Phishing Websites,1,uci_group_000774,development,2.0
UCI::3889,UCI Phishing Websites,0,uci_group_000707,development,1.0
UCI::3890,UCI Phishing Websites,1,uci_group_002339,test,
UCI::3891,UCI Phishing Websites,0,uci_group_000680,development,3.0
UCI::3892,UCI Phishing Websites,1,uci_group_000914,development,1.0
UCI::3893,UCI Phishing Websites,0,uci_group_003830,development,2.0
UCI::3894,UCI Phishing Websites,1,uci_group_004530,development,5.0
UCI::3895,UCI Phishing Websites,0,uci_group_001862,development,5.0
UCI::3896,UCI Phishing Websites,1,uci_group_002447,development,4.0
UCI::3897,UCI Phishing Websites,1,uci_group_001375,development,5.0
UCI::3898,UCI Phishing Websites,1,uci_group_002315,development,4.0
UCI::3899,UCI Phishing Websites,1,uci_group_003707,development,3.0
UCI::3900,UCI Phishing Websites,1,uci_group_004051,calibration,
UCI::3901,UCI Phishing Websites,1,uci_group_004329,development,5.0
UCI::3902,UCI Phishing Websites,1,uci_group_000510,development,1.0
UCI::3903,UCI Phishing Websites,1,uci_group_002856,calibration,
UCI::3904,UCI Phishing Websites,1,uci_group_003759,development,5.0
UCI::3905,UCI Phishing Websites,0,uci_group_002248,development,1.0
UCI::3906,UCI Phishing Websites,1,uci_group_005080,development,5.0
UCI::3907,UCI Phishing Websites,1,uci_group_003298,calibration,
UCI::3908,UCI Phishing Websites,1,uci_group_000752,test,
UCI::3909,UCI Phishing Websites,1,uci_group_002378,calibration,
UCI::3910,UCI Phishing Websites,1,uci_group_000756,calibration,
UCI::3911,UCI Phishing Websites,1,uci_group_005711,development,2.0
UCI::3912,UCI Phishing Websites,0,uci_group_000436,calibration,
UCI::3913,UCI Phishing Websites,0,uci_group_000441,test,
UCI::3914,UCI Phishing Websites,1,uci_group_004930,development,4.0
UCI::3915,UCI Phishing Websites,0,uci_group_004590,development,1.0
UCI::3916,UCI Phishing Websites,1,uci_group_004919,development,4.0
UCI::3917,UCI Phishing Websites,1,uci_group_001056,development,2.0
UCI::3918,UCI Phishing Websites,1,uci_group_000047,development,3.0
UCI::3919,UCI Phishing Websites,1,uci_group_003291,development,4.0
UCI::3920,UCI Phishing Websites,1,uci_group_004709,development,5.0
UCI::3921,UCI Phishing Websites,0,uci_group_001738,test,
UCI::3922,UCI Phishing Websites,0,uci_group_002575,test,
UCI::3923,UCI Phishing Websites,1,uci_group_003460,calibration,
UCI::3924,UCI Phishing Websites,1,uci_group_001945,development,2.0
UCI::3925,UCI Phishing Websites,1,uci_group_000943,calibration,
UCI::3926,UCI Phishing Websites,1,uci_group_000166,calibration,
UCI::3927,UCI Phishing Websites,1,uci_group_003428,development,2.0
UCI::3928,UCI Phishing Websites,0,uci_group_000961,development,1.0
UCI::3929,UCI Phishing Websites,1,uci_group_003745,development,4.0
UCI::3930,UCI Phishing Websites,0,uci_group_003780,test,
UCI::3931,UCI Phishing Websites,0,uci_group_001430,development,3.0
UCI::3932,UCI Phishing Websites,1,uci_group_000055,development,2.0
UCI::3933,UCI Phishing Websites,1,uci_group_004116,development,3.0
UCI::3934,UCI Phishing Websites,1,uci_group_003264,test,
UCI::3935,UCI Phishing Websites,1,uci_group_001010,test,
UCI::3936,UCI Phishing Websites,1,uci_group_002910,development,2.0
UCI::3937,UCI Phishing Websites,0,uci_group_001060,development,4.0
UCI::3938,UCI Phishing Websites,0,uci_group_002951,test,
UCI::3939,UCI Phishing Websites,1,uci_group_004862,development,1.0
UCI::3940,UCI Phishing Websites,0,uci_group_004649,development,4.0
UCI::3941,UCI Phishing Websites,1,uci_group_001778,development,2.0
UCI::3942,UCI Phishing Websites,1,uci_group_005160,development,2.0
UCI::3943,UCI Phishing Websites,1,uci_group_003792,development,5.0
UCI::3944,UCI Phishing Websites,1,uci_group_004231,development,4.0
UCI::3945,UCI Phishing Websites,0,uci_group_000068,calibration,
UCI::3946,UCI Phishing Websites,0,uci_group_000830,calibration,
UCI::3947,UCI Phishing Websites,0,uci_group_000093,test,
UCI::3948,UCI Phishing Websites,0,uci_group_004436,development,4.0
UCI::3949,UCI Phishing Websites,1,uci_group_005209,development,4.0
UCI::3950,UCI Phishing Websites,0,uci_group_004693,development,2.0
UCI::3951,UCI Phishing Websites,1,uci_group_002799,test,
UCI::3952,UCI Phishing Websites,0,uci_group_004820,development,3.0
UCI::3953,UCI Phishing Websites,0,uci_group_005694,calibration,
UCI::3954,UCI Phishing Websites,0,uci_group_002689,development,3.0
UCI::3955,UCI Phishing Websites,1,uci_group_001924,development,2.0
UCI::3956,UCI Phishing Websites,0,uci_group_002293,development,5.0
UCI::3957,UCI Phishing Websites,1,uci_group_004237,development,2.0
UCI::3958,UCI Phishing Websites,1,uci_group_004122,development,1.0
UCI::3959,UCI Phishing Websites,1,uci_group_004492,test,
UCI::3960,UCI Phishing Websites,0,uci_group_004019,development,5.0
UCI::3961,UCI Phishing Websites,1,uci_group_001793,development,5.0
UCI::3962,UCI Phishing Websites,1,uci_group_005605,calibration,
UCI::3963,UCI Phishing Websites,0,uci_group_001444,development,3.0
UCI::3964,UCI Phishing Websites,0,uci_group_000509,development,3.0
UCI::3965,UCI Phishing Websites,1,uci_group_003541,development,5.0
UCI::3966,UCI Phishing Websites,1,uci_group_001990,calibration,
UCI::3967,UCI Phishing Websites,0,uci_group_002056,calibration,
UCI::3968,UCI Phishing Websites,0,uci_group_004115,development,1.0
UCI::3969,UCI Phishing Websites,0,uci_group_002124,development,3.0
UCI::3970,UCI Phishing Websites,0,uci_group_002476,calibration,
UCI::3971,UCI Phishing Websites,1,uci_group_004942,development,2.0
UCI::3972,UCI Phishing Websites,0,uci_group_001992,development,5.0
UCI::3973,UCI Phishing Websites,0,uci_group_005592,development,1.0
UCI::3974,UCI Phishing Websites,0,uci_group_004053,development,4.0
UCI::3975,UCI Phishing Websites,1,uci_group_002348,calibration,
UCI::3976,UCI Phishing Websites,1,uci_group_002562,development,2.0
UCI::3977,UCI Phishing Websites,0,uci_group_005357,development,1.0
UCI::3978,UCI Phishing Websites,0,uci_group_001903,test,
UCI::3979,UCI Phishing Websites,1,uci_group_001761,development,3.0
UCI::3980,UCI Phishing Websites,1,uci_group_003285,development,3.0
UCI::3981,UCI Phishing Websites,0,uci_group_001638,development,1.0
UCI::3982,UCI Phishing Websites,0,uci_group_000409,development,3.0
UCI::3983,UCI Phishing Websites,0,uci_group_004734,development,3.0
UCI::3984,UCI Phishing Websites,0,uci_group_003537,development,2.0
UCI::3985,UCI Phishing Websites,0,uci_group_002750,development,4.0
UCI::3986,UCI Phishing Websites,0,uci_group_005744,development,2.0
UCI::3987,UCI Phishing Websites,0,uci_group_004307,calibration,
UCI::3988,UCI Phishing Websites,0,uci_group_001236,test,
UCI::3989,UCI Phishing Websites,0,uci_group_004628,calibration,
UCI::3990,UCI Phishing Websites,0,uci_group_005717,calibration,
UCI::3991,UCI Phishing Websites,1,uci_group_003364,test,
UCI::3992,UCI Phishing Websites,0,uci_group_002992,development,3.0
UCI::3993,UCI Phishing Websites,0,uci_group_005314,calibration,
UCI::3994,UCI Phishing Websites,0,uci_group_002281,development,3.0
UCI::3995,UCI Phishing Websites,1,uci_group_004154,development,1.0
UCI::3996,UCI Phishing Websites,0,uci_group_002892,development,2.0
UCI::3997,UCI Phishing Websites,0,uci_group_001774,calibration,
UCI::3998,UCI Phishing Websites,0,uci_group_005395,development,4.0
UCI::3999,UCI Phishing Websites,1,uci_group_005658,development,2.0
UCI::4000,UCI Phishing Websites,0,uci_group_001467,test,
UCI::4001,UCI Phishing Websites,0,uci_group_002963,development,1.0
UCI::4002,UCI Phishing Websites,0,uci_group_003576,development,5.0
UCI::4003,UCI Phishing Websites,1,uci_group_001645,development,1.0
UCI::4004,UCI Phishing Websites,1,uci_group_000313,development,2.0
UCI::4005,UCI Phishing Websites,1,uci_group_001587,development,5.0
UCI::4006,UCI Phishing Websites,1,uci_group_001438,development,5.0
UCI::4007,UCI Phishing Websites,0,uci_group_003382,test,
UCI::4008,UCI Phishing Websites,0,uci_group_000415,development,1.0
UCI::4009,UCI Phishing Websites,0,uci_group_004913,development,5.0
UCI::4010,UCI Phishing Websites,0,uci_group_003644,development,1.0
UCI::4011,UCI Phishing Websites,1,uci_group_001684,development,5.0
UCI::4012,UCI Phishing Websites,0,uci_group_004005,development,2.0
UCI::4013,UCI Phishing Websites,1,uci_group_004872,development,4.0
UCI::4014,UCI Phishing Websites,0,uci_group_003144,development,3.0
UCI::4015,UCI Phishing Websites,1,uci_group_003321,development,3.0
UCI::4016,UCI Phishing Websites,0,uci_group_004514,development,2.0
UCI::4017,UCI Phishing Websites,0,uci_group_000892,calibration,
UCI::4018,UCI Phishing Websites,1,uci_group_000377,calibration,
UCI::4019,UCI Phishing Websites,0,uci_group_001695,development,4.0
UCI::4020,UCI Phishing Websites,0,uci_group_005433,development,2.0
UCI::4021,UCI Phishing Websites,1,uci_group_003897,development,2.0
UCI::4022,UCI Phishing Websites,0,uci_group_003784,calibration,
UCI::4023,UCI Phishing Websites,0,uci_group_000181,development,5.0
UCI::4024,UCI Phishing Websites,0,uci_group_004294,development,2.0
UCI::4025,UCI Phishing Websites,1,uci_group_002797,development,4.0
UCI::4026,UCI Phishing Websites,1,uci_group_003070,development,3.0
UCI::4027,UCI Phishing Websites,0,uci_group_004001,development,2.0
UCI::4028,UCI Phishing Websites,1,uci_group_003179,calibration,
UCI::4029,UCI Phishing Websites,0,uci_group_005016,test,
UCI::4030,UCI Phishing Websites,0,uci_group_005432,development,3.0
UCI::4031,UCI Phishing Websites,0,uci_group_004533,development,2.0
UCI::4032,UCI Phishing Websites,0,uci_group_005039,calibration,
UCI::4033,UCI Phishing Websites,0,uci_group_005623,development,3.0
UCI::4034,UCI Phishing Websites,0,uci_group_000296,test,
UCI::4035,UCI Phishing Websites,0,uci_group_003174,development,4.0
UCI::4036,UCI Phishing Websites,1,uci_group_001300,calibration,
UCI::4037,UCI Phishing Websites,1,uci_group_001151,development,1.0
UCI::4038,UCI Phishing Websites,0,uci_group_005754,development,2.0
UCI::4039,UCI Phishing Websites,1,uci_group_000716,development,3.0
UCI::4040,UCI Phishing Websites,0,uci_group_000216,development,4.0
UCI::4041,UCI Phishing Websites,1,uci_group_003156,development,5.0
UCI::4042,UCI Phishing Websites,0,uci_group_000001,development,1.0
UCI::4043,UCI Phishing Websites,1,uci_group_001423,test,
UCI::4044,UCI Phishing Websites,0,uci_group_003735,development,5.0
UCI::4045,UCI Phishing Websites,0,uci_group_004504,development,1.0
UCI::4046,UCI Phishing Websites,1,uci_group_002923,development,2.0
UCI::4047,UCI Phishing Websites,1,uci_group_003086,calibration,
UCI::4048,UCI Phishing Websites,0,uci_group_001160,development,2.0
UCI::4049,UCI Phishing Websites,0,uci_group_002899,development,3.0
UCI::4050,UCI Phishing Websites,1,uci_group_000215,development,2.0
UCI::4051,UCI Phishing Websites,1,uci_group_004336,test,
UCI::4052,UCI Phishing Websites,1,uci_group_004118,development,2.0
UCI::4053,UCI Phishing Websites,0,uci_group_003420,development,2.0
UCI::4054,UCI Phishing Websites,1,uci_group_002396,development,1.0
UCI::4055,UCI Phishing Websites,0,uci_group_000838,development,2.0
UCI::4056,UCI Phishing Websites,0,uci_group_001885,development,2.0
UCI::4057,UCI Phishing Websites,0,uci_group_003247,test,
UCI::4058,UCI Phishing Websites,1,uci_group_000603,calibration,
UCI::4059,UCI Phishing Websites,0,uci_group_002325,development,5.0
UCI::4060,UCI Phishing Websites,0,uci_group_004164,development,5.0
UCI::4061,UCI Phishing Websites,1,uci_group_001852,development,5.0
UCI::4062,UCI Phishing Websites,1,uci_group_002814,development,2.0
UCI::4063,UCI Phishing Websites,1,uci_group_005006,development,1.0
UCI::4064,UCI Phishing Websites,0,uci_group_000089,test,
UCI::4065,UCI Phishing Websites,1,uci_group_005387,development,3.0
UCI::4066,UCI Phishing Websites,1,uci_group_004851,development,4.0
UCI::4067,UCI Phishing Websites,1,uci_group_000354,development,2.0
UCI::4068,UCI Phishing Websites,0,uci_group_000708,calibration,
UCI::4069,UCI Phishing Websites,1,uci_group_000638,development,2.0
UCI::4070,UCI Phishing Websites,0,uci_group_003476,development,2.0
UCI::4071,UCI Phishing Websites,0,uci_group_001291,development,4.0
UCI::4072,UCI Phishing Websites,0,uci_group_004848,calibration,
UCI::4073,UCI Phishing Websites,1,uci_group_001568,test,
UCI::4074,UCI Phishing Websites,0,uci_group_005010,development,4.0
UCI::4075,UCI Phishing Websites,0,uci_group_005001,development,4.0
UCI::4076,UCI Phishing Websites,0,uci_group_005727,development,3.0
UCI::4077,UCI Phishing Websites,0,uci_group_000602,development,5.0
UCI::4078,UCI Phishing Websites,1,uci_group_001127,test,
UCI::4079,UCI Phishing Websites,0,uci_group_000412,development,1.0
UCI::4080,UCI Phishing Websites,1,uci_group_001257,calibration,
UCI::4081,UCI Phishing Websites,0,uci_group_004040,test,
UCI::4082,UCI Phishing Websites,0,uci_group_004573,development,5.0
UCI::4083,UCI Phishing Websites,1,uci_group_005767,development,3.0
UCI::4084,UCI Phishing Websites,1,uci_group_005206,development,2.0
UCI::4085,UCI Phishing Websites,1,uci_group_000356,development,5.0
UCI::4086,UCI Phishing Websites,1,uci_group_005363,development,2.0
UCI::4087,UCI Phishing Websites,1,uci_group_002647,development,2.0
UCI::4088,UCI Phishing Websites,1,uci_group_002762,development,5.0
UCI::4089,UCI Phishing Websites,0,uci_group_001290,development,2.0
UCI::4090,UCI Phishing Websites,1,uci_group_000281,development,5.0
UCI::4091,UCI Phishing Websites,1,uci_group_004702,development,1.0
UCI::4092,UCI Phishing Websites,0,uci_group_001651,development,1.0
UCI::4093,UCI Phishing Websites,0,uci_group_005035,development,1.0
UCI::4094,UCI Phishing Websites,0,uci_group_002145,test,
UCI::4095,UCI Phishing Websites,0,uci_group_004637,development,5.0
UCI::4096,UCI Phishing Websites,0,uci_group_001019,test,
UCI::4097,UCI Phishing Websites,0,uci_group_003114,development,3.0
UCI::4098,UCI Phishing Websites,0,uci_group_001059,test,
UCI::4099,UCI Phishing Websites,0,uci_group_002487,development,5.0
UCI::4100,UCI Phishing Websites,0,uci_group_001200,test,
UCI::4101,UCI Phishing Websites,0,uci_group_004569,test,
UCI::4102,UCI Phishing Websites,0,uci_group_002269,calibration,
UCI::4103,UCI Phishing Websites,0,uci_group_002933,development,2.0
UCI::4104,UCI Phishing Websites,0,uci_group_001381,calibration,
UCI::4105,UCI Phishing Websites,0,uci_group_005343,calibration,
UCI::4106,UCI Phishing Websites,0,uci_group_003141,development,2.0
UCI::4107,UCI Phishing Websites,1,uci_group_003774,development,1.0
UCI::4108,UCI Phishing Websites,0,uci_group_005721,test,
UCI::4109,UCI Phishing Websites,0,uci_group_000388,development,2.0
UCI::4110,UCI Phishing Websites,1,uci_group_004604,development,5.0
UCI::4111,UCI Phishing Websites,0,uci_group_005126,development,2.0
UCI::4112,UCI Phishing Websites,0,uci_group_004435,calibration,
UCI::4113,UCI Phishing Websites,1,uci_group_003323,test,
UCI::4114,UCI Phishing Websites,1,uci_group_004258,development,5.0
UCI::4115,UCI Phishing Websites,1,uci_group_000897,development,3.0
UCI::4116,UCI Phishing Websites,1,uci_group_002608,development,4.0
UCI::4117,UCI Phishing Websites,1,uci_group_005222,development,2.0
UCI::4118,UCI Phishing Websites,1,uci_group_005053,development,4.0
UCI::4119,UCI Phishing Websites,1,uci_group_000853,development,4.0
UCI::4120,UCI Phishing Websites,0,uci_group_005428,calibration,
UCI::4121,UCI Phishing Websites,0,uci_group_004335,development,5.0
UCI::4122,UCI Phishing Websites,1,uci_group_002783,development,2.0
UCI::4123,UCI Phishing Websites,1,uci_group_003701,development,2.0
UCI::4124,UCI Phishing Websites,1,uci_group_002990,calibration,
UCI::4125,UCI Phishing Websites,0,uci_group_003375,calibration,
UCI::4126,UCI Phishing Websites,0,uci_group_001991,test,
UCI::4127,UCI Phishing Websites,1,uci_group_000274,test,
UCI::4128,UCI Phishing Websites,0,uci_group_004803,development,2.0
UCI::4129,UCI Phishing Websites,1,uci_group_000633,development,5.0
UCI::4130,UCI Phishing Websites,0,uci_group_002581,development,1.0
UCI::4131,UCI Phishing Websites,1,uci_group_004182,development,1.0
UCI::4132,UCI Phishing Websites,1,uci_group_004171,development,2.0
UCI::4133,UCI Phishing Websites,0,uci_group_004688,development,2.0
UCI::4134,UCI Phishing Websites,0,uci_group_001079,development,2.0
UCI::4135,UCI Phishing Websites,1,uci_group_000402,development,3.0
UCI::4136,UCI Phishing Websites,1,uci_group_001180,test,
UCI::4137,UCI Phishing Websites,1,uci_group_004788,development,4.0
UCI::4138,UCI Phishing Websites,1,uci_group_001418,development,4.0
UCI::4139,UCI Phishing Websites,1,uci_group_002517,development,1.0
UCI::4140,UCI Phishing Websites,0,uci_group_000299,development,1.0
UCI::4141,UCI Phishing Websites,0,uci_group_003987,calibration,
UCI::4142,UCI Phishing Websites,0,uci_group_000199,calibration,
UCI::4143,UCI Phishing Websites,0,uci_group_003732,development,3.0
UCI::4144,UCI Phishing Websites,0,uci_group_000673,development,4.0
UCI::4145,UCI Phishing Websites,1,uci_group_001660,development,4.0
UCI::4146,UCI Phishing Websites,0,uci_group_004421,development,2.0
UCI::4147,UCI Phishing Websites,0,uci_group_005430,calibration,
UCI::4148,UCI Phishing Websites,0,uci_group_003951,development,1.0
UCI::4149,UCI Phishing Websites,0,uci_group_004947,development,2.0
UCI::4150,UCI Phishing Websites,0,uci_group_002722,development,3.0
UCI::4151,UCI Phishing Websites,0,uci_group_002271,development,4.0
UCI::4152,UCI Phishing Websites,1,uci_group_003421,development,2.0
UCI::4153,UCI Phishing Websites,1,uci_group_005018,development,1.0
UCI::4154,UCI Phishing Websites,0,uci_group_001029,test,
UCI::4155,UCI Phishing Websites,0,uci_group_004254,development,1.0
UCI::4156,UCI Phishing Websites,1,uci_group_004910,development,5.0
UCI::4157,UCI Phishing Websites,0,uci_group_000164,development,5.0
UCI::4158,UCI Phishing Websites,1,uci_group_004928,development,2.0
UCI::4159,UCI Phishing Websites,1,uci_group_003383,development,1.0
UCI::4160,UCI Phishing Websites,0,uci_group_001190,development,2.0
UCI::4161,UCI Phishing Websites,0,uci_group_004946,development,3.0
UCI::4162,UCI Phishing Websites,0,uci_group_001974,development,1.0
UCI::4163,UCI Phishing Websites,1,uci_group_004321,calibration,
UCI::4164,UCI Phishing Websites,0,uci_group_002558,test,
UCI::4165,UCI Phishing Websites,0,uci_group_003991,development,1.0
UCI::4166,UCI Phishing Websites,0,uci_group_000952,calibration,
UCI::4167,UCI Phishing Websites,0,uci_group_001891,test,
UCI::4168,UCI Phishing Websites,1,uci_group_001104,development,5.0
UCI::4169,UCI Phishing Websites,0,uci_group_002163,development,3.0
UCI::4170,UCI Phishing Websites,1,uci_group_001931,test,
UCI::4171,UCI Phishing Websites,0,uci_group_004152,development,2.0
UCI::4172,UCI Phishing Websites,0,uci_group_002500,development,3.0
UCI::4173,UCI Phishing Websites,1,uci_group_002416,development,4.0
UCI::4174,UCI Phishing Websites,0,uci_group_000116,development,5.0
UCI::4175,UCI Phishing Websites,0,uci_group_001101,development,3.0
UCI::4176,UCI Phishing Websites,1,uci_group_001566,development,4.0
UCI::4177,UCI Phishing Websites,1,uci_group_003209,development,2.0
UCI::4178,UCI Phishing Websites,1,uci_group_005070,development,1.0
UCI::4179,UCI Phishing Websites,1,uci_group_005596,calibration,
UCI::4180,UCI Phishing Websites,1,uci_group_004060,development,1.0
UCI::4181,UCI Phishing Websites,0,uci_group_004584,calibration,
UCI::4182,UCI Phishing Websites,0,uci_group_003187,test,
UCI::4183,UCI Phishing Websites,1,uci_group_005115,development,2.0
UCI::4184,UCI Phishing Websites,0,uci_group_004451,development,5.0
UCI::4185,UCI Phishing Websites,0,uci_group_000123,test,
UCI::4186,UCI Phishing Websites,1,uci_group_005293,test,
UCI::4187,UCI Phishing Websites,0,uci_group_001511,development,5.0
UCI::4188,UCI Phishing Websites,0,uci_group_005252,development,4.0
UCI::4189,UCI Phishing Websites,0,uci_group_001758,development,3.0
UCI::4190,UCI Phishing Websites,1,uci_group_003922,calibration,
UCI::4191,UCI Phishing Websites,0,uci_group_005323,development,5.0
UCI::4192,UCI Phishing Websites,1,uci_group_002283,development,3.0
UCI::4193,UCI Phishing Websites,0,uci_group_000240,calibration,
UCI::4194,UCI Phishing Websites,1,uci_group_001402,development,1.0
UCI::4195,UCI Phishing Websites,1,uci_group_002817,calibration,
UCI::4196,UCI Phishing Websites,1,uci_group_002649,development,1.0
UCI::4197,UCI Phishing Websites,0,uci_group_005771,test,
UCI::4198,UCI Phishing Websites,1,uci_group_004880,development,5.0
UCI::4199,UCI Phishing Websites,0,uci_group_001271,calibration,
UCI::4200,UCI Phishing Websites,0,uci_group_003852,development,4.0
UCI::4201,UCI Phishing Websites,0,uci_group_005234,development,5.0
UCI::4202,UCI Phishing Websites,0,uci_group_003083,development,2.0
UCI::4203,UCI Phishing Websites,1,uci_group_000575,development,2.0
UCI::4204,UCI Phishing Websites,1,uci_group_004752,development,3.0
UCI::4205,UCI Phishing Websites,0,uci_group_004355,test,
UCI::4206,UCI Phishing Websites,0,uci_group_000433,development,3.0
UCI::4207,UCI Phishing Websites,1,uci_group_005481,development,3.0
UCI::4208,UCI Phishing Websites,1,uci_group_003201,development,1.0
UCI::4209,UCI Phishing Websites,0,uci_group_004924,development,4.0
UCI::4210,UCI Phishing Websites,1,uci_group_001354,development,4.0
UCI::4211,UCI Phishing Websites,0,uci_group_003233,test,
UCI::4212,UCI Phishing Websites,0,uci_group_002320,calibration,
UCI::4213,UCI Phishing Websites,0,uci_group_000007,test,
UCI::4214,UCI Phishing Websites,0,uci_group_004494,calibration,
UCI::4215,UCI Phishing Websites,0,uci_group_000153,development,4.0
UCI::4216,UCI Phishing Websites,0,uci_group_003217,development,3.0
UCI::4217,UCI Phishing Websites,0,uci_group_001062,development,5.0
UCI::4218,UCI Phishing Websites,1,uci_group_004775,development,4.0
UCI::4219,UCI Phishing Websites,1,uci_group_003645,development,4.0
UCI::4220,UCI Phishing Websites,1,uci_group_000772,development,3.0
UCI::4221,UCI Phishing Websites,0,uci_group_000946,development,4.0
UCI::4222,UCI Phishing Websites,1,uci_group_004211,development,1.0
UCI::4223,UCI Phishing Websites,1,uci_group_002482,calibration,
UCI::4224,UCI Phishing Websites,0,uci_group_000025,development,5.0
UCI::4225,UCI Phishing Websites,1,uci_group_002540,development,5.0
UCI::4226,UCI Phishing Websites,1,uci_group_005255,development,2.0
UCI::4227,UCI Phishing Websites,1,uci_group_004988,development,2.0
UCI::4228,UCI Phishing Websites,0,uci_group_003478,calibration,
UCI::4229,UCI Phishing Websites,0,uci_group_000958,calibration,
UCI::4230,UCI Phishing Websites,0,uci_group_001571,development,3.0
UCI::4231,UCI Phishing Websites,1,uci_group_003395,calibration,
UCI::4232,UCI Phishing Websites,0,uci_group_005706,development,2.0
UCI::4233,UCI Phishing Websites,1,uci_group_003841,development,5.0
UCI::4234,UCI Phishing Websites,1,uci_group_000267,test,
UCI::4235,UCI Phishing Websites,0,uci_group_000211,development,3.0
UCI::4236,UCI Phishing Websites,1,uci_group_004214,calibration,
UCI::4237,UCI Phishing Websites,0,uci_group_004818,development,4.0
UCI::4238,UCI Phishing Websites,1,uci_group_005276,test,
UCI::4239,UCI Phishing Websites,0,uci_group_000754,development,3.0
UCI::4240,UCI Phishing Websites,1,uci_group_002285,calibration,
UCI::4241,UCI Phishing Websites,1,uci_group_003975,development,1.0
UCI::4242,UCI Phishing Websites,0,uci_group_005259,development,4.0
UCI::4243,UCI Phishing Websites,1,uci_group_002759,development,1.0
UCI::4244,UCI Phishing Websites,0,uci_group_002936,development,1.0
UCI::4245,UCI Phishing Websites,0,uci_group_000850,calibration,
UCI::4246,UCI Phishing Websites,0,uci_group_004609,development,3.0
UCI::4247,UCI Phishing Websites,0,uci_group_005715,development,3.0
UCI::4248,UCI Phishing Websites,0,uci_group_005519,development,2.0
UCI::4249,UCI Phishing Websites,1,uci_group_000148,development,2.0
UCI::4250,UCI Phishing Websites,1,uci_group_001814,development,3.0
UCI::4251,UCI Phishing Websites,1,uci_group_004144,development,5.0
UCI::4252,UCI Phishing Websites,1,uci_group_003260,calibration,
UCI::4253,UCI Phishing Websites,1,uci_group_002065,test,
UCI::4254,UCI Phishing Websites,1,uci_group_003185,test,
UCI::4255,UCI Phishing Websites,1,uci_group_000010,development,4.0
UCI::4256,UCI Phishing Websites,1,uci_group_003693,development,5.0
UCI::4257,UCI Phishing Websites,0,uci_group_000529,development,3.0
UCI::4258,UCI Phishing Websites,0,uci_group_000858,development,1.0
UCI::4259,UCI Phishing Websites,0,uci_group_003170,calibration,
UCI::4260,UCI Phishing Websites,0,uci_group_004478,development,3.0
UCI::4261,UCI Phishing Websites,0,uci_group_000387,calibration,
UCI::4262,UCI Phishing Websites,0,uci_group_000172,calibration,
UCI::4263,UCI Phishing Websites,1,uci_group_002920,test,
UCI::4264,UCI Phishing Websites,1,uci_group_003586,development,1.0
UCI::4265,UCI Phishing Websites,1,uci_group_004522,development,3.0
UCI::4266,UCI Phishing Websites,0,uci_group_002705,calibration,
UCI::4267,UCI Phishing Websites,0,uci_group_004419,calibration,
UCI::4268,UCI Phishing Websites,0,uci_group_002760,test,
UCI::4269,UCI Phishing Websites,0,uci_group_001800,test,
UCI::4270,UCI Phishing Websites,0,uci_group_001292,test,
UCI::4271,UCI Phishing Websites,1,uci_group_001075,test,
UCI::4272,UCI Phishing Websites,1,uci_group_003884,development,1.0
UCI::4273,UCI Phishing Websites,1,uci_group_004011,development,5.0
UCI::4274,UCI Phishing Websites,0,uci_group_002421,calibration,
UCI::4275,UCI Phishing Websites,1,uci_group_001513,calibration,
UCI::4276,UCI Phishing Websites,0,uci_group_005248,development,1.0
UCI::4277,UCI Phishing Websites,1,uci_group_000521,calibration,
UCI::4278,UCI Phishing Websites,1,uci_group_002275,development,2.0
UCI::4279,UCI Phishing Websites,1,uci_group_004599,test,
UCI::4280,UCI Phishing Websites,0,uci_group_002162,test,
UCI::4281,UCI Phishing Websites,0,uci_group_000236,calibration,
UCI::4282,UCI Phishing Websites,0,uci_group_004731,development,5.0
UCI::4283,UCI Phishing Websites,0,uci_group_001682,development,2.0
UCI::4284,UCI Phishing Websites,0,uci_group_000844,calibration,
UCI::4285,UCI Phishing Websites,0,uci_group_003542,development,3.0
UCI::4286,UCI Phishing Websites,0,uci_group_005610,development,2.0
UCI::4287,UCI Phishing Websites,0,uci_group_003860,calibration,
UCI::4288,UCI Phishing Websites,1,uci_group_003176,calibration,
UCI::4289,UCI Phishing Websites,1,uci_group_001520,calibration,
UCI::4290,UCI Phishing Websites,0,uci_group_002242,development,3.0
UCI::4291,UCI Phishing Websites,1,uci_group_001398,development,1.0
UCI::4292,UCI Phishing Websites,0,uci_group_004592,development,3.0
UCI::4293,UCI Phishing Websites,0,uci_group_005593,development,3.0
UCI::4294,UCI Phishing Websites,1,uci_group_000021,test,
UCI::4295,UCI Phishing Websites,0,uci_group_004322,test,
UCI::4296,UCI Phishing Websites,0,uci_group_005190,development,4.0
UCI::4297,UCI Phishing Websites,0,uci_group_002564,development,5.0
UCI::4298,UCI Phishing Websites,0,uci_group_003859,development,4.0
UCI::4299,UCI Phishing Websites,0,uci_group_005287,test,
UCI::4300,UCI Phishing Websites,0,uci_group_005460,calibration,
UCI::4301,UCI Phishing Websites,1,uci_group_002313,calibration,
UCI::4302,UCI Phishing Websites,0,uci_group_002761,development,2.0
UCI::4303,UCI Phishing Websites,0,uci_group_004422,development,1.0
UCI::4304,UCI Phishing Websites,1,uci_group_002062,calibration,
UCI::4305,UCI Phishing Websites,0,uci_group_004036,development,3.0
UCI::4306,UCI Phishing Websites,1,uci_group_001051,development,2.0
UCI::4307,UCI Phishing Websites,0,uci_group_004786,development,3.0
UCI::4308,UCI Phishing Websites,1,uci_group_003955,development,2.0
UCI::4309,UCI Phishing Websites,1,uci_group_001015,development,4.0
UCI::4310,UCI Phishing Websites,1,uci_group_001158,development,2.0
UCI::4311,UCI Phishing Websites,0,uci_group_000939,development,2.0
UCI::4312,UCI Phishing Websites,1,uci_group_002113,development,1.0
UCI::4313,UCI Phishing Websites,0,uci_group_000548,development,3.0
UCI::4314,UCI Phishing Websites,0,uci_group_003213,calibration,
UCI::4315,UCI Phishing Websites,0,uci_group_005060,development,1.0
UCI::4316,UCI Phishing Websites,0,uci_group_000293,calibration,
UCI::4317,UCI Phishing Websites,1,uci_group_002258,development,2.0
UCI::4318,UCI Phishing Websites,1,uci_group_001448,development,4.0
UCI::4319,UCI Phishing Websites,0,uci_group_002490,development,4.0
UCI::4320,UCI Phishing Websites,0,uci_group_004583,calibration,
UCI::4321,UCI Phishing Websites,1,uci_group_005210,development,1.0
UCI::4322,UCI Phishing Websites,1,uci_group_000819,development,3.0
UCI::4323,UCI Phishing Websites,0,uci_group_000763,development,5.0
UCI::4324,UCI Phishing Websites,1,uci_group_000162,development,4.0
UCI::4325,UCI Phishing Websites,1,uci_group_005042,development,2.0
UCI::4326,UCI Phishing Websites,1,uci_group_003039,development,5.0
UCI::4327,UCI Phishing Websites,1,uci_group_001276,calibration,
UCI::4328,UCI Phishing Websites,0,uci_group_001978,test,
UCI::4329,UCI Phishing Websites,1,uci_group_000953,development,4.0
UCI::4330,UCI Phishing Websites,1,uci_group_000559,development,4.0
UCI::4331,UCI Phishing Websites,0,uci_group_003646,development,3.0
UCI::4332,UCI Phishing Websites,0,uci_group_002146,development,1.0
UCI::4333,UCI Phishing Websites,0,uci_group_001321,development,2.0
UCI::4334,UCI Phishing Websites,1,uci_group_002522,development,4.0
UCI::4335,UCI Phishing Websites,1,uci_group_001213,calibration,
UCI::4336,UCI Phishing Websites,1,uci_group_000452,development,5.0
UCI::4337,UCI Phishing Websites,1,uci_group_000307,development,2.0
UCI::4338,UCI Phishing Websites,1,uci_group_004772,development,5.0
UCI::4339,UCI Phishing Websites,0,uci_group_000458,development,1.0
UCI::4340,UCI Phishing Websites,1,uci_group_003493,development,3.0
UCI::4341,UCI Phishing Websites,0,uci_group_002610,test,
UCI::4342,UCI Phishing Websites,0,uci_group_002946,test,
UCI::4343,UCI Phishing Websites,0,uci_group_004661,test,
UCI::4344,UCI Phishing Websites,0,uci_group_000174,test,
UCI::4345,UCI Phishing Websites,1,uci_group_005726,development,3.0
UCI::4346,UCI Phishing Websites,0,uci_group_004945,development,2.0
UCI::4347,UCI Phishing Websites,1,uci_group_005753,development,2.0
UCI::4348,UCI Phishing Websites,1,uci_group_002632,development,5.0
UCI::4349,UCI Phishing Websites,0,uci_group_004301,calibration,
UCI::4350,UCI Phishing Websites,1,uci_group_004638,calibration,
UCI::4351,UCI Phishing Websites,0,uci_group_001943,development,3.0
UCI::4352,UCI Phishing Websites,0,uci_group_001518,development,5.0
UCI::4353,UCI Phishing Websites,0,uci_group_002497,calibration,
UCI::4354,UCI Phishing Websites,0,uci_group_004783,development,5.0
UCI::4355,UCI Phishing Websites,1,uci_group_002154,development,5.0
UCI::4356,UCI Phishing Websites,0,uci_group_002917,development,1.0
UCI::4357,UCI Phishing Websites,0,uci_group_001869,test,
UCI::4358,UCI Phishing Websites,0,uci_group_002008,development,1.0
UCI::4359,UCI Phishing Websites,0,uci_group_003823,test,
UCI::4360,UCI Phishing Websites,1,uci_group_004954,development,4.0
UCI::4361,UCI Phishing Websites,0,uci_group_005192,test,
UCI::4362,UCI Phishing Websites,1,uci_group_001242,development,2.0
UCI::4363,UCI Phishing Websites,0,uci_group_002292,calibration,
UCI::4364,UCI Phishing Websites,0,uci_group_004305,development,4.0
UCI::4365,UCI Phishing Websites,1,uci_group_003269,development,2.0
UCI::4366,UCI Phishing Websites,1,uci_group_003606,development,5.0
UCI::4367,UCI Phishing Websites,1,uci_group_005498,development,3.0
UCI::4368,UCI Phishing Websites,1,uci_group_003399,development,2.0
UCI::4369,UCI Phishing Websites,1,uci_group_000020,development,3.0
UCI::4370,UCI Phishing Websites,0,uci_group_003833,development,2.0
UCI::4371,UCI Phishing Websites,0,uci_group_004558,calibration,
UCI::4372,UCI Phishing Websites,1,uci_group_005416,development,3.0
UCI::4373,UCI Phishing Websites,1,uci_group_001680,test,
UCI::4374,UCI Phishing Websites,0,uci_group_000131,calibration,
UCI::4375,UCI Phishing Websites,1,uci_group_004347,calibration,
UCI::4376,UCI Phishing Websites,0,uci_group_005107,development,1.0
UCI::4377,UCI Phishing Websites,1,uci_group_000623,test,
UCI::4378,UCI Phishing Websites,1,uci_group_005056,development,2.0
UCI::4379,UCI Phishing Websites,1,uci_group_000966,test,
UCI::4380,UCI Phishing Websites,0,uci_group_003202,development,2.0
UCI::4381,UCI Phishing Websites,0,uci_group_002639,development,4.0
UCI::4382,UCI Phishing Websites,1,uci_group_000266,test,
UCI::4383,UCI Phishing Websites,0,uci_group_000826,calibration,
UCI::4384,UCI Phishing Websites,0,uci_group_002867,development,3.0
UCI::4385,UCI Phishing Websites,0,uci_group_004381,calibration,
UCI::4386,UCI Phishing Websites,0,uci_group_005194,development,4.0
UCI::4387,UCI Phishing Websites,0,uci_group_001170,development,3.0
UCI::4388,UCI Phishing Websites,0,uci_group_005569,development,3.0
UCI::4389,UCI Phishing Websites,0,uci_group_003125,development,5.0
UCI::4390,UCI Phishing Websites,0,uci_group_005713,development,3.0
UCI::4391,UCI Phishing Websites,0,uci_group_000621,development,3.0
UCI::4392,UCI Phishing Websites,0,uci_group_002284,test,
UCI::4393,UCI Phishing Websites,0,uci_group_002304,development,3.0
UCI::4394,UCI Phishing Websites,0,uci_group_005438,test,
UCI::4395,UCI Phishing Websites,0,uci_group_002443,development,2.0
UCI::4396,UCI Phishing Websites,0,uci_group_003878,test,
UCI::4397,UCI Phishing Websites,0,uci_group_002314,calibration,
UCI::4398,UCI Phishing Websites,0,uci_group_002479,development,1.0
UCI::4399,UCI Phishing Websites,0,uci_group_002382,development,3.0
UCI::4400,UCI Phishing Websites,0,uci_group_004378,calibration,
UCI::4401,UCI Phishing Websites,0,uci_group_004626,test,
UCI::4402,UCI Phishing Websites,0,uci_group_000252,development,3.0
UCI::4403,UCI Phishing Websites,0,uci_group_005746,development,3.0
UCI::4404,UCI Phishing Websites,0,uci_group_001302,development,1.0
UCI::4405,UCI Phishing Websites,0,uci_group_000154,development,1.0
UCI::4406,UCI Phishing Websites,0,uci_group_005349,development,2.0
UCI::4407,UCI Phishing Websites,0,uci_group_002848,development,3.0
UCI::4408,UCI Phishing Websites,0,uci_group_002937,development,5.0
UCI::4409,UCI Phishing Websites,1,uci_group_004222,calibration,
UCI::4410,UCI Phishing Websites,1,uci_group_003726,calibration,
UCI::4411,UCI Phishing Websites,0,uci_group_001314,development,3.0
UCI::4412,UCI Phishing Websites,0,uci_group_003441,development,4.0
UCI::4413,UCI Phishing Websites,1,uci_group_001909,development,4.0
UCI::4414,UCI Phishing Websites,0,uci_group_004943,test,
UCI::4415,UCI Phishing Websites,0,uci_group_005442,development,3.0
UCI::4416,UCI Phishing Websites,0,uci_group_002960,development,5.0
UCI::4417,UCI Phishing Websites,1,uci_group_001788,development,2.0
UCI::4418,UCI Phishing Websites,1,uci_group_002450,test,
UCI::4419,UCI Phishing Websites,0,uci_group_000111,development,2.0
UCI::4420,UCI Phishing Websites,0,uci_group_003317,development,4.0
UCI::4421,UCI Phishing Websites,1,uci_group_001401,test,
UCI::4422,UCI Phishing Websites,0,uci_group_003413,development,2.0
UCI::4423,UCI Phishing Websites,1,uci_group_000343,calibration,
UCI::4424,UCI Phishing Websites,1,uci_group_001525,development,2.0
UCI::4425,UCI Phishing Websites,1,uci_group_000906,development,3.0
UCI::4426,UCI Phishing Websites,0,uci_group_003688,development,4.0
UCI::4427,UCI Phishing Websites,1,uci_group_003724,development,1.0
UCI::4428,UCI Phishing Websites,1,uci_group_004174,development,3.0
UCI::4429,UCI Phishing Websites,1,uci_group_005640,development,2.0
UCI::4430,UCI Phishing Websites,1,uci_group_000615,development,4.0
UCI::4431,UCI Phishing Websites,1,uci_group_000994,development,1.0
UCI::4432,UCI Phishing Websites,0,uci_group_004536,development,4.0
UCI::4433,UCI Phishing Websites,0,uci_group_005570,development,3.0
UCI::4434,UCI Phishing Websites,0,uci_group_002193,development,1.0
UCI::4435,UCI Phishing Websites,1,uci_group_003147,development,5.0
UCI::4436,UCI Phishing Websites,1,uci_group_000884,test,
UCI::4437,UCI Phishing Websites,1,uci_group_000614,calibration,
UCI::4438,UCI Phishing Websites,1,uci_group_002074,test,
UCI::4439,UCI Phishing Websites,1,uci_group_001400,development,4.0
UCI::4440,UCI Phishing Websites,0,uci_group_005328,development,1.0
UCI::4441,UCI Phishing Websites,1,uci_group_002718,development,2.0
UCI::4442,UCI Phishing Websites,0,uci_group_001498,calibration,
UCI::4443,UCI Phishing Websites,1,uci_group_003545,development,2.0
UCI::4444,UCI Phishing Websites,0,uci_group_000082,development,4.0
UCI::4445,UCI Phishing Websites,0,uci_group_003096,development,3.0
UCI::4446,UCI Phishing Websites,1,uci_group_004477,test,
UCI::4447,UCI Phishing Websites,0,uci_group_003998,development,3.0
UCI::4448,UCI Phishing Websites,0,uci_group_002119,calibration,
UCI::4449,UCI Phishing Websites,1,uci_group_003519,test,
UCI::4450,UCI Phishing Websites,1,uci_group_003864,development,1.0
UCI::4451,UCI Phishing Websites,0,uci_group_000748,development,1.0
UCI::4452,UCI Phishing Websites,1,uci_group_004283,development,5.0
UCI::4453,UCI Phishing Websites,1,uci_group_002787,development,4.0
UCI::4454,UCI Phishing Websites,1,uci_group_004639,development,4.0
UCI::4455,UCI Phishing Websites,0,uci_group_000126,development,2.0
UCI::4456,UCI Phishing Websites,0,uci_group_001436,development,5.0
UCI::4457,UCI Phishing Websites,1,uci_group_001366,development,3.0
UCI::4458,UCI Phishing Websites,1,uci_group_000950,development,4.0
UCI::4459,UCI Phishing Websites,1,uci_group_004983,calibration,
UCI::4460,UCI Phishing Websites,1,uci_group_000797,development,2.0
UCI::4461,UCI Phishing Websites,1,uci_group_005072,development,4.0
UCI::4462,UCI Phishing Websites,1,uci_group_003964,development,3.0
UCI::4463,UCI Phishing Websites,1,uci_group_002776,calibration,
UCI::4464,UCI Phishing Websites,1,uci_group_005536,test,
UCI::4465,UCI Phishing Websites,0,uci_group_002736,development,5.0
UCI::4466,UCI Phishing Websites,1,uci_group_002145,test,
UCI::4467,UCI Phishing Websites,0,uci_group_005251,development,5.0
UCI::4468,UCI Phishing Websites,1,uci_group_005344,development,2.0
UCI::4469,UCI Phishing Websites,1,uci_group_001332,development,4.0
UCI::4470,UCI Phishing Websites,1,uci_group_000333,development,2.0
UCI::4471,UCI Phishing Websites,1,uci_group_004495,test,
UCI::4472,UCI Phishing Websites,1,uci_group_001518,development,5.0
UCI::4473,UCI Phishing Websites,0,uci_group_004906,development,3.0
UCI::4474,UCI Phishing Websites,1,uci_group_004768,calibration,
UCI::4475,UCI Phishing Websites,0,uci_group_002256,development,1.0
UCI::4476,UCI Phishing Websites,1,uci_group_000492,development,1.0
UCI::4477,UCI Phishing Websites,0,uci_group_005225,development,5.0
UCI::4478,UCI Phishing Websites,1,uci_group_000113,development,2.0
UCI::4479,UCI Phishing Websites,1,uci_group_003058,calibration,
UCI::4480,UCI Phishing Websites,1,uci_group_003901,development,5.0
UCI::4481,UCI Phishing Websites,1,uci_group_003980,calibration,
UCI::4482,UCI Phishing Websites,0,uci_group_003880,development,2.0
UCI::4483,UCI Phishing Websites,1,uci_group_002832,development,5.0
UCI::4484,UCI Phishing Websites,0,uci_group_005299,calibration,
UCI::4485,UCI Phishing Websites,0,uci_group_000473,development,5.0
UCI::4486,UCI Phishing Websites,1,uci_group_002928,development,2.0
UCI::4487,UCI Phishing Websites,0,uci_group_004784,development,2.0
UCI::4488,UCI Phishing Websites,0,uci_group_002702,development,3.0
UCI::4489,UCI Phishing Websites,0,uci_group_003236,development,4.0
UCI::4490,UCI Phishing Websites,1,uci_group_003705,development,1.0
UCI::4491,UCI Phishing Websites,1,uci_group_003595,development,5.0
UCI::4492,UCI Phishing Websites,1,uci_group_001281,development,4.0
UCI::4493,UCI Phishing Websites,1,uci_group_004117,calibration,
UCI::4494,UCI Phishing Websites,0,uci_group_004499,development,3.0
UCI::4495,UCI Phishing Websites,0,uci_group_000727,test,
UCI::4496,UCI Phishing Websites,1,uci_group_000030,test,
UCI::4497,UCI Phishing Websites,1,uci_group_005043,development,4.0
UCI::4498,UCI Phishing Websites,0,uci_group_001636,development,1.0
UCI::4499,UCI Phishing Websites,1,uci_group_004857,calibration,
UCI::4500,UCI Phishing Websites,0,uci_group_005281,test,
UCI::4501,UCI Phishing Websites,0,uci_group_000941,calibration,
UCI::4502,UCI Phishing Websites,1,uci_group_000168,development,5.0
UCI::4503,UCI Phishing Websites,1,uci_group_003553,development,5.0
UCI::4504,UCI Phishing Websites,0,uci_group_000742,calibration,
UCI::4505,UCI Phishing Websites,1,uci_group_000918,development,2.0
UCI::4506,UCI Phishing Websites,0,uci_group_005614,development,1.0
UCI::4507,UCI Phishing Websites,1,uci_group_004092,calibration,
UCI::4508,UCI Phishing Websites,1,uci_group_001737,development,1.0
UCI::4509,UCI Phishing Websites,1,uci_group_000629,development,3.0
UCI::4510,UCI Phishing Websites,1,uci_group_004696,development,4.0
UCI::4511,UCI Phishing Websites,1,uci_group_004916,calibration,
UCI::4512,UCI Phishing Websites,1,uci_group_000026,test,
UCI::4513,UCI Phishing Websites,1,uci_group_002942,development,4.0
UCI::4514,UCI Phishing Websites,1,uci_group_003713,development,4.0
UCI::4515,UCI Phishing Websites,0,uci_group_000873,calibration,
UCI::4516,UCI Phishing Websites,0,uci_group_004042,development,2.0
UCI::4517,UCI Phishing Websites,0,uci_group_003372,development,4.0
UCI::4518,UCI Phishing Websites,1,uci_group_000815,test,
UCI::4519,UCI Phishing Websites,0,uci_group_000666,development,3.0
UCI::4520,UCI Phishing Websites,1,uci_group_002112,development,1.0
UCI::4521,UCI Phishing Websites,0,uci_group_001585,test,
UCI::4522,UCI Phishing Websites,1,uci_group_005273,development,5.0
UCI::4523,UCI Phishing Websites,0,uci_group_003436,development,1.0
UCI::4524,UCI Phishing Websites,1,uci_group_002232,development,2.0
UCI::4525,UCI Phishing Websites,1,uci_group_000432,calibration,
UCI::4526,UCI Phishing Websites,0,uci_group_002809,development,1.0
UCI::4527,UCI Phishing Websites,1,uci_group_001419,development,5.0
UCI::4528,UCI Phishing Websites,1,uci_group_000202,test,
UCI::4529,UCI Phishing Websites,0,uci_group_004002,development,3.0
UCI::4530,UCI Phishing Websites,0,uci_group_000778,test,
UCI::4531,UCI Phishing Websites,0,uci_group_004107,development,2.0
UCI::4532,UCI Phishing Websites,0,uci_group_004362,development,1.0
UCI::4533,UCI Phishing Websites,1,uci_group_004127,development,4.0
UCI::4534,UCI Phishing Websites,1,uci_group_005680,calibration,
UCI::4535,UCI Phishing Websites,1,uci_group_003777,development,3.0
UCI::4536,UCI Phishing Websites,1,uci_group_000837,development,3.0
UCI::4537,UCI Phishing Websites,1,uci_group_002144,development,3.0
UCI::4538,UCI Phishing Websites,1,uci_group_001414,development,4.0
UCI::4539,UCI Phishing Websites,1,uci_group_002042,development,5.0
UCI::4540,UCI Phishing Websites,1,uci_group_005124,calibration,
UCI::4541,UCI Phishing Websites,0,uci_group_001972,development,3.0
UCI::4542,UCI Phishing Websites,0,uci_group_004192,development,5.0
UCI::4543,UCI Phishing Websites,1,uci_group_002067,development,1.0
UCI::4544,UCI Phishing Websites,0,uci_group_003152,calibration,
UCI::4545,UCI Phishing Websites,1,uci_group_001828,calibration,
UCI::4546,UCI Phishing Websites,1,uci_group_002895,development,5.0
UCI::4547,UCI Phishing Websites,0,uci_group_001475,development,4.0
UCI::4548,UCI Phishing Websites,0,uci_group_004997,development,3.0
UCI::4549,UCI Phishing Websites,1,uci_group_005330,development,4.0
UCI::4550,UCI Phishing Websites,0,uci_group_002214,development,2.0
UCI::4551,UCI Phishing Websites,1,uci_group_002586,development,1.0
UCI::4552,UCI Phishing Websites,0,uci_group_000866,development,5.0
UCI::4553,UCI Phishing Websites,0,uci_group_005462,development,1.0
UCI::4554,UCI Phishing Websites,1,uci_group_000140,development,2.0
UCI::4555,UCI Phishing Websites,0,uci_group_000150,development,2.0
UCI::4556,UCI Phishing Websites,0,uci_group_005151,calibration,
UCI::4557,UCI Phishing Websites,1,uci_group_004299,calibration,
UCI::4558,UCI Phishing Websites,1,uci_group_004580,development,2.0
UCI::4559,UCI Phishing Websites,1,uci_group_002826,calibration,
UCI::4560,UCI Phishing Websites,1,uci_group_004869,calibration,
UCI::4561,UCI Phishing Websites,0,uci_group_005258,development,2.0
UCI::4562,UCI Phishing Websites,1,uci_group_004972,development,2.0
UCI::4563,UCI Phishing Websites,1,uci_group_005758,development,4.0
UCI::4564,UCI Phishing Websites,0,uci_group_003082,development,5.0
UCI::4565,UCI Phishing Websites,1,uci_group_000905,test,
UCI::4566,UCI Phishing Websites,1,uci_group_005407,development,4.0
UCI::4567,UCI Phishing Websites,1,uci_group_003718,development,5.0
UCI::4568,UCI Phishing Websites,0,uci_group_000439,test,
UCI::4569,UCI Phishing Websites,0,uci_group_005757,development,3.0
UCI::4570,UCI Phishing Websites,0,uci_group_002178,development,3.0
UCI::4571,UCI Phishing Websites,1,uci_group_001049,calibration,
UCI::4572,UCI Phishing Websites,1,uci_group_001995,calibration,
UCI::4573,UCI Phishing Websites,1,uci_group_002001,test,
UCI::4574,UCI Phishing Websites,0,uci_group_001392,development,4.0
UCI::4575,UCI Phishing Websites,0,uci_group_002453,development,4.0
UCI::4576,UCI Phishing Websites,1,uci_group_001652,development,3.0
UCI::4577,UCI Phishing Websites,0,uci_group_004317,development,3.0
UCI::4578,UCI Phishing Websites,1,uci_group_004219,development,4.0
UCI::4579,UCI Phishing Websites,0,uci_group_002747,calibration,
UCI::4580,UCI Phishing Websites,0,uci_group_005562,development,4.0
UCI::4581,UCI Phishing Websites,0,uci_group_001762,test,
UCI::4582,UCI Phishing Websites,0,uci_group_001809,test,
UCI::4583,UCI Phishing Websites,0,uci_group_005745,development,5.0
UCI::4584,UCI Phishing Websites,1,uci_group_004215,development,2.0
UCI::4585,UCI Phishing Websites,1,uci_group_004161,development,5.0
UCI::4586,UCI Phishing Websites,1,uci_group_000814,development,2.0
UCI::4587,UCI Phishing Websites,1,uci_group_002064,development,1.0
UCI::4588,UCI Phishing Websites,1,uci_group_000232,development,5.0
UCI::4589,UCI Phishing Websites,0,uci_group_003417,test,
UCI::4590,UCI Phishing Websites,1,uci_group_005332,development,5.0
UCI::4591,UCI Phishing Websites,0,uci_group_001577,development,3.0
UCI::4592,UCI Phishing Websites,0,uci_group_000855,calibration,
UCI::4593,UCI Phishing Websites,1,uci_group_001121,development,4.0
UCI::4594,UCI Phishing Websites,1,uci_group_000043,calibration,
UCI::4595,UCI Phishing Websites,1,uci_group_003405,development,5.0
UCI::4596,UCI Phishing Websites,1,uci_group_001649,calibration,
UCI::4597,UCI Phishing Websites,0,uci_group_003914,development,3.0
UCI::4598,UCI Phishing Websites,1,uci_group_004056,development,4.0
UCI::4599,UCI Phishing Websites,1,uci_group_003737,calibration,
UCI::4600,UCI Phishing Websites,1,uci_group_005400,development,2.0
UCI::4601,UCI Phishing Websites,0,uci_group_005184,development,1.0
UCI::4602,UCI Phishing Websites,1,uci_group_000263,development,2.0
UCI::4603,UCI Phishing Websites,0,uci_group_004521,development,3.0
UCI::4604,UCI Phishing Websites,0,uci_group_004272,development,4.0
UCI::4605,UCI Phishing Websites,0,uci_group_000050,development,4.0
UCI::4606,UCI Phishing Websites,1,uci_group_001239,development,3.0
UCI::4607,UCI Phishing Websites,1,uci_group_001522,calibration,
UCI::4608,UCI Phishing Websites,1,uci_group_001669,test,
UCI::4609,UCI Phishing Websites,1,uci_group_001061,calibration,
UCI::4610,UCI Phishing Websites,1,uci_group_000877,development,1.0
UCI::4611,UCI Phishing Websites,1,uci_group_003948,development,2.0
UCI::4612,UCI Phishing Websites,1,uci_group_004779,calibration,
UCI::4613,UCI Phishing Websites,0,uci_group_002544,development,2.0
UCI::4614,UCI Phishing Websites,0,uci_group_002792,calibration,
UCI::4615,UCI Phishing Websites,1,uci_group_001268,development,3.0
UCI::4616,UCI Phishing Websites,0,uci_group_000048,calibration,
UCI::4617,UCI Phishing Websites,0,uci_group_002245,test,
UCI::4618,UCI Phishing Websites,0,uci_group_001650,development,4.0
UCI::4619,UCI Phishing Websites,0,uci_group_004678,development,4.0
UCI::4620,UCI Phishing Websites,0,uci_group_004593,development,2.0
UCI::4621,UCI Phishing Websites,0,uci_group_002844,test,
UCI::4622,UCI Phishing Websites,0,uci_group_002089,development,3.0
UCI::4623,UCI Phishing Websites,1,uci_group_002039,development,1.0
UCI::4624,UCI Phishing Websites,0,uci_group_005774,development,1.0
UCI::4625,UCI Phishing Websites,0,uci_group_000848,development,3.0
UCI::4626,UCI Phishing Websites,0,uci_group_000400,development,1.0
UCI::4627,UCI Phishing Websites,0,uci_group_004221,development,4.0
UCI::4628,UCI Phishing Websites,0,uci_group_000981,test,
UCI::4629,UCI Phishing Websites,0,uci_group_004396,development,5.0
UCI::4630,UCI Phishing Websites,0,uci_group_000139,development,4.0
UCI::4631,UCI Phishing Websites,1,uci_group_001140,test,
UCI::4632,UCI Phishing Websites,1,uci_group_001481,calibration,
UCI::4633,UCI Phishing Websites,0,uci_group_000175,test,
UCI::4634,UCI Phishing Websites,1,uci_group_005539,development,2.0
UCI::4635,UCI Phishing Websites,1,uci_group_001247,development,5.0
UCI::4636,UCI Phishing Websites,1,uci_group_001808,test,
UCI::4637,UCI Phishing Websites,0,uci_group_003226,test,
UCI::4638,UCI Phishing Websites,0,uci_group_004380,development,1.0
UCI::4639,UCI Phishing Websites,0,uci_group_001382,development,3.0
UCI::4640,UCI Phishing Websites,0,uci_group_005440,development,3.0
UCI::4641,UCI Phishing Websites,0,uci_group_002768,development,5.0
UCI::4642,UCI Phishing Websites,1,uci_group_002614,development,5.0
UCI::4643,UCI Phishing Websites,1,uci_group_000831,test,
UCI::4644,UCI Phishing Websites,1,uci_group_004401,calibration,
UCI::4645,UCI Phishing Websites,1,uci_group_001554,development,4.0
UCI::4646,UCI Phishing Websites,1,uci_group_004705,development,2.0
UCI::4647,UCI Phishing Websites,1,uci_group_003979,development,2.0
UCI::4648,UCI Phishing Websites,0,uci_group_000084,development,5.0
UCI::4649,UCI Phishing Websites,0,uci_group_000715,test,
UCI::4650,UCI Phishing Websites,1,uci_group_003561,development,4.0
UCI::4651,UCI Phishing Websites,1,uci_group_004310,development,5.0
UCI::4652,UCI Phishing Websites,1,uci_group_003175,calibration,
UCI::4653,UCI Phishing Websites,1,uci_group_004587,calibration,
UCI::4654,UCI Phishing Websites,0,uci_group_000801,development,2.0
UCI::4655,UCI Phishing Websites,0,uci_group_000461,test,
UCI::4656,UCI Phishing Websites,1,uci_group_004546,development,4.0
UCI::4657,UCI Phishing Websites,0,uci_group_001701,development,5.0
UCI::4658,UCI Phishing Websites,0,uci_group_003562,development,5.0
UCI::4659,UCI Phishing Websites,1,uci_group_001697,test,
UCI::4660,UCI Phishing Websites,0,uci_group_000767,calibration,
UCI::4661,UCI Phishing Websites,1,uci_group_000110,development,2.0
UCI::4662,UCI Phishing Websites,0,uci_group_000836,development,5.0
UCI::4663,UCI Phishing Websites,1,uci_group_004955,test,
UCI::4664,UCI Phishing Websites,0,uci_group_000820,test,
UCI::4665,UCI Phishing Websites,1,uci_group_005327,development,4.0
UCI::4666,UCI Phishing Websites,1,uci_group_001047,test,
UCI::4667,UCI Phishing Websites,0,uci_group_005143,development,2.0
UCI::4668,UCI Phishing Websites,1,uci_group_004080,development,5.0
UCI::4669,UCI Phishing Websites,1,uci_group_004216,development,2.0
UCI::4670,UCI Phishing Websites,0,uci_group_000758,development,3.0
UCI::4671,UCI Phishing Websites,0,uci_group_002518,development,4.0
UCI::4672,UCI Phishing Websites,1,uci_group_004938,test,
UCI::4673,UCI Phishing Websites,1,uci_group_004235,development,5.0
UCI::4674,UCI Phishing Websites,0,uci_group_000063,development,1.0
UCI::4675,UCI Phishing Websites,1,uci_group_003359,development,3.0
UCI::4676,UCI Phishing Websites,1,uci_group_002678,development,2.0
UCI::4677,UCI Phishing Websites,0,uci_group_002771,development,4.0
UCI::4678,UCI Phishing Websites,0,uci_group_003120,development,1.0
UCI::4679,UCI Phishing Websites,1,uci_group_005341,test,
UCI::4680,UCI Phishing Websites,0,uci_group_002127,development,5.0
UCI::4681,UCI Phishing Websites,1,uci_group_002296,development,3.0
UCI::4682,UCI Phishing Websites,0,uci_group_005749,test,
UCI::4683,UCI Phishing Websites,0,uci_group_004275,development,1.0
UCI::4684,UCI Phishing Websites,0,uci_group_001732,development,4.0
UCI::4685,UCI Phishing Websites,0,uci_group_001287,development,5.0
UCI::4686,UCI Phishing Websites,1,uci_group_002656,development,1.0
UCI::4687,UCI Phishing Websites,1,uci_group_005284,development,2.0
UCI::4688,UCI Phishing Websites,1,uci_group_003237,development,2.0
UCI::4689,UCI Phishing Websites,0,uci_group_001238,test,
UCI::4690,UCI Phishing Websites,1,uci_group_000720,development,3.0
UCI::4691,UCI Phishing Websites,0,uci_group_005155,test,
UCI::4692,UCI Phishing Websites,0,uci_group_000275,development,3.0
UCI::4693,UCI Phishing Websites,1,uci_group_003540,development,1.0
UCI::4694,UCI Phishing Websites,0,uci_group_002109,development,3.0
UCI::4695,UCI Phishing Websites,1,uci_group_002929,calibration,
UCI::4696,UCI Phishing Websites,1,uci_group_001854,development,5.0
UCI::4697,UCI Phishing Websites,0,uci_group_004877,development,4.0
UCI::4698,UCI Phishing Websites,0,uci_group_003767,development,3.0
UCI::4699,UCI Phishing Websites,0,uci_group_000709,development,4.0
UCI::4700,UCI Phishing Websites,1,uci_group_001902,development,5.0
UCI::4701,UCI Phishing Websites,1,uci_group_004758,development,5.0
UCI::4702,UCI Phishing Websites,1,uci_group_002578,development,1.0
UCI::4703,UCI Phishing Websites,0,uci_group_000368,calibration,
UCI::4704,UCI Phishing Websites,0,uci_group_003128,development,3.0
UCI::4705,UCI Phishing Websites,0,uci_group_000968,development,3.0
UCI::4706,UCI Phishing Websites,1,uci_group_003629,development,5.0
UCI::4707,UCI Phishing Websites,1,uci_group_000191,test,
UCI::4708,UCI Phishing Websites,0,uci_group_001583,development,3.0
UCI::4709,UCI Phishing Websites,0,uci_group_001505,development,2.0
UCI::4710,UCI Phishing Websites,1,uci_group_001610,test,
UCI::4711,UCI Phishing Websites,0,uci_group_005742,calibration,
UCI::4712,UCI Phishing Websites,1,uci_group_000635,development,1.0
UCI::4713,UCI Phishing Websites,0,uci_group_003379,development,4.0
UCI::4714,UCI Phishing Websites,0,uci_group_000420,development,5.0
UCI::4715,UCI Phishing Websites,0,uci_group_000792,calibration,
UCI::4716,UCI Phishing Websites,1,uci_group_001654,development,1.0
UCI::4717,UCI Phishing Websites,1,uci_group_002362,development,1.0
UCI::4718,UCI Phishing Websites,1,uci_group_003418,calibration,
UCI::4719,UCI Phishing Websites,1,uci_group_005079,development,1.0
UCI::4720,UCI Phishing Websites,0,uci_group_000419,development,5.0
UCI::4721,UCI Phishing Websites,0,uci_group_001053,development,2.0
UCI::4722,UCI Phishing Websites,1,uci_group_000572,development,5.0
UCI::4723,UCI Phishing Websites,0,uci_group_000533,development,5.0
UCI::4724,UCI Phishing Websites,0,uci_group_004621,development,4.0
UCI::4725,UCI Phishing Websites,1,uci_group_004334,test,
UCI::4726,UCI Phishing Websites,1,uci_group_003304,test,
UCI::4727,UCI Phishing Websites,0,uci_group_002071,development,4.0
UCI::4728,UCI Phishing Websites,0,uci_group_003618,development,1.0
UCI::4729,UCI Phishing Websites,1,uci_group_005375,test,
UCI::4730,UCI Phishing Websites,1,uci_group_004769,development,4.0
UCI::4731,UCI Phishing Websites,0,uci_group_005261,calibration,
UCI::4732,UCI Phishing Websites,0,uci_group_000553,test,
UCI::4733,UCI Phishing Websites,0,uci_group_000117,development,3.0
UCI::4734,UCI Phishing Websites,0,uci_group_001795,test,
UCI::4735,UCI Phishing Websites,1,uci_group_002337,development,2.0
UCI::4736,UCI Phishing Websites,1,uci_group_001912,development,4.0
UCI::4737,UCI Phishing Websites,0,uci_group_004169,development,4.0
UCI::4738,UCI Phishing Websites,1,uci_group_003380,development,5.0
UCI::4739,UCI Phishing Websites,0,uci_group_004014,test,
UCI::4740,UCI Phishing Websites,0,uci_group_004175,development,1.0
UCI::4741,UCI Phishing Websites,0,uci_group_004044,development,3.0
UCI::4742,UCI Phishing Websites,0,uci_group_005370,test,
UCI::4743,UCI Phishing Websites,0,uci_group_004676,test,
UCI::4744,UCI Phishing Websites,1,uci_group_001117,development,5.0
UCI::4745,UCI Phishing Websites,1,uci_group_001857,development,2.0
UCI::4746,UCI Phishing Websites,0,uci_group_004720,calibration,
UCI::4747,UCI Phishing Websites,1,uci_group_001933,development,5.0
UCI::4748,UCI Phishing Websites,1,uci_group_001442,test,
UCI::4749,UCI Phishing Websites,0,uci_group_005785,development,3.0
UCI::4750,UCI Phishing Websites,0,uci_group_002666,development,2.0
UCI::4751,UCI Phishing Websites,1,uci_group_004410,development,2.0
UCI::4752,UCI Phishing Websites,0,uci_group_001427,test,
UCI::4753,UCI Phishing Websites,0,uci_group_003730,calibration,
UCI::4754,UCI Phishing Websites,1,uci_group_000090,development,5.0
UCI::4755,UCI Phishing Websites,0,uci_group_004167,development,5.0
UCI::4756,UCI Phishing Websites,1,uci_group_003787,test,
UCI::4757,UCI Phishing Websites,1,uci_group_000903,calibration,
UCI::4758,UCI Phishing Websites,1,uci_group_000511,development,5.0
UCI::4759,UCI Phishing Websites,0,uci_group_000479,development,5.0
UCI::4760,UCI Phishing Websites,1,uci_group_002220,development,1.0
UCI::4761,UCI Phishing Websites,1,uci_group_004455,development,2.0
UCI::4762,UCI Phishing Websites,1,uci_group_002889,development,3.0
UCI::4763,UCI Phishing Websites,0,uci_group_001426,development,1.0
UCI::4764,UCI Phishing Websites,0,uci_group_001844,development,3.0
UCI::4765,UCI Phishing Websites,0,uci_group_003043,test,
UCI::4766,UCI Phishing Websites,0,uci_group_004457,development,2.0
UCI::4767,UCI Phishing Websites,1,uci_group_005223,development,4.0
UCI::4768,UCI Phishing Websites,1,uci_group_001626,calibration,
UCI::4769,UCI Phishing Websites,0,uci_group_001754,development,5.0
UCI::4770,UCI Phishing Websites,1,uci_group_005373,development,5.0
UCI::4771,UCI Phishing Websites,1,uci_group_002598,test,
UCI::4772,UCI Phishing Websites,1,uci_group_000945,development,1.0
UCI::4773,UCI Phishing Websites,1,uci_group_003623,development,2.0
UCI::4774,UCI Phishing Websites,0,uci_group_005499,development,1.0
UCI::4775,UCI Phishing Websites,0,uci_group_000278,development,1.0
UCI::4776,UCI Phishing Websites,0,uci_group_002044,test,
UCI::4777,UCI Phishing Websites,0,uci_group_004488,test,
UCI::4778,UCI Phishing Websites,0,uci_group_000371,test,
UCI::4779,UCI Phishing Websites,1,uci_group_001468,test,
UCI::4780,UCI Phishing Websites,0,uci_group_002515,test,
UCI::4781,UCI Phishing Websites,1,uci_group_001120,development,4.0
UCI::4782,UCI Phishing Websites,0,uci_group_003564,test,
UCI::4783,UCI Phishing Websites,0,uci_group_001671,calibration,
UCI::4784,UCI Phishing Websites,1,uci_group_005062,calibration,
UCI::4785,UCI Phishing Websites,1,uci_group_004109,test,
UCI::4786,UCI Phishing Websites,0,uci_group_000364,development,2.0
UCI::4787,UCI Phishing Websites,1,uci_group_001855,test,
UCI::4788,UCI Phishing Websites,1,uci_group_004268,test,
UCI::4789,UCI Phishing Websites,0,uci_group_005029,calibration,
UCI::4790,UCI Phishing Websites,0,uci_group_004331,development,5.0
UCI::4791,UCI Phishing Websites,1,uci_group_002122,test,
UCI::4792,UCI Phishing Websites,1,uci_group_001264,development,5.0
UCI::4793,UCI Phishing Websites,0,uci_group_000190,development,5.0
UCI::4794,UCI Phishing Websites,0,uci_group_001965,development,2.0
UCI::4795,UCI Phishing Websites,1,uci_group_001632,development,5.0
UCI::4796,UCI Phishing Websites,0,uci_group_004079,development,5.0
UCI::4797,UCI Phishing Websites,0,uci_group_003046,test,
UCI::4798,UCI Phishing Websites,0,uci_group_004902,test,
UCI::4799,UCI Phishing Websites,1,uci_group_003463,development,4.0
UCI::4800,UCI Phishing Websites,1,uci_group_002622,development,1.0
UCI::4801,UCI Phishing Websites,1,uci_group_002662,calibration,
UCI::4802,UCI Phishing Websites,1,uci_group_004562,development,5.0
UCI::4803,UCI Phishing Websites,1,uci_group_004243,development,3.0
UCI::4804,UCI Phishing Websites,1,uci_group_002253,development,1.0
UCI::4805,UCI Phishing Websites,0,uci_group_001843,development,5.0
UCI::4806,UCI Phishing Websites,1,uci_group_001456,development,2.0
UCI::4807,UCI Phishing Websites,1,uci_group_003430,development,4.0
UCI::4808,UCI Phishing Websites,0,uci_group_000677,development,3.0
UCI::4809,UCI Phishing Websites,0,uci_group_000256,test,
UCI::4810,UCI Phishing Websites,1,uci_group_000901,test,
UCI::4811,UCI Phishing Websites,1,uci_group_000620,calibration,
UCI::4812,UCI Phishing Websites,0,uci_group_004209,development,4.0
UCI::4813,UCI Phishing Websites,1,uci_group_003708,development,2.0
UCI::4814,UCI Phishing Websites,1,uci_group_002237,development,4.0
UCI::4815,UCI Phishing Websites,1,uci_group_000418,test,
UCI::4816,UCI Phishing Websites,1,uci_group_001327,development,2.0
UCI::4817,UCI Phishing Websites,1,uci_group_000652,development,5.0
UCI::4818,UCI Phishing Websites,0,uci_group_005239,development,5.0
UCI::4819,UCI Phishing Websites,0,uci_group_001203,development,4.0
UCI::4820,UCI Phishing Websites,1,uci_group_004669,development,3.0
UCI::4821,UCI Phishing Websites,0,uci_group_003297,calibration,
UCI::4822,UCI Phishing Websites,0,uci_group_005601,development,3.0
UCI::4823,UCI Phishing Websites,1,uci_group_002102,calibration,
UCI::4824,UCI Phishing Websites,1,uci_group_003444,development,5.0
UCI::4825,UCI Phishing Websites,1,uci_group_001026,test,
UCI::4826,UCI Phishing Websites,0,uci_group_001819,development,1.0
UCI::4827,UCI Phishing Websites,0,uci_group_002873,development,3.0
UCI::4828,UCI Phishing Websites,0,uci_group_000741,development,2.0
UCI::4829,UCI Phishing Websites,1,uci_group_000600,development,1.0
UCI::4830,UCI Phishing Websites,1,uci_group_004544,test,
UCI::4831,UCI Phishing Websites,0,uci_group_000011,development,2.0
UCI::4832,UCI Phishing Websites,1,uci_group_003401,development,5.0
UCI::4833,UCI Phishing Websites,1,uci_group_001453,development,2.0
UCI::4834,UCI Phishing Websites,1,uci_group_004908,test,
UCI::4835,UCI Phishing Websites,1,uci_group_005755,development,5.0
UCI::4836,UCI Phishing Websites,1,uci_group_003854,test,
UCI::4837,UCI Phishing Websites,0,uci_group_005557,development,2.0
UCI::4838,UCI Phishing Websites,1,uci_group_004783,development,5.0
UCI::4839,UCI Phishing Websites,1,uci_group_003828,test,
UCI::4840,UCI Phishing Websites,0,uci_group_001394,calibration,
UCI::4841,UCI Phishing Websites,0,uci_group_005244,development,1.0
UCI::4842,UCI Phishing Websites,0,uci_group_002006,development,4.0
UCI::4843,UCI Phishing Websites,1,uci_group_000946,development,4.0
UCI::4844,UCI Phishing Websites,0,uci_group_003040,development,5.0
UCI::4845,UCI Phishing Websites,1,uci_group_005138,development,2.0
UCI::4846,UCI Phishing Websites,1,uci_group_001383,test,
UCI::4847,UCI Phishing Websites,1,uci_group_005638,test,
UCI::4848,UCI Phishing Websites,0,uci_group_001691,test,
UCI::4849,UCI Phishing Websites,0,uci_group_001595,development,4.0
UCI::4850,UCI Phishing Websites,1,uci_group_003094,test,
UCI::4851,UCI Phishing Websites,0,uci_group_005217,calibration,
UCI::4852,UCI Phishing Websites,1,uci_group_004246,calibration,
UCI::4853,UCI Phishing Websites,0,uci_group_005566,development,5.0
UCI::4854,UCI Phishing Websites,1,uci_group_003532,calibration,
UCI::4855,UCI Phishing Websites,1,uci_group_004386,development,5.0
UCI::4856,UCI Phishing Websites,0,uci_group_004280,development,2.0
UCI::4857,UCI Phishing Websites,1,uci_group_004003,development,1.0
UCI::4858,UCI Phishing Websites,0,uci_group_005646,development,2.0
UCI::4859,UCI Phishing Websites,0,uci_group_004890,calibration,
UCI::4860,UCI Phishing Websites,1,uci_group_000494,development,4.0
UCI::4861,UCI Phishing Websites,1,uci_group_002175,development,1.0
UCI::4862,UCI Phishing Websites,0,uci_group_000736,development,1.0
UCI::4863,UCI Phishing Websites,1,uci_group_000365,test,
UCI::4864,UCI Phishing Websites,1,uci_group_003993,development,2.0
UCI::4865,UCI Phishing Websites,1,uci_group_002466,development,1.0
UCI::4866,UCI Phishing Websites,0,uci_group_001118,test,
UCI::4867,UCI Phishing Websites,0,uci_group_001545,development,3.0
UCI::4868,UCI Phishing Websites,0,uci_group_000345,development,5.0
UCI::4869,UCI Phishing Websites,0,uci_group_005131,development,3.0
UCI::4870,UCI Phishing Websites,1,uci_group_005361,development,1.0
UCI::4871,UCI Phishing Websites,1,uci_group_003275,development,2.0
UCI::4872,UCI Phishing Websites,1,uci_group_004748,development,3.0
UCI::4873,UCI Phishing Websites,0,uci_group_002155,development,1.0
UCI::4874,UCI Phishing Websites,0,uci_group_001046,development,4.0
UCI::4875,UCI Phishing Websites,0,uci_group_003162,development,1.0
UCI::4876,UCI Phishing Websites,0,uci_group_002559,development,2.0
UCI::4877,UCI Phishing Websites,0,uci_group_002361,development,1.0
UCI::4878,UCI Phishing Websites,1,uci_group_003207,calibration,
UCI::4879,UCI Phishing Websites,0,uci_group_004097,development,2.0
UCI::4880,UCI Phishing Websites,1,uci_group_003129,development,3.0
UCI::4881,UCI Phishing Websites,0,uci_group_001096,development,2.0
UCI::4882,UCI Phishing Websites,0,uci_group_001024,development,1.0
UCI::4883,UCI Phishing Websites,1,uci_group_003904,development,3.0
UCI::4884,UCI Phishing Websites,1,uci_group_004029,test,
UCI::4885,UCI Phishing Websites,0,uci_group_003281,development,2.0
UCI::4886,UCI Phishing Websites,1,uci_group_000645,development,1.0
UCI::4887,UCI Phishing Websites,1,uci_group_005300,development,2.0
UCI::4888,UCI Phishing Websites,1,uci_group_000290,calibration,
UCI::4889,UCI Phishing Websites,0,uci_group_003166,development,1.0
UCI::4890,UCI Phishing Websites,0,uci_group_003008,calibration,
UCI::4891,UCI Phishing Websites,1,uci_group_004015,development,3.0
UCI::4892,UCI Phishing Websites,1,uci_group_002205,development,4.0
UCI::4893,UCI Phishing Websites,0,uci_group_002959,development,2.0
UCI::4894,UCI Phishing Websites,1,uci_group_002336,development,3.0
UCI::4895,UCI Phishing Websites,0,uci_group_004038,development,3.0
UCI::4896,UCI Phishing Websites,1,uci_group_001975,development,3.0
UCI::4897,UCI Phishing Websites,0,uci_group_002114,test,
UCI::4898,UCI Phishing Websites,1,uci_group_001004,development,4.0
UCI::4899,UCI Phishing Websites,0,uci_group_001958,development,4.0
UCI::4900,UCI Phishing Websites,1,uci_group_002250,development,2.0
UCI::4901,UCI Phishing Websites,1,uci_group_004554,calibration,
UCI::4902,UCI Phishing Websites,1,uci_group_001090,development,3.0
UCI::4903,UCI Phishing Websites,1,uci_group_001371,development,1.0
UCI::4904,UCI Phishing Websites,0,uci_group_005105,development,5.0
UCI::4905,UCI Phishing Websites,1,uci_group_005436,development,1.0
UCI::4906,UCI Phishing Websites,0,uci_group_000053,development,2.0
UCI::4907,UCI Phishing Websites,0,uci_group_004414,test,
UCI::4908,UCI Phishing Websites,1,uci_group_001237,development,5.0
UCI::4909,UCI Phishing Websites,1,uci_group_000342,test,
UCI::4910,UCI Phishing Websites,1,uci_group_005172,development,3.0
UCI::4911,UCI Phishing Websites,0,uci_group_005121,development,2.0
UCI::4912,UCI Phishing Websites,0,uci_group_001148,development,2.0
UCI::4913,UCI Phishing Websites,0,uci_group_005097,development,5.0
UCI::4914,UCI Phishing Websites,1,uci_group_000960,development,5.0
UCI::4915,UCI Phishing Websites,1,uci_group_004541,development,4.0
UCI::4916,UCI Phishing Websites,1,uci_group_004861,test,
UCI::4917,UCI Phishing Websites,0,uci_group_000462,development,4.0
UCI::4918,UCI Phishing Websites,1,uci_group_002016,test,
UCI::4919,UCI Phishing Websites,0,uci_group_005256,calibration,
UCI::4920,UCI Phishing Websites,0,uci_group_001139,development,4.0
UCI::4921,UCI Phishing Websites,0,uci_group_004124,development,5.0
UCI::4922,UCI Phishing Websites,0,uci_group_001281,development,4.0
UCI::4923,UCI Phishing Websites,1,uci_group_000161,development,4.0
UCI::4924,UCI Phishing Websites,0,uci_group_001185,development,4.0
UCI::4925,UCI Phishing Websites,0,uci_group_004185,calibration,
UCI::4926,UCI Phishing Websites,1,uci_group_001002,development,3.0
UCI::4927,UCI Phishing Websites,1,uci_group_003246,development,5.0
UCI::4928,UCI Phishing Websites,1,uci_group_005697,development,2.0
UCI::4929,UCI Phishing Websites,0,uci_group_003956,calibration,
UCI::4930,UCI Phishing Websites,1,uci_group_001100,development,1.0
UCI::4931,UCI Phishing Websites,0,uci_group_000790,test,
UCI::4932,UCI Phishing Websites,1,uci_group_002142,development,2.0
UCI::4933,UCI Phishing Websites,0,uci_group_002408,development,2.0
UCI::4934,UCI Phishing Websites,1,uci_group_002010,development,4.0
UCI::4935,UCI Phishing Websites,0,uci_group_002969,test,
UCI::4936,UCI Phishing Websites,1,uci_group_004687,development,1.0
UCI::4937,UCI Phishing Websites,1,uci_group_004483,development,1.0
UCI::4938,UCI Phishing Websites,0,uci_group_005077,calibration,
UCI::4939,UCI Phishing Websites,0,uci_group_002011,test,
UCI::4940,UCI Phishing Websites,0,uci_group_000137,development,5.0
UCI::4941,UCI Phishing Websites,0,uci_group_004737,development,2.0
UCI::4942,UCI Phishing Websites,0,uci_group_003493,development,3.0
UCI::4943,UCI Phishing Websites,1,uci_group_001859,development,3.0
UCI::4944,UCI Phishing Websites,1,uci_group_001365,development,5.0
UCI::4945,UCI Phishing Websites,0,uci_group_000705,development,3.0
UCI::4946,UCI Phishing Websites,0,uci_group_001773,development,2.0
UCI::4947,UCI Phishing Websites,0,uci_group_004774,development,1.0
UCI::4948,UCI Phishing Websites,1,uci_group_000766,development,1.0
UCI::4949,UCI Phishing Websites,1,uci_group_002429,development,1.0
UCI::4950,UCI Phishing Websites,0,uci_group_000517,development,4.0
UCI::4951,UCI Phishing Websites,0,uci_group_002585,test,
UCI::4952,UCI Phishing Websites,1,uci_group_005347,development,2.0
UCI::4953,UCI Phishing Websites,1,uci_group_001084,calibration,
UCI::4954,UCI Phishing Websites,1,uci_group_001694,development,4.0
UCI::4955,UCI Phishing Websites,0,uci_group_002904,test,
UCI::4956,UCI Phishing Websites,0,uci_group_005031,calibration,
UCI::4957,UCI Phishing Websites,0,uci_group_002260,development,1.0
UCI::4958,UCI Phishing Websites,1,uci_group_003932,development,4.0
UCI::4959,UCI Phishing Websites,1,uci_group_000411,development,3.0
UCI::4960,UCI Phishing Websites,0,uci_group_000005,development,5.0
UCI::4961,UCI Phishing Websites,1,uci_group_001007,development,3.0
UCI::4962,UCI Phishing Websites,1,uci_group_003037,development,5.0
UCI::4963,UCI Phishing Websites,0,uci_group_005487,development,2.0
UCI::4964,UCI Phishing Websites,0,uci_group_004202,test,
UCI::4965,UCI Phishing Websites,1,uci_group_000736,development,1.0
UCI::4966,UCI Phishing Websites,1,uci_group_003558,development,1.0
UCI::4967,UCI Phishing Websites,0,uci_group_001840,calibration,
UCI::4968,UCI Phishing Websites,0,uci_group_002851,development,1.0
UCI::4969,UCI Phishing Websites,1,uci_group_002887,calibration,
UCI::4970,UCI Phishing Websites,1,uci_group_000847,development,5.0
UCI::4971,UCI Phishing Websites,0,uci_group_005479,calibration,
UCI::4972,UCI Phishing Websites,1,uci_group_004068,calibration,
UCI::4973,UCI Phishing Websites,1,uci_group_003527,development,4.0
UCI::4974,UCI Phishing Websites,0,uci_group_001856,development,5.0
UCI::4975,UCI Phishing Websites,1,uci_group_003636,development,3.0
UCI::4976,UCI Phishing Websites,0,uci_group_001622,test,
UCI::4977,UCI Phishing Websites,1,uci_group_002983,development,2.0
UCI::4978,UCI Phishing Websites,0,uci_group_000712,development,5.0
UCI::4979,UCI Phishing Websites,1,uci_group_000726,test,
UCI::4980,UCI Phishing Websites,1,uci_group_005148,test,
UCI::4981,UCI Phishing Websites,1,uci_group_002727,development,4.0
UCI::4982,UCI Phishing Websites,1,uci_group_001839,development,2.0
UCI::4983,UCI Phishing Websites,1,uci_group_002871,development,1.0
UCI::4984,UCI Phishing Websites,0,uci_group_004822,development,1.0
UCI::4985,UCI Phishing Websites,1,uci_group_004186,development,3.0
UCI::4986,UCI Phishing Websites,0,uci_group_001408,development,5.0
UCI::4987,UCI Phishing Websites,1,uci_group_005710,development,1.0
UCI::4988,UCI Phishing Websites,0,uci_group_003695,calibration,
UCI::4989,UCI Phishing Websites,0,uci_group_000928,development,2.0
UCI::4990,UCI Phishing Websites,1,uci_group_001077,development,3.0
UCI::4991,UCI Phishing Websites,0,uci_group_005671,development,3.0
UCI::4992,UCI Phishing Websites,0,uci_group_005157,development,4.0
UCI::4993,UCI Phishing Websites,0,uci_group_001961,development,4.0
UCI::4994,UCI Phishing Websites,0,uci_group_001374,development,3.0
UCI::4995,UCI Phishing Websites,0,uci_group_004193,test,
UCI::4996,UCI Phishing Websites,1,uci_group_002731,development,4.0
UCI::4997,UCI Phishing Websites,1,uci_group_003685,development,4.0
UCI::4998,UCI Phishing Websites,0,uci_group_003500,development,4.0
UCI::4999,UCI Phishing Websites,1,uci_group_004883,calibration,
UCI::5000,UCI Phishing Websites,1,uci_group_002376,test,
UCI::5001,UCI Phishing Websites,0,uci_group_001488,development,4.0
UCI::5002,UCI Phishing Websites,1,uci_group_003770,test,
UCI::5003,UCI Phishing Websites,1,uci_group_000856,test,
UCI::5004,UCI Phishing Websites,0,uci_group_004105,test,
UCI::5005,UCI Phishing Websites,1,uci_group_001944,calibration,
UCI::5006,UCI Phishing Websites,0,uci_group_002356,calibration,
UCI::5007,UCI Phishing Websites,0,uci_group_003188,development,1.0
UCI::5008,UCI Phishing Websites,1,uci_group_003579,development,5.0
UCI::5009,UCI Phishing Websites,1,uci_group_003601,development,3.0
UCI::5010,UCI Phishing Websites,0,uci_group_001267,development,3.0
UCI::5011,UCI Phishing Websites,0,uci_group_003731,development,1.0
UCI::5012,UCI Phishing Websites,0,uci_group_003796,calibration,
UCI::5013,UCI Phishing Websites,0,uci_group_002682,development,2.0
UCI::5014,UCI Phishing Websites,0,uci_group_001377,development,5.0
UCI::5015,UCI Phishing Websites,0,uci_group_005195,test,
UCI::5016,UCI Phishing Websites,0,uci_group_002570,development,3.0
UCI::5017,UCI Phishing Websites,0,uci_group_000935,test,
UCI::5018,UCI Phishing Websites,0,uci_group_003305,development,1.0
UCI::5019,UCI Phishing Websites,0,uci_group_002417,development,4.0
UCI::5020,UCI Phishing Websites,1,uci_group_004227,development,1.0
UCI::5021,UCI Phishing Websites,1,uci_group_002913,test,
UCI::5022,UCI Phishing Websites,0,uci_group_005606,calibration,
UCI::5023,UCI Phishing Websites,1,uci_group_004856,development,4.0
UCI::5024,UCI Phishing Websites,0,uci_group_004082,test,
UCI::5025,UCI Phishing Websites,1,uci_group_003587,calibration,
UCI::5026,UCI Phishing Websites,0,uci_group_002605,development,1.0
UCI::5027,UCI Phishing Websites,1,uci_group_002816,development,5.0
UCI::5028,UCI Phishing Websites,1,uci_group_004996,development,1.0
UCI::5029,UCI Phishing Websites,1,uci_group_000376,development,4.0
UCI::5030,UCI Phishing Websites,1,uci_group_003682,development,1.0
UCI::5031,UCI Phishing Websites,1,uci_group_001927,test,
UCI::5032,UCI Phishing Websites,0,uci_group_003557,development,1.0
UCI::5033,UCI Phishing Websites,1,uci_group_000361,development,1.0
UCI::5034,UCI Phishing Websites,1,uci_group_002352,development,5.0
UCI::5035,UCI Phishing Websites,1,uci_group_002831,development,3.0
UCI::5036,UCI Phishing Websites,0,uci_group_002536,development,2.0
UCI::5037,UCI Phishing Websites,1,uci_group_004619,calibration,
UCI::5038,UCI Phishing Websites,1,uci_group_003048,development,1.0
UCI::5039,UCI Phishing Websites,0,uci_group_002374,development,1.0
UCI::5040,UCI Phishing Websites,0,uci_group_004382,development,5.0
UCI::5041,UCI Phishing Websites,1,uci_group_002373,development,3.0
UCI::5042,UCI Phishing Websites,0,uci_group_004399,development,3.0
UCI::5043,UCI Phishing Websites,1,uci_group_004724,calibration,
UCI::5044,UCI Phishing Websites,0,uci_group_004373,calibration,
UCI::5045,UCI Phishing Websites,0,uci_group_003161,development,4.0
UCI::5046,UCI Phishing Websites,0,uci_group_004170,development,3.0
UCI::5047,UCI Phishing Websites,0,uci_group_005092,development,4.0
UCI::5048,UCI Phishing Websites,1,uci_group_001535,development,3.0
UCI::5049,UCI Phishing Websites,1,uci_group_005285,development,5.0
UCI::5050,UCI Phishing Websites,1,uci_group_004018,development,4.0
UCI::5051,UCI Phishing Websites,0,uci_group_003484,development,4.0
UCI::5052,UCI Phishing Websites,0,uci_group_004223,development,5.0
UCI::5053,UCI Phishing Websites,0,uci_group_001246,development,4.0
UCI::5054,UCI Phishing Websites,1,uci_group_003210,test,
UCI::5055,UCI Phishing Websites,0,uci_group_000061,development,5.0
UCI::5056,UCI Phishing Websites,1,uci_group_005461,development,2.0
UCI::5057,UCI Phishing Websites,1,uci_group_005750,development,5.0
UCI::5058,UCI Phishing Websites,1,uci_group_004343,development,5.0
UCI::5059,UCI Phishing Websites,1,uci_group_004529,development,5.0
UCI::5060,UCI Phishing Websites,0,uci_group_004487,calibration,
UCI::5061,UCI Phishing Websites,1,uci_group_004250,development,2.0
UCI::5062,UCI Phishing Websites,1,uci_group_003313,calibration,
UCI::5063,UCI Phishing Websites,1,uci_group_002187,development,5.0
UCI::5064,UCI Phishing Websites,1,uci_group_003331,development,3.0
UCI::5065,UCI Phishing Websites,1,uci_group_001539,development,2.0
UCI::5066,UCI Phishing Websites,1,uci_group_001487,development,3.0
UCI::5067,UCI Phishing Websites,0,uci_group_004312,development,3.0
UCI::5068,UCI Phishing Websites,0,uci_group_001753,development,2.0
UCI::5069,UCI Phishing Websites,0,uci_group_004067,development,3.0
UCI::5070,UCI Phishing Websites,0,uci_group_002179,development,1.0
UCI::5071,UCI Phishing Websites,0,uci_group_000233,development,3.0
UCI::5072,UCI Phishing Websites,1,uci_group_004817,development,5.0
UCI::5073,UCI Phishing Websites,1,uci_group_002125,calibration,
UCI::5074,UCI Phishing Websites,0,uci_group_000188,development,5.0
UCI::5075,UCI Phishing Websites,1,uci_group_003006,development,4.0
UCI::5076,UCI Phishing Websites,0,uci_group_002580,test,
UCI::5077,UCI Phishing Websites,1,uci_group_001223,test,
UCI::5078,UCI Phishing Websites,0,uci_group_000738,development,2.0
UCI::5079,UCI Phishing Websites,1,uci_group_002083,development,5.0
UCI::5080,UCI Phishing Websites,1,uci_group_003045,test,
UCI::5081,UCI Phishing Websites,1,uci_group_003411,development,1.0
UCI::5082,UCI Phishing Websites,0,uci_group_001249,development,3.0
UCI::5083,UCI Phishing Websites,0,uci_group_000504,development,2.0
UCI::5084,UCI Phishing Websites,1,uci_group_002105,development,5.0
UCI::5085,UCI Phishing Websites,1,uci_group_003065,development,4.0
UCI::5086,UCI Phishing Websites,0,uci_group_001137,development,1.0
UCI::5087,UCI Phishing Websites,1,uci_group_005253,development,3.0
UCI::5088,UCI Phishing Websites,1,uci_group_002617,development,4.0
UCI::5089,UCI Phishing Websites,0,uci_group_001964,development,3.0
UCI::5090,UCI Phishing Websites,0,uci_group_001283,calibration,
UCI::5091,UCI Phishing Websites,1,uci_group_001347,development,2.0
UCI::5092,UCI Phishing Websites,1,uci_group_004827,development,3.0
UCI::5093,UCI Phishing Websites,0,uci_group_002911,development,4.0
UCI::5094,UCI Phishing Websites,0,uci_group_001216,development,4.0
UCI::5095,UCI Phishing Websites,0,uci_group_001083,development,3.0
UCI::5096,UCI Phishing Websites,0,uci_group_003663,test,
UCI::5097,UCI Phishing Websites,0,uci_group_001425,development,4.0
UCI::5098,UCI Phishing Websites,0,uci_group_003391,test,
UCI::5099,UCI Phishing Websites,0,uci_group_000247,development,5.0
UCI::5100,UCI Phishing Websites,1,uci_group_003194,development,5.0
UCI::5101,UCI Phishing Websites,0,uci_group_005637,development,1.0
UCI::5102,UCI Phishing Websites,0,uci_group_002231,calibration,
UCI::5103,UCI Phishing Websites,1,uci_group_000124,calibration,
UCI::5104,UCI Phishing Websites,0,uci_group_004089,development,4.0
UCI::5105,UCI Phishing Websites,0,uci_group_001362,calibration,
UCI::5106,UCI Phishing Websites,0,uci_group_003060,development,5.0
UCI::5107,UCI Phishing Websites,0,uci_group_002395,calibration,
UCI::5108,UCI Phishing Websites,1,uci_group_005529,development,4.0
UCI::5109,UCI Phishing Websites,1,uci_group_004612,development,1.0
UCI::5110,UCI Phishing Websites,0,uci_group_003954,development,3.0
UCI::5111,UCI Phishing Websites,1,uci_group_002618,development,5.0
UCI::5112,UCI Phishing Websites,0,uci_group_002014,development,5.0
UCI::5113,UCI Phishing Websites,0,uci_group_002091,development,1.0
UCI::5114,UCI Phishing Websites,1,uci_group_000287,development,1.0
UCI::5115,UCI Phishing Websites,1,uci_group_001913,development,3.0
UCI::5116,UCI Phishing Websites,0,uci_group_002802,development,2.0
UCI::5117,UCI Phishing Websites,1,uci_group_004871,calibration,
UCI::5118,UCI Phishing Websites,1,uci_group_002475,development,5.0
UCI::5119,UCI Phishing Websites,0,uci_group_000606,calibration,
UCI::5120,UCI Phishing Websites,0,uci_group_001675,test,
UCI::5121,UCI Phishing Websites,1,uci_group_000660,test,
UCI::5122,UCI Phishing Websites,0,uci_group_001712,development,5.0
UCI::5123,UCI Phishing Websites,0,uci_group_002219,development,1.0
UCI::5124,UCI Phishing Websites,1,uci_group_004138,development,1.0
UCI::5125,UCI Phishing Websites,1,uci_group_004739,development,5.0
UCI::5126,UCI Phishing Websites,0,uci_group_005649,calibration,
UCI::5127,UCI Phishing Websites,1,uci_group_003811,development,2.0
UCI::5128,UCI Phishing Websites,1,uci_group_004036,development,3.0
UCI::5129,UCI Phishing Websites,1,uci_group_002332,development,3.0
UCI::5130,UCI Phishing Websites,0,uci_group_005609,development,4.0
UCI::5131,UCI Phishing Websites,0,uci_group_004437,development,1.0
UCI::5132,UCI Phishing Websites,1,uci_group_005221,development,4.0
UCI::5133,UCI Phishing Websites,1,uci_group_000991,development,1.0
UCI::5134,UCI Phishing Websites,0,uci_group_001460,development,5.0
UCI::5135,UCI Phishing Websites,1,uci_group_002703,development,4.0
UCI::5136,UCI Phishing Websites,1,uci_group_002709,development,3.0
UCI::5137,UCI Phishing Websites,1,uci_group_001164,development,5.0
UCI::5138,UCI Phishing Websites,0,uci_group_002246,development,5.0
UCI::5139,UCI Phishing Websites,0,uci_group_002502,calibration,
UCI::5140,UCI Phishing Websites,1,uci_group_003910,development,5.0
UCI::5141,UCI Phishing Websites,0,uci_group_001901,test,
UCI::5142,UCI Phishing Websites,1,uci_group_002340,development,4.0
UCI::5143,UCI Phishing Websites,0,uci_group_003204,development,2.0
UCI::5144,UCI Phishing Websites,1,uci_group_001085,development,4.0
UCI::5145,UCI Phishing Websites,0,uci_group_004074,development,4.0
UCI::5146,UCI Phishing Websites,0,uci_group_001351,calibration,
UCI::5147,UCI Phishing Websites,0,uci_group_000785,development,3.0
UCI::5148,UCI Phishing Websites,0,uci_group_002624,development,3.0
UCI::5149,UCI Phishing Websites,1,uci_group_004563,development,1.0
UCI::5150,UCI Phishing Websites,1,uci_group_000491,development,1.0
UCI::5151,UCI Phishing Websites,1,uci_group_001611,development,2.0
UCI::5152,UCI Phishing Websites,0,uci_group_001868,development,4.0
UCI::5153,UCI Phishing Websites,0,uci_group_001950,development,2.0
UCI::5154,UCI Phishing Websites,0,uci_group_003367,calibration,
UCI::5155,UCI Phishing Websites,0,uci_group_004241,development,3.0
UCI::5156,UCI Phishing Websites,1,uci_group_000184,development,2.0
UCI::5157,UCI Phishing Websites,0,uci_group_001542,development,4.0
UCI::5158,UCI Phishing Websites,1,uci_group_004450,development,1.0
UCI::5159,UCI Phishing Websites,1,uci_group_000802,calibration,
UCI::5160,UCI Phishing Websites,0,uci_group_000335,test,
UCI::5161,UCI Phishing Websites,1,uci_group_004210,development,4.0
UCI::5162,UCI Phishing Websites,1,uci_group_004503,development,3.0
UCI::5163,UCI Phishing Websites,1,uci_group_001295,development,2.0
UCI::5164,UCI Phishing Websites,1,uci_group_002195,development,4.0
UCI::5165,UCI Phishing Websites,1,uci_group_003320,development,1.0
UCI::5166,UCI Phishing Websites,1,uci_group_004976,development,5.0
UCI::5167,UCI Phishing Websites,1,uci_group_003989,development,5.0
UCI::5168,UCI Phishing Websites,0,uci_group_004806,test,
UCI::5169,UCI Phishing Websites,0,uci_group_001504,development,1.0
UCI::5170,UCI Phishing Websites,0,uci_group_005220,development,5.0
UCI::5171,UCI Phishing Websites,0,uci_group_002793,development,1.0
UCI::5172,UCI Phishing Websites,1,uci_group_003977,development,1.0
UCI::5173,UCI Phishing Websites,0,uci_group_004368,development,5.0
UCI::5174,UCI Phishing Websites,1,uci_group_001420,development,3.0
UCI::5175,UCI Phishing Websites,0,uci_group_002457,calibration,
UCI::5176,UCI Phishing Websites,0,uci_group_004077,test,
UCI::5177,UCI Phishing Websites,0,uci_group_005505,development,4.0
UCI::5178,UCI Phishing Websites,0,uci_group_001305,test,
UCI::5179,UCI Phishing Websites,1,uci_group_003244,development,3.0
UCI::5180,UCI Phishing Websites,0,uci_group_000413,development,3.0
UCI::5181,UCI Phishing Websites,1,uci_group_000551,development,4.0
UCI::5182,UCI Phishing Websites,0,uci_group_005730,development,2.0
UCI::5183,UCI Phishing Websites,1,uci_group_004519,development,1.0
UCI::5184,UCI Phishing Websites,0,uci_group_000075,development,4.0
UCI::5185,UCI Phishing Websites,0,uci_group_000329,development,1.0
UCI::5186,UCI Phishing Websites,1,uci_group_001734,calibration,
UCI::5187,UCI Phishing Websites,1,uci_group_002360,development,1.0
UCI::5188,UCI Phishing Websites,1,uci_group_003392,development,1.0
UCI::5189,UCI Phishing Websites,1,uci_group_003282,development,1.0
UCI::5190,UCI Phishing Websites,1,uci_group_004184,development,3.0
UCI::5191,UCI Phishing Websites,1,uci_group_002166,development,3.0
UCI::5192,UCI Phishing Websites,1,uci_group_003219,development,5.0
UCI::5193,UCI Phishing Websites,0,uci_group_001226,development,2.0
UCI::5194,UCI Phishing Websites,1,uci_group_002981,calibration,
UCI::5195,UCI Phishing Websites,0,uci_group_005698,test,
UCI::5196,UCI Phishing Websites,0,uci_group_004696,development,4.0
UCI::5197,UCI Phishing Websites,0,uci_group_000678,development,5.0
UCI::5198,UCI Phishing Websites,1,uci_group_004088,development,3.0
UCI::5199,UCI Phishing Websites,0,uci_group_002459,development,3.0
UCI::5200,UCI Phishing Websites,1,uci_group_002164,test,
UCI::5201,UCI Phishing Websites,0,uci_group_002976,development,5.0
UCI::5202,UCI Phishing Websites,1,uci_group_001262,calibration,
UCI::5203,UCI Phishing Websites,1,uci_group_001555,development,1.0
UCI::5204,UCI Phishing Websites,0,uci_group_003716,development,3.0
UCI::5205,UCI Phishing Websites,1,uci_group_005645,development,5.0
UCI::5206,UCI Phishing Websites,0,uci_group_004081,development,1.0
UCI::5207,UCI Phishing Websites,1,uci_group_002890,calibration,
UCI::5208,UCI Phishing Websites,1,uci_group_001897,development,4.0
UCI::5209,UCI Phishing Websites,0,uci_group_005681,development,1.0
UCI::5210,UCI Phishing Websites,0,uci_group_001713,development,4.0
UCI::5211,UCI Phishing Websites,1,uci_group_002552,test,
UCI::5212,UCI Phishing Websites,0,uci_group_001824,development,1.0
UCI::5213,UCI Phishing Websites,1,uci_group_004066,calibration,
UCI::5214,UCI Phishing Websites,1,uci_group_005431,calibration,
UCI::5215,UCI Phishing Websites,0,uci_group_004369,development,2.0
UCI::5216,UCI Phishing Websites,0,uci_group_003789,development,2.0
UCI::5217,UCI Phishing Websites,1,uci_group_002740,development,3.0
UCI::5218,UCI Phishing Websites,1,uci_group_000349,calibration,
UCI::5219,UCI Phishing Websites,1,uci_group_003605,test,
UCI::5220,UCI Phishing Websites,0,uci_group_004339,test,
UCI::5221,UCI Phishing Websites,0,uci_group_004403,calibration,
UCI::5222,UCI Phishing Websites,0,uci_group_001907,test,
UCI::5223,UCI Phishing Websites,0,uci_group_004697,development,2.0
UCI::5224,UCI Phishing Websites,1,uci_group_005480,calibration,
UCI::5225,UCI Phishing Websites,0,uci_group_000182,development,5.0
UCI::5226,UCI Phishing Websites,0,uci_group_001027,development,5.0
UCI::5227,UCI Phishing Websites,0,uci_group_003190,development,4.0
UCI::5228,UCI Phishing Websites,1,uci_group_002128,development,5.0
UCI::5229,UCI Phishing Websites,1,uci_group_003702,calibration,
UCI::5230,UCI Phishing Websites,0,uci_group_001176,test,
UCI::5231,UCI Phishing Websites,0,uci_group_000965,development,4.0
UCI::5232,UCI Phishing Websites,0,uci_group_002843,development,1.0
UCI::5233,UCI Phishing Websites,1,uci_group_001889,development,1.0
UCI::5234,UCI Phishing Websites,1,uci_group_002380,development,3.0
UCI::5235,UCI Phishing Websites,1,uci_group_001252,development,2.0
UCI::5236,UCI Phishing Websites,0,uci_group_000027,development,2.0
UCI::5237,UCI Phishing Websites,0,uci_group_004395,development,4.0
UCI::5238,UCI Phishing Websites,1,uci_group_002137,calibration,
UCI::5239,UCI Phishing Websites,1,uci_group_002101,development,1.0
UCI::5240,UCI Phishing Websites,0,uci_group_002100,development,2.0
UCI::5241,UCI Phishing Websites,1,uci_group_002821,development,1.0
UCI::5242,UCI Phishing Websites,1,uci_group_001590,development,2.0
UCI::5243,UCI Phishing Websites,0,uci_group_004016,development,2.0
UCI::5244,UCI Phishing Websites,0,uci_group_001803,development,2.0
UCI::5245,UCI Phishing Websites,1,uci_group_002019,development,4.0
UCI::5246,UCI Phishing Websites,1,uci_group_004700,development,5.0
UCI::5247,UCI Phishing Websites,0,uci_group_001405,development,2.0
UCI::5248,UCI Phishing Websites,1,uci_group_002664,development,2.0
UCI::5249,UCI Phishing Websites,0,uci_group_000109,calibration,
UCI::5250,UCI Phishing Websites,1,uci_group_000598,development,1.0
UCI::5251,UCI Phishing Websites,0,uci_group_004398,development,4.0
UCI::5252,UCI Phishing Websites,1,uci_group_003849,development,5.0
UCI::5253,UCI Phishing Websites,0,uci_group_000942,calibration,
UCI::5254,UCI Phishing Websites,1,uci_group_003316,development,2.0
UCI::5255,UCI Phishing Websites,1,uci_group_000667,calibration,
UCI::5256,UCI Phishing Websites,1,uci_group_000878,development,1.0
UCI::5257,UCI Phishing Websites,1,uci_group_000771,development,5.0
UCI::5258,UCI Phishing Websites,0,uci_group_004224,calibration,
UCI::5259,UCI Phishing Websites,0,uci_group_005046,development,2.0
UCI::5260,UCI Phishing Websites,1,uci_group_005781,development,4.0
UCI::5261,UCI Phishing Websites,0,uci_group_002753,test,
UCI::5262,UCI Phishing Websites,0,uci_group_005204,calibration,
UCI::5263,UCI Phishing Websites,1,uci_group_003857,development,4.0
UCI::5264,UCI Phishing Websites,1,uci_group_002103,development,3.0
UCI::5265,UCI Phishing Websites,0,uci_group_004511,test,
UCI::5266,UCI Phishing Websites,0,uci_group_003453,test,
UCI::5267,UCI Phishing Websites,0,uci_group_005517,development,2.0
UCI::5268,UCI Phishing Websites,1,uci_group_001553,development,2.0
UCI::5269,UCI Phishing Websites,0,uci_group_002528,development,1.0
UCI::5270,UCI Phishing Websites,1,uci_group_002218,development,2.0
UCI::5271,UCI Phishing Websites,0,uci_group_005538,development,5.0
UCI::5272,UCI Phishing Websites,0,uci_group_004765,calibration,
UCI::5273,UCI Phishing Websites,0,uci_group_005737,development,3.0
UCI::5274,UCI Phishing Websites,0,uci_group_001797,development,4.0
UCI::5275,UCI Phishing Websites,0,uci_group_003976,development,3.0
UCI::5276,UCI Phishing Websites,0,uci_group_004772,development,5.0
UCI::5277,UCI Phishing Websites,1,uci_group_004617,calibration,
UCI::5278,UCI Phishing Websites,1,uci_group_000584,development,5.0
UCI::5279,UCI Phishing Websites,1,uci_group_003577,development,2.0
UCI::5280,UCI Phishing Websites,0,uci_group_004955,test,
UCI::5281,UCI Phishing Websites,1,uci_group_004939,test,
UCI::5282,UCI Phishing Websites,0,uci_group_002182,calibration,
UCI::5283,UCI Phishing Websites,0,uci_group_003819,development,5.0
UCI::5284,UCI Phishing Websites,1,uci_group_002839,development,3.0
UCI::5285,UCI Phishing Websites,1,uci_group_004833,calibration,
UCI::5286,UCI Phishing Websites,0,uci_group_005180,calibration,
UCI::5287,UCI Phishing Websites,0,uci_group_000264,development,5.0
UCI::5288,UCI Phishing Websites,0,uci_group_005015,development,5.0
UCI::5289,UCI Phishing Websites,1,uci_group_000270,development,1.0
UCI::5290,UCI Phishing Websites,1,uci_group_000725,development,1.0
UCI::5291,UCI Phishing Websites,1,uci_group_001529,development,2.0
UCI::5292,UCI Phishing Websites,0,uci_group_005483,development,3.0
UCI::5293,UCI Phishing Websites,1,uci_group_005724,development,4.0
UCI::5294,UCI Phishing Websites,1,uci_group_000159,development,1.0
UCI::5295,UCI Phishing Websites,1,uci_group_000595,development,5.0
UCI::5296,UCI Phishing Websites,0,uci_group_004333,development,5.0
UCI::5297,UCI Phishing Websites,1,uci_group_002029,development,1.0
UCI::5298,UCI Phishing Websites,1,uci_group_001088,development,5.0
UCI::5299,UCI Phishing Websites,0,uci_group_000459,development,4.0
UCI::5300,UCI Phishing Websites,0,uci_group_004531,calibration,
UCI::5301,UCI Phishing Websites,0,uci_group_002729,development,3.0
UCI::5302,UCI Phishing Websites,0,uci_group_002804,calibration,
UCI::5303,UCI Phishing Websites,1,uci_group_001179,development,5.0
UCI::5304,UCI Phishing Websites,0,uci_group_002994,calibration,
UCI::5305,UCI Phishing Websites,0,uci_group_005179,development,3.0
UCI::5306,UCI Phishing Websites,1,uci_group_003614,calibration,
UCI::5307,UCI Phishing Websites,0,uci_group_001556,calibration,
UCI::5308,UCI Phishing Websites,1,uci_group_005489,development,5.0
UCI::5309,UCI Phishing Websites,1,uci_group_003445,development,4.0
UCI::5310,UCI Phishing Websites,1,uci_group_001689,development,5.0
UCI::5311,UCI Phishing Websites,1,uci_group_005108,development,4.0
UCI::5312,UCI Phishing Websites,1,uci_group_001072,test,
UCI::5313,UCI Phishing Websites,0,uci_group_003836,development,4.0
UCI::5314,UCI Phishing Websites,1,uci_group_003458,development,3.0
UCI::5315,UCI Phishing Websites,1,uci_group_005578,development,3.0
UCI::5316,UCI Phishing Websites,0,uci_group_003690,development,2.0
UCI::5317,UCI Phishing Websites,1,uci_group_001356,development,1.0
UCI::5318,UCI Phishing Websites,1,uci_group_003311,development,4.0
UCI::5319,UCI Phishing Websites,0,uci_group_000490,calibration,
UCI::5320,UCI Phishing Websites,0,uci_group_002430,test,
UCI::5321,UCI Phishing Websites,1,uci_group_000944,development,3.0
UCI::5322,UCI Phishing Websites,1,uci_group_002274,calibration,
UCI::5323,UCI Phishing Websites,1,uci_group_001009,development,3.0
UCI::5324,UCI Phishing Websites,1,uci_group_005784,calibration,
UCI::5325,UCI Phishing Websites,1,uci_group_003122,development,1.0
UCI::5326,UCI Phishing Websites,0,uci_group_001204,development,1.0
UCI::5327,UCI Phishing Websites,1,uci_group_003223,development,4.0
UCI::5328,UCI Phishing Websites,1,uci_group_004417,development,4.0
UCI::5329,UCI Phishing Websites,0,uci_group_002468,development,5.0
UCI::5330,UCI Phishing Websites,0,uci_group_003171,test,
UCI::5331,UCI Phishing Websites,1,uci_group_002634,calibration,
UCI::5332,UCI Phishing Websites,1,uci_group_004961,development,2.0
UCI::5333,UCI Phishing Websites,1,uci_group_001454,test,
UCI::5334,UCI Phishing Websites,1,uci_group_004750,development,3.0
UCI::5335,UCI Phishing Websites,1,uci_group_003492,development,3.0
UCI::5336,UCI Phishing Websites,1,uci_group_002428,development,3.0
UCI::5337,UCI Phishing Websites,1,uci_group_003322,development,1.0
UCI::5338,UCI Phishing Websites,1,uci_group_005494,calibration,
UCI::5339,UCI Phishing Websites,0,uci_group_002811,development,3.0
UCI::5340,UCI Phishing Websites,0,uci_group_002338,test,
UCI::5341,UCI Phishing Websites,0,uci_group_004745,development,5.0
UCI::5342,UCI Phishing Websites,1,uci_group_001656,development,4.0
UCI::5343,UCI Phishing Websites,1,uci_group_003012,calibration,
UCI::5344,UCI Phishing Websites,1,uci_group_000042,calibration,
UCI::5345,UCI Phishing Websites,0,uci_group_002557,development,1.0
UCI::5346,UCI Phishing Websites,1,uci_group_001528,development,2.0
UCI::5347,UCI Phishing Websites,1,uci_group_003312,calibration,
UCI::5348,UCI Phishing Websites,0,uci_group_005780,test,
UCI::5349,UCI Phishing Websites,0,uci_group_002985,development,2.0
UCI::5350,UCI Phishing Websites,1,uci_group_005740,development,5.0
UCI::5351,UCI Phishing Websites,0,uci_group_004849,test,
UCI::5352,UCI Phishing Websites,0,uci_group_003651,development,5.0
UCI::5353,UCI Phishing Websites,1,uci_group_002778,development,2.0
UCI::5354,UCI Phishing Websites,0,uci_group_000822,test,
UCI::5355,UCI Phishing Websites,1,uci_group_002806,calibration,
UCI::5356,UCI Phishing Websites,1,uci_group_004749,development,5.0
UCI::5357,UCI Phishing Websites,0,uci_group_001038,test,
UCI::5358,UCI Phishing Websites,0,uci_group_002079,development,1.0
UCI::5359,UCI Phishing Websites,1,uci_group_005599,development,5.0
UCI::5360,UCI Phishing Websites,0,uci_group_001369,development,1.0
UCI::5361,UCI Phishing Websites,0,uci_group_002461,test,
UCI::5362,UCI Phishing Websites,1,uci_group_002094,test,
UCI::5363,UCI Phishing Websites,0,uci_group_005320,development,1.0
UCI::5364,UCI Phishing Websites,1,uci_group_004367,development,4.0
UCI::5365,UCI Phishing Websites,1,uci_group_000431,development,3.0
UCI::5366,UCI Phishing Websites,1,uci_group_001349,calibration,
UCI::5367,UCI Phishing Websites,1,uci_group_001070,development,1.0
UCI::5368,UCI Phishing Websites,0,uci_group_002796,development,5.0
UCI::5369,UCI Phishing Websites,1,uci_group_005331,development,3.0
UCI::5370,UCI Phishing Websites,0,uci_group_000081,development,2.0
UCI::5371,UCI Phishing Websites,1,uci_group_001959,development,5.0
UCI::5372,UCI Phishing Websites,0,uci_group_000617,development,3.0
UCI::5373,UCI Phishing Websites,1,uci_group_000583,calibration,
UCI::5374,UCI Phishing Websites,1,uci_group_004345,development,2.0
UCI::5375,UCI Phishing Websites,1,uci_group_001916,test,
UCI::5376,UCI Phishing Websites,1,uci_group_000475,calibration,
UCI::5377,UCI Phishing Websites,0,uci_group_002208,development,1.0
UCI::5378,UCI Phishing Websites,0,uci_group_000798,calibration,
UCI::5379,UCI Phishing Websites,0,uci_group_002170,test,
UCI::5380,UCI Phishing Websites,1,uci_group_000857,test,
UCI::5381,UCI Phishing Websites,0,uci_group_000861,development,1.0
UCI::5382,UCI Phishing Websites,1,uci_group_004557,development,2.0
UCI::5383,UCI Phishing Websites,1,uci_group_004570,development,5.0
UCI::5384,UCI Phishing Websites,1,uci_group_003710,development,1.0
UCI::5385,UCI Phishing Websites,0,uci_group_002330,calibration,
UCI::5386,UCI Phishing Websites,0,uci_group_001207,test,
UCI::5387,UCI Phishing Websites,0,uci_group_005493,calibration,
UCI::5388,UCI Phishing Websites,0,uci_group_005458,development,2.0
UCI::5389,UCI Phishing Websites,0,uci_group_005303,development,4.0
UCI::5390,UCI Phishing Websites,0,uci_group_002438,test,
UCI::5391,UCI Phishing Websites,0,uci_group_004409,development,5.0
UCI::5392,UCI Phishing Websites,0,uci_group_001863,calibration,
UCI::5393,UCI Phishing Websites,0,uci_group_000983,development,1.0
UCI::5394,UCI Phishing Websites,1,uci_group_000435,development,5.0
UCI::5395,UCI Phishing Websites,1,uci_group_002880,calibration,
UCI::5396,UCI Phishing Websites,0,uci_group_000690,development,3.0
UCI::5397,UCI Phishing Websites,0,uci_group_002099,development,2.0
UCI::5398,UCI Phishing Websites,1,uci_group_001922,development,1.0
UCI::5399,UCI Phishing Websites,0,uci_group_004177,development,2.0
UCI::5400,UCI Phishing Websites,0,uci_group_003446,development,5.0
UCI::5401,UCI Phishing Websites,0,uci_group_005568,calibration,
UCI::5402,UCI Phishing Websites,1,uci_group_002988,development,3.0
UCI::5403,UCI Phishing Websites,1,uci_group_003123,development,1.0
UCI::5404,UCI Phishing Websites,1,uci_group_003574,development,3.0
UCI::5405,UCI Phishing Websites,0,uci_group_003854,test,
UCI::5406,UCI Phishing Websites,0,uci_group_000894,calibration,
UCI::5407,UCI Phishing Websites,1,uci_group_004121,development,4.0
UCI::5408,UCI Phishing Websites,0,uci_group_004588,development,2.0
UCI::5409,UCI Phishing Websites,1,uci_group_001017,test,
UCI::5410,UCI Phishing Websites,1,uci_group_001722,development,5.0
UCI::5411,UCI Phishing Websites,1,uci_group_002312,development,3.0
UCI::5412,UCI Phishing Websites,1,uci_group_003374,development,5.0
UCI::5413,UCI Phishing Websites,1,uci_group_003649,test,
UCI::5414,UCI Phishing Websites,1,uci_group_005200,development,3.0
UCI::5415,UCI Phishing Websites,1,uci_group_001003,development,3.0
UCI::5416,UCI Phishing Websites,0,uci_group_005621,development,4.0
UCI::5417,UCI Phishing Websites,0,uci_group_001209,test,
UCI::5418,UCI Phishing Websites,1,uci_group_005707,development,3.0
UCI::5419,UCI Phishing Websites,0,uci_group_001524,development,4.0
UCI::5420,UCI Phishing Websites,1,uci_group_003121,development,5.0
UCI::5421,UCI Phishing Websites,1,uci_group_003565,development,1.0
UCI::5422,UCI Phishing Websites,0,uci_group_005139,calibration,
UCI::5423,UCI Phishing Websites,0,uci_group_005215,development,4.0
UCI::5424,UCI Phishing Websites,1,uci_group_003221,development,1.0
UCI::5425,UCI Phishing Websites,0,uci_group_003203,development,1.0
UCI::5426,UCI Phishing Websites,1,uci_group_001985,calibration,
UCI::5427,UCI Phishing Websites,0,uci_group_001189,calibration,
UCI::5428,UCI Phishing Websites,0,uci_group_005554,calibration,
UCI::5429,UCI Phishing Websites,0,uci_group_000574,development,5.0
UCI::5430,UCI Phishing Websites,1,uci_group_004858,development,5.0
UCI::5431,UCI Phishing Websites,1,uci_group_003684,development,1.0
UCI::5432,UCI Phishing Websites,1,uci_group_000239,development,5.0
UCI::5433,UCI Phishing Websites,1,uci_group_000547,development,3.0
UCI::5434,UCI Phishing Websites,1,uci_group_003272,development,3.0
UCI::5435,UCI Phishing Websites,0,uci_group_005616,development,3.0
UCI::5436,UCI Phishing Websites,0,uci_group_003845,development,1.0
UCI::5437,UCI Phishing Websites,1,uci_group_000921,development,1.0
UCI::5438,UCI Phishing Websites,1,uci_group_005626,development,2.0
UCI::5439,UCI Phishing Websites,0,uci_group_001270,development,4.0
UCI::5440,UCI Phishing Websites,0,uci_group_002244,development,4.0
UCI::5441,UCI Phishing Websites,0,uci_group_001462,development,3.0
UCI::5442,UCI Phishing Websites,0,uci_group_004759,development,3.0
UCI::5443,UCI Phishing Websites,0,uci_group_001799,development,2.0
UCI::5444,UCI Phishing Websites,1,uci_group_004985,development,4.0
UCI::5445,UCI Phishing Websites,0,uci_group_000323,test,
UCI::5446,UCI Phishing Websites,0,uci_group_000518,development,5.0
UCI::5447,UCI Phishing Websites,0,uci_group_003753,test,
UCI::5448,UCI Phishing Websites,1,uci_group_004808,development,1.0
UCI::5449,UCI Phishing Websites,1,uci_group_001664,test,
UCI::5450,UCI Phishing Websites,1,uci_group_002075,development,5.0
UCI::5451,UCI Phishing Websites,0,uci_group_000671,development,3.0
UCI::5452,UCI Phishing Websites,0,uci_group_004764,test,
UCI::5453,UCI Phishing Websites,0,uci_group_002240,test,
UCI::5454,UCI Phishing Websites,1,uci_group_003242,calibration,
UCI::5455,UCI Phishing Websites,0,uci_group_005559,development,1.0
UCI::5456,UCI Phishing Websites,0,uci_group_001091,calibration,
UCI::5457,UCI Phishing Websites,1,uci_group_000451,development,1.0
UCI::5458,UCI Phishing Websites,0,uci_group_002587,development,1.0
UCI::5459,UCI Phishing Websites,0,uci_group_004234,calibration,
UCI::5460,UCI Phishing Websites,0,uci_group_004365,development,5.0
UCI::5461,UCI Phishing Websites,1,uci_group_004943,test,
UCI::5462,UCI Phishing Websites,0,uci_group_004090,calibration,
UCI::5463,UCI Phishing Websites,0,uci_group_001124,development,3.0
UCI::5464,UCI Phishing Websites,0,uci_group_000662,development,1.0
UCI::5465,UCI Phishing Websites,0,uci_group_000487,development,3.0
UCI::5466,UCI Phishing Websites,0,uci_group_001666,development,5.0
UCI::5467,UCI Phishing Websites,1,uci_group_004762,development,1.0
UCI::5468,UCI Phishing Websites,0,uci_group_001045,test,
UCI::5469,UCI Phishing Websites,0,uci_group_002961,development,3.0
UCI::5470,UCI Phishing Websites,0,uci_group_003935,test,
UCI::5471,UCI Phishing Websites,0,uci_group_004566,development,1.0
UCI::5472,UCI Phishing Websites,1,uci_group_002576,development,3.0
UCI::5473,UCI Phishing Websites,0,uci_group_002160,development,2.0
UCI::5474,UCI Phishing Websites,1,uci_group_003782,development,5.0
UCI::5475,UCI Phishing Websites,0,uci_group_001612,development,5.0
UCI::5476,UCI Phishing Websites,0,uci_group_003835,development,5.0
UCI::5477,UCI Phishing Websites,0,uci_group_000989,development,3.0
UCI::5478,UCI Phishing Websites,1,uci_group_004963,development,5.0
UCI::5479,UCI Phishing Websites,0,uci_group_004969,development,3.0
UCI::5480,UCI Phishing Websites,0,uci_group_003169,development,5.0
UCI::5481,UCI Phishing Websites,1,uci_group_000029,development,5.0
UCI::5482,UCI Phishing Websites,1,uci_group_003467,calibration,
UCI::5483,UCI Phishing Websites,1,uci_group_001806,development,4.0
UCI::5484,UCI Phishing Websites,1,uci_group_005497,development,5.0
UCI::5485,UCI Phishing Websites,1,uci_group_000993,development,5.0
UCI::5486,UCI Phishing Websites,1,uci_group_003068,development,3.0
UCI::5487,UCI Phishing Websites,1,uci_group_005619,development,2.0
UCI::5488,UCI Phishing Websites,0,uci_group_000925,development,5.0
UCI::5489,UCI Phishing Websites,0,uci_group_002192,development,4.0
UCI::5490,UCI Phishing Websites,0,uci_group_002737,calibration,
UCI::5491,UCI Phishing Websites,1,uci_group_003447,development,1.0
UCI::5492,UCI Phishing Websites,1,uci_group_004685,development,5.0
UCI::5493,UCI Phishing Websites,1,uci_group_002153,development,3.0
UCI::5494,UCI Phishing Websites,1,uci_group_001301,development,1.0
UCI::5495,UCI Phishing Websites,0,uci_group_000217,development,4.0
UCI::5496,UCI Phishing Websites,1,uci_group_005171,calibration,
UCI::5497,UCI Phishing Websites,0,uci_group_005306,development,4.0
UCI::5498,UCI Phishing Websites,0,uci_group_000229,development,2.0
UCI::5499,UCI Phishing Websites,1,uci_group_004973,development,3.0
UCI::5500,UCI Phishing Websites,1,uci_group_002159,test,
UCI::5501,UCI Phishing Websites,1,uci_group_004466,development,5.0
UCI::5502,UCI Phishing Websites,1,uci_group_000014,development,1.0
UCI::5503,UCI Phishing Websites,0,uci_group_001962,development,4.0
UCI::5504,UCI Phishing Websites,1,uci_group_000557,development,2.0
UCI::5505,UCI Phishing Websites,1,uci_group_005283,development,4.0
UCI::5506,UCI Phishing Websites,1,uci_group_004751,development,3.0
UCI::5507,UCI Phishing Websites,0,uci_group_001928,development,4.0
UCI::5508,UCI Phishing Websites,1,uci_group_005132,test,
UCI::5509,UCI Phishing Websites,0,uci_group_005120,development,2.0
UCI::5510,UCI Phishing Websites,1,uci_group_004773,test,
UCI::5511,UCI Phishing Websites,1,uci_group_001547,development,2.0
UCI::5512,UCI Phishing Websites,0,uci_group_004754,development,3.0
UCI::5513,UCI Phishing Websites,1,uci_group_001316,development,4.0
UCI::5514,UCI Phishing Websites,1,uci_group_004134,development,3.0
UCI::5515,UCI Phishing Websites,1,uci_group_000883,development,4.0
UCI::5516,UCI Phishing Websites,1,uci_group_002432,development,3.0
UCI::5517,UCI Phishing Websites,1,uci_group_002157,test,
UCI::5518,UCI Phishing Websites,1,uci_group_002506,development,5.0
UCI::5519,UCI Phishing Websites,0,uci_group_005193,test,
UCI::5520,UCI Phishing Websites,1,uci_group_000414,development,3.0
UCI::5521,UCI Phishing Websites,0,uci_group_005286,development,2.0
UCI::5522,UCI Phishing Websites,0,uci_group_000375,development,4.0
UCI::5523,UCI Phishing Websites,1,uci_group_001499,development,5.0
UCI::5524,UCI Phishing Websites,1,uci_group_000746,test,
UCI::5525,UCI Phishing Websites,0,uci_group_000078,development,3.0
UCI::5526,UCI Phishing Websites,1,uci_group_002501,calibration,
UCI::5527,UCI Phishing Websites,1,uci_group_002952,development,3.0
UCI::5528,UCI Phishing Websites,0,uci_group_003612,development,1.0
UCI::5529,UCI Phishing Websites,0,uci_group_003299,test,
UCI::5530,UCI Phishing Websites,0,uci_group_002998,development,1.0
UCI::5531,UCI Phishing Websites,1,uci_group_003189,development,4.0
UCI::5532,UCI Phishing Websites,0,uci_group_004269,development,5.0
UCI::5533,UCI Phishing Websites,0,uci_group_003615,development,3.0
UCI::5534,UCI Phishing Websites,1,uci_group_000832,development,3.0
UCI::5535,UCI Phishing Websites,1,uci_group_003848,test,
UCI::5536,UCI Phishing Websites,0,uci_group_002328,development,2.0
UCI::5537,UCI Phishing Websites,0,uci_group_005250,calibration,
UCI::5538,UCI Phishing Websites,1,uci_group_002171,development,3.0
UCI::5539,UCI Phishing Websites,1,uci_group_003396,development,4.0
UCI::5540,UCI Phishing Websites,1,uci_group_000062,test,
UCI::5541,UCI Phishing Websites,0,uci_group_004852,development,2.0
UCI::5542,UCI Phishing Websites,1,uci_group_004838,development,2.0
UCI::5543,UCI Phishing Websites,1,uci_group_000194,development,2.0
UCI::5544,UCI Phishing Websites,0,uci_group_001387,development,3.0
UCI::5545,UCI Phishing Websites,1,uci_group_004641,development,1.0
UCI::5546,UCI Phishing Websites,0,uci_group_002784,calibration,
UCI::5547,UCI Phishing Websites,1,uci_group_002790,calibration,
UCI::5548,UCI Phishing Websites,0,uci_group_002748,calibration,
UCI::5549,UCI Phishing Websites,0,uci_group_004047,calibration,
UCI::5550,UCI Phishing Websites,1,uci_group_003863,development,3.0
UCI::5551,UCI Phishing Websites,1,uci_group_002521,calibration,
UCI::5552,UCI Phishing Websites,0,uci_group_002681,development,5.0
UCI::5553,UCI Phishing Websites,1,uci_group_002120,development,2.0
UCI::5554,UCI Phishing Websites,1,uci_group_002597,development,2.0
UCI::5555,UCI Phishing Websites,0,uci_group_002593,development,3.0
UCI::5556,UCI Phishing Websites,1,uci_group_004095,calibration,
UCI::5557,UCI Phishing Websites,0,uci_group_000976,development,2.0
UCI::5558,UCI Phishing Websites,1,uci_group_001751,test,
UCI::5559,UCI Phishing Websites,1,uci_group_002565,development,5.0
UCI::5560,UCI Phishing Websites,1,uci_group_000760,calibration,
UCI::5561,UCI Phishing Websites,1,uci_group_004384,development,5.0
UCI::5562,UCI Phishing Websites,1,uci_group_000186,development,1.0
UCI::5563,UCI Phishing Websites,1,uci_group_005512,development,2.0
UCI::5564,UCI Phishing Websites,0,uci_group_001325,development,3.0
UCI::5565,UCI Phishing Websites,1,uci_group_003432,calibration,
UCI::5566,UCI Phishing Websites,0,uci_group_000115,development,3.0
UCI::5567,UCI Phishing Websites,1,uci_group_004832,development,5.0
UCI::5568,UCI Phishing Websites,1,uci_group_000469,development,5.0
UCI::5569,UCI Phishing Websites,0,uci_group_003762,calibration,
UCI::5570,UCI Phishing Websites,1,uci_group_002541,development,3.0
UCI::5571,UCI Phishing Websites,0,uci_group_004552,development,3.0
UCI::5572,UCI Phishing Websites,1,uci_group_001217,development,2.0
UCI::5573,UCI Phishing Websites,0,uci_group_003810,development,1.0
UCI::5574,UCI Phishing Websites,1,uci_group_000870,development,2.0
UCI::5575,UCI Phishing Websites,1,uci_group_000100,development,1.0
UCI::5576,UCI Phishing Websites,1,uci_group_005603,development,2.0
UCI::5577,UCI Phishing Websites,0,uci_group_003661,development,5.0
UCI::5578,UCI Phishing Websites,1,uci_group_004363,test,
UCI::5579,UCI Phishing Websites,0,uci_group_001446,test,
UCI::5580,UCI Phishing Websites,1,uci_group_003024,development,4.0
UCI::5581,UCI Phishing Websites,0,uci_group_005059,development,4.0
UCI::5582,UCI Phishing Websites,0,uci_group_002384,development,4.0
UCI::5583,UCI Phishing Websites,1,uci_group_003501,development,2.0
UCI::5584,UCI Phishing Websites,0,uci_group_005660,development,3.0
UCI::5585,UCI Phishing Websites,0,uci_group_001706,calibration,
UCI::5586,UCI Phishing Websites,1,uci_group_005153,calibration,
UCI::5587,UCI Phishing Websites,1,uci_group_003033,development,2.0
UCI::5588,UCI Phishing Websites,1,uci_group_004740,test,
UCI::5589,UCI Phishing Websites,0,uci_group_001717,development,4.0
UCI::5590,UCI Phishing Websites,1,uci_group_003259,development,2.0
UCI::5591,UCI Phishing Websites,0,uci_group_000231,development,2.0
UCI::5592,UCI Phishing Websites,1,uci_group_003368,calibration,
UCI::5593,UCI Phishing Websites,0,uci_group_002184,calibration,
UCI::5594,UCI Phishing Websites,1,uci_group_002172,development,1.0
UCI::5595,UCI Phishing Websites,0,uci_group_002687,test,
UCI::5596,UCI Phishing Websites,1,uci_group_005631,development,3.0
UCI::5597,UCI Phishing Websites,1,uci_group_000624,development,2.0
UCI::5598,UCI Phishing Websites,1,uci_group_000967,calibration,
UCI::5599,UCI Phishing Websites,0,uci_group_005319,development,5.0
UCI::5600,UCI Phishing Websites,1,uci_group_000158,development,2.0
UCI::5601,UCI Phishing Websites,1,uci_group_004007,calibration,
UCI::5602,UCI Phishing Websites,0,uci_group_002752,development,2.0
UCI::5603,UCI Phishing Websites,1,uci_group_004397,development,2.0
UCI::5604,UCI Phishing Websites,1,uci_group_000800,development,4.0
UCI::5605,UCI Phishing Websites,1,uci_group_004796,development,1.0
UCI::5606,UCI Phishing Websites,0,uci_group_002046,test,
UCI::5607,UCI Phishing Websites,1,uci_group_001181,test,
UCI::5608,UCI Phishing Websites,1,uci_group_003352,test,
UCI::5609,UCI Phishing Websites,1,uci_group_003511,development,2.0
UCI::5610,UCI Phishing Websites,0,uci_group_000898,development,4.0
UCI::5611,UCI Phishing Websites,1,uci_group_003387,development,5.0
UCI::5612,UCI Phishing Websites,1,uci_group_003029,test,
UCI::5613,UCI Phishing Websites,1,uci_group_004901,calibration,
UCI::5614,UCI Phishing Websites,1,uci_group_001591,development,1.0
UCI::5615,UCI Phishing Websites,1,uci_group_005102,development,4.0
UCI::5616,UCI Phishing Websites,0,uci_group_004776,development,4.0
UCI::5617,UCI Phishing Websites,1,uci_group_005086,calibration,
UCI::5618,UCI Phishing Websites,0,uci_group_003146,development,2.0
UCI::5619,UCI Phishing Websites,1,uci_group_001861,calibration,
UCI::5620,UCI Phishing Websites,1,uci_group_001786,development,3.0
UCI::5621,UCI Phishing Websites,0,uci_group_002201,calibration,
UCI::5622,UCI Phishing Websites,1,uci_group_003797,calibration,
UCI::5623,UCI Phishing Websites,0,uci_group_002691,calibration,
UCI::5624,UCI Phishing Websites,0,uci_group_005295,development,5.0
UCI::5625,UCI Phishing Websites,1,uci_group_004579,development,5.0
UCI::5626,UCI Phishing Websites,1,uci_group_002354,test,
UCI::5627,UCI Phishing Websites,0,uci_group_000980,development,1.0
UCI::5628,UCI Phishing Websites,1,uci_group_003809,development,4.0
UCI::5629,UCI Phishing Websites,0,uci_group_004633,calibration,
UCI::5630,UCI Phishing Websites,0,uci_group_002383,development,3.0
UCI::5631,UCI Phishing Websites,0,uci_group_002349,development,3.0
UCI::5632,UCI Phishing Websites,1,uci_group_005231,development,3.0
UCI::5633,UCI Phishing Websites,0,uci_group_004517,test,
UCI::5634,UCI Phishing Websites,1,uci_group_002503,development,5.0
UCI::5635,UCI Phishing Websites,0,uci_group_004576,development,4.0
UCI::5636,UCI Phishing Websites,0,uci_group_004385,test,
UCI::5637,UCI Phishing Websites,1,uci_group_001550,calibration,
UCI::5638,UCI Phishing Websites,1,uci_group_004131,development,1.0
UCI::5639,UCI Phishing Websites,1,uci_group_002326,development,5.0
UCI::5640,UCI Phishing Websites,0,uci_group_000987,development,4.0
UCI::5641,UCI Phishing Websites,1,uci_group_003905,development,5.0
UCI::5642,UCI Phishing Websites,1,uci_group_001174,development,1.0
UCI::5643,UCI Phishing Websites,0,uci_group_000810,development,2.0
UCI::5644,UCI Phishing Websites,1,uci_group_001089,development,3.0
UCI::5645,UCI Phishing Websites,1,uci_group_002188,development,3.0
UCI::5646,UCI Phishing Websites,1,uci_group_001202,development,5.0
UCI::5647,UCI Phishing Websites,1,uci_group_001464,development,4.0
UCI::5648,UCI Phishing Websites,0,uci_group_001867,development,5.0
UCI::5649,UCI Phishing Websites,0,uci_group_000586,development,1.0
UCI::5650,UCI Phishing Websites,1,uci_group_003715,development,3.0
UCI::5651,UCI Phishing Websites,1,uci_group_001667,calibration,
UCI::5652,UCI Phishing Websites,0,uci_group_004168,development,3.0
UCI::5653,UCI Phishing Websites,0,uci_group_005396,calibration,
UCI::5654,UCI Phishing Websites,1,uci_group_005289,development,5.0
UCI::5655,UCI Phishing Websites,1,uci_group_003196,development,5.0
UCI::5656,UCI Phishing Websites,1,uci_group_001352,development,1.0
UCI::5657,UCI Phishing Websites,1,uci_group_002813,development,4.0
UCI::5658,UCI Phishing Websites,1,uci_group_003867,calibration,
UCI::5659,UCI Phishing Websites,1,uci_group_001752,development,4.0
UCI::5660,UCI Phishing Websites,0,uci_group_005305,development,4.0
UCI::5661,UCI Phishing Websites,0,uci_group_004625,test,
UCI::5662,UCI Phishing Websites,1,uci_group_002254,calibration,
UCI::5663,UCI Phishing Websites,1,uci_group_001317,development,4.0
UCI::5664,UCI Phishing Websites,0,uci_group_001747,development,4.0
UCI::5665,UCI Phishing Websites,0,uci_group_002310,test,
UCI::5666,UCI Phishing Websites,1,uci_group_003263,calibration,
UCI::5667,UCI Phishing Websites,0,uci_group_005058,test,
UCI::5668,UCI Phishing Websites,0,uci_group_001851,test,
UCI::5669,UCI Phishing Websites,1,uci_group_005011,development,1.0
UCI::5670,UCI Phishing Websites,0,uci_group_005362,development,5.0
UCI::5671,UCI Phishing Websites,0,uci_group_002858,test,
UCI::5672,UCI Phishing Websites,0,uci_group_002532,test,
UCI::5673,UCI Phishing Websites,1,uci_group_002255,development,3.0
UCI::5674,UCI Phishing Websites,1,uci_group_002027,development,4.0
UCI::5675,UCI Phishing Websites,1,uci_group_000907,test,
UCI::5676,UCI Phishing Websites,0,uci_group_002277,development,3.0
UCI::5677,UCI Phishing Websites,1,uci_group_005385,calibration,
UCI::5678,UCI Phishing Websites,1,uci_group_003924,development,1.0
UCI::5679,UCI Phishing Websites,1,uci_group_000308,development,1.0
UCI::5680,UCI Phishing Websites,1,uci_group_004559,test,
UCI::5681,UCI Phishing Websites,1,uci_group_004867,development,1.0
UCI::5682,UCI Phishing Websites,1,uci_group_004507,development,4.0
UCI::5683,UCI Phishing Websites,1,uci_group_003425,development,2.0
UCI::5684,UCI Phishing Websites,0,uci_group_001594,development,2.0
UCI::5685,UCI Phishing Websites,1,uci_group_005257,development,5.0
UCI::5686,UCI Phishing Websites,1,uci_group_000500,development,1.0
UCI::5687,UCI Phishing Websites,0,uci_group_000477,development,5.0
UCI::5688,UCI Phishing Websites,0,uci_group_003839,development,3.0
UCI::5689,UCI Phishing Websites,1,uci_group_002820,development,1.0
UCI::5690,UCI Phishing Websites,0,uci_group_001508,test,
UCI::5691,UCI Phishing Websites,1,uci_group_003983,calibration,
UCI::5692,UCI Phishing Websites,1,uci_group_001886,development,5.0
UCI::5693,UCI Phishing Websites,1,uci_group_000859,development,2.0
UCI::5694,UCI Phishing Websites,1,uci_group_003546,development,1.0
UCI::5695,UCI Phishing Websites,0,uci_group_000745,development,2.0
UCI::5696,UCI Phishing Websites,0,uci_group_004586,development,5.0
UCI::5697,UCI Phishing Websites,1,uci_group_004978,development,1.0
UCI::5698,UCI Phishing Websites,0,uci_group_005425,test,
UCI::5699,UCI Phishing Websites,1,uci_group_002764,development,3.0
UCI::5700,UCI Phishing Websites,0,uci_group_001805,calibration,
UCI::5701,UCI Phishing Websites,0,uci_group_002874,test,
UCI::5702,UCI Phishing Websites,1,uci_group_000585,development,1.0
UCI::5703,UCI Phishing Websites,1,uci_group_000064,development,3.0
UCI::5704,UCI Phishing Websites,1,uci_group_005334,development,5.0
UCI::5705,UCI Phishing Websites,0,uci_group_003861,development,2.0
UCI::5706,UCI Phishing Websites,0,uci_group_004672,development,1.0
UCI::5707,UCI Phishing Websites,0,uci_group_003648,development,1.0
UCI::5708,UCI Phishing Websites,0,uci_group_005061,development,3.0
UCI::5709,UCI Phishing Websites,0,uci_group_004022,development,5.0
UCI::5710,UCI Phishing Websites,0,uci_group_005051,development,5.0
UCI::5711,UCI Phishing Websites,0,uci_group_001818,development,5.0
UCI::5712,UCI Phishing Websites,0,uci_group_004238,test,
UCI::5713,UCI Phishing Websites,0,uci_group_000009,development,3.0
UCI::5714,UCI Phishing Websites,0,uci_group_005676,development,2.0
UCI::5715,UCI Phishing Websites,0,uci_group_003437,calibration,
UCI::5716,UCI Phishing Websites,0,uci_group_001674,calibration,
UCI::5717,UCI Phishing Websites,0,uci_group_001105,development,4.0
UCI::5718,UCI Phishing Websites,1,uci_group_003009,test,
UCI::5719,UCI Phishing Websites,1,uci_group_005290,calibration,
UCI::5720,UCI Phishing Websites,1,uci_group_001263,development,4.0
UCI::5721,UCI Phishing Websites,0,uci_group_003680,test,
UCI::5722,UCI Phishing Websites,1,uci_group_005463,development,1.0
UCI::5723,UCI Phishing Websites,1,uci_group_004438,development,2.0
UCI::5724,UCI Phishing Websites,1,uci_group_004736,development,5.0
UCI::5725,UCI Phishing Websites,0,uci_group_002317,development,5.0
UCI::5726,UCI Phishing Websites,0,uci_group_005207,test,
UCI::5727,UCI Phishing Websites,1,uci_group_004679,development,5.0
UCI::5728,UCI Phishing Websites,1,uci_group_003578,development,1.0
UCI::5729,UCI Phishing Websites,1,uci_group_002676,development,3.0
UCI::5730,UCI Phishing Websites,1,uci_group_000380,development,3.0
UCI::5731,UCI Phishing Websites,1,uci_group_004971,test,
UCI::5732,UCI Phishing Websites,1,uci_group_003154,development,3.0
UCI::5733,UCI Phishing Websites,0,uci_group_001874,development,1.0
UCI::5734,UCI Phishing Websites,1,uci_group_000589,development,2.0
UCI::5735,UCI Phishing Websites,1,uci_group_002189,test,
UCI::5736,UCI Phishing Websites,1,uci_group_005350,development,1.0
UCI::5737,UCI Phishing Websites,1,uci_group_001804,development,3.0
UCI::5738,UCI Phishing Websites,0,uci_group_003717,calibration,
UCI::5739,UCI Phishing Websites,1,uci_group_000272,development,3.0
UCI::5740,UCI Phishing Websites,1,uci_group_002654,test,
UCI::5741,UCI Phishing Websites,1,uci_group_005316,test,
UCI::5742,UCI Phishing Websites,1,uci_group_001344,development,4.0
UCI::5743,UCI Phishing Websites,1,uci_group_003654,development,1.0
UCI::5744,UCI Phishing Websites,1,uci_group_004314,calibration,
UCI::5745,UCI Phishing Websites,1,uci_group_005063,calibration,
UCI::5746,UCI Phishing Websites,0,uci_group_004735,development,2.0
UCI::5747,UCI Phishing Websites,1,uci_group_000525,test,
UCI::5748,UCI Phishing Websites,0,uci_group_005437,development,5.0
UCI::5749,UCI Phishing Websites,1,uci_group_000508,development,4.0
UCI::5750,UCI Phishing Websites,1,uci_group_003261,development,3.0
UCI::5751,UCI Phishing Websites,1,uci_group_000558,development,4.0
UCI::5752,UCI Phishing Websites,1,uci_group_003874,development,5.0
UCI::5753,UCI Phishing Websites,1,uci_group_004463,development,3.0
UCI::5754,UCI Phishing Websites,1,uci_group_001572,calibration,
UCI::5755,UCI Phishing Websites,1,uci_group_002862,development,4.0
UCI::5756,UCI Phishing Websites,1,uci_group_001108,development,4.0
UCI::5757,UCI Phishing Websites,1,uci_group_003953,development,5.0
UCI::5758,UCI Phishing Websites,1,uci_group_000486,development,1.0
UCI::5759,UCI Phishing Websites,0,uci_group_004953,development,2.0
UCI::5760,UCI Phishing Websites,1,uci_group_003163,development,4.0
UCI::5761,UCI Phishing Websites,1,uci_group_000138,development,5.0
UCI::5762,UCI Phishing Websites,1,uci_group_005718,development,4.0
UCI::5763,UCI Phishing Websites,0,uci_group_000916,development,3.0
UCI::5764,UCI Phishing Websites,1,uci_group_000297,development,4.0
UCI::5765,UCI Phishing Websites,1,uci_group_002773,development,4.0
UCI::5766,UCI Phishing Websites,1,uci_group_004836,development,3.0
UCI::5767,UCI Phishing Websites,1,uci_group_002076,test,
UCI::5768,UCI Phishing Websites,1,uci_group_002031,calibration,
UCI::5769,UCI Phishing Websites,0,uci_group_003230,development,2.0
UCI::5770,UCI Phishing Websites,0,uci_group_005518,development,3.0
UCI::5771,UCI Phishing Websites,1,uci_group_004496,development,2.0
UCI::5772,UCI Phishing Websites,0,uci_group_000144,development,2.0
UCI::5773,UCI Phishing Websites,1,uci_group_001531,test,
UCI::5774,UCI Phishing Websites,1,uci_group_002962,test,
UCI::5775,UCI Phishing Websites,1,uci_group_002863,development,3.0
UCI::5776,UCI Phishing Websites,1,uci_group_003257,development,1.0
UCI::5777,UCI Phishing Websites,1,uci_group_004757,development,5.0
UCI::5778,UCI Phishing Websites,1,uci_group_003102,development,5.0
UCI::5779,UCI Phishing Websites,1,uci_group_001517,development,3.0
UCI::5780,UCI Phishing Websites,1,uci_group_003117,test,
UCI::5781,UCI Phishing Websites,0,uci_group_000672,development,1.0
UCI::5782,UCI Phishing Websites,1,uci_group_000039,test,
UCI::5783,UCI Phishing Websites,1,uci_group_005684,development,5.0
UCI::5784,UCI Phishing Websites,0,uci_group_002922,test,
UCI::5785,UCI Phishing Websites,1,uci_group_000692,calibration,
UCI::5786,UCI Phishing Websites,0,uci_group_005447,development,2.0
UCI::5787,UCI Phishing Websites,1,uci_group_004245,test,
UCI::5788,UCI Phishing Websites,1,uci_group_002901,development,2.0
UCI::5789,UCI Phishing Websites,0,uci_group_001431,calibration,
UCI::5790,UCI Phishing Websites,1,uci_group_004712,development,5.0
UCI::5791,UCI Phishing Websites,1,uci_group_001630,development,1.0
UCI::5792,UCI Phishing Websites,0,uci_group_004595,development,4.0
UCI::5793,UCI Phishing Websites,1,uci_group_000224,development,3.0
UCI::5794,UCI Phishing Websites,0,uci_group_000713,development,2.0
UCI::5795,UCI Phishing Websites,1,uci_group_003588,calibration,
UCI::5796,UCI Phishing Websites,1,uci_group_005302,development,2.0
UCI::5797,UCI Phishing Websites,1,uci_group_005123,development,1.0
UCI::5798,UCI Phishing Websites,1,uci_group_002051,development,2.0
UCI::5799,UCI Phishing Websites,1,uci_group_000160,test,
UCI::5800,UCI Phishing Websites,1,uci_group_000286,test,
UCI::5801,UCI Phishing Websites,1,uci_group_003404,development,4.0
UCI::5802,UCI Phishing Websites,0,uci_group_005682,development,4.0
UCI::5803,UCI Phishing Websites,1,uci_group_005141,development,2.0
UCI::5804,UCI Phishing Websites,0,uci_group_000311,test,
UCI::5805,UCI Phishing Websites,1,uci_group_003610,test,
UCI::5806,UCI Phishing Websites,1,uci_group_003054,calibration,
UCI::5807,UCI Phishing Websites,0,uci_group_005003,test,
UCI::5808,UCI Phishing Websites,1,uci_group_003143,development,1.0
UCI::5809,UCI Phishing Websites,1,uci_group_003970,development,3.0
UCI::5810,UCI Phishing Websites,1,uci_group_001457,development,2.0
UCI::5811,UCI Phishing Websites,1,uci_group_004064,test,
UCI::5812,UCI Phishing Websites,1,uci_group_003406,development,2.0
UCI::5813,UCI Phishing Websites,1,uci_group_001718,development,5.0
UCI::5814,UCI Phishing Websites,1,uci_group_001447,test,
UCI::5815,UCI Phishing Websites,1,uci_group_002060,development,3.0
UCI::5816,UCI Phishing Websites,0,uci_group_003851,development,2.0
UCI::5817,UCI Phishing Websites,0,uci_group_000398,calibration,
UCI::5818,UCI Phishing Websites,1,uci_group_001337,calibration,
UCI::5819,UCI Phishing Websites,0,uci_group_004180,development,1.0
UCI::5820,UCI Phishing Websites,1,uci_group_003881,development,5.0
UCI::5821,UCI Phishing Websites,1,uci_group_005725,calibration,
UCI::5822,UCI Phishing Websites,1,uci_group_000881,development,3.0
UCI::5823,UCI Phishing Websites,1,uci_group_005598,test,
UCI::5824,UCI Phishing Websites,1,uci_group_003751,development,4.0
UCI::5825,UCI Phishing Websites,1,uci_group_004498,calibration,
UCI::5826,UCI Phishing Websites,0,uci_group_001920,development,4.0
UCI::5827,UCI Phishing Websites,1,uci_group_003687,calibration,
UCI::5828,UCI Phishing Websites,1,uci_group_003494,calibration,
UCI::5829,UCI Phishing Websites,1,uci_group_004273,development,3.0
UCI::5830,UCI Phishing Websites,1,uci_group_002616,development,3.0
UCI::5831,UCI Phishing Websites,1,uci_group_001450,test,
UCI::5832,UCI Phishing Websites,1,uci_group_000721,development,5.0
UCI::5833,UCI Phishing Websites,1,uci_group_005087,test,
UCI::5834,UCI Phishing Websites,0,uci_group_001623,development,4.0
UCI::5835,UCI Phishing Websites,0,uci_group_000457,calibration,
UCI::5836,UCI Phishing Websites,0,uci_group_004364,development,4.0
UCI::5837,UCI Phishing Websites,0,uci_group_000640,development,5.0
UCI::5838,UCI Phishing Websites,0,uci_group_000576,development,4.0
UCI::5839,UCI Phishing Websites,1,uci_group_003098,development,1.0
UCI::5840,UCI Phishing Websites,1,uci_group_003658,development,1.0
UCI::5841,UCI Phishing Websites,1,uci_group_004508,development,1.0
UCI::5842,UCI Phishing Websites,1,uci_group_001144,development,5.0
UCI::5843,UCI Phishing Websites,1,uci_group_002669,test,
UCI::5844,UCI Phishing Websites,1,uci_group_005534,development,3.0
UCI::5845,UCI Phishing Websites,0,uci_group_001544,development,2.0
UCI::5846,UCI Phishing Websites,0,uci_group_001894,development,1.0
UCI::5847,UCI Phishing Websites,1,uci_group_001343,development,4.0
UCI::5848,UCI Phishing Websites,1,uci_group_004729,test,
